question_id,exam,year,paper,subject,has_diagram_asset,image_required,classification,audit_reason
JM_2026_S2_0402_SHIFT1_MAT_Q001,JEE_MAIN,2026,Paper 1 (B.E./B.Tech),Mathematics,True,True,GENUINE_DIAGRAM_REQUIRED,TEXT_TRIGGER_DIAGRAM
JM_2026_S2_0402_SHIFT1_MAT_Q002,JEE_MAIN,2026,Paper 1 (B.E./B.Tech),Mathematics,True,True,GENUINE_DIAGRAM_REQUIRED,TEXT_TRIGGER_DIAGRAM
JM_2026_S2_0402_SHIFT1_MAT_Q003,JEE_MAIN,2026,Paper 1 (B.E./B.Tech),Mathematics,True,True,GENUINE_DIAGRAM_REQUIRED,TEXT_TRIGGER_DIAGRAM
JM_2026_S2_0402_SHIFT1_MAT_Q004,JEE_MAIN,2026,Paper 1 (B.E./B.Tech),Mathematics,True,True,GENUINE_DIAGRAM_REQUIRED,TEXT_TRIGGER_DIAGRAM
JM_2026_S2_0402_SHIFT1_MAT_Q005,JEE_MAIN,2026,Paper 1 (B.E./B.Tech),Mathematics,True,True,GENUINE_DIAGRAM_REQUIRED,TEXT_TRIGGER_DIAGRAM
JM_2026_S2_0402_SHIFT1_MAT_Q006,JEE_MAIN,2026,Paper 1 (B.E./B.Tech),Mathematics,True,True,GENUINE_DIAGRAM_REQUIRED,TEXT_TRIGGER_DIAGRAM
JM_2026_S2_0402_SHIFT1_MAT_Q007,JEE_MAIN,2026,Paper 1 (B.E./B.Tech),Mathematics,True,True,GENUINE_DIAGRAM_REQUIRED,TEXT_TRIGGER_DIAGRAM
JM_2026_S2_0402_SHIFT1_MAT_Q008,JEE_MAIN,2026,Paper 1 (B.E./B.Tech),Mathematics,True,True,GENUINE_DIAGRAM_REQUIRED,TEXT_TRIGGER_DIAGRAM
JM_2026_S2_0402_SHIFT1_MAT_Q009,JEE_MAIN,2026,Paper 1 (B.E./B.Tech),Mathematics,True,True,GENUINE_DIAGRAM_REQUIRED,TEXT_TRIGGER_DIAGRAM
JM_2026_S2_0402_SHIFT1_MAT_Q010,JEE_MAIN,2026,Paper 1 (B.E./B.Tech),Mathematics,True,True,GENUINE_DIAGRAM_REQUIRED,TEXT_TRIGGER_DIAGRAM
JM_2026_S2_0402_SHIFT1_MAT_Q011,JEE_MAIN,2026,Paper 1 (B.E./B.Tech),Mathematics,True,True,GENUINE_DIAGRAM_REQUIRED,TEXT_TRIGGER_DIAGRAM
JM_2026_S2_0402_SHIFT1_MAT_Q012,JEE_MAIN,2026,Paper 1 (B.E./B.Tech),Mathematics,True,True,GENUINE_DIAGRAM_REQUIRED,TEXT_TRIGGER_DIAGRAM
JM_2026_S2_0402_SHIFT1_MAT_Q013,JEE_MAIN,2026,Paper 1 (B.E./B.Tech),Mathematics,True,True,GENUINE_DIAGRAM_REQUIRED,TEXT_TRIGGER_DIAGRAM
JM_2026_S2_0402_SHIFT1_MAT_Q014,JEE_MAIN,2026,Paper 1 (B.E./B.Tech),Mathematics,True,True,GENUINE_DIAGRAM_REQUIRED,TEXT_TRIGGER_DIAGRAM
JM_2026_S2_0402_SHIFT1_MAT_Q015,JEE_MAIN,2026,Paper 1 (B.E./B.Tech),Mathematics,True,True,GENUINE_DIAGRAM_REQUIRED,TEXT_TRIGGER_DIAGRAM
JM_2026_S2_0402_SHIFT1_MAT_Q016,JEE_MAIN,2026,Paper 1 (B.E./B.Tech),Mathematics,True,True,GENUINE_DIAGRAM_REQUIRED,TEXT_TRIGGER_DIAGRAM
JM_2026_S2_0402_SHIFT1_MAT_Q017,JEE_MAIN,2026,Paper 1 (B.E./B.Tech),Mathematics,True,True,GENUINE_DIAGRAM_REQUIRED,TEXT_TRIGGER_DIAGRAM
JM_2026_S2_0402_SHIFT1_MAT_Q018,JEE_MAIN,2026,Paper 1 (B.E./B.Tech),Mathematics,True,True,GENUINE_DIAGRAM_REQUIRED,TEXT_TRIGGER_DIAGRAM
JM_2026_S2_0402_SHIFT1_MAT_Q019,JEE_MAIN,2026,Paper 1 (B.E./B.Tech),Mathematics,True,True,GENUINE_DIAGRAM_REQUIRED,TEXT_TRIGGER_DIAGRAM
JM_2026_S2_0402_SHIFT1_MAT_Q020,JEE_MAIN,2026,Paper 1 (B.E./B.Tech),Mathematics,True,True,GENUINE_DIAGRAM_REQUIRED,TEXT_TRIGGER_DIAGRAM
JM_2026_S2_0402_SHIFT1_MAT_Q021,JEE_MAIN,2026,Paper 1 (B.E./B.Tech),Mathematics,True,True,GENUINE_DIAGRAM_REQUIRED,TEXT_TRIGGER_DIAGRAM
JM_2026_S2_0402_SHIFT1_MAT_Q022,JEE_MAIN,2026,Paper 1 (B.E./B.Tech),Mathematics,True,True,GENUINE_DIAGRAM_REQUIRED,TEXT_TRIGGER_DIAGRAM
JM_2026_S2_0402_SHIFT1_MAT_Q023,JEE_MAIN,2026,Paper 1 (B.E./B.Tech),Mathematics,True,True,GENUINE_DIAGRAM_REQUIRED,TEXT_TRIGGER_DIAGRAM
JM_2026_S2_0402_SHIFT1_MAT_Q024,JEE_MAIN,2026,Paper 1 (B.E./B.Tech),Mathematics,True,True,GENUINE_DIAGRAM_REQUIRED,TEXT_TRIGGER_DIAGRAM
JM_2026_S2_0402_SHIFT1_MAT_Q025,JEE_MAIN,2026,Paper 1 (B.E./B.Tech),Mathematics,True,True,GENUINE_DIAGRAM_REQUIRED,TEXT_TRIGGER_DIAGRAM
JM_2026_S2_0402_SHIFT1_PHY_Q026,JEE_MAIN,2026,Paper 1 (B.E./B.Tech),Physics,True,True,GENUINE_DIAGRAM_REQUIRED,TEXT_TRIGGER_DIAGRAM
JM_2026_S2_0402_SHIFT1_PHY_Q027,JEE_MAIN,2026,Paper 1 (B.E./B.Tech),Physics,True,True,GENUINE_DIAGRAM_REQUIRED,TEXT_TRIGGER_DIAGRAM
JM_2026_S2_0402_SHIFT1_PHY_Q028,JEE_MAIN,2026,Paper 1 (B.E./B.Tech),Physics,True,True,GENUINE_DIAGRAM_REQUIRED,TEXT_TRIGGER_DIAGRAM
JM_2026_S2_0402_SHIFT1_PHY_Q029,JEE_MAIN,2026,Paper 1 (B.E./B.Tech),Physics,True,True,GENUINE_DIAGRAM_REQUIRED,TEXT_TRIGGER_DIAGRAM
JM_2026_S2_0402_SHIFT1_PHY_Q030,JEE_MAIN,2026,Paper 1 (B.E./B.Tech),Physics,True,True,GENUINE_DIAGRAM_REQUIRED,TEXT_TRIGGER_DIAGRAM
JM_2026_S2_0402_SHIFT1_PHY_Q031,JEE_MAIN,2026,Paper 1 (B.E./B.Tech),Physics,True,True,GENUINE_DIAGRAM_REQUIRED,TEXT_TRIGGER_DIAGRAM
JM_2026_S2_0402_SHIFT1_PHY_Q032,JEE_MAIN,2026,Paper 1 (B.E./B.Tech),Physics,True,True,GENUINE_DIAGRAM_REQUIRED,TEXT_TRIGGER_DIAGRAM
JM_2026_S2_0402_SHIFT1_PHY_Q033,JEE_MAIN,2026,Paper 1 (B.E./B.Tech),Physics,True,True,GENUINE_DIAGRAM_REQUIRED,TEXT_TRIGGER_DIAGRAM
JM_2026_S2_0402_SHIFT1_PHY_Q034,JEE_MAIN,2026,Paper 1 (B.E./B.Tech),Physics,True,True,GENUINE_DIAGRAM_REQUIRED,TEXT_TRIGGER_DIAGRAM
JM_2026_S2_0402_SHIFT1_PHY_Q035,JEE_MAIN,2026,Paper 1 (B.E./B.Tech),Physics,True,True,GENUINE_DIAGRAM_REQUIRED,TEXT_TRIGGER_DIAGRAM
JM_2026_S2_0402_SHIFT1_PHY_Q036,JEE_MAIN,2026,Paper 1 (B.E./B.Tech),Physics,True,True,GENUINE_DIAGRAM_REQUIRED,TEXT_TRIGGER_DIAGRAM
JM_2026_S2_0402_SHIFT1_PHY_Q037,JEE_MAIN,2026,Paper 1 (B.E./B.Tech),Physics,True,True,GENUINE_DIAGRAM_REQUIRED,TEXT_TRIGGER_DIAGRAM
JM_2026_S2_0402_SHIFT1_PHY_Q038,JEE_MAIN,2026,Paper 1 (B.E./B.Tech),Physics,True,True,GENUINE_DIAGRAM_REQUIRED,TEXT_TRIGGER_DIAGRAM
JM_2026_S2_0402_SHIFT1_PHY_Q039,JEE_MAIN,2026,Paper 1 (B.E./B.Tech),Physics,True,True,GENUINE_DIAGRAM_REQUIRED,TEXT_TRIGGER_DIAGRAM
JM_2026_S2_0402_SHIFT1_PHY_Q040,JEE_MAIN,2026,Paper 1 (B.E./B.Tech),Physics,True,True,GENUINE_DIAGRAM_REQUIRED,TEXT_TRIGGER_DIAGRAM
JM_2026_S2_0402_SHIFT1_PHY_Q041,JEE_MAIN,2026,Paper 1 (B.E./B.Tech),Physics,True,True,GENUINE_DIAGRAM_REQUIRED,TEXT_TRIGGER_DIAGRAM
JM_2026_S2_0402_SHIFT1_PHY_Q042,JEE_MAIN,2026,Paper 1 (B.E./B.Tech),Physics,True,True,GENUINE_DIAGRAM_REQUIRED,TEXT_TRIGGER_DIAGRAM
JM_2026_S2_0402_SHIFT1_PHY_Q043,JEE_MAIN,2026,Paper 1 (B.E./B.Tech),Physics,True,True,GENUINE_DIAGRAM_REQUIRED,TEXT_TRIGGER_DIAGRAM
JM_2026_S2_0402_SHIFT1_PHY_Q044,JEE_MAIN,2026,Paper 1 (B.E./B.Tech),Physics,True,True,GENUINE_DIAGRAM_REQUIRED,TEXT_TRIGGER_DIAGRAM
JM_2026_S2_0402_SHIFT1_PHY_Q045,JEE_MAIN,2026,Paper 1 (B.E./B.Tech),Physics,True,True,GENUINE_DIAGRAM_REQUIRED,TEXT_TRIGGER_DIAGRAM
JM_2026_S2_0402_SHIFT1_PHY_Q046,JEE_MAIN,2026,Paper 1 (B.E./B.Tech),Physics,True,True,GENUINE_DIAGRAM_REQUIRED,TEXT_TRIGGER_DIAGRAM
JM_2026_S2_0402_SHIFT1_PHY_Q047,JEE_MAIN,2026,Paper 1 (B.E./B.Tech),Physics,True,True,GENUINE_DIAGRAM_REQUIRED,TEXT_TRIGGER_DIAGRAM
JM_2026_S2_0402_SHIFT1_PHY_Q048,JEE_MAIN,2026,Paper 1 (B.E./B.Tech),Physics,True,True,GENUINE_DIAGRAM_REQUIRED,TEXT_TRIGGER_DIAGRAM
JM_2026_S2_0402_SHIFT1_PHY_Q049,JEE_MAIN,2026,Paper 1 (B.E./B.Tech),Physics,True,True,GENUINE_DIAGRAM_REQUIRED,TEXT_TRIGGER_DIAGRAM
JM_2026_S2_0402_SHIFT1_PHY_Q050,JEE_MAIN,2026,Paper 1 (B.E./B.Tech),Physics,True,True,GENUINE_DIAGRAM_REQUIRED,TEXT_TRIGGER_DIAGRAM
JM_2026_S2_0402_SHIFT1_CHE_Q051,JEE_MAIN,2026,Paper 1 (B.E./B.Tech),Chemistry,True,True,GENUINE_DIAGRAM_REQUIRED,TEXT_TRIGGER_DIAGRAM
JM_2026_S2_0402_SHIFT1_CHE_Q052,JEE_MAIN,2026,Paper 1 (B.E./B.Tech),Chemistry,True,True,GENUINE_DIAGRAM_REQUIRED,TEXT_TRIGGER_DIAGRAM
JM_2026_S2_0402_SHIFT1_CHE_Q053,JEE_MAIN,2026,Paper 1 (B.E./B.Tech),Chemistry,True,True,GENUINE_DIAGRAM_REQUIRED,TEXT_TRIGGER_DIAGRAM
JM_2026_S2_0402_SHIFT1_CHE_Q054,JEE_MAIN,2026,Paper 1 (B.E./B.Tech),Chemistry,True,True,GENUINE_DIAGRAM_REQUIRED,TEXT_TRIGGER_DIAGRAM
JM_2026_S2_0402_SHIFT1_CHE_Q055,JEE_MAIN,2026,Paper 1 (B.E./B.Tech),Chemistry,True,True,GENUINE_DIAGRAM_REQUIRED,TEXT_TRIGGER_DIAGRAM
JM_2026_S2_0402_SHIFT1_CHE_Q056,JEE_MAIN,2026,Paper 1 (B.E./B.Tech),Chemistry,True,True,GENUINE_DIAGRAM_REQUIRED,TEXT_TRIGGER_DIAGRAM
JM_2026_S2_0402_SHIFT1_CHE_Q057,JEE_MAIN,2026,Paper 1 (B.E./B.Tech),Chemistry,True,True,GENUINE_DIAGRAM_REQUIRED,TEXT_TRIGGER_DIAGRAM
JM_2026_S2_0402_SHIFT1_CHE_Q058,JEE_MAIN,2026,Paper 1 (B.E./B.Tech),Chemistry,True,True,GENUINE_DIAGRAM_REQUIRED,TEXT_TRIGGER_DIAGRAM
JM_2026_S2_0402_SHIFT1_CHE_Q059,JEE_MAIN,2026,Paper 1 (B.E./B.Tech),Chemistry,True,True,GENUINE_DIAGRAM_REQUIRED,TEXT_TRIGGER_DIAGRAM
JM_2026_S2_0402_SHIFT1_CHE_Q060,JEE_MAIN,2026,Paper 1 (B.E./B.Tech),Chemistry,True,True,GENUINE_DIAGRAM_REQUIRED,TEXT_TRIGGER_DIAGRAM
JM_2026_S2_0402_SHIFT1_CHE_Q061,JEE_MAIN,2026,Paper 1 (B.E./B.Tech),Chemistry,True,True,GENUINE_DIAGRAM_REQUIRED,TEXT_TRIGGER_DIAGRAM
JM_2026_S2_0402_SHIFT1_CHE_Q062,JEE_MAIN,2026,Paper 1 (B.E./B.Tech),Chemistry,True,True,GENUINE_DIAGRAM_REQUIRED,TEXT_TRIGGER_DIAGRAM
JM_2026_S2_0402_SHIFT1_CHE_Q063,JEE_MAIN,2026,Paper 1 (B.E./B.Tech),Chemistry,True,True,GENUINE_DIAGRAM_REQUIRED,TEXT_TRIGGER_DIAGRAM
JM_2026_S2_0402_SHIFT1_CHE_Q064,JEE_MAIN,2026,Paper 1 (B.E./B.Tech),Chemistry,True,True,GENUINE_DIAGRAM_REQUIRED,TEXT_TRIGGER_DIAGRAM
JM_2026_S2_0402_SHIFT1_CHE_Q065,JEE_MAIN,2026,Paper 1 (B.E./B.Tech),Chemistry,True,True,GENUINE_DIAGRAM_REQUIRED,TEXT_TRIGGER_DIAGRAM
JM_2026_S2_0402_SHIFT1_CHE_Q066,JEE_MAIN,2026,Paper 1 (B.E./B.Tech),Chemistry,True,True,GENUINE_DIAGRAM_REQUIRED,TEXT_TRIGGER_DIAGRAM
JM_2026_S2_0402_SHIFT1_CHE_Q067,JEE_MAIN,2026,Paper 1 (B.E./B.Tech),Chemistry,True,True,GENUINE_DIAGRAM_REQUIRED,TEXT_TRIGGER_DIAGRAM
JM_2026_S2_0402_SHIFT1_CHE_Q068,JEE_MAIN,2026,Paper 1 (B.E./B.Tech),Chemistry,True,True,GENUINE_DIAGRAM_REQUIRED,TEXT_TRIGGER_DIAGRAM
JM_2026_S2_0402_SHIFT1_CHE_Q069,JEE_MAIN,2026,Paper 1 (B.E./B.Tech),Chemistry,True,True,GENUINE_DIAGRAM_REQUIRED,TEXT_TRIGGER_DIAGRAM
JM_2026_S2_0402_SHIFT1_CHE_Q070,JEE_MAIN,2026,Paper 1 (B.E./B.Tech),Chemistry,True,True,GENUINE_DIAGRAM_REQUIRED,TEXT_TRIGGER_DIAGRAM
JM_2026_S2_0402_SHIFT1_CHE_Q071,JEE_MAIN,2026,Paper 1 (B.E./B.Tech),Chemistry,True,True,GENUINE_DIAGRAM_REQUIRED,TEXT_TRIGGER_DIAGRAM
JM_2026_S2_0402_SHIFT1_CHE_Q072,JEE_MAIN,2026,Paper 1 (B.E./B.Tech),Chemistry,True,True,GENUINE_DIAGRAM_REQUIRED,TEXT_TRIGGER_DIAGRAM
JM_2026_S2_0402_SHIFT1_CHE_Q073,JEE_MAIN,2026,Paper 1 (B.E./B.Tech),Chemistry,True,True,GENUINE_DIAGRAM_REQUIRED,TEXT_TRIGGER_DIAGRAM
JM_2026_S2_0402_SHIFT1_CHE_Q074,JEE_MAIN,2026,Paper 1 (B.E./B.Tech),Chemistry,True,True,GENUINE_DIAGRAM_REQUIRED,TEXT_TRIGGER_DIAGRAM
JM_2026_S2_0402_SHIFT1_CHE_Q075,JEE_MAIN,2026,Paper 1 (B.E./B.Tech),Chemistry,True,True,GENUINE_DIAGRAM_REQUIRED,TEXT_TRIGGER_DIAGRAM
JM_2026_S2_0402_SHIFT2_MAT_Q001,JEE_MAIN,2026,Paper 1 (B.E./B.Tech),Mathematics,True,True,GENUINE_DIAGRAM_REQUIRED,TEXT_TRIGGER_DIAGRAM
JM_2026_S2_0402_SHIFT2_MAT_Q002,JEE_MAIN,2026,Paper 1 (B.E./B.Tech),Mathematics,True,True,GENUINE_DIAGRAM_REQUIRED,TEXT_TRIGGER_DIAGRAM
JM_2026_S2_0402_SHIFT2_MAT_Q003,JEE_MAIN,2026,Paper 1 (B.E./B.Tech),Mathematics,True,True,GENUINE_DIAGRAM_REQUIRED,TEXT_TRIGGER_DIAGRAM
JM_2026_S2_0402_SHIFT2_MAT_Q004,JEE_MAIN,2026,Paper 1 (B.E./B.Tech),Mathematics,True,True,GENUINE_DIAGRAM_REQUIRED,TEXT_TRIGGER_DIAGRAM
JM_2026_S2_0402_SHIFT2_MAT_Q005,JEE_MAIN,2026,Paper 1 (B.E./B.Tech),Mathematics,True,True,GENUINE_DIAGRAM_REQUIRED,TEXT_TRIGGER_DIAGRAM
JM_2026_S2_0402_SHIFT2_MAT_Q006,JEE_MAIN,2026,Paper 1 (B.E./B.Tech),Mathematics,True,True,GENUINE_DIAGRAM_REQUIRED,TEXT_TRIGGER_DIAGRAM
JM_2026_S2_0402_SHIFT2_MAT_Q007,JEE_MAIN,2026,Paper 1 (B.E./B.Tech),Mathematics,True,True,GENUINE_DIAGRAM_REQUIRED,TEXT_TRIGGER_DIAGRAM
JM_2026_S2_0402_SHIFT2_MAT_Q008,JEE_MAIN,2026,Paper 1 (B.E./B.Tech),Mathematics,True,True,GENUINE_DIAGRAM_REQUIRED,TEXT_TRIGGER_DIAGRAM
JM_2026_S2_0402_SHIFT2_MAT_Q009,JEE_MAIN,2026,Paper 1 (B.E./B.Tech),Mathematics,True,True,GENUINE_DIAGRAM_REQUIRED,TEXT_TRIGGER_DIAGRAM
JM_2026_S2_0402_SHIFT2_MAT_Q010,JEE_MAIN,2026,Paper 1 (B.E./B.Tech),Mathematics,True,True,GENUINE_DIAGRAM_REQUIRED,TEXT_TRIGGER_DIAGRAM
JM_2026_S2_0402_SHIFT2_MAT_Q011,JEE_MAIN,2026,Paper 1 (B.E./B.Tech),Mathematics,True,True,GENUINE_DIAGRAM_REQUIRED,TEXT_TRIGGER_DIAGRAM
JM_2026_S2_0402_SHIFT2_MAT_Q012,JEE_MAIN,2026,Paper 1 (B.E./B.Tech),Mathematics,True,True,GENUINE_DIAGRAM_REQUIRED,TEXT_TRIGGER_DIAGRAM
JM_2026_S2_0402_SHIFT2_MAT_Q013,JEE_MAIN,2026,Paper 1 (B.E./B.Tech),Mathematics,True,True,GENUINE_DIAGRAM_REQUIRED,TEXT_TRIGGER_DIAGRAM
JM_2026_S2_0402_SHIFT2_MAT_Q014,JEE_MAIN,2026,Paper 1 (B.E./B.Tech),Mathematics,True,True,GENUINE_DIAGRAM_REQUIRED,TEXT_TRIGGER_DIAGRAM
JM_2026_S2_0402_SHIFT2_MAT_Q015,JEE_MAIN,2026,Paper 1 (B.E./B.Tech),Mathematics,True,True,GENUINE_DIAGRAM_REQUIRED,TEXT_TRIGGER_DIAGRAM
JM_2026_S2_0402_SHIFT2_MAT_Q016,JEE_MAIN,2026,Paper 1 (B.E./B.Tech),Mathematics,True,True,GENUINE_DIAGRAM_REQUIRED,TEXT_TRIGGER_DIAGRAM
JM_2026_S2_0402_SHIFT2_MAT_Q017,JEE_MAIN,2026,Paper 1 (B.E./B.Tech),Mathematics,True,True,GENUINE_DIAGRAM_REQUIRED,TEXT_TRIGGER_DIAGRAM
JM_2026_S2_0402_SHIFT2_MAT_Q018,JEE_MAIN,2026,Paper 1 (B.E./B.Tech),Mathematics,True,True,GENUINE_DIAGRAM_REQUIRED,TEXT_TRIGGER_DIAGRAM
JM_2026_S2_0402_SHIFT2_MAT_Q019,JEE_MAIN,2026,Paper 1 (B.E./B.Tech),Mathematics,True,True,GENUINE_DIAGRAM_REQUIRED,TEXT_TRIGGER_DIAGRAM
JM_2026_S2_0402_SHIFT2_MAT_Q020,JEE_MAIN,2026,Paper 1 (B.E./B.Tech),Mathematics,True,True,GENUINE_DIAGRAM_REQUIRED,TEXT_TRIGGER_DIAGRAM
JM_2026_S2_0402_SHIFT2_MAT_Q021,JEE_MAIN,2026,Paper 1 (B.E./B.Tech),Mathematics,True,True,GENUINE_DIAGRAM_REQUIRED,TEXT_TRIGGER_DIAGRAM
JM_2026_S2_0402_SHIFT2_MAT_Q022,JEE_MAIN,2026,Paper 1 (B.E./B.Tech),Mathematics,True,True,GENUINE_DIAGRAM_REQUIRED,TEXT_TRIGGER_DIAGRAM
JM_2026_S2_0402_SHIFT2_MAT_Q023,JEE_MAIN,2026,Paper 1 (B.E./B.Tech),Mathematics,True,True,GENUINE_DIAGRAM_REQUIRED,TEXT_TRIGGER_DIAGRAM
JM_2026_S2_0402_SHIFT2_MAT_Q024,JEE_MAIN,2026,Paper 1 (B.E./B.Tech),Mathematics,True,True,GENUINE_DIAGRAM_REQUIRED,TEXT_TRIGGER_DIAGRAM
JM_2026_S2_0402_SHIFT2_MAT_Q025,JEE_MAIN,2026,Paper 1 (B.E./B.Tech),Mathematics,True,True,GENUINE_DIAGRAM_REQUIRED,TEXT_TRIGGER_DIAGRAM
JM_2026_S2_0402_SHIFT2_PHY_Q026,JEE_MAIN,2026,Paper 1 (B.E./B.Tech),Physics,True,True,GENUINE_DIAGRAM_REQUIRED,TEXT_TRIGGER_DIAGRAM
JM_2026_S2_0402_SHIFT2_PHY_Q027,JEE_MAIN,2026,Paper 1 (B.E./B.Tech),Physics,True,True,GENUINE_DIAGRAM_REQUIRED,TEXT_TRIGGER_DIAGRAM
JM_2026_S2_0402_SHIFT2_PHY_Q028,JEE_MAIN,2026,Paper 1 (B.E./B.Tech),Physics,True,True,GENUINE_DIAGRAM_REQUIRED,TEXT_TRIGGER_DIAGRAM
JM_2026_S2_0402_SHIFT2_PHY_Q029,JEE_MAIN,2026,Paper 1 (B.E./B.Tech),Physics,True,True,GENUINE_DIAGRAM_REQUIRED,TEXT_TRIGGER_DIAGRAM
JM_2026_S2_0402_SHIFT2_PHY_Q030,JEE_MAIN,2026,Paper 1 (B.E./B.Tech),Physics,True,True,GENUINE_DIAGRAM_REQUIRED,TEXT_TRIGGER_DIAGRAM
JM_2026_S2_0402_SHIFT2_PHY_Q031,JEE_MAIN,2026,Paper 1 (B.E./B.Tech),Physics,True,True,GENUINE_DIAGRAM_REQUIRED,TEXT_TRIGGER_DIAGRAM
JM_2026_S2_0402_SHIFT2_PHY_Q032,JEE_MAIN,2026,Paper 1 (B.E./B.Tech),Physics,True,True,GENUINE_DIAGRAM_REQUIRED,TEXT_TRIGGER_DIAGRAM
JM_2026_S2_0402_SHIFT2_PHY_Q033,JEE_MAIN,2026,Paper 1 (B.E./B.Tech),Physics,True,True,GENUINE_DIAGRAM_REQUIRED,TEXT_TRIGGER_DIAGRAM
JM_2026_S2_0402_SHIFT2_PHY_Q034,JEE_MAIN,2026,Paper 1 (B.E./B.Tech),Physics,True,True,GENUINE_DIAGRAM_REQUIRED,TEXT_TRIGGER_DIAGRAM
JM_2026_S2_0402_SHIFT2_PHY_Q035,JEE_MAIN,2026,Paper 1 (B.E./B.Tech),Physics,True,True,GENUINE_DIAGRAM_REQUIRED,TEXT_TRIGGER_DIAGRAM
JM_2026_S2_0402_SHIFT2_PHY_Q036,JEE_MAIN,2026,Paper 1 (B.E./B.Tech),Physics,True,True,GENUINE_DIAGRAM_REQUIRED,TEXT_TRIGGER_DIAGRAM
JM_2026_S2_0402_SHIFT2_PHY_Q037,JEE_MAIN,2026,Paper 1 (B.E./B.Tech),Physics,True,True,GENUINE_DIAGRAM_REQUIRED,TEXT_TRIGGER_DIAGRAM
JM_2026_S2_0402_SHIFT2_PHY_Q038,JEE_MAIN,2026,Paper 1 (B.E./B.Tech),Physics,True,True,GENUINE_DIAGRAM_REQUIRED,TEXT_TRIGGER_DIAGRAM
JM_2026_S2_0402_SHIFT2_PHY_Q039,JEE_MAIN,2026,Paper 1 (B.E./B.Tech),Physics,True,True,GENUINE_DIAGRAM_REQUIRED,TEXT_TRIGGER_DIAGRAM
JM_2026_S2_0402_SHIFT2_PHY_Q040,JEE_MAIN,2026,Paper 1 (B.E./B.Tech),Physics,True,True,GENUINE_DIAGRAM_REQUIRED,TEXT_TRIGGER_DIAGRAM
JM_2026_S2_0402_SHIFT2_PHY_Q041,JEE_MAIN,2026,Paper 1 (B.E./B.Tech),Physics,True,True,GENUINE_DIAGRAM_REQUIRED,TEXT_TRIGGER_DIAGRAM
JM_2026_S2_0402_SHIFT2_PHY_Q042,JEE_MAIN,2026,Paper 1 (B.E./B.Tech),Physics,True,True,GENUINE_DIAGRAM_REQUIRED,TEXT_TRIGGER_DIAGRAM
JM_2026_S2_0402_SHIFT2_PHY_Q043,JEE_MAIN,2026,Paper 1 (B.E./B.Tech),Physics,True,True,GENUINE_DIAGRAM_REQUIRED,TEXT_TRIGGER_DIAGRAM
JM_2026_S2_0402_SHIFT2_PHY_Q044,JEE_MAIN,2026,Paper 1 (B.E./B.Tech),Physics,True,True,GENUINE_DIAGRAM_REQUIRED,TEXT_TRIGGER_DIAGRAM
JM_2026_S2_0402_SHIFT2_PHY_Q045,JEE_MAIN,2026,Paper 1 (B.E./B.Tech),Physics,True,True,GENUINE_DIAGRAM_REQUIRED,TEXT_TRIGGER_DIAGRAM
JM_2026_S2_0402_SHIFT2_PHY_Q046,JEE_MAIN,2026,Paper 1 (B.E./B.Tech),Physics,True,True,GENUINE_DIAGRAM_REQUIRED,TEXT_TRIGGER_DIAGRAM
JM_2026_S2_0402_SHIFT2_PHY_Q047,JEE_MAIN,2026,Paper 1 (B.E./B.Tech),Physics,True,True,GENUINE_DIAGRAM_REQUIRED,TEXT_TRIGGER_DIAGRAM
JM_2026_S2_0402_SHIFT2_PHY_Q048,JEE_MAIN,2026,Paper 1 (B.E./B.Tech),Physics,True,True,GENUINE_DIAGRAM_REQUIRED,TEXT_TRIGGER_DIAGRAM
JM_2026_S2_0402_SHIFT2_PHY_Q049,JEE_MAIN,2026,Paper 1 (B.E./B.Tech),Physics,True,True,GENUINE_DIAGRAM_REQUIRED,TEXT_TRIGGER_DIAGRAM
JM_2026_S2_0402_SHIFT2_PHY_Q050,JEE_MAIN,2026,Paper 1 (B.E./B.Tech),Physics,True,True,GENUINE_DIAGRAM_REQUIRED,TEXT_TRIGGER_DIAGRAM
JM_2026_S2_0402_SHIFT2_CHE_Q051,JEE_MAIN,2026,Paper 1 (B.E./B.Tech),Chemistry,True,True,GENUINE_DIAGRAM_REQUIRED,TEXT_TRIGGER_DIAGRAM
JM_2026_S2_0402_SHIFT2_CHE_Q052,JEE_MAIN,2026,Paper 1 (B.E./B.Tech),Chemistry,True,True,GENUINE_DIAGRAM_REQUIRED,TEXT_TRIGGER_DIAGRAM
JM_2026_S2_0402_SHIFT2_CHE_Q053,JEE_MAIN,2026,Paper 1 (B.E./B.Tech),Chemistry,True,True,GENUINE_DIAGRAM_REQUIRED,TEXT_TRIGGER_DIAGRAM
JM_2026_S2_0402_SHIFT2_CHE_Q054,JEE_MAIN,2026,Paper 1 (B.E./B.Tech),Chemistry,True,True,GENUINE_DIAGRAM_REQUIRED,TEXT_TRIGGER_DIAGRAM
JM_2026_S2_0402_SHIFT2_CHE_Q055,JEE_MAIN,2026,Paper 1 (B.E./B.Tech),Chemistry,True,True,GENUINE_DIAGRAM_REQUIRED,TEXT_TRIGGER_DIAGRAM
JM_2026_S2_0402_SHIFT2_CHE_Q056,JEE_MAIN,2026,Paper 1 (B.E./B.Tech),Chemistry,True,True,GENUINE_DIAGRAM_REQUIRED,TEXT_TRIGGER_DIAGRAM
JM_2026_S2_0402_SHIFT2_CHE_Q057,JEE_MAIN,2026,Paper 1 (B.E./B.Tech),Chemistry,True,True,GENUINE_DIAGRAM_REQUIRED,TEXT_TRIGGER_DIAGRAM
JM_2026_S2_0402_SHIFT2_CHE_Q058,JEE_MAIN,2026,Paper 1 (B.E./B.Tech),Chemistry,True,True,GENUINE_DIAGRAM_REQUIRED,TEXT_TRIGGER_DIAGRAM
JM_2026_S2_0402_SHIFT2_CHE_Q059,JEE_MAIN,2026,Paper 1 (B.E./B.Tech),Chemistry,True,True,GENUINE_DIAGRAM_REQUIRED,TEXT_TRIGGER_DIAGRAM
JM_2026_S2_0402_SHIFT2_CHE_Q060,JEE_MAIN,2026,Paper 1 (B.E./B.Tech),Chemistry,True,True,GENUINE_DIAGRAM_REQUIRED,TEXT_TRIGGER_DIAGRAM
JM_2026_S2_0402_SHIFT2_CHE_Q061,JEE_MAIN,2026,Paper 1 (B.E./B.Tech),Chemistry,True,True,GENUINE_DIAGRAM_REQUIRED,TEXT_TRIGGER_DIAGRAM
JM_2026_S2_0402_SHIFT2_CHE_Q062,JEE_MAIN,2026,Paper 1 (B.E./B.Tech),Chemistry,True,True,GENUINE_DIAGRAM_REQUIRED,TEXT_TRIGGER_DIAGRAM
JM_2026_S2_0402_SHIFT2_CHE_Q063,JEE_MAIN,2026,Paper 1 (B.E./B.Tech),Chemistry,True,True,GENUINE_DIAGRAM_REQUIRED,TEXT_TRIGGER_DIAGRAM
JM_2026_S2_0402_SHIFT2_CHE_Q064,JEE_MAIN,2026,Paper 1 (B.E./B.Tech),Chemistry,True,True,GENUINE_DIAGRAM_REQUIRED,TEXT_TRIGGER_DIAGRAM
JM_2026_S2_0402_SHIFT2_CHE_Q065,JEE_MAIN,2026,Paper 1 (B.E./B.Tech),Chemistry,True,True,GENUINE_DIAGRAM_REQUIRED,TEXT_TRIGGER_DIAGRAM
JM_2026_S2_0402_SHIFT2_CHE_Q066,JEE_MAIN,2026,Paper 1 (B.E./B.Tech),Chemistry,True,True,GENUINE_DIAGRAM_REQUIRED,TEXT_TRIGGER_DIAGRAM
JM_2026_S2_0402_SHIFT2_CHE_Q067,JEE_MAIN,2026,Paper 1 (B.E./B.Tech),Chemistry,True,True,GENUINE_DIAGRAM_REQUIRED,TEXT_TRIGGER_DIAGRAM
JM_2026_S2_0402_SHIFT2_CHE_Q068,JEE_MAIN,2026,Paper 1 (B.E./B.Tech),Chemistry,True,True,GENUINE_DIAGRAM_REQUIRED,TEXT_TRIGGER_DIAGRAM
JM_2026_S2_0402_SHIFT2_CHE_Q069,JEE_MAIN,2026,Paper 1 (B.E./B.Tech),Chemistry,True,True,GENUINE_DIAGRAM_REQUIRED,TEXT_TRIGGER_DIAGRAM
JM_2026_S2_0402_SHIFT2_CHE_Q070,JEE_MAIN,2026,Paper 1 (B.E./B.Tech),Chemistry,True,True,GENUINE_DIAGRAM_REQUIRED,TEXT_TRIGGER_DIAGRAM
JM_2026_S2_0402_SHIFT2_CHE_Q071,JEE_MAIN,2026,Paper 1 (B.E./B.Tech),Chemistry,True,True,GENUINE_DIAGRAM_REQUIRED,TEXT_TRIGGER_DIAGRAM
JM_2026_S2_0402_SHIFT2_CHE_Q072,JEE_MAIN,2026,Paper 1 (B.E./B.Tech),Chemistry,True,True,GENUINE_DIAGRAM_REQUIRED,TEXT_TRIGGER_DIAGRAM
JM_2026_S2_0402_SHIFT2_CHE_Q073,JEE_MAIN,2026,Paper 1 (B.E./B.Tech),Chemistry,True,True,GENUINE_DIAGRAM_REQUIRED,TEXT_TRIGGER_DIAGRAM
JM_2026_S2_0402_SHIFT2_CHE_Q074,JEE_MAIN,2026,Paper 1 (B.E./B.Tech),Chemistry,True,True,GENUINE_DIAGRAM_REQUIRED,TEXT_TRIGGER_DIAGRAM
JM_2026_S2_0402_SHIFT2_CHE_Q075,JEE_MAIN,2026,Paper 1 (B.E./B.Tech),Chemistry,True,True,GENUINE_DIAGRAM_REQUIRED,TEXT_TRIGGER_DIAGRAM
JM_2026_S2_0404_SHIFT1_MAT_Q001,JEE_MAIN,2026,Paper 1 (B.E./B.Tech),Mathematics,True,True,GENUINE_DIAGRAM_REQUIRED,TEXT_TRIGGER_DIAGRAM
JM_2026_S2_0404_SHIFT1_MAT_Q002,JEE_MAIN,2026,Paper 1 (B.E./B.Tech),Mathematics,True,True,GENUINE_DIAGRAM_REQUIRED,TEXT_TRIGGER_DIAGRAM
JM_2026_S2_0404_SHIFT1_MAT_Q003,JEE_MAIN,2026,Paper 1 (B.E./B.Tech),Mathematics,True,True,GENUINE_DIAGRAM_REQUIRED,TEXT_TRIGGER_DIAGRAM
JM_2026_S2_0404_SHIFT1_MAT_Q004,JEE_MAIN,2026,Paper 1 (B.E./B.Tech),Mathematics,True,True,GENUINE_DIAGRAM_REQUIRED,TEXT_TRIGGER_DIAGRAM
JM_2026_S2_0404_SHIFT1_MAT_Q005,JEE_MAIN,2026,Paper 1 (B.E./B.Tech),Mathematics,True,True,GENUINE_DIAGRAM_REQUIRED,TEXT_TRIGGER_DIAGRAM
JM_2026_S2_0404_SHIFT1_MAT_Q006,JEE_MAIN,2026,Paper 1 (B.E./B.Tech),Mathematics,True,True,GENUINE_DIAGRAM_REQUIRED,TEXT_TRIGGER_DIAGRAM
JM_2026_S2_0404_SHIFT1_MAT_Q007,JEE_MAIN,2026,Paper 1 (B.E./B.Tech),Mathematics,True,True,GENUINE_DIAGRAM_REQUIRED,TEXT_TRIGGER_DIAGRAM
JM_2026_S2_0404_SHIFT1_MAT_Q008,JEE_MAIN,2026,Paper 1 (B.E./B.Tech),Mathematics,True,True,GENUINE_DIAGRAM_REQUIRED,TEXT_TRIGGER_DIAGRAM
JM_2026_S2_0404_SHIFT1_MAT_Q009,JEE_MAIN,2026,Paper 1 (B.E./B.Tech),Mathematics,True,True,GENUINE_DIAGRAM_REQUIRED,TEXT_TRIGGER_DIAGRAM
JM_2026_S2_0404_SHIFT1_MAT_Q010,JEE_MAIN,2026,Paper 1 (B.E./B.Tech),Mathematics,True,True,GENUINE_DIAGRAM_REQUIRED,TEXT_TRIGGER_DIAGRAM
JM_2026_S2_0404_SHIFT1_MAT_Q011,JEE_MAIN,2026,Paper 1 (B.E./B.Tech),Mathematics,True,True,GENUINE_DIAGRAM_REQUIRED,TEXT_TRIGGER_DIAGRAM
JM_2026_S2_0404_SHIFT1_MAT_Q012,JEE_MAIN,2026,Paper 1 (B.E./B.Tech),Mathematics,True,True,GENUINE_DIAGRAM_REQUIRED,TEXT_TRIGGER_DIAGRAM
JM_2026_S2_0404_SHIFT1_MAT_Q013,JEE_MAIN,2026,Paper 1 (B.E./B.Tech),Mathematics,True,True,GENUINE_DIAGRAM_REQUIRED,TEXT_TRIGGER_DIAGRAM
JM_2026_S2_0404_SHIFT1_MAT_Q014,JEE_MAIN,2026,Paper 1 (B.E./B.Tech),Mathematics,True,True,GENUINE_DIAGRAM_REQUIRED,TEXT_TRIGGER_DIAGRAM
JM_2026_S2_0404_SHIFT1_MAT_Q015,JEE_MAIN,2026,Paper 1 (B.E./B.Tech),Mathematics,True,True,GENUINE_DIAGRAM_REQUIRED,TEXT_TRIGGER_DIAGRAM
JM_2026_S2_0404_SHIFT1_MAT_Q016,JEE_MAIN,2026,Paper 1 (B.E./B.Tech),Mathematics,True,True,GENUINE_DIAGRAM_REQUIRED,TEXT_TRIGGER_DIAGRAM
JM_2026_S2_0404_SHIFT1_MAT_Q017,JEE_MAIN,2026,Paper 1 (B.E./B.Tech),Mathematics,True,True,GENUINE_DIAGRAM_REQUIRED,TEXT_TRIGGER_DIAGRAM
JM_2026_S2_0404_SHIFT1_MAT_Q018,JEE_MAIN,2026,Paper 1 (B.E./B.Tech),Mathematics,True,True,GENUINE_DIAGRAM_REQUIRED,TEXT_TRIGGER_DIAGRAM
JM_2026_S2_0404_SHIFT1_MAT_Q019,JEE_MAIN,2026,Paper 1 (B.E./B.Tech),Mathematics,True,True,GENUINE_DIAGRAM_REQUIRED,TEXT_TRIGGER_DIAGRAM
JM_2026_S2_0404_SHIFT1_MAT_Q020,JEE_MAIN,2026,Paper 1 (B.E./B.Tech),Mathematics,True,True,GENUINE_DIAGRAM_REQUIRED,TEXT_TRIGGER_DIAGRAM
JM_2026_S2_0404_SHIFT1_MAT_Q021,JEE_MAIN,2026,Paper 1 (B.E./B.Tech),Mathematics,True,True,GENUINE_DIAGRAM_REQUIRED,TEXT_TRIGGER_DIAGRAM
JM_2026_S2_0404_SHIFT1_MAT_Q022,JEE_MAIN,2026,Paper 1 (B.E./B.Tech),Mathematics,True,True,GENUINE_DIAGRAM_REQUIRED,TEXT_TRIGGER_DIAGRAM
JM_2026_S2_0404_SHIFT1_MAT_Q023,JEE_MAIN,2026,Paper 1 (B.E./B.Tech),Mathematics,True,True,GENUINE_DIAGRAM_REQUIRED,TEXT_TRIGGER_DIAGRAM
JM_2026_S2_0404_SHIFT1_MAT_Q024,JEE_MAIN,2026,Paper 1 (B.E./B.Tech),Mathematics,True,True,GENUINE_DIAGRAM_REQUIRED,TEXT_TRIGGER_DIAGRAM
JM_2026_S2_0404_SHIFT1_MAT_Q025,JEE_MAIN,2026,Paper 1 (B.E./B.Tech),Mathematics,True,True,GENUINE_DIAGRAM_REQUIRED,TEXT_TRIGGER_DIAGRAM
JM_2026_S2_0404_SHIFT1_PHY_Q026,JEE_MAIN,2026,Paper 1 (B.E./B.Tech),Physics,True,True,GENUINE_DIAGRAM_REQUIRED,TEXT_TRIGGER_DIAGRAM
JM_2026_S2_0404_SHIFT1_PHY_Q027,JEE_MAIN,2026,Paper 1 (B.E./B.Tech),Physics,True,True,GENUINE_DIAGRAM_REQUIRED,TEXT_TRIGGER_DIAGRAM
JM_2026_S2_0404_SHIFT1_PHY_Q028,JEE_MAIN,2026,Paper 1 (B.E./B.Tech),Physics,True,True,GENUINE_DIAGRAM_REQUIRED,TEXT_TRIGGER_DIAGRAM
JM_2026_S2_0404_SHIFT1_PHY_Q029,JEE_MAIN,2026,Paper 1 (B.E./B.Tech),Physics,True,True,GENUINE_DIAGRAM_REQUIRED,TEXT_TRIGGER_DIAGRAM
JM_2026_S2_0404_SHIFT1_PHY_Q030,JEE_MAIN,2026,Paper 1 (B.E./B.Tech),Physics,True,True,GENUINE_DIAGRAM_REQUIRED,TEXT_TRIGGER_DIAGRAM
JM_2026_S2_0404_SHIFT1_PHY_Q031,JEE_MAIN,2026,Paper 1 (B.E./B.Tech),Physics,True,True,GENUINE_DIAGRAM_REQUIRED,TEXT_TRIGGER_DIAGRAM
JM_2026_S2_0404_SHIFT1_PHY_Q032,JEE_MAIN,2026,Paper 1 (B.E./B.Tech),Physics,True,True,GENUINE_DIAGRAM_REQUIRED,TEXT_TRIGGER_DIAGRAM
JM_2026_S2_0404_SHIFT1_PHY_Q033,JEE_MAIN,2026,Paper 1 (B.E./B.Tech),Physics,True,True,GENUINE_DIAGRAM_REQUIRED,TEXT_TRIGGER_DIAGRAM
JM_2026_S2_0404_SHIFT1_PHY_Q034,JEE_MAIN,2026,Paper 1 (B.E./B.Tech),Physics,True,True,GENUINE_DIAGRAM_REQUIRED,TEXT_TRIGGER_DIAGRAM
JM_2026_S2_0404_SHIFT1_PHY_Q035,JEE_MAIN,2026,Paper 1 (B.E./B.Tech),Physics,True,True,GENUINE_DIAGRAM_REQUIRED,TEXT_TRIGGER_DIAGRAM
JM_2026_S2_0404_SHIFT1_PHY_Q036,JEE_MAIN,2026,Paper 1 (B.E./B.Tech),Physics,True,True,GENUINE_DIAGRAM_REQUIRED,TEXT_TRIGGER_DIAGRAM
JM_2026_S2_0404_SHIFT1_PHY_Q037,JEE_MAIN,2026,Paper 1 (B.E./B.Tech),Physics,True,True,GENUINE_DIAGRAM_REQUIRED,TEXT_TRIGGER_DIAGRAM
JM_2026_S2_0404_SHIFT1_PHY_Q038,JEE_MAIN,2026,Paper 1 (B.E./B.Tech),Physics,True,True,GENUINE_DIAGRAM_REQUIRED,TEXT_TRIGGER_DIAGRAM
JM_2026_S2_0404_SHIFT1_PHY_Q039,JEE_MAIN,2026,Paper 1 (B.E./B.Tech),Physics,True,True,GENUINE_DIAGRAM_REQUIRED,TEXT_TRIGGER_DIAGRAM
JM_2026_S2_0404_SHIFT1_PHY_Q040,JEE_MAIN,2026,Paper 1 (B.E./B.Tech),Physics,True,True,GENUINE_DIAGRAM_REQUIRED,TEXT_TRIGGER_DIAGRAM
JM_2026_S2_0404_SHIFT1_PHY_Q041,JEE_MAIN,2026,Paper 1 (B.E./B.Tech),Physics,True,True,GENUINE_DIAGRAM_REQUIRED,TEXT_TRIGGER_DIAGRAM
JM_2026_S2_0404_SHIFT1_PHY_Q042,JEE_MAIN,2026,Paper 1 (B.E./B.Tech),Physics,True,True,GENUINE_DIAGRAM_REQUIRED,TEXT_TRIGGER_DIAGRAM
JM_2026_S2_0404_SHIFT1_PHY_Q043,JEE_MAIN,2026,Paper 1 (B.E./B.Tech),Physics,True,True,GENUINE_DIAGRAM_REQUIRED,TEXT_TRIGGER_DIAGRAM
JM_2026_S2_0404_SHIFT1_PHY_Q044,JEE_MAIN,2026,Paper 1 (B.E./B.Tech),Physics,True,True,GENUINE_DIAGRAM_REQUIRED,TEXT_TRIGGER_DIAGRAM
JM_2026_S2_0404_SHIFT1_PHY_Q045,JEE_MAIN,2026,Paper 1 (B.E./B.Tech),Physics,True,True,GENUINE_DIAGRAM_REQUIRED,TEXT_TRIGGER_DIAGRAM
JM_2026_S2_0404_SHIFT1_PHY_Q046,JEE_MAIN,2026,Paper 1 (B.E./B.Tech),Physics,True,True,GENUINE_DIAGRAM_REQUIRED,TEXT_TRIGGER_DIAGRAM
JM_2026_S2_0404_SHIFT1_PHY_Q047,JEE_MAIN,2026,Paper 1 (B.E./B.Tech),Physics,True,True,GENUINE_DIAGRAM_REQUIRED,TEXT_TRIGGER_DIAGRAM
JM_2026_S2_0404_SHIFT1_PHY_Q048,JEE_MAIN,2026,Paper 1 (B.E./B.Tech),Physics,True,True,GENUINE_DIAGRAM_REQUIRED,TEXT_TRIGGER_DIAGRAM
JM_2026_S2_0404_SHIFT1_PHY_Q049,JEE_MAIN,2026,Paper 1 (B.E./B.Tech),Physics,True,True,GENUINE_DIAGRAM_REQUIRED,TEXT_TRIGGER_DIAGRAM
JM_2026_S2_0404_SHIFT1_PHY_Q050,JEE_MAIN,2026,Paper 1 (B.E./B.Tech),Physics,True,True,GENUINE_DIAGRAM_REQUIRED,TEXT_TRIGGER_DIAGRAM
JM_2026_S2_0404_SHIFT1_CHE_Q051,JEE_MAIN,2026,Paper 1 (B.E./B.Tech),Chemistry,True,True,GENUINE_DIAGRAM_REQUIRED,TEXT_TRIGGER_DIAGRAM
JM_2026_S2_0404_SHIFT1_CHE_Q052,JEE_MAIN,2026,Paper 1 (B.E./B.Tech),Chemistry,True,True,GENUINE_DIAGRAM_REQUIRED,TEXT_TRIGGER_DIAGRAM
JM_2026_S2_0404_SHIFT1_CHE_Q053,JEE_MAIN,2026,Paper 1 (B.E./B.Tech),Chemistry,True,True,GENUINE_DIAGRAM_REQUIRED,TEXT_TRIGGER_DIAGRAM
JM_2026_S2_0404_SHIFT1_CHE_Q054,JEE_MAIN,2026,Paper 1 (B.E./B.Tech),Chemistry,True,True,GENUINE_DIAGRAM_REQUIRED,TEXT_TRIGGER_DIAGRAM
JM_2026_S2_0404_SHIFT1_CHE_Q055,JEE_MAIN,2026,Paper 1 (B.E./B.Tech),Chemistry,True,True,GENUINE_DIAGRAM_REQUIRED,TEXT_TRIGGER_DIAGRAM
JM_2026_S2_0404_SHIFT1_CHE_Q056,JEE_MAIN,2026,Paper 1 (B.E./B.Tech),Chemistry,True,True,GENUINE_DIAGRAM_REQUIRED,TEXT_TRIGGER_DIAGRAM
JM_2026_S2_0404_SHIFT1_CHE_Q057,JEE_MAIN,2026,Paper 1 (B.E./B.Tech),Chemistry,True,True,GENUINE_DIAGRAM_REQUIRED,TEXT_TRIGGER_DIAGRAM
JM_2026_S2_0404_SHIFT1_CHE_Q058,JEE_MAIN,2026,Paper 1 (B.E./B.Tech),Chemistry,True,True,GENUINE_DIAGRAM_REQUIRED,TEXT_TRIGGER_DIAGRAM
JM_2026_S2_0404_SHIFT1_CHE_Q059,JEE_MAIN,2026,Paper 1 (B.E./B.Tech),Chemistry,True,True,GENUINE_DIAGRAM_REQUIRED,TEXT_TRIGGER_DIAGRAM
JM_2026_S2_0404_SHIFT1_CHE_Q060,JEE_MAIN,2026,Paper 1 (B.E./B.Tech),Chemistry,True,True,GENUINE_DIAGRAM_REQUIRED,TEXT_TRIGGER_DIAGRAM
JM_2026_S2_0404_SHIFT1_CHE_Q061,JEE_MAIN,2026,Paper 1 (B.E./B.Tech),Chemistry,True,True,GENUINE_DIAGRAM_REQUIRED,TEXT_TRIGGER_DIAGRAM
JM_2026_S2_0404_SHIFT1_CHE_Q062,JEE_MAIN,2026,Paper 1 (B.E./B.Tech),Chemistry,True,True,GENUINE_DIAGRAM_REQUIRED,TEXT_TRIGGER_DIAGRAM
JM_2026_S2_0404_SHIFT1_CHE_Q063,JEE_MAIN,2026,Paper 1 (B.E./B.Tech),Chemistry,True,True,GENUINE_DIAGRAM_REQUIRED,TEXT_TRIGGER_DIAGRAM
JM_2026_S2_0404_SHIFT1_CHE_Q064,JEE_MAIN,2026,Paper 1 (B.E./B.Tech),Chemistry,True,True,GENUINE_DIAGRAM_REQUIRED,TEXT_TRIGGER_DIAGRAM
JM_2026_S2_0404_SHIFT1_CHE_Q065,JEE_MAIN,2026,Paper 1 (B.E./B.Tech),Chemistry,True,True,GENUINE_DIAGRAM_REQUIRED,TEXT_TRIGGER_DIAGRAM
JM_2026_S2_0404_SHIFT1_CHE_Q066,JEE_MAIN,2026,Paper 1 (B.E./B.Tech),Chemistry,True,True,GENUINE_DIAGRAM_REQUIRED,TEXT_TRIGGER_DIAGRAM
JM_2026_S2_0404_SHIFT1_CHE_Q067,JEE_MAIN,2026,Paper 1 (B.E./B.Tech),Chemistry,True,True,GENUINE_DIAGRAM_REQUIRED,TEXT_TRIGGER_DIAGRAM
JM_2026_S2_0404_SHIFT1_CHE_Q068,JEE_MAIN,2026,Paper 1 (B.E./B.Tech),Chemistry,True,True,GENUINE_DIAGRAM_REQUIRED,TEXT_TRIGGER_DIAGRAM
JM_2026_S2_0404_SHIFT1_CHE_Q069,JEE_MAIN,2026,Paper 1 (B.E./B.Tech),Chemistry,True,True,GENUINE_DIAGRAM_REQUIRED,TEXT_TRIGGER_DIAGRAM
JM_2026_S2_0404_SHIFT1_CHE_Q070,JEE_MAIN,2026,Paper 1 (B.E./B.Tech),Chemistry,True,True,GENUINE_DIAGRAM_REQUIRED,TEXT_TRIGGER_DIAGRAM
JM_2026_S2_0404_SHIFT1_CHE_Q071,JEE_MAIN,2026,Paper 1 (B.E./B.Tech),Chemistry,True,True,GENUINE_DIAGRAM_REQUIRED,TEXT_TRIGGER_DIAGRAM
JM_2026_S2_0404_SHIFT1_CHE_Q072,JEE_MAIN,2026,Paper 1 (B.E./B.Tech),Chemistry,True,True,GENUINE_DIAGRAM_REQUIRED,TEXT_TRIGGER_DIAGRAM
JM_2026_S2_0404_SHIFT1_CHE_Q073,JEE_MAIN,2026,Paper 1 (B.E./B.Tech),Chemistry,True,True,GENUINE_DIAGRAM_REQUIRED,TEXT_TRIGGER_DIAGRAM
JM_2026_S2_0404_SHIFT1_CHE_Q074,JEE_MAIN,2026,Paper 1 (B.E./B.Tech),Chemistry,True,True,GENUINE_DIAGRAM_REQUIRED,TEXT_TRIGGER_DIAGRAM
JM_2026_S2_0404_SHIFT1_CHE_Q075,JEE_MAIN,2026,Paper 1 (B.E./B.Tech),Chemistry,True,True,GENUINE_DIAGRAM_REQUIRED,TEXT_TRIGGER_DIAGRAM
JM_2026_S2_0404_SHIFT2_MAT_Q001,JEE_MAIN,2026,Paper 1 (B.E./B.Tech),Mathematics,True,True,GENUINE_DIAGRAM_REQUIRED,TEXT_TRIGGER_DIAGRAM
JM_2026_S2_0404_SHIFT2_MAT_Q002,JEE_MAIN,2026,Paper 1 (B.E./B.Tech),Mathematics,True,True,GENUINE_DIAGRAM_REQUIRED,TEXT_TRIGGER_DIAGRAM
JM_2026_S2_0404_SHIFT2_MAT_Q003,JEE_MAIN,2026,Paper 1 (B.E./B.Tech),Mathematics,True,True,GENUINE_DIAGRAM_REQUIRED,TEXT_TRIGGER_DIAGRAM
JM_2026_S2_0404_SHIFT2_MAT_Q004,JEE_MAIN,2026,Paper 1 (B.E./B.Tech),Mathematics,True,True,GENUINE_DIAGRAM_REQUIRED,TEXT_TRIGGER_DIAGRAM
JM_2026_S2_0404_SHIFT2_MAT_Q005,JEE_MAIN,2026,Paper 1 (B.E./B.Tech),Mathematics,True,True,GENUINE_DIAGRAM_REQUIRED,TEXT_TRIGGER_DIAGRAM
JM_2026_S2_0404_SHIFT2_MAT_Q006,JEE_MAIN,2026,Paper 1 (B.E./B.Tech),Mathematics,True,True,GENUINE_DIAGRAM_REQUIRED,TEXT_TRIGGER_DIAGRAM
JM_2026_S2_0404_SHIFT2_MAT_Q007,JEE_MAIN,2026,Paper 1 (B.E./B.Tech),Mathematics,True,True,GENUINE_DIAGRAM_REQUIRED,TEXT_TRIGGER_DIAGRAM
JM_2026_S2_0404_SHIFT2_MAT_Q008,JEE_MAIN,2026,Paper 1 (B.E./B.Tech),Mathematics,True,True,GENUINE_DIAGRAM_REQUIRED,TEXT_TRIGGER_DIAGRAM
JM_2026_S2_0404_SHIFT2_MAT_Q009,JEE_MAIN,2026,Paper 1 (B.E./B.Tech),Mathematics,True,True,GENUINE_DIAGRAM_REQUIRED,TEXT_TRIGGER_DIAGRAM
JM_2026_S2_0404_SHIFT2_MAT_Q010,JEE_MAIN,2026,Paper 1 (B.E./B.Tech),Mathematics,True,True,GENUINE_DIAGRAM_REQUIRED,TEXT_TRIGGER_DIAGRAM
JM_2026_S2_0404_SHIFT2_MAT_Q011,JEE_MAIN,2026,Paper 1 (B.E./B.Tech),Mathematics,True,True,GENUINE_DIAGRAM_REQUIRED,TEXT_TRIGGER_DIAGRAM
JM_2026_S2_0404_SHIFT2_MAT_Q012,JEE_MAIN,2026,Paper 1 (B.E./B.Tech),Mathematics,True,True,GENUINE_DIAGRAM_REQUIRED,TEXT_TRIGGER_DIAGRAM
JM_2026_S2_0404_SHIFT2_MAT_Q013,JEE_MAIN,2026,Paper 1 (B.E./B.Tech),Mathematics,True,True,GENUINE_DIAGRAM_REQUIRED,TEXT_TRIGGER_DIAGRAM
JM_2026_S2_0404_SHIFT2_MAT_Q014,JEE_MAIN,2026,Paper 1 (B.E./B.Tech),Mathematics,True,True,GENUINE_DIAGRAM_REQUIRED,TEXT_TRIGGER_DIAGRAM
JM_2026_S2_0404_SHIFT2_MAT_Q015,JEE_MAIN,2026,Paper 1 (B.E./B.Tech),Mathematics,True,True,GENUINE_DIAGRAM_REQUIRED,TEXT_TRIGGER_DIAGRAM
JM_2026_S2_0404_SHIFT2_MAT_Q016,JEE_MAIN,2026,Paper 1 (B.E./B.Tech),Mathematics,True,True,GENUINE_DIAGRAM_REQUIRED,TEXT_TRIGGER_DIAGRAM
JM_2026_S2_0404_SHIFT2_MAT_Q017,JEE_MAIN,2026,Paper 1 (B.E./B.Tech),Mathematics,True,True,GENUINE_DIAGRAM_REQUIRED,TEXT_TRIGGER_DIAGRAM
JM_2026_S2_0404_SHIFT2_MAT_Q018,JEE_MAIN,2026,Paper 1 (B.E./B.Tech),Mathematics,True,True,GENUINE_DIAGRAM_REQUIRED,TEXT_TRIGGER_DIAGRAM
JM_2026_S2_0404_SHIFT2_MAT_Q019,JEE_MAIN,2026,Paper 1 (B.E./B.Tech),Mathematics,True,True,GENUINE_DIAGRAM_REQUIRED,TEXT_TRIGGER_DIAGRAM
JM_2026_S2_0404_SHIFT2_MAT_Q020,JEE_MAIN,2026,Paper 1 (B.E./B.Tech),Mathematics,True,True,GENUINE_DIAGRAM_REQUIRED,TEXT_TRIGGER_DIAGRAM
JM_2026_S2_0404_SHIFT2_MAT_Q021,JEE_MAIN,2026,Paper 1 (B.E./B.Tech),Mathematics,True,True,GENUINE_DIAGRAM_REQUIRED,TEXT_TRIGGER_DIAGRAM
JM_2026_S2_0404_SHIFT2_MAT_Q022,JEE_MAIN,2026,Paper 1 (B.E./B.Tech),Mathematics,True,True,GENUINE_DIAGRAM_REQUIRED,TEXT_TRIGGER_DIAGRAM
JM_2026_S2_0404_SHIFT2_MAT_Q023,JEE_MAIN,2026,Paper 1 (B.E./B.Tech),Mathematics,True,True,GENUINE_DIAGRAM_REQUIRED,TEXT_TRIGGER_DIAGRAM
JM_2026_S2_0404_SHIFT2_MAT_Q024,JEE_MAIN,2026,Paper 1 (B.E./B.Tech),Mathematics,True,True,GENUINE_DIAGRAM_REQUIRED,TEXT_TRIGGER_DIAGRAM
JM_2026_S2_0404_SHIFT2_MAT_Q025,JEE_MAIN,2026,Paper 1 (B.E./B.Tech),Mathematics,True,True,GENUINE_DIAGRAM_REQUIRED,TEXT_TRIGGER_DIAGRAM
JM_2026_S2_0404_SHIFT2_PHY_Q026,JEE_MAIN,2026,Paper 1 (B.E./B.Tech),Physics,True,True,GENUINE_DIAGRAM_REQUIRED,TEXT_TRIGGER_DIAGRAM
JM_2026_S2_0404_SHIFT2_PHY_Q027,JEE_MAIN,2026,Paper 1 (B.E./B.Tech),Physics,True,True,GENUINE_DIAGRAM_REQUIRED,TEXT_TRIGGER_DIAGRAM
JM_2026_S2_0404_SHIFT2_PHY_Q028,JEE_MAIN,2026,Paper 1 (B.E./B.Tech),Physics,True,True,GENUINE_DIAGRAM_REQUIRED,TEXT_TRIGGER_DIAGRAM
JM_2026_S2_0404_SHIFT2_PHY_Q029,JEE_MAIN,2026,Paper 1 (B.E./B.Tech),Physics,True,True,GENUINE_DIAGRAM_REQUIRED,TEXT_TRIGGER_DIAGRAM
JM_2026_S2_0404_SHIFT2_PHY_Q030,JEE_MAIN,2026,Paper 1 (B.E./B.Tech),Physics,True,True,GENUINE_DIAGRAM_REQUIRED,TEXT_TRIGGER_DIAGRAM
JM_2026_S2_0404_SHIFT2_PHY_Q031,JEE_MAIN,2026,Paper 1 (B.E./B.Tech),Physics,True,True,GENUINE_DIAGRAM_REQUIRED,TEXT_TRIGGER_DIAGRAM
JM_2026_S2_0404_SHIFT2_PHY_Q032,JEE_MAIN,2026,Paper 1 (B.E./B.Tech),Physics,True,True,GENUINE_DIAGRAM_REQUIRED,TEXT_TRIGGER_DIAGRAM
JM_2026_S2_0404_SHIFT2_PHY_Q033,JEE_MAIN,2026,Paper 1 (B.E./B.Tech),Physics,True,True,GENUINE_DIAGRAM_REQUIRED,TEXT_TRIGGER_DIAGRAM
JM_2026_S2_0404_SHIFT2_PHY_Q034,JEE_MAIN,2026,Paper 1 (B.E./B.Tech),Physics,True,True,GENUINE_DIAGRAM_REQUIRED,TEXT_TRIGGER_DIAGRAM
JM_2026_S2_0404_SHIFT2_PHY_Q035,JEE_MAIN,2026,Paper 1 (B.E./B.Tech),Physics,True,True,GENUINE_DIAGRAM_REQUIRED,TEXT_TRIGGER_DIAGRAM
JM_2026_S2_0404_SHIFT2_PHY_Q036,JEE_MAIN,2026,Paper 1 (B.E./B.Tech),Physics,True,True,GENUINE_DIAGRAM_REQUIRED,TEXT_TRIGGER_DIAGRAM
JM_2026_S2_0404_SHIFT2_PHY_Q037,JEE_MAIN,2026,Paper 1 (B.E./B.Tech),Physics,True,True,GENUINE_DIAGRAM_REQUIRED,TEXT_TRIGGER_DIAGRAM
JM_2026_S2_0404_SHIFT2_PHY_Q038,JEE_MAIN,2026,Paper 1 (B.E./B.Tech),Physics,True,True,GENUINE_DIAGRAM_REQUIRED,TEXT_TRIGGER_DIAGRAM
JM_2026_S2_0404_SHIFT2_PHY_Q039,JEE_MAIN,2026,Paper 1 (B.E./B.Tech),Physics,True,True,GENUINE_DIAGRAM_REQUIRED,TEXT_TRIGGER_DIAGRAM
JM_2026_S2_0404_SHIFT2_PHY_Q040,JEE_MAIN,2026,Paper 1 (B.E./B.Tech),Physics,True,True,GENUINE_DIAGRAM_REQUIRED,TEXT_TRIGGER_DIAGRAM
JM_2026_S2_0404_SHIFT2_PHY_Q041,JEE_MAIN,2026,Paper 1 (B.E./B.Tech),Physics,True,True,GENUINE_DIAGRAM_REQUIRED,TEXT_TRIGGER_DIAGRAM
JM_2026_S2_0404_SHIFT2_PHY_Q042,JEE_MAIN,2026,Paper 1 (B.E./B.Tech),Physics,True,True,GENUINE_DIAGRAM_REQUIRED,TEXT_TRIGGER_DIAGRAM
JM_2026_S2_0404_SHIFT2_PHY_Q043,JEE_MAIN,2026,Paper 1 (B.E./B.Tech),Physics,True,True,GENUINE_DIAGRAM_REQUIRED,TEXT_TRIGGER_DIAGRAM
JM_2026_S2_0404_SHIFT2_PHY_Q044,JEE_MAIN,2026,Paper 1 (B.E./B.Tech),Physics,True,True,GENUINE_DIAGRAM_REQUIRED,TEXT_TRIGGER_DIAGRAM
JM_2026_S2_0404_SHIFT2_PHY_Q045,JEE_MAIN,2026,Paper 1 (B.E./B.Tech),Physics,True,True,GENUINE_DIAGRAM_REQUIRED,TEXT_TRIGGER_DIAGRAM
JM_2026_S2_0404_SHIFT2_PHY_Q046,JEE_MAIN,2026,Paper 1 (B.E./B.Tech),Physics,True,True,GENUINE_DIAGRAM_REQUIRED,TEXT_TRIGGER_DIAGRAM
JM_2026_S2_0404_SHIFT2_PHY_Q047,JEE_MAIN,2026,Paper 1 (B.E./B.Tech),Physics,True,True,GENUINE_DIAGRAM_REQUIRED,TEXT_TRIGGER_DIAGRAM
JM_2026_S2_0404_SHIFT2_PHY_Q048,JEE_MAIN,2026,Paper 1 (B.E./B.Tech),Physics,True,True,GENUINE_DIAGRAM_REQUIRED,TEXT_TRIGGER_DIAGRAM
JM_2026_S2_0404_SHIFT2_PHY_Q049,JEE_MAIN,2026,Paper 1 (B.E./B.Tech),Physics,True,True,GENUINE_DIAGRAM_REQUIRED,TEXT_TRIGGER_DIAGRAM
JM_2026_S2_0404_SHIFT2_PHY_Q050,JEE_MAIN,2026,Paper 1 (B.E./B.Tech),Physics,True,True,GENUINE_DIAGRAM_REQUIRED,TEXT_TRIGGER_DIAGRAM
JM_2026_S2_0404_SHIFT2_CHE_Q051,JEE_MAIN,2026,Paper 1 (B.E./B.Tech),Chemistry,True,True,GENUINE_DIAGRAM_REQUIRED,TEXT_TRIGGER_DIAGRAM
JM_2026_S2_0404_SHIFT2_CHE_Q052,JEE_MAIN,2026,Paper 1 (B.E./B.Tech),Chemistry,True,True,GENUINE_DIAGRAM_REQUIRED,TEXT_TRIGGER_DIAGRAM
JM_2026_S2_0404_SHIFT2_CHE_Q053,JEE_MAIN,2026,Paper 1 (B.E./B.Tech),Chemistry,True,True,GENUINE_DIAGRAM_REQUIRED,TEXT_TRIGGER_DIAGRAM
JM_2026_S2_0404_SHIFT2_CHE_Q054,JEE_MAIN,2026,Paper 1 (B.E./B.Tech),Chemistry,True,True,GENUINE_DIAGRAM_REQUIRED,TEXT_TRIGGER_DIAGRAM
JM_2026_S2_0404_SHIFT2_CHE_Q055,JEE_MAIN,2026,Paper 1 (B.E./B.Tech),Chemistry,True,True,GENUINE_DIAGRAM_REQUIRED,TEXT_TRIGGER_DIAGRAM
JM_2026_S2_0404_SHIFT2_CHE_Q056,JEE_MAIN,2026,Paper 1 (B.E./B.Tech),Chemistry,True,True,GENUINE_DIAGRAM_REQUIRED,TEXT_TRIGGER_DIAGRAM
JM_2026_S2_0404_SHIFT2_CHE_Q057,JEE_MAIN,2026,Paper 1 (B.E./B.Tech),Chemistry,True,True,GENUINE_DIAGRAM_REQUIRED,TEXT_TRIGGER_DIAGRAM
JM_2026_S2_0404_SHIFT2_CHE_Q058,JEE_MAIN,2026,Paper 1 (B.E./B.Tech),Chemistry,True,True,GENUINE_DIAGRAM_REQUIRED,TEXT_TRIGGER_DIAGRAM
JM_2026_S2_0404_SHIFT2_CHE_Q059,JEE_MAIN,2026,Paper 1 (B.E./B.Tech),Chemistry,True,True,GENUINE_DIAGRAM_REQUIRED,TEXT_TRIGGER_DIAGRAM
JM_2026_S2_0404_SHIFT2_CHE_Q060,JEE_MAIN,2026,Paper 1 (B.E./B.Tech),Chemistry,True,True,GENUINE_DIAGRAM_REQUIRED,TEXT_TRIGGER_DIAGRAM
JM_2026_S2_0404_SHIFT2_CHE_Q061,JEE_MAIN,2026,Paper 1 (B.E./B.Tech),Chemistry,True,True,GENUINE_DIAGRAM_REQUIRED,TEXT_TRIGGER_DIAGRAM
JM_2026_S2_0404_SHIFT2_CHE_Q062,JEE_MAIN,2026,Paper 1 (B.E./B.Tech),Chemistry,True,True,GENUINE_DIAGRAM_REQUIRED,TEXT_TRIGGER_DIAGRAM
JM_2026_S2_0404_SHIFT2_CHE_Q063,JEE_MAIN,2026,Paper 1 (B.E./B.Tech),Chemistry,True,True,GENUINE_DIAGRAM_REQUIRED,TEXT_TRIGGER_DIAGRAM
JM_2026_S2_0404_SHIFT2_CHE_Q064,JEE_MAIN,2026,Paper 1 (B.E./B.Tech),Chemistry,True,True,GENUINE_DIAGRAM_REQUIRED,TEXT_TRIGGER_DIAGRAM
JM_2026_S2_0404_SHIFT2_CHE_Q065,JEE_MAIN,2026,Paper 1 (B.E./B.Tech),Chemistry,True,True,GENUINE_DIAGRAM_REQUIRED,TEXT_TRIGGER_DIAGRAM
JM_2026_S2_0404_SHIFT2_CHE_Q066,JEE_MAIN,2026,Paper 1 (B.E./B.Tech),Chemistry,True,True,GENUINE_DIAGRAM_REQUIRED,TEXT_TRIGGER_DIAGRAM
JM_2026_S2_0404_SHIFT2_CHE_Q067,JEE_MAIN,2026,Paper 1 (B.E./B.Tech),Chemistry,True,True,GENUINE_DIAGRAM_REQUIRED,TEXT_TRIGGER_DIAGRAM
JM_2026_S2_0404_SHIFT2_CHE_Q068,JEE_MAIN,2026,Paper 1 (B.E./B.Tech),Chemistry,True,True,GENUINE_DIAGRAM_REQUIRED,TEXT_TRIGGER_DIAGRAM
JM_2026_S2_0404_SHIFT2_CHE_Q069,JEE_MAIN,2026,Paper 1 (B.E./B.Tech),Chemistry,True,True,GENUINE_DIAGRAM_REQUIRED,TEXT_TRIGGER_DIAGRAM
JM_2026_S2_0404_SHIFT2_CHE_Q070,JEE_MAIN,2026,Paper 1 (B.E./B.Tech),Chemistry,True,True,GENUINE_DIAGRAM_REQUIRED,TEXT_TRIGGER_DIAGRAM
JM_2026_S2_0404_SHIFT2_CHE_Q071,JEE_MAIN,2026,Paper 1 (B.E./B.Tech),Chemistry,True,True,GENUINE_DIAGRAM_REQUIRED,TEXT_TRIGGER_DIAGRAM
JM_2026_S2_0404_SHIFT2_CHE_Q072,JEE_MAIN,2026,Paper 1 (B.E./B.Tech),Chemistry,True,True,GENUINE_DIAGRAM_REQUIRED,TEXT_TRIGGER_DIAGRAM
JM_2026_S2_0404_SHIFT2_CHE_Q073,JEE_MAIN,2026,Paper 1 (B.E./B.Tech),Chemistry,True,True,GENUINE_DIAGRAM_REQUIRED,TEXT_TRIGGER_DIAGRAM
JM_2026_S2_0404_SHIFT2_CHE_Q074,JEE_MAIN,2026,Paper 1 (B.E./B.Tech),Chemistry,True,True,GENUINE_DIAGRAM_REQUIRED,TEXT_TRIGGER_DIAGRAM
JM_2026_S2_0404_SHIFT2_CHE_Q075,JEE_MAIN,2026,Paper 1 (B.E./B.Tech),Chemistry,True,True,GENUINE_DIAGRAM_REQUIRED,TEXT_TRIGGER_DIAGRAM
JM_2026_S2_0405_SHIFT1_MAT_Q001,JEE_MAIN,2026,Paper 1 (B.E./B.Tech),Mathematics,True,True,GENUINE_DIAGRAM_REQUIRED,TEXT_TRIGGER_DIAGRAM
JM_2026_S2_0405_SHIFT1_MAT_Q002,JEE_MAIN,2026,Paper 1 (B.E./B.Tech),Mathematics,True,True,GENUINE_DIAGRAM_REQUIRED,TEXT_TRIGGER_DIAGRAM
JM_2026_S2_0405_SHIFT1_MAT_Q003,JEE_MAIN,2026,Paper 1 (B.E./B.Tech),Mathematics,True,True,GENUINE_DIAGRAM_REQUIRED,TEXT_TRIGGER_DIAGRAM
JM_2026_S2_0405_SHIFT1_MAT_Q004,JEE_MAIN,2026,Paper 1 (B.E./B.Tech),Mathematics,True,True,GENUINE_DIAGRAM_REQUIRED,TEXT_TRIGGER_DIAGRAM
JM_2026_S2_0405_SHIFT1_MAT_Q005,JEE_MAIN,2026,Paper 1 (B.E./B.Tech),Mathematics,True,True,GENUINE_DIAGRAM_REQUIRED,TEXT_TRIGGER_DIAGRAM
JM_2026_S2_0405_SHIFT1_MAT_Q006,JEE_MAIN,2026,Paper 1 (B.E./B.Tech),Mathematics,True,True,GENUINE_DIAGRAM_REQUIRED,TEXT_TRIGGER_DIAGRAM
JM_2026_S2_0405_SHIFT1_MAT_Q007,JEE_MAIN,2026,Paper 1 (B.E./B.Tech),Mathematics,True,True,GENUINE_DIAGRAM_REQUIRED,TEXT_TRIGGER_DIAGRAM
JM_2026_S2_0405_SHIFT1_MAT_Q008,JEE_MAIN,2026,Paper 1 (B.E./B.Tech),Mathematics,True,True,GENUINE_DIAGRAM_REQUIRED,TEXT_TRIGGER_DIAGRAM
JM_2026_S2_0405_SHIFT1_MAT_Q009,JEE_MAIN,2026,Paper 1 (B.E./B.Tech),Mathematics,True,True,GENUINE_DIAGRAM_REQUIRED,TEXT_TRIGGER_DIAGRAM
JM_2026_S2_0405_SHIFT1_MAT_Q010,JEE_MAIN,2026,Paper 1 (B.E./B.Tech),Mathematics,True,True,GENUINE_DIAGRAM_REQUIRED,TEXT_TRIGGER_DIAGRAM
JM_2026_S2_0405_SHIFT1_MAT_Q011,JEE_MAIN,2026,Paper 1 (B.E./B.Tech),Mathematics,True,True,GENUINE_DIAGRAM_REQUIRED,TEXT_TRIGGER_DIAGRAM
JM_2026_S2_0405_SHIFT1_MAT_Q012,JEE_MAIN,2026,Paper 1 (B.E./B.Tech),Mathematics,True,True,GENUINE_DIAGRAM_REQUIRED,TEXT_TRIGGER_DIAGRAM
JM_2026_S2_0405_SHIFT1_MAT_Q013,JEE_MAIN,2026,Paper 1 (B.E./B.Tech),Mathematics,True,True,GENUINE_DIAGRAM_REQUIRED,TEXT_TRIGGER_DIAGRAM
JM_2026_S2_0405_SHIFT1_MAT_Q014,JEE_MAIN,2026,Paper 1 (B.E./B.Tech),Mathematics,True,True,GENUINE_DIAGRAM_REQUIRED,TEXT_TRIGGER_DIAGRAM
JM_2026_S2_0405_SHIFT1_MAT_Q015,JEE_MAIN,2026,Paper 1 (B.E./B.Tech),Mathematics,True,True,GENUINE_DIAGRAM_REQUIRED,TEXT_TRIGGER_DIAGRAM
JM_2026_S2_0405_SHIFT1_MAT_Q016,JEE_MAIN,2026,Paper 1 (B.E./B.Tech),Mathematics,True,True,GENUINE_DIAGRAM_REQUIRED,TEXT_TRIGGER_DIAGRAM
JM_2026_S2_0405_SHIFT1_MAT_Q017,JEE_MAIN,2026,Paper 1 (B.E./B.Tech),Mathematics,True,True,GENUINE_DIAGRAM_REQUIRED,TEXT_TRIGGER_DIAGRAM
JM_2026_S2_0405_SHIFT1_MAT_Q018,JEE_MAIN,2026,Paper 1 (B.E./B.Tech),Mathematics,True,True,GENUINE_DIAGRAM_REQUIRED,TEXT_TRIGGER_DIAGRAM
JM_2026_S2_0405_SHIFT1_MAT_Q019,JEE_MAIN,2026,Paper 1 (B.E./B.Tech),Mathematics,True,True,GENUINE_DIAGRAM_REQUIRED,TEXT_TRIGGER_DIAGRAM
JM_2026_S2_0405_SHIFT1_MAT_Q020,JEE_MAIN,2026,Paper 1 (B.E./B.Tech),Mathematics,True,True,GENUINE_DIAGRAM_REQUIRED,TEXT_TRIGGER_DIAGRAM
JM_2026_S2_0405_SHIFT1_MAT_Q021,JEE_MAIN,2026,Paper 1 (B.E./B.Tech),Mathematics,True,True,GENUINE_DIAGRAM_REQUIRED,TEXT_TRIGGER_DIAGRAM
JM_2026_S2_0405_SHIFT1_MAT_Q022,JEE_MAIN,2026,Paper 1 (B.E./B.Tech),Mathematics,True,True,GENUINE_DIAGRAM_REQUIRED,TEXT_TRIGGER_DIAGRAM
JM_2026_S2_0405_SHIFT1_MAT_Q023,JEE_MAIN,2026,Paper 1 (B.E./B.Tech),Mathematics,True,True,GENUINE_DIAGRAM_REQUIRED,TEXT_TRIGGER_DIAGRAM
JM_2026_S2_0405_SHIFT1_MAT_Q024,JEE_MAIN,2026,Paper 1 (B.E./B.Tech),Mathematics,True,True,GENUINE_DIAGRAM_REQUIRED,TEXT_TRIGGER_DIAGRAM
JM_2026_S2_0405_SHIFT1_MAT_Q025,JEE_MAIN,2026,Paper 1 (B.E./B.Tech),Mathematics,True,True,GENUINE_DIAGRAM_REQUIRED,TEXT_TRIGGER_DIAGRAM
JM_2026_S2_0405_SHIFT1_PHY_Q026,JEE_MAIN,2026,Paper 1 (B.E./B.Tech),Physics,True,True,GENUINE_DIAGRAM_REQUIRED,TEXT_TRIGGER_DIAGRAM
JM_2026_S2_0405_SHIFT1_PHY_Q027,JEE_MAIN,2026,Paper 1 (B.E./B.Tech),Physics,True,True,GENUINE_DIAGRAM_REQUIRED,TEXT_TRIGGER_DIAGRAM
JM_2026_S2_0405_SHIFT1_PHY_Q028,JEE_MAIN,2026,Paper 1 (B.E./B.Tech),Physics,True,True,GENUINE_DIAGRAM_REQUIRED,TEXT_TRIGGER_DIAGRAM
JM_2026_S2_0405_SHIFT1_PHY_Q029,JEE_MAIN,2026,Paper 1 (B.E./B.Tech),Physics,True,True,GENUINE_DIAGRAM_REQUIRED,TEXT_TRIGGER_DIAGRAM
JM_2026_S2_0405_SHIFT1_PHY_Q030,JEE_MAIN,2026,Paper 1 (B.E./B.Tech),Physics,True,True,GENUINE_DIAGRAM_REQUIRED,TEXT_TRIGGER_DIAGRAM
JM_2026_S2_0405_SHIFT1_PHY_Q031,JEE_MAIN,2026,Paper 1 (B.E./B.Tech),Physics,True,True,GENUINE_DIAGRAM_REQUIRED,TEXT_TRIGGER_DIAGRAM
JM_2026_S2_0405_SHIFT1_PHY_Q032,JEE_MAIN,2026,Paper 1 (B.E./B.Tech),Physics,True,True,GENUINE_DIAGRAM_REQUIRED,TEXT_TRIGGER_DIAGRAM
JM_2026_S2_0405_SHIFT1_PHY_Q033,JEE_MAIN,2026,Paper 1 (B.E./B.Tech),Physics,True,True,GENUINE_DIAGRAM_REQUIRED,TEXT_TRIGGER_DIAGRAM
JM_2026_S2_0405_SHIFT1_PHY_Q034,JEE_MAIN,2026,Paper 1 (B.E./B.Tech),Physics,True,True,GENUINE_DIAGRAM_REQUIRED,TEXT_TRIGGER_DIAGRAM
JM_2026_S2_0405_SHIFT1_PHY_Q035,JEE_MAIN,2026,Paper 1 (B.E./B.Tech),Physics,True,True,GENUINE_DIAGRAM_REQUIRED,TEXT_TRIGGER_DIAGRAM
JM_2026_S2_0405_SHIFT1_PHY_Q036,JEE_MAIN,2026,Paper 1 (B.E./B.Tech),Physics,True,True,GENUINE_DIAGRAM_REQUIRED,TEXT_TRIGGER_DIAGRAM
JM_2026_S2_0405_SHIFT1_PHY_Q037,JEE_MAIN,2026,Paper 1 (B.E./B.Tech),Physics,True,True,GENUINE_DIAGRAM_REQUIRED,TEXT_TRIGGER_DIAGRAM
JM_2026_S2_0405_SHIFT1_PHY_Q038,JEE_MAIN,2026,Paper 1 (B.E./B.Tech),Physics,True,True,GENUINE_DIAGRAM_REQUIRED,TEXT_TRIGGER_DIAGRAM
JM_2026_S2_0405_SHIFT1_PHY_Q039,JEE_MAIN,2026,Paper 1 (B.E./B.Tech),Physics,True,True,GENUINE_DIAGRAM_REQUIRED,TEXT_TRIGGER_DIAGRAM
JM_2026_S2_0405_SHIFT1_PHY_Q040,JEE_MAIN,2026,Paper 1 (B.E./B.Tech),Physics,True,True,GENUINE_DIAGRAM_REQUIRED,TEXT_TRIGGER_DIAGRAM
JM_2026_S2_0405_SHIFT1_PHY_Q041,JEE_MAIN,2026,Paper 1 (B.E./B.Tech),Physics,True,True,GENUINE_DIAGRAM_REQUIRED,TEXT_TRIGGER_DIAGRAM
JM_2026_S2_0405_SHIFT1_PHY_Q042,JEE_MAIN,2026,Paper 1 (B.E./B.Tech),Physics,True,True,GENUINE_DIAGRAM_REQUIRED,TEXT_TRIGGER_DIAGRAM
JM_2026_S2_0405_SHIFT1_PHY_Q043,JEE_MAIN,2026,Paper 1 (B.E./B.Tech),Physics,True,True,GENUINE_DIAGRAM_REQUIRED,TEXT_TRIGGER_DIAGRAM
JM_2026_S2_0405_SHIFT1_PHY_Q044,JEE_MAIN,2026,Paper 1 (B.E./B.Tech),Physics,True,True,GENUINE_DIAGRAM_REQUIRED,TEXT_TRIGGER_DIAGRAM
JM_2026_S2_0405_SHIFT1_PHY_Q045,JEE_MAIN,2026,Paper 1 (B.E./B.Tech),Physics,True,True,GENUINE_DIAGRAM_REQUIRED,TEXT_TRIGGER_DIAGRAM
JM_2026_S2_0405_SHIFT1_PHY_Q046,JEE_MAIN,2026,Paper 1 (B.E./B.Tech),Physics,True,True,GENUINE_DIAGRAM_REQUIRED,TEXT_TRIGGER_DIAGRAM
JM_2026_S2_0405_SHIFT1_PHY_Q047,JEE_MAIN,2026,Paper 1 (B.E./B.Tech),Physics,True,True,GENUINE_DIAGRAM_REQUIRED,TEXT_TRIGGER_DIAGRAM
JM_2026_S2_0405_SHIFT1_PHY_Q048,JEE_MAIN,2026,Paper 1 (B.E./B.Tech),Physics,True,True,GENUINE_DIAGRAM_REQUIRED,TEXT_TRIGGER_DIAGRAM
JM_2026_S2_0405_SHIFT1_PHY_Q049,JEE_MAIN,2026,Paper 1 (B.E./B.Tech),Physics,True,True,GENUINE_DIAGRAM_REQUIRED,TEXT_TRIGGER_DIAGRAM
JM_2026_S2_0405_SHIFT1_PHY_Q050,JEE_MAIN,2026,Paper 1 (B.E./B.Tech),Physics,True,True,GENUINE_DIAGRAM_REQUIRED,TEXT_TRIGGER_DIAGRAM
JM_2026_S2_0405_SHIFT1_CHE_Q051,JEE_MAIN,2026,Paper 1 (B.E./B.Tech),Chemistry,True,True,GENUINE_DIAGRAM_REQUIRED,TEXT_TRIGGER_DIAGRAM
JM_2026_S2_0405_SHIFT1_CHE_Q052,JEE_MAIN,2026,Paper 1 (B.E./B.Tech),Chemistry,True,True,GENUINE_DIAGRAM_REQUIRED,TEXT_TRIGGER_DIAGRAM
JM_2026_S2_0405_SHIFT1_CHE_Q053,JEE_MAIN,2026,Paper 1 (B.E./B.Tech),Chemistry,True,True,GENUINE_DIAGRAM_REQUIRED,TEXT_TRIGGER_DIAGRAM
JM_2026_S2_0405_SHIFT1_CHE_Q054,JEE_MAIN,2026,Paper 1 (B.E./B.Tech),Chemistry,True,True,GENUINE_DIAGRAM_REQUIRED,TEXT_TRIGGER_DIAGRAM
JM_2026_S2_0405_SHIFT1_CHE_Q055,JEE_MAIN,2026,Paper 1 (B.E./B.Tech),Chemistry,True,True,GENUINE_DIAGRAM_REQUIRED,TEXT_TRIGGER_DIAGRAM
JM_2026_S2_0405_SHIFT1_CHE_Q056,JEE_MAIN,2026,Paper 1 (B.E./B.Tech),Chemistry,True,True,GENUINE_DIAGRAM_REQUIRED,TEXT_TRIGGER_DIAGRAM
JM_2026_S2_0405_SHIFT1_CHE_Q057,JEE_MAIN,2026,Paper 1 (B.E./B.Tech),Chemistry,True,True,GENUINE_DIAGRAM_REQUIRED,TEXT_TRIGGER_DIAGRAM
JM_2026_S2_0405_SHIFT1_CHE_Q058,JEE_MAIN,2026,Paper 1 (B.E./B.Tech),Chemistry,True,True,GENUINE_DIAGRAM_REQUIRED,TEXT_TRIGGER_DIAGRAM
JM_2026_S2_0405_SHIFT1_CHE_Q059,JEE_MAIN,2026,Paper 1 (B.E./B.Tech),Chemistry,True,True,GENUINE_DIAGRAM_REQUIRED,TEXT_TRIGGER_DIAGRAM
JM_2026_S2_0405_SHIFT1_CHE_Q060,JEE_MAIN,2026,Paper 1 (B.E./B.Tech),Chemistry,True,True,GENUINE_DIAGRAM_REQUIRED,TEXT_TRIGGER_DIAGRAM
JM_2026_S2_0405_SHIFT1_CHE_Q061,JEE_MAIN,2026,Paper 1 (B.E./B.Tech),Chemistry,True,True,GENUINE_DIAGRAM_REQUIRED,TEXT_TRIGGER_DIAGRAM
JM_2026_S2_0405_SHIFT1_CHE_Q062,JEE_MAIN,2026,Paper 1 (B.E./B.Tech),Chemistry,True,True,GENUINE_DIAGRAM_REQUIRED,TEXT_TRIGGER_DIAGRAM
JM_2026_S2_0405_SHIFT1_CHE_Q063,JEE_MAIN,2026,Paper 1 (B.E./B.Tech),Chemistry,True,True,GENUINE_DIAGRAM_REQUIRED,TEXT_TRIGGER_DIAGRAM
JM_2026_S2_0405_SHIFT1_CHE_Q064,JEE_MAIN,2026,Paper 1 (B.E./B.Tech),Chemistry,True,True,GENUINE_DIAGRAM_REQUIRED,TEXT_TRIGGER_DIAGRAM
JM_2026_S2_0405_SHIFT1_CHE_Q065,JEE_MAIN,2026,Paper 1 (B.E./B.Tech),Chemistry,True,True,GENUINE_DIAGRAM_REQUIRED,TEXT_TRIGGER_DIAGRAM
JM_2026_S2_0405_SHIFT1_CHE_Q066,JEE_MAIN,2026,Paper 1 (B.E./B.Tech),Chemistry,True,True,GENUINE_DIAGRAM_REQUIRED,TEXT_TRIGGER_DIAGRAM
JM_2026_S2_0405_SHIFT1_CHE_Q067,JEE_MAIN,2026,Paper 1 (B.E./B.Tech),Chemistry,True,True,GENUINE_DIAGRAM_REQUIRED,TEXT_TRIGGER_DIAGRAM
JM_2026_S2_0405_SHIFT1_CHE_Q068,JEE_MAIN,2026,Paper 1 (B.E./B.Tech),Chemistry,True,True,GENUINE_DIAGRAM_REQUIRED,TEXT_TRIGGER_DIAGRAM
JM_2026_S2_0405_SHIFT1_CHE_Q069,JEE_MAIN,2026,Paper 1 (B.E./B.Tech),Chemistry,True,True,GENUINE_DIAGRAM_REQUIRED,TEXT_TRIGGER_DIAGRAM
JM_2026_S2_0405_SHIFT1_CHE_Q070,JEE_MAIN,2026,Paper 1 (B.E./B.Tech),Chemistry,True,True,GENUINE_DIAGRAM_REQUIRED,TEXT_TRIGGER_DIAGRAM
JM_2026_S2_0405_SHIFT1_CHE_Q071,JEE_MAIN,2026,Paper 1 (B.E./B.Tech),Chemistry,True,True,GENUINE_DIAGRAM_REQUIRED,TEXT_TRIGGER_DIAGRAM
JM_2026_S2_0405_SHIFT1_CHE_Q072,JEE_MAIN,2026,Paper 1 (B.E./B.Tech),Chemistry,True,True,GENUINE_DIAGRAM_REQUIRED,TEXT_TRIGGER_DIAGRAM
JM_2026_S2_0405_SHIFT1_CHE_Q073,JEE_MAIN,2026,Paper 1 (B.E./B.Tech),Chemistry,True,True,GENUINE_DIAGRAM_REQUIRED,TEXT_TRIGGER_DIAGRAM
JM_2026_S2_0405_SHIFT1_CHE_Q074,JEE_MAIN,2026,Paper 1 (B.E./B.Tech),Chemistry,True,True,GENUINE_DIAGRAM_REQUIRED,TEXT_TRIGGER_DIAGRAM
JM_2026_S2_0405_SHIFT1_CHE_Q075,JEE_MAIN,2026,Paper 1 (B.E./B.Tech),Chemistry,True,True,GENUINE_DIAGRAM_REQUIRED,TEXT_TRIGGER_DIAGRAM
JM_2026_S2_0405_SHIFT2_MAT_Q001,JEE_MAIN,2026,Paper 1 (B.E./B.Tech),Mathematics,True,True,GENUINE_DIAGRAM_REQUIRED,TEXT_TRIGGER_DIAGRAM
JM_2026_S2_0405_SHIFT2_MAT_Q002,JEE_MAIN,2026,Paper 1 (B.E./B.Tech),Mathematics,True,True,GENUINE_DIAGRAM_REQUIRED,TEXT_TRIGGER_DIAGRAM
JM_2026_S2_0405_SHIFT2_MAT_Q003,JEE_MAIN,2026,Paper 1 (B.E./B.Tech),Mathematics,True,True,GENUINE_DIAGRAM_REQUIRED,TEXT_TRIGGER_DIAGRAM
JM_2026_S2_0405_SHIFT2_MAT_Q004,JEE_MAIN,2026,Paper 1 (B.E./B.Tech),Mathematics,True,True,GENUINE_DIAGRAM_REQUIRED,TEXT_TRIGGER_DIAGRAM
JM_2026_S2_0405_SHIFT2_MAT_Q005,JEE_MAIN,2026,Paper 1 (B.E./B.Tech),Mathematics,True,True,GENUINE_DIAGRAM_REQUIRED,TEXT_TRIGGER_DIAGRAM
JM_2026_S2_0405_SHIFT2_MAT_Q006,JEE_MAIN,2026,Paper 1 (B.E./B.Tech),Mathematics,True,True,GENUINE_DIAGRAM_REQUIRED,TEXT_TRIGGER_DIAGRAM
JM_2026_S2_0405_SHIFT2_MAT_Q007,JEE_MAIN,2026,Paper 1 (B.E./B.Tech),Mathematics,True,True,GENUINE_DIAGRAM_REQUIRED,TEXT_TRIGGER_DIAGRAM
JM_2026_S2_0405_SHIFT2_MAT_Q008,JEE_MAIN,2026,Paper 1 (B.E./B.Tech),Mathematics,True,True,GENUINE_DIAGRAM_REQUIRED,TEXT_TRIGGER_DIAGRAM
JM_2026_S2_0405_SHIFT2_MAT_Q009,JEE_MAIN,2026,Paper 1 (B.E./B.Tech),Mathematics,True,True,GENUINE_DIAGRAM_REQUIRED,TEXT_TRIGGER_DIAGRAM
JM_2026_S2_0405_SHIFT2_MAT_Q010,JEE_MAIN,2026,Paper 1 (B.E./B.Tech),Mathematics,True,True,GENUINE_DIAGRAM_REQUIRED,TEXT_TRIGGER_DIAGRAM
JM_2026_S2_0405_SHIFT2_MAT_Q011,JEE_MAIN,2026,Paper 1 (B.E./B.Tech),Mathematics,True,True,GENUINE_DIAGRAM_REQUIRED,TEXT_TRIGGER_DIAGRAM
JM_2026_S2_0405_SHIFT2_MAT_Q012,JEE_MAIN,2026,Paper 1 (B.E./B.Tech),Mathematics,True,True,GENUINE_DIAGRAM_REQUIRED,TEXT_TRIGGER_DIAGRAM
JM_2026_S2_0405_SHIFT2_MAT_Q013,JEE_MAIN,2026,Paper 1 (B.E./B.Tech),Mathematics,True,True,GENUINE_DIAGRAM_REQUIRED,TEXT_TRIGGER_DIAGRAM
JM_2026_S2_0405_SHIFT2_MAT_Q014,JEE_MAIN,2026,Paper 1 (B.E./B.Tech),Mathematics,True,True,GENUINE_DIAGRAM_REQUIRED,TEXT_TRIGGER_DIAGRAM
JM_2026_S2_0405_SHIFT2_MAT_Q015,JEE_MAIN,2026,Paper 1 (B.E./B.Tech),Mathematics,True,True,GENUINE_DIAGRAM_REQUIRED,TEXT_TRIGGER_DIAGRAM
JM_2026_S2_0405_SHIFT2_MAT_Q016,JEE_MAIN,2026,Paper 1 (B.E./B.Tech),Mathematics,True,True,GENUINE_DIAGRAM_REQUIRED,TEXT_TRIGGER_DIAGRAM
JM_2026_S2_0405_SHIFT2_MAT_Q017,JEE_MAIN,2026,Paper 1 (B.E./B.Tech),Mathematics,True,True,GENUINE_DIAGRAM_REQUIRED,TEXT_TRIGGER_DIAGRAM
JM_2026_S2_0405_SHIFT2_MAT_Q018,JEE_MAIN,2026,Paper 1 (B.E./B.Tech),Mathematics,True,True,GENUINE_DIAGRAM_REQUIRED,TEXT_TRIGGER_DIAGRAM
JM_2026_S2_0405_SHIFT2_MAT_Q019,JEE_MAIN,2026,Paper 1 (B.E./B.Tech),Mathematics,True,True,GENUINE_DIAGRAM_REQUIRED,TEXT_TRIGGER_DIAGRAM
JM_2026_S2_0405_SHIFT2_MAT_Q020,JEE_MAIN,2026,Paper 1 (B.E./B.Tech),Mathematics,True,True,GENUINE_DIAGRAM_REQUIRED,TEXT_TRIGGER_DIAGRAM
JM_2026_S2_0405_SHIFT2_MAT_Q021,JEE_MAIN,2026,Paper 1 (B.E./B.Tech),Mathematics,True,True,GENUINE_DIAGRAM_REQUIRED,TEXT_TRIGGER_DIAGRAM
JM_2026_S2_0405_SHIFT2_MAT_Q022,JEE_MAIN,2026,Paper 1 (B.E./B.Tech),Mathematics,True,True,GENUINE_DIAGRAM_REQUIRED,TEXT_TRIGGER_DIAGRAM
JM_2026_S2_0405_SHIFT2_MAT_Q023,JEE_MAIN,2026,Paper 1 (B.E./B.Tech),Mathematics,True,True,GENUINE_DIAGRAM_REQUIRED,TEXT_TRIGGER_DIAGRAM
JM_2026_S2_0405_SHIFT2_MAT_Q024,JEE_MAIN,2026,Paper 1 (B.E./B.Tech),Mathematics,True,True,GENUINE_DIAGRAM_REQUIRED,TEXT_TRIGGER_DIAGRAM
JM_2026_S2_0405_SHIFT2_MAT_Q025,JEE_MAIN,2026,Paper 1 (B.E./B.Tech),Mathematics,True,True,GENUINE_DIAGRAM_REQUIRED,TEXT_TRIGGER_DIAGRAM
JM_2026_S2_0405_SHIFT2_PHY_Q026,JEE_MAIN,2026,Paper 1 (B.E./B.Tech),Physics,True,True,GENUINE_DIAGRAM_REQUIRED,TEXT_TRIGGER_DIAGRAM
JM_2026_S2_0405_SHIFT2_PHY_Q027,JEE_MAIN,2026,Paper 1 (B.E./B.Tech),Physics,True,True,GENUINE_DIAGRAM_REQUIRED,TEXT_TRIGGER_DIAGRAM
JM_2026_S2_0405_SHIFT2_PHY_Q028,JEE_MAIN,2026,Paper 1 (B.E./B.Tech),Physics,True,True,GENUINE_DIAGRAM_REQUIRED,TEXT_TRIGGER_DIAGRAM
JM_2026_S2_0405_SHIFT2_PHY_Q029,JEE_MAIN,2026,Paper 1 (B.E./B.Tech),Physics,True,True,GENUINE_DIAGRAM_REQUIRED,TEXT_TRIGGER_DIAGRAM
JM_2026_S2_0405_SHIFT2_PHY_Q030,JEE_MAIN,2026,Paper 1 (B.E./B.Tech),Physics,True,True,GENUINE_DIAGRAM_REQUIRED,TEXT_TRIGGER_DIAGRAM
JM_2026_S2_0405_SHIFT2_PHY_Q031,JEE_MAIN,2026,Paper 1 (B.E./B.Tech),Physics,True,True,GENUINE_DIAGRAM_REQUIRED,TEXT_TRIGGER_DIAGRAM
JM_2026_S2_0405_SHIFT2_PHY_Q032,JEE_MAIN,2026,Paper 1 (B.E./B.Tech),Physics,True,True,GENUINE_DIAGRAM_REQUIRED,TEXT_TRIGGER_DIAGRAM
JM_2026_S2_0405_SHIFT2_PHY_Q033,JEE_MAIN,2026,Paper 1 (B.E./B.Tech),Physics,True,True,GENUINE_DIAGRAM_REQUIRED,TEXT_TRIGGER_DIAGRAM
JM_2026_S2_0405_SHIFT2_PHY_Q034,JEE_MAIN,2026,Paper 1 (B.E./B.Tech),Physics,True,True,GENUINE_DIAGRAM_REQUIRED,TEXT_TRIGGER_DIAGRAM
JM_2026_S2_0405_SHIFT2_PHY_Q035,JEE_MAIN,2026,Paper 1 (B.E./B.Tech),Physics,True,True,GENUINE_DIAGRAM_REQUIRED,TEXT_TRIGGER_DIAGRAM
JM_2026_S2_0405_SHIFT2_PHY_Q036,JEE_MAIN,2026,Paper 1 (B.E./B.Tech),Physics,True,True,GENUINE_DIAGRAM_REQUIRED,TEXT_TRIGGER_DIAGRAM
JM_2026_S2_0405_SHIFT2_PHY_Q037,JEE_MAIN,2026,Paper 1 (B.E./B.Tech),Physics,True,True,GENUINE_DIAGRAM_REQUIRED,TEXT_TRIGGER_DIAGRAM
JM_2026_S2_0405_SHIFT2_PHY_Q038,JEE_MAIN,2026,Paper 1 (B.E./B.Tech),Physics,True,True,GENUINE_DIAGRAM_REQUIRED,TEXT_TRIGGER_DIAGRAM
JM_2026_S2_0405_SHIFT2_PHY_Q039,JEE_MAIN,2026,Paper 1 (B.E./B.Tech),Physics,True,True,GENUINE_DIAGRAM_REQUIRED,TEXT_TRIGGER_DIAGRAM
JM_2026_S2_0405_SHIFT2_PHY_Q040,JEE_MAIN,2026,Paper 1 (B.E./B.Tech),Physics,True,True,GENUINE_DIAGRAM_REQUIRED,TEXT_TRIGGER_DIAGRAM
JM_2026_S2_0405_SHIFT2_PHY_Q041,JEE_MAIN,2026,Paper 1 (B.E./B.Tech),Physics,True,True,GENUINE_DIAGRAM_REQUIRED,TEXT_TRIGGER_DIAGRAM
JM_2026_S2_0405_SHIFT2_PHY_Q042,JEE_MAIN,2026,Paper 1 (B.E./B.Tech),Physics,True,True,GENUINE_DIAGRAM_REQUIRED,TEXT_TRIGGER_DIAGRAM
JM_2026_S2_0405_SHIFT2_PHY_Q043,JEE_MAIN,2026,Paper 1 (B.E./B.Tech),Physics,True,True,GENUINE_DIAGRAM_REQUIRED,TEXT_TRIGGER_DIAGRAM
JM_2026_S2_0405_SHIFT2_PHY_Q044,JEE_MAIN,2026,Paper 1 (B.E./B.Tech),Physics,True,True,GENUINE_DIAGRAM_REQUIRED,TEXT_TRIGGER_DIAGRAM
JM_2026_S2_0405_SHIFT2_PHY_Q045,JEE_MAIN,2026,Paper 1 (B.E./B.Tech),Physics,True,True,GENUINE_DIAGRAM_REQUIRED,TEXT_TRIGGER_DIAGRAM
JM_2026_S2_0405_SHIFT2_PHY_Q046,JEE_MAIN,2026,Paper 1 (B.E./B.Tech),Physics,True,True,GENUINE_DIAGRAM_REQUIRED,TEXT_TRIGGER_DIAGRAM
JM_2026_S2_0405_SHIFT2_PHY_Q047,JEE_MAIN,2026,Paper 1 (B.E./B.Tech),Physics,True,True,GENUINE_DIAGRAM_REQUIRED,TEXT_TRIGGER_DIAGRAM
JM_2026_S2_0405_SHIFT2_PHY_Q048,JEE_MAIN,2026,Paper 1 (B.E./B.Tech),Physics,True,True,GENUINE_DIAGRAM_REQUIRED,TEXT_TRIGGER_DIAGRAM
JM_2026_S2_0405_SHIFT2_PHY_Q049,JEE_MAIN,2026,Paper 1 (B.E./B.Tech),Physics,True,True,GENUINE_DIAGRAM_REQUIRED,TEXT_TRIGGER_DIAGRAM
JM_2026_S2_0405_SHIFT2_PHY_Q050,JEE_MAIN,2026,Paper 1 (B.E./B.Tech),Physics,True,True,GENUINE_DIAGRAM_REQUIRED,TEXT_TRIGGER_DIAGRAM
JM_2026_S2_0405_SHIFT2_CHE_Q051,JEE_MAIN,2026,Paper 1 (B.E./B.Tech),Chemistry,True,True,GENUINE_DIAGRAM_REQUIRED,TEXT_TRIGGER_DIAGRAM
JM_2026_S2_0405_SHIFT2_CHE_Q052,JEE_MAIN,2026,Paper 1 (B.E./B.Tech),Chemistry,True,True,GENUINE_DIAGRAM_REQUIRED,TEXT_TRIGGER_DIAGRAM
JM_2026_S2_0405_SHIFT2_CHE_Q053,JEE_MAIN,2026,Paper 1 (B.E./B.Tech),Chemistry,True,True,GENUINE_DIAGRAM_REQUIRED,TEXT_TRIGGER_DIAGRAM
JM_2026_S2_0405_SHIFT2_CHE_Q054,JEE_MAIN,2026,Paper 1 (B.E./B.Tech),Chemistry,True,True,GENUINE_DIAGRAM_REQUIRED,TEXT_TRIGGER_DIAGRAM
JM_2026_S2_0405_SHIFT2_CHE_Q055,JEE_MAIN,2026,Paper 1 (B.E./B.Tech),Chemistry,True,True,GENUINE_DIAGRAM_REQUIRED,TEXT_TRIGGER_DIAGRAM
JM_2026_S2_0405_SHIFT2_CHE_Q056,JEE_MAIN,2026,Paper 1 (B.E./B.Tech),Chemistry,True,True,GENUINE_DIAGRAM_REQUIRED,TEXT_TRIGGER_DIAGRAM
JM_2026_S2_0405_SHIFT2_CHE_Q057,JEE_MAIN,2026,Paper 1 (B.E./B.Tech),Chemistry,True,True,GENUINE_DIAGRAM_REQUIRED,TEXT_TRIGGER_DIAGRAM
JM_2026_S2_0405_SHIFT2_CHE_Q058,JEE_MAIN,2026,Paper 1 (B.E./B.Tech),Chemistry,True,True,GENUINE_DIAGRAM_REQUIRED,TEXT_TRIGGER_DIAGRAM
JM_2026_S2_0405_SHIFT2_CHE_Q059,JEE_MAIN,2026,Paper 1 (B.E./B.Tech),Chemistry,True,True,GENUINE_DIAGRAM_REQUIRED,TEXT_TRIGGER_DIAGRAM
JM_2026_S2_0405_SHIFT2_CHE_Q060,JEE_MAIN,2026,Paper 1 (B.E./B.Tech),Chemistry,True,True,GENUINE_DIAGRAM_REQUIRED,TEXT_TRIGGER_DIAGRAM
JM_2026_S2_0405_SHIFT2_CHE_Q061,JEE_MAIN,2026,Paper 1 (B.E./B.Tech),Chemistry,True,True,GENUINE_DIAGRAM_REQUIRED,TEXT_TRIGGER_DIAGRAM
JM_2026_S2_0405_SHIFT2_CHE_Q062,JEE_MAIN,2026,Paper 1 (B.E./B.Tech),Chemistry,True,True,GENUINE_DIAGRAM_REQUIRED,TEXT_TRIGGER_DIAGRAM
JM_2026_S2_0405_SHIFT2_CHE_Q063,JEE_MAIN,2026,Paper 1 (B.E./B.Tech),Chemistry,True,True,GENUINE_DIAGRAM_REQUIRED,TEXT_TRIGGER_DIAGRAM
JM_2026_S2_0405_SHIFT2_CHE_Q064,JEE_MAIN,2026,Paper 1 (B.E./B.Tech),Chemistry,True,True,GENUINE_DIAGRAM_REQUIRED,TEXT_TRIGGER_DIAGRAM
JM_2026_S2_0405_SHIFT2_CHE_Q065,JEE_MAIN,2026,Paper 1 (B.E./B.Tech),Chemistry,True,True,GENUINE_DIAGRAM_REQUIRED,TEXT_TRIGGER_DIAGRAM
JM_2026_S2_0405_SHIFT2_CHE_Q066,JEE_MAIN,2026,Paper 1 (B.E./B.Tech),Chemistry,True,True,GENUINE_DIAGRAM_REQUIRED,TEXT_TRIGGER_DIAGRAM
JM_2026_S2_0405_SHIFT2_CHE_Q067,JEE_MAIN,2026,Paper 1 (B.E./B.Tech),Chemistry,True,True,GENUINE_DIAGRAM_REQUIRED,TEXT_TRIGGER_DIAGRAM
JM_2026_S2_0405_SHIFT2_CHE_Q068,JEE_MAIN,2026,Paper 1 (B.E./B.Tech),Chemistry,True,True,GENUINE_DIAGRAM_REQUIRED,TEXT_TRIGGER_DIAGRAM
JM_2026_S2_0405_SHIFT2_CHE_Q069,JEE_MAIN,2026,Paper 1 (B.E./B.Tech),Chemistry,True,True,GENUINE_DIAGRAM_REQUIRED,TEXT_TRIGGER_DIAGRAM
JM_2026_S2_0405_SHIFT2_CHE_Q070,JEE_MAIN,2026,Paper 1 (B.E./B.Tech),Chemistry,True,True,GENUINE_DIAGRAM_REQUIRED,TEXT_TRIGGER_DIAGRAM
JM_2026_S2_0405_SHIFT2_CHE_Q071,JEE_MAIN,2026,Paper 1 (B.E./B.Tech),Chemistry,True,True,GENUINE_DIAGRAM_REQUIRED,TEXT_TRIGGER_DIAGRAM
JM_2026_S2_0405_SHIFT2_CHE_Q072,JEE_MAIN,2026,Paper 1 (B.E./B.Tech),Chemistry,True,True,GENUINE_DIAGRAM_REQUIRED,TEXT_TRIGGER_DIAGRAM
JM_2026_S2_0405_SHIFT2_CHE_Q073,JEE_MAIN,2026,Paper 1 (B.E./B.Tech),Chemistry,True,True,GENUINE_DIAGRAM_REQUIRED,TEXT_TRIGGER_DIAGRAM
JM_2026_S2_0405_SHIFT2_CHE_Q074,JEE_MAIN,2026,Paper 1 (B.E./B.Tech),Chemistry,True,True,GENUINE_DIAGRAM_REQUIRED,TEXT_TRIGGER_DIAGRAM
JM_2026_S2_0405_SHIFT2_CHE_Q075,JEE_MAIN,2026,Paper 1 (B.E./B.Tech),Chemistry,True,True,GENUINE_DIAGRAM_REQUIRED,TEXT_TRIGGER_DIAGRAM
JM_2026_S2_0406_SHIFT1_MAT_Q001,JEE_MAIN,2026,Paper 1 (B.E./B.Tech),Mathematics,True,True,GENUINE_DIAGRAM_REQUIRED,TEXT_TRIGGER_DIAGRAM
JM_2026_S2_0406_SHIFT1_MAT_Q002,JEE_MAIN,2026,Paper 1 (B.E./B.Tech),Mathematics,True,True,GENUINE_DIAGRAM_REQUIRED,TEXT_TRIGGER_DIAGRAM
JM_2026_S2_0406_SHIFT1_MAT_Q003,JEE_MAIN,2026,Paper 1 (B.E./B.Tech),Mathematics,True,True,GENUINE_DIAGRAM_REQUIRED,TEXT_TRIGGER_DIAGRAM
JM_2026_S2_0406_SHIFT1_MAT_Q004,JEE_MAIN,2026,Paper 1 (B.E./B.Tech),Mathematics,True,True,GENUINE_DIAGRAM_REQUIRED,TEXT_TRIGGER_DIAGRAM
JM_2026_S2_0406_SHIFT1_MAT_Q005,JEE_MAIN,2026,Paper 1 (B.E./B.Tech),Mathematics,True,True,GENUINE_DIAGRAM_REQUIRED,TEXT_TRIGGER_DIAGRAM
JM_2026_S2_0406_SHIFT1_MAT_Q006,JEE_MAIN,2026,Paper 1 (B.E./B.Tech),Mathematics,True,True,GENUINE_DIAGRAM_REQUIRED,TEXT_TRIGGER_DIAGRAM
JM_2026_S2_0406_SHIFT1_MAT_Q007,JEE_MAIN,2026,Paper 1 (B.E./B.Tech),Mathematics,True,True,GENUINE_DIAGRAM_REQUIRED,TEXT_TRIGGER_DIAGRAM
JM_2026_S2_0406_SHIFT1_MAT_Q008,JEE_MAIN,2026,Paper 1 (B.E./B.Tech),Mathematics,True,True,GENUINE_DIAGRAM_REQUIRED,TEXT_TRIGGER_DIAGRAM
JM_2026_S2_0406_SHIFT1_MAT_Q009,JEE_MAIN,2026,Paper 1 (B.E./B.Tech),Mathematics,True,True,GENUINE_DIAGRAM_REQUIRED,TEXT_TRIGGER_DIAGRAM
JM_2026_S2_0406_SHIFT1_MAT_Q010,JEE_MAIN,2026,Paper 1 (B.E./B.Tech),Mathematics,True,True,GENUINE_DIAGRAM_REQUIRED,TEXT_TRIGGER_DIAGRAM
JM_2026_S2_0406_SHIFT1_MAT_Q011,JEE_MAIN,2026,Paper 1 (B.E./B.Tech),Mathematics,True,True,GENUINE_DIAGRAM_REQUIRED,TEXT_TRIGGER_DIAGRAM
JM_2026_S2_0406_SHIFT1_MAT_Q012,JEE_MAIN,2026,Paper 1 (B.E./B.Tech),Mathematics,True,True,GENUINE_DIAGRAM_REQUIRED,TEXT_TRIGGER_DIAGRAM
JM_2026_S2_0406_SHIFT1_MAT_Q013,JEE_MAIN,2026,Paper 1 (B.E./B.Tech),Mathematics,True,True,GENUINE_DIAGRAM_REQUIRED,TEXT_TRIGGER_DIAGRAM
JM_2026_S2_0406_SHIFT1_MAT_Q014,JEE_MAIN,2026,Paper 1 (B.E./B.Tech),Mathematics,True,True,GENUINE_DIAGRAM_REQUIRED,TEXT_TRIGGER_DIAGRAM
JM_2026_S2_0406_SHIFT1_MAT_Q015,JEE_MAIN,2026,Paper 1 (B.E./B.Tech),Mathematics,True,True,GENUINE_DIAGRAM_REQUIRED,TEXT_TRIGGER_DIAGRAM
JM_2026_S2_0406_SHIFT1_MAT_Q016,JEE_MAIN,2026,Paper 1 (B.E./B.Tech),Mathematics,True,True,GENUINE_DIAGRAM_REQUIRED,TEXT_TRIGGER_DIAGRAM
JM_2026_S2_0406_SHIFT1_MAT_Q017,JEE_MAIN,2026,Paper 1 (B.E./B.Tech),Mathematics,True,True,GENUINE_DIAGRAM_REQUIRED,TEXT_TRIGGER_DIAGRAM
JM_2026_S2_0406_SHIFT1_MAT_Q018,JEE_MAIN,2026,Paper 1 (B.E./B.Tech),Mathematics,True,True,GENUINE_DIAGRAM_REQUIRED,TEXT_TRIGGER_DIAGRAM
JM_2026_S2_0406_SHIFT1_MAT_Q019,JEE_MAIN,2026,Paper 1 (B.E./B.Tech),Mathematics,True,True,GENUINE_DIAGRAM_REQUIRED,TEXT_TRIGGER_DIAGRAM
JM_2026_S2_0406_SHIFT1_MAT_Q020,JEE_MAIN,2026,Paper 1 (B.E./B.Tech),Mathematics,True,True,GENUINE_DIAGRAM_REQUIRED,TEXT_TRIGGER_DIAGRAM
JM_2026_S2_0406_SHIFT1_MAT_Q021,JEE_MAIN,2026,Paper 1 (B.E./B.Tech),Mathematics,True,True,GENUINE_DIAGRAM_REQUIRED,TEXT_TRIGGER_DIAGRAM
JM_2026_S2_0406_SHIFT1_MAT_Q022,JEE_MAIN,2026,Paper 1 (B.E./B.Tech),Mathematics,True,True,GENUINE_DIAGRAM_REQUIRED,TEXT_TRIGGER_DIAGRAM
JM_2026_S2_0406_SHIFT1_MAT_Q023,JEE_MAIN,2026,Paper 1 (B.E./B.Tech),Mathematics,True,True,GENUINE_DIAGRAM_REQUIRED,TEXT_TRIGGER_DIAGRAM
JM_2026_S2_0406_SHIFT1_MAT_Q024,JEE_MAIN,2026,Paper 1 (B.E./B.Tech),Mathematics,True,True,GENUINE_DIAGRAM_REQUIRED,TEXT_TRIGGER_DIAGRAM
JM_2026_S2_0406_SHIFT1_MAT_Q025,JEE_MAIN,2026,Paper 1 (B.E./B.Tech),Mathematics,True,True,GENUINE_DIAGRAM_REQUIRED,TEXT_TRIGGER_DIAGRAM
JM_2026_S2_0406_SHIFT1_PHY_Q026,JEE_MAIN,2026,Paper 1 (B.E./B.Tech),Physics,True,True,GENUINE_DIAGRAM_REQUIRED,TEXT_TRIGGER_DIAGRAM
JM_2026_S2_0406_SHIFT1_PHY_Q027,JEE_MAIN,2026,Paper 1 (B.E./B.Tech),Physics,True,True,GENUINE_DIAGRAM_REQUIRED,TEXT_TRIGGER_DIAGRAM
JM_2026_S2_0406_SHIFT1_PHY_Q028,JEE_MAIN,2026,Paper 1 (B.E./B.Tech),Physics,True,True,GENUINE_DIAGRAM_REQUIRED,TEXT_TRIGGER_DIAGRAM
JM_2026_S2_0406_SHIFT1_PHY_Q029,JEE_MAIN,2026,Paper 1 (B.E./B.Tech),Physics,True,True,GENUINE_DIAGRAM_REQUIRED,TEXT_TRIGGER_DIAGRAM
JM_2026_S2_0406_SHIFT1_PHY_Q030,JEE_MAIN,2026,Paper 1 (B.E./B.Tech),Physics,True,True,GENUINE_DIAGRAM_REQUIRED,TEXT_TRIGGER_DIAGRAM
JM_2026_S2_0406_SHIFT1_PHY_Q031,JEE_MAIN,2026,Paper 1 (B.E./B.Tech),Physics,True,True,GENUINE_DIAGRAM_REQUIRED,TEXT_TRIGGER_DIAGRAM
JM_2026_S2_0406_SHIFT1_PHY_Q032,JEE_MAIN,2026,Paper 1 (B.E./B.Tech),Physics,True,True,GENUINE_DIAGRAM_REQUIRED,TEXT_TRIGGER_DIAGRAM
JM_2026_S2_0406_SHIFT1_PHY_Q033,JEE_MAIN,2026,Paper 1 (B.E./B.Tech),Physics,True,True,GENUINE_DIAGRAM_REQUIRED,TEXT_TRIGGER_DIAGRAM
JM_2026_S2_0406_SHIFT1_PHY_Q034,JEE_MAIN,2026,Paper 1 (B.E./B.Tech),Physics,True,True,GENUINE_DIAGRAM_REQUIRED,TEXT_TRIGGER_DIAGRAM
JM_2026_S2_0406_SHIFT1_PHY_Q035,JEE_MAIN,2026,Paper 1 (B.E./B.Tech),Physics,True,True,GENUINE_DIAGRAM_REQUIRED,TEXT_TRIGGER_DIAGRAM
JM_2026_S2_0406_SHIFT1_PHY_Q036,JEE_MAIN,2026,Paper 1 (B.E./B.Tech),Physics,True,True,GENUINE_DIAGRAM_REQUIRED,TEXT_TRIGGER_DIAGRAM
JM_2026_S2_0406_SHIFT1_PHY_Q037,JEE_MAIN,2026,Paper 1 (B.E./B.Tech),Physics,True,True,GENUINE_DIAGRAM_REQUIRED,TEXT_TRIGGER_DIAGRAM
JM_2026_S2_0406_SHIFT1_PHY_Q038,JEE_MAIN,2026,Paper 1 (B.E./B.Tech),Physics,True,True,GENUINE_DIAGRAM_REQUIRED,TEXT_TRIGGER_DIAGRAM
JM_2026_S2_0406_SHIFT1_PHY_Q039,JEE_MAIN,2026,Paper 1 (B.E./B.Tech),Physics,True,True,GENUINE_DIAGRAM_REQUIRED,TEXT_TRIGGER_DIAGRAM
JM_2026_S2_0406_SHIFT1_PHY_Q040,JEE_MAIN,2026,Paper 1 (B.E./B.Tech),Physics,True,True,GENUINE_DIAGRAM_REQUIRED,TEXT_TRIGGER_DIAGRAM
JM_2026_S2_0406_SHIFT1_PHY_Q041,JEE_MAIN,2026,Paper 1 (B.E./B.Tech),Physics,True,True,GENUINE_DIAGRAM_REQUIRED,TEXT_TRIGGER_DIAGRAM
JM_2026_S2_0406_SHIFT1_PHY_Q042,JEE_MAIN,2026,Paper 1 (B.E./B.Tech),Physics,True,True,GENUINE_DIAGRAM_REQUIRED,TEXT_TRIGGER_DIAGRAM
JM_2026_S2_0406_SHIFT1_PHY_Q043,JEE_MAIN,2026,Paper 1 (B.E./B.Tech),Physics,True,True,GENUINE_DIAGRAM_REQUIRED,TEXT_TRIGGER_DIAGRAM
JM_2026_S2_0406_SHIFT1_PHY_Q044,JEE_MAIN,2026,Paper 1 (B.E./B.Tech),Physics,True,True,GENUINE_DIAGRAM_REQUIRED,TEXT_TRIGGER_DIAGRAM
JM_2026_S2_0406_SHIFT1_PHY_Q045,JEE_MAIN,2026,Paper 1 (B.E./B.Tech),Physics,True,True,GENUINE_DIAGRAM_REQUIRED,TEXT_TRIGGER_DIAGRAM
JM_2026_S2_0406_SHIFT1_PHY_Q046,JEE_MAIN,2026,Paper 1 (B.E./B.Tech),Physics,True,True,GENUINE_DIAGRAM_REQUIRED,TEXT_TRIGGER_DIAGRAM
JM_2026_S2_0406_SHIFT1_PHY_Q047,JEE_MAIN,2026,Paper 1 (B.E./B.Tech),Physics,True,True,GENUINE_DIAGRAM_REQUIRED,TEXT_TRIGGER_DIAGRAM
JM_2026_S2_0406_SHIFT1_PHY_Q048,JEE_MAIN,2026,Paper 1 (B.E./B.Tech),Physics,True,True,GENUINE_DIAGRAM_REQUIRED,TEXT_TRIGGER_DIAGRAM
JM_2026_S2_0406_SHIFT1_PHY_Q049,JEE_MAIN,2026,Paper 1 (B.E./B.Tech),Physics,True,True,GENUINE_DIAGRAM_REQUIRED,TEXT_TRIGGER_DIAGRAM
JM_2026_S2_0406_SHIFT1_PHY_Q050,JEE_MAIN,2026,Paper 1 (B.E./B.Tech),Physics,True,True,GENUINE_DIAGRAM_REQUIRED,TEXT_TRIGGER_DIAGRAM
JM_2026_S2_0406_SHIFT1_CHE_Q051,JEE_MAIN,2026,Paper 1 (B.E./B.Tech),Chemistry,True,True,GENUINE_DIAGRAM_REQUIRED,TEXT_TRIGGER_DIAGRAM
JM_2026_S2_0406_SHIFT1_CHE_Q052,JEE_MAIN,2026,Paper 1 (B.E./B.Tech),Chemistry,True,True,GENUINE_DIAGRAM_REQUIRED,TEXT_TRIGGER_DIAGRAM
JM_2026_S2_0406_SHIFT1_CHE_Q053,JEE_MAIN,2026,Paper 1 (B.E./B.Tech),Chemistry,True,True,GENUINE_DIAGRAM_REQUIRED,TEXT_TRIGGER_DIAGRAM
JM_2026_S2_0406_SHIFT1_CHE_Q054,JEE_MAIN,2026,Paper 1 (B.E./B.Tech),Chemistry,True,True,GENUINE_DIAGRAM_REQUIRED,TEXT_TRIGGER_DIAGRAM
JM_2026_S2_0406_SHIFT1_CHE_Q055,JEE_MAIN,2026,Paper 1 (B.E./B.Tech),Chemistry,True,True,GENUINE_DIAGRAM_REQUIRED,TEXT_TRIGGER_DIAGRAM
JM_2026_S2_0406_SHIFT1_CHE_Q056,JEE_MAIN,2026,Paper 1 (B.E./B.Tech),Chemistry,True,True,GENUINE_DIAGRAM_REQUIRED,TEXT_TRIGGER_DIAGRAM
JM_2026_S2_0406_SHIFT1_CHE_Q057,JEE_MAIN,2026,Paper 1 (B.E./B.Tech),Chemistry,True,True,GENUINE_DIAGRAM_REQUIRED,TEXT_TRIGGER_DIAGRAM
JM_2026_S2_0406_SHIFT1_CHE_Q058,JEE_MAIN,2026,Paper 1 (B.E./B.Tech),Chemistry,True,True,GENUINE_DIAGRAM_REQUIRED,TEXT_TRIGGER_DIAGRAM
JM_2026_S2_0406_SHIFT1_CHE_Q059,JEE_MAIN,2026,Paper 1 (B.E./B.Tech),Chemistry,True,True,GENUINE_DIAGRAM_REQUIRED,TEXT_TRIGGER_DIAGRAM
JM_2026_S2_0406_SHIFT1_CHE_Q060,JEE_MAIN,2026,Paper 1 (B.E./B.Tech),Chemistry,True,True,GENUINE_DIAGRAM_REQUIRED,TEXT_TRIGGER_DIAGRAM
JM_2026_S2_0406_SHIFT1_CHE_Q061,JEE_MAIN,2026,Paper 1 (B.E./B.Tech),Chemistry,True,True,GENUINE_DIAGRAM_REQUIRED,TEXT_TRIGGER_DIAGRAM
JM_2026_S2_0406_SHIFT1_CHE_Q062,JEE_MAIN,2026,Paper 1 (B.E./B.Tech),Chemistry,True,True,GENUINE_DIAGRAM_REQUIRED,TEXT_TRIGGER_DIAGRAM
JM_2026_S2_0406_SHIFT1_CHE_Q063,JEE_MAIN,2026,Paper 1 (B.E./B.Tech),Chemistry,True,True,GENUINE_DIAGRAM_REQUIRED,TEXT_TRIGGER_DIAGRAM
JM_2026_S2_0406_SHIFT1_CHE_Q064,JEE_MAIN,2026,Paper 1 (B.E./B.Tech),Chemistry,True,True,GENUINE_DIAGRAM_REQUIRED,TEXT_TRIGGER_DIAGRAM
JM_2026_S2_0406_SHIFT1_CHE_Q065,JEE_MAIN,2026,Paper 1 (B.E./B.Tech),Chemistry,True,True,GENUINE_DIAGRAM_REQUIRED,TEXT_TRIGGER_DIAGRAM
JM_2026_S2_0406_SHIFT1_CHE_Q066,JEE_MAIN,2026,Paper 1 (B.E./B.Tech),Chemistry,True,True,GENUINE_DIAGRAM_REQUIRED,TEXT_TRIGGER_DIAGRAM
JM_2026_S2_0406_SHIFT1_CHE_Q067,JEE_MAIN,2026,Paper 1 (B.E./B.Tech),Chemistry,True,True,GENUINE_DIAGRAM_REQUIRED,TEXT_TRIGGER_DIAGRAM
JM_2026_S2_0406_SHIFT1_CHE_Q068,JEE_MAIN,2026,Paper 1 (B.E./B.Tech),Chemistry,True,True,GENUINE_DIAGRAM_REQUIRED,TEXT_TRIGGER_DIAGRAM
JM_2026_S2_0406_SHIFT1_CHE_Q069,JEE_MAIN,2026,Paper 1 (B.E./B.Tech),Chemistry,True,True,GENUINE_DIAGRAM_REQUIRED,TEXT_TRIGGER_DIAGRAM
JM_2026_S2_0406_SHIFT1_CHE_Q070,JEE_MAIN,2026,Paper 1 (B.E./B.Tech),Chemistry,True,True,GENUINE_DIAGRAM_REQUIRED,TEXT_TRIGGER_DIAGRAM
JM_2026_S2_0406_SHIFT1_CHE_Q071,JEE_MAIN,2026,Paper 1 (B.E./B.Tech),Chemistry,True,True,GENUINE_DIAGRAM_REQUIRED,TEXT_TRIGGER_DIAGRAM
JM_2026_S2_0406_SHIFT1_CHE_Q072,JEE_MAIN,2026,Paper 1 (B.E./B.Tech),Chemistry,True,True,GENUINE_DIAGRAM_REQUIRED,TEXT_TRIGGER_DIAGRAM
JM_2026_S2_0406_SHIFT1_CHE_Q073,JEE_MAIN,2026,Paper 1 (B.E./B.Tech),Chemistry,True,True,GENUINE_DIAGRAM_REQUIRED,TEXT_TRIGGER_DIAGRAM
JM_2026_S2_0406_SHIFT1_CHE_Q074,JEE_MAIN,2026,Paper 1 (B.E./B.Tech),Chemistry,True,True,GENUINE_DIAGRAM_REQUIRED,TEXT_TRIGGER_DIAGRAM
JM_2026_S2_0406_SHIFT1_CHE_Q075,JEE_MAIN,2026,Paper 1 (B.E./B.Tech),Chemistry,True,True,GENUINE_DIAGRAM_REQUIRED,TEXT_TRIGGER_DIAGRAM
JM_2026_S2_0406_SHIFT2_MAT_Q001,JEE_MAIN,2026,Paper 1 (B.E./B.Tech),Mathematics,True,True,GENUINE_DIAGRAM_REQUIRED,TEXT_TRIGGER_DIAGRAM
JM_2026_S2_0406_SHIFT2_MAT_Q002,JEE_MAIN,2026,Paper 1 (B.E./B.Tech),Mathematics,True,True,GENUINE_DIAGRAM_REQUIRED,TEXT_TRIGGER_DIAGRAM
JM_2026_S2_0406_SHIFT2_MAT_Q003,JEE_MAIN,2026,Paper 1 (B.E./B.Tech),Mathematics,True,True,GENUINE_DIAGRAM_REQUIRED,TEXT_TRIGGER_DIAGRAM
JM_2026_S2_0406_SHIFT2_MAT_Q004,JEE_MAIN,2026,Paper 1 (B.E./B.Tech),Mathematics,True,True,GENUINE_DIAGRAM_REQUIRED,TEXT_TRIGGER_DIAGRAM
JM_2026_S2_0406_SHIFT2_MAT_Q005,JEE_MAIN,2026,Paper 1 (B.E./B.Tech),Mathematics,True,True,GENUINE_DIAGRAM_REQUIRED,TEXT_TRIGGER_DIAGRAM
JM_2026_S2_0406_SHIFT2_MAT_Q006,JEE_MAIN,2026,Paper 1 (B.E./B.Tech),Mathematics,True,True,GENUINE_DIAGRAM_REQUIRED,TEXT_TRIGGER_DIAGRAM
JM_2026_S2_0406_SHIFT2_MAT_Q007,JEE_MAIN,2026,Paper 1 (B.E./B.Tech),Mathematics,True,True,GENUINE_DIAGRAM_REQUIRED,TEXT_TRIGGER_DIAGRAM
JM_2026_S2_0406_SHIFT2_MAT_Q008,JEE_MAIN,2026,Paper 1 (B.E./B.Tech),Mathematics,True,True,GENUINE_DIAGRAM_REQUIRED,TEXT_TRIGGER_DIAGRAM
JM_2026_S2_0406_SHIFT2_MAT_Q009,JEE_MAIN,2026,Paper 1 (B.E./B.Tech),Mathematics,True,True,GENUINE_DIAGRAM_REQUIRED,TEXT_TRIGGER_DIAGRAM
JM_2026_S2_0406_SHIFT2_MAT_Q010,JEE_MAIN,2026,Paper 1 (B.E./B.Tech),Mathematics,True,True,GENUINE_DIAGRAM_REQUIRED,TEXT_TRIGGER_DIAGRAM
JM_2026_S2_0406_SHIFT2_MAT_Q011,JEE_MAIN,2026,Paper 1 (B.E./B.Tech),Mathematics,True,True,GENUINE_DIAGRAM_REQUIRED,TEXT_TRIGGER_DIAGRAM
JM_2026_S2_0406_SHIFT2_MAT_Q012,JEE_MAIN,2026,Paper 1 (B.E./B.Tech),Mathematics,True,True,GENUINE_DIAGRAM_REQUIRED,TEXT_TRIGGER_DIAGRAM
JM_2026_S2_0406_SHIFT2_MAT_Q013,JEE_MAIN,2026,Paper 1 (B.E./B.Tech),Mathematics,True,True,GENUINE_DIAGRAM_REQUIRED,TEXT_TRIGGER_DIAGRAM
JM_2026_S2_0406_SHIFT2_MAT_Q014,JEE_MAIN,2026,Paper 1 (B.E./B.Tech),Mathematics,True,True,GENUINE_DIAGRAM_REQUIRED,TEXT_TRIGGER_DIAGRAM
JM_2026_S2_0406_SHIFT2_MAT_Q015,JEE_MAIN,2026,Paper 1 (B.E./B.Tech),Mathematics,True,True,GENUINE_DIAGRAM_REQUIRED,TEXT_TRIGGER_DIAGRAM
JM_2026_S2_0406_SHIFT2_MAT_Q016,JEE_MAIN,2026,Paper 1 (B.E./B.Tech),Mathematics,True,True,GENUINE_DIAGRAM_REQUIRED,TEXT_TRIGGER_DIAGRAM
JM_2026_S2_0406_SHIFT2_MAT_Q017,JEE_MAIN,2026,Paper 1 (B.E./B.Tech),Mathematics,True,True,GENUINE_DIAGRAM_REQUIRED,TEXT_TRIGGER_DIAGRAM
JM_2026_S2_0406_SHIFT2_MAT_Q018,JEE_MAIN,2026,Paper 1 (B.E./B.Tech),Mathematics,True,True,GENUINE_DIAGRAM_REQUIRED,TEXT_TRIGGER_DIAGRAM
JM_2026_S2_0406_SHIFT2_MAT_Q019,JEE_MAIN,2026,Paper 1 (B.E./B.Tech),Mathematics,True,True,GENUINE_DIAGRAM_REQUIRED,TEXT_TRIGGER_DIAGRAM
JM_2026_S2_0406_SHIFT2_MAT_Q020,JEE_MAIN,2026,Paper 1 (B.E./B.Tech),Mathematics,True,True,GENUINE_DIAGRAM_REQUIRED,TEXT_TRIGGER_DIAGRAM
JM_2026_S2_0406_SHIFT2_MAT_Q021,JEE_MAIN,2026,Paper 1 (B.E./B.Tech),Mathematics,True,True,GENUINE_DIAGRAM_REQUIRED,TEXT_TRIGGER_DIAGRAM
JM_2026_S2_0406_SHIFT2_MAT_Q022,JEE_MAIN,2026,Paper 1 (B.E./B.Tech),Mathematics,True,True,GENUINE_DIAGRAM_REQUIRED,TEXT_TRIGGER_DIAGRAM
JM_2026_S2_0406_SHIFT2_MAT_Q023,JEE_MAIN,2026,Paper 1 (B.E./B.Tech),Mathematics,True,True,GENUINE_DIAGRAM_REQUIRED,TEXT_TRIGGER_DIAGRAM
JM_2026_S2_0406_SHIFT2_MAT_Q024,JEE_MAIN,2026,Paper 1 (B.E./B.Tech),Mathematics,True,True,GENUINE_DIAGRAM_REQUIRED,TEXT_TRIGGER_DIAGRAM
JM_2026_S2_0406_SHIFT2_MAT_Q025,JEE_MAIN,2026,Paper 1 (B.E./B.Tech),Mathematics,True,True,GENUINE_DIAGRAM_REQUIRED,TEXT_TRIGGER_DIAGRAM
JM_2026_S2_0406_SHIFT2_PHY_Q026,JEE_MAIN,2026,Paper 1 (B.E./B.Tech),Physics,True,True,GENUINE_DIAGRAM_REQUIRED,TEXT_TRIGGER_DIAGRAM
JM_2026_S2_0406_SHIFT2_PHY_Q027,JEE_MAIN,2026,Paper 1 (B.E./B.Tech),Physics,True,True,GENUINE_DIAGRAM_REQUIRED,TEXT_TRIGGER_DIAGRAM
JM_2026_S2_0406_SHIFT2_PHY_Q028,JEE_MAIN,2026,Paper 1 (B.E./B.Tech),Physics,True,True,GENUINE_DIAGRAM_REQUIRED,TEXT_TRIGGER_DIAGRAM
JM_2026_S2_0406_SHIFT2_PHY_Q029,JEE_MAIN,2026,Paper 1 (B.E./B.Tech),Physics,True,True,GENUINE_DIAGRAM_REQUIRED,TEXT_TRIGGER_DIAGRAM
JM_2026_S2_0406_SHIFT2_PHY_Q030,JEE_MAIN,2026,Paper 1 (B.E./B.Tech),Physics,True,True,GENUINE_DIAGRAM_REQUIRED,TEXT_TRIGGER_DIAGRAM
JM_2026_S2_0406_SHIFT2_PHY_Q031,JEE_MAIN,2026,Paper 1 (B.E./B.Tech),Physics,True,True,GENUINE_DIAGRAM_REQUIRED,TEXT_TRIGGER_DIAGRAM
JM_2026_S2_0406_SHIFT2_PHY_Q032,JEE_MAIN,2026,Paper 1 (B.E./B.Tech),Physics,True,True,GENUINE_DIAGRAM_REQUIRED,TEXT_TRIGGER_DIAGRAM
JM_2026_S2_0406_SHIFT2_PHY_Q033,JEE_MAIN,2026,Paper 1 (B.E./B.Tech),Physics,True,True,GENUINE_DIAGRAM_REQUIRED,TEXT_TRIGGER_DIAGRAM
JM_2026_S2_0406_SHIFT2_PHY_Q034,JEE_MAIN,2026,Paper 1 (B.E./B.Tech),Physics,True,True,GENUINE_DIAGRAM_REQUIRED,TEXT_TRIGGER_DIAGRAM
JM_2026_S2_0406_SHIFT2_PHY_Q035,JEE_MAIN,2026,Paper 1 (B.E./B.Tech),Physics,True,True,GENUINE_DIAGRAM_REQUIRED,TEXT_TRIGGER_DIAGRAM
JM_2026_S2_0406_SHIFT2_PHY_Q036,JEE_MAIN,2026,Paper 1 (B.E./B.Tech),Physics,True,True,GENUINE_DIAGRAM_REQUIRED,TEXT_TRIGGER_DIAGRAM
JM_2026_S2_0406_SHIFT2_PHY_Q037,JEE_MAIN,2026,Paper 1 (B.E./B.Tech),Physics,True,True,GENUINE_DIAGRAM_REQUIRED,TEXT_TRIGGER_DIAGRAM
JM_2026_S2_0406_SHIFT2_PHY_Q038,JEE_MAIN,2026,Paper 1 (B.E./B.Tech),Physics,True,True,GENUINE_DIAGRAM_REQUIRED,TEXT_TRIGGER_DIAGRAM
JM_2026_S2_0406_SHIFT2_PHY_Q039,JEE_MAIN,2026,Paper 1 (B.E./B.Tech),Physics,True,True,GENUINE_DIAGRAM_REQUIRED,TEXT_TRIGGER_DIAGRAM
JM_2026_S2_0406_SHIFT2_PHY_Q040,JEE_MAIN,2026,Paper 1 (B.E./B.Tech),Physics,True,True,GENUINE_DIAGRAM_REQUIRED,TEXT_TRIGGER_DIAGRAM
JM_2026_S2_0406_SHIFT2_PHY_Q041,JEE_MAIN,2026,Paper 1 (B.E./B.Tech),Physics,True,True,GENUINE_DIAGRAM_REQUIRED,TEXT_TRIGGER_DIAGRAM
JM_2026_S2_0406_SHIFT2_PHY_Q042,JEE_MAIN,2026,Paper 1 (B.E./B.Tech),Physics,True,True,GENUINE_DIAGRAM_REQUIRED,TEXT_TRIGGER_DIAGRAM
JM_2026_S2_0406_SHIFT2_PHY_Q043,JEE_MAIN,2026,Paper 1 (B.E./B.Tech),Physics,True,True,GENUINE_DIAGRAM_REQUIRED,TEXT_TRIGGER_DIAGRAM
JM_2026_S2_0406_SHIFT2_PHY_Q044,JEE_MAIN,2026,Paper 1 (B.E./B.Tech),Physics,True,True,GENUINE_DIAGRAM_REQUIRED,TEXT_TRIGGER_DIAGRAM
JM_2026_S2_0406_SHIFT2_PHY_Q045,JEE_MAIN,2026,Paper 1 (B.E./B.Tech),Physics,True,True,GENUINE_DIAGRAM_REQUIRED,TEXT_TRIGGER_DIAGRAM
JM_2026_S2_0406_SHIFT2_PHY_Q046,JEE_MAIN,2026,Paper 1 (B.E./B.Tech),Physics,True,True,GENUINE_DIAGRAM_REQUIRED,TEXT_TRIGGER_DIAGRAM
JM_2026_S2_0406_SHIFT2_PHY_Q047,JEE_MAIN,2026,Paper 1 (B.E./B.Tech),Physics,True,True,GENUINE_DIAGRAM_REQUIRED,TEXT_TRIGGER_DIAGRAM
JM_2026_S2_0406_SHIFT2_PHY_Q048,JEE_MAIN,2026,Paper 1 (B.E./B.Tech),Physics,True,True,GENUINE_DIAGRAM_REQUIRED,TEXT_TRIGGER_DIAGRAM
JM_2026_S2_0406_SHIFT2_PHY_Q049,JEE_MAIN,2026,Paper 1 (B.E./B.Tech),Physics,True,True,GENUINE_DIAGRAM_REQUIRED,TEXT_TRIGGER_DIAGRAM
JM_2026_S2_0406_SHIFT2_PHY_Q050,JEE_MAIN,2026,Paper 1 (B.E./B.Tech),Physics,True,True,GENUINE_DIAGRAM_REQUIRED,TEXT_TRIGGER_DIAGRAM
JM_2026_S2_0406_SHIFT2_CHE_Q051,JEE_MAIN,2026,Paper 1 (B.E./B.Tech),Chemistry,True,True,GENUINE_DIAGRAM_REQUIRED,TEXT_TRIGGER_DIAGRAM
JM_2026_S2_0406_SHIFT2_CHE_Q052,JEE_MAIN,2026,Paper 1 (B.E./B.Tech),Chemistry,True,True,GENUINE_DIAGRAM_REQUIRED,TEXT_TRIGGER_DIAGRAM
JM_2026_S2_0406_SHIFT2_CHE_Q053,JEE_MAIN,2026,Paper 1 (B.E./B.Tech),Chemistry,True,True,GENUINE_DIAGRAM_REQUIRED,TEXT_TRIGGER_DIAGRAM
JM_2026_S2_0406_SHIFT2_CHE_Q054,JEE_MAIN,2026,Paper 1 (B.E./B.Tech),Chemistry,True,True,GENUINE_DIAGRAM_REQUIRED,TEXT_TRIGGER_DIAGRAM
JM_2026_S2_0406_SHIFT2_CHE_Q055,JEE_MAIN,2026,Paper 1 (B.E./B.Tech),Chemistry,True,True,GENUINE_DIAGRAM_REQUIRED,TEXT_TRIGGER_DIAGRAM
JM_2026_S2_0406_SHIFT2_CHE_Q056,JEE_MAIN,2026,Paper 1 (B.E./B.Tech),Chemistry,True,True,GENUINE_DIAGRAM_REQUIRED,TEXT_TRIGGER_DIAGRAM
JM_2026_S2_0406_SHIFT2_CHE_Q057,JEE_MAIN,2026,Paper 1 (B.E./B.Tech),Chemistry,True,True,GENUINE_DIAGRAM_REQUIRED,TEXT_TRIGGER_DIAGRAM
JM_2026_S2_0406_SHIFT2_CHE_Q058,JEE_MAIN,2026,Paper 1 (B.E./B.Tech),Chemistry,True,True,GENUINE_DIAGRAM_REQUIRED,TEXT_TRIGGER_DIAGRAM
JM_2026_S2_0406_SHIFT2_CHE_Q059,JEE_MAIN,2026,Paper 1 (B.E./B.Tech),Chemistry,True,True,GENUINE_DIAGRAM_REQUIRED,TEXT_TRIGGER_DIAGRAM
JM_2026_S2_0406_SHIFT2_CHE_Q060,JEE_MAIN,2026,Paper 1 (B.E./B.Tech),Chemistry,True,True,GENUINE_DIAGRAM_REQUIRED,TEXT_TRIGGER_DIAGRAM
JM_2026_S2_0406_SHIFT2_CHE_Q061,JEE_MAIN,2026,Paper 1 (B.E./B.Tech),Chemistry,True,True,GENUINE_DIAGRAM_REQUIRED,TEXT_TRIGGER_DIAGRAM
JM_2026_S2_0406_SHIFT2_CHE_Q062,JEE_MAIN,2026,Paper 1 (B.E./B.Tech),Chemistry,True,True,GENUINE_DIAGRAM_REQUIRED,TEXT_TRIGGER_DIAGRAM
JM_2026_S2_0406_SHIFT2_CHE_Q063,JEE_MAIN,2026,Paper 1 (B.E./B.Tech),Chemistry,True,True,GENUINE_DIAGRAM_REQUIRED,TEXT_TRIGGER_DIAGRAM
JM_2026_S2_0406_SHIFT2_CHE_Q064,JEE_MAIN,2026,Paper 1 (B.E./B.Tech),Chemistry,True,True,GENUINE_DIAGRAM_REQUIRED,TEXT_TRIGGER_DIAGRAM
JM_2026_S2_0406_SHIFT2_CHE_Q065,JEE_MAIN,2026,Paper 1 (B.E./B.Tech),Chemistry,True,True,GENUINE_DIAGRAM_REQUIRED,TEXT_TRIGGER_DIAGRAM
JM_2026_S2_0406_SHIFT2_CHE_Q066,JEE_MAIN,2026,Paper 1 (B.E./B.Tech),Chemistry,True,True,GENUINE_DIAGRAM_REQUIRED,TEXT_TRIGGER_DIAGRAM
JM_2026_S2_0406_SHIFT2_CHE_Q067,JEE_MAIN,2026,Paper 1 (B.E./B.Tech),Chemistry,True,True,GENUINE_DIAGRAM_REQUIRED,TEXT_TRIGGER_DIAGRAM
JM_2026_S2_0406_SHIFT2_CHE_Q068,JEE_MAIN,2026,Paper 1 (B.E./B.Tech),Chemistry,True,True,GENUINE_DIAGRAM_REQUIRED,TEXT_TRIGGER_DIAGRAM
JM_2026_S2_0406_SHIFT2_CHE_Q069,JEE_MAIN,2026,Paper 1 (B.E./B.Tech),Chemistry,True,True,GENUINE_DIAGRAM_REQUIRED,TEXT_TRIGGER_DIAGRAM
JM_2026_S2_0406_SHIFT2_CHE_Q070,JEE_MAIN,2026,Paper 1 (B.E./B.Tech),Chemistry,True,True,GENUINE_DIAGRAM_REQUIRED,TEXT_TRIGGER_DIAGRAM
JM_2026_S2_0406_SHIFT2_CHE_Q071,JEE_MAIN,2026,Paper 1 (B.E./B.Tech),Chemistry,True,True,GENUINE_DIAGRAM_REQUIRED,TEXT_TRIGGER_DIAGRAM
JM_2026_S2_0406_SHIFT2_CHE_Q072,JEE_MAIN,2026,Paper 1 (B.E./B.Tech),Chemistry,True,True,GENUINE_DIAGRAM_REQUIRED,TEXT_TRIGGER_DIAGRAM
JM_2026_S2_0406_SHIFT2_CHE_Q073,JEE_MAIN,2026,Paper 1 (B.E./B.Tech),Chemistry,True,True,GENUINE_DIAGRAM_REQUIRED,TEXT_TRIGGER_DIAGRAM
JM_2026_S2_0406_SHIFT2_CHE_Q074,JEE_MAIN,2026,Paper 1 (B.E./B.Tech),Chemistry,True,True,GENUINE_DIAGRAM_REQUIRED,TEXT_TRIGGER_DIAGRAM
JM_2026_S2_0406_SHIFT2_CHE_Q075,JEE_MAIN,2026,Paper 1 (B.E./B.Tech),Chemistry,True,True,GENUINE_DIAGRAM_REQUIRED,TEXT_TRIGGER_DIAGRAM
JM_2026_S2_0408_SHIFT2_MAT_Q001,JEE_MAIN,2026,Paper 1 (B.E./B.Tech),Mathematics,True,True,GENUINE_DIAGRAM_REQUIRED,TEXT_TRIGGER_DIAGRAM
JM_2026_S2_0408_SHIFT2_MAT_Q002,JEE_MAIN,2026,Paper 1 (B.E./B.Tech),Mathematics,True,True,GENUINE_DIAGRAM_REQUIRED,TEXT_TRIGGER_DIAGRAM
JM_2026_S2_0408_SHIFT2_MAT_Q003,JEE_MAIN,2026,Paper 1 (B.E./B.Tech),Mathematics,True,True,GENUINE_DIAGRAM_REQUIRED,TEXT_TRIGGER_DIAGRAM
JM_2026_S2_0408_SHIFT2_MAT_Q004,JEE_MAIN,2026,Paper 1 (B.E./B.Tech),Mathematics,True,True,GENUINE_DIAGRAM_REQUIRED,TEXT_TRIGGER_DIAGRAM
JM_2026_S2_0408_SHIFT2_MAT_Q005,JEE_MAIN,2026,Paper 1 (B.E./B.Tech),Mathematics,True,True,GENUINE_DIAGRAM_REQUIRED,TEXT_TRIGGER_DIAGRAM
JM_2026_S2_0408_SHIFT2_MAT_Q006,JEE_MAIN,2026,Paper 1 (B.E./B.Tech),Mathematics,True,True,GENUINE_DIAGRAM_REQUIRED,TEXT_TRIGGER_DIAGRAM
JM_2026_S2_0408_SHIFT2_MAT_Q007,JEE_MAIN,2026,Paper 1 (B.E./B.Tech),Mathematics,True,True,GENUINE_DIAGRAM_REQUIRED,TEXT_TRIGGER_DIAGRAM
JM_2026_S2_0408_SHIFT2_MAT_Q008,JEE_MAIN,2026,Paper 1 (B.E./B.Tech),Mathematics,True,True,GENUINE_DIAGRAM_REQUIRED,TEXT_TRIGGER_DIAGRAM
JM_2026_S2_0408_SHIFT2_MAT_Q009,JEE_MAIN,2026,Paper 1 (B.E./B.Tech),Mathematics,True,True,GENUINE_DIAGRAM_REQUIRED,TEXT_TRIGGER_DIAGRAM
JM_2026_S2_0408_SHIFT2_MAT_Q010,JEE_MAIN,2026,Paper 1 (B.E./B.Tech),Mathematics,True,True,GENUINE_DIAGRAM_REQUIRED,TEXT_TRIGGER_DIAGRAM
JM_2026_S2_0408_SHIFT2_MAT_Q011,JEE_MAIN,2026,Paper 1 (B.E./B.Tech),Mathematics,True,True,GENUINE_DIAGRAM_REQUIRED,TEXT_TRIGGER_DIAGRAM
JM_2026_S2_0408_SHIFT2_MAT_Q012,JEE_MAIN,2026,Paper 1 (B.E./B.Tech),Mathematics,True,True,GENUINE_DIAGRAM_REQUIRED,TEXT_TRIGGER_DIAGRAM
JM_2026_S2_0408_SHIFT2_MAT_Q013,JEE_MAIN,2026,Paper 1 (B.E./B.Tech),Mathematics,True,True,GENUINE_DIAGRAM_REQUIRED,TEXT_TRIGGER_DIAGRAM
JM_2026_S2_0408_SHIFT2_MAT_Q014,JEE_MAIN,2026,Paper 1 (B.E./B.Tech),Mathematics,True,True,GENUINE_DIAGRAM_REQUIRED,TEXT_TRIGGER_DIAGRAM
JM_2026_S2_0408_SHIFT2_MAT_Q015,JEE_MAIN,2026,Paper 1 (B.E./B.Tech),Mathematics,True,True,GENUINE_DIAGRAM_REQUIRED,TEXT_TRIGGER_DIAGRAM
JM_2026_S2_0408_SHIFT2_MAT_Q016,JEE_MAIN,2026,Paper 1 (B.E./B.Tech),Mathematics,True,True,GENUINE_DIAGRAM_REQUIRED,TEXT_TRIGGER_DIAGRAM
JM_2026_S2_0408_SHIFT2_MAT_Q017,JEE_MAIN,2026,Paper 1 (B.E./B.Tech),Mathematics,True,True,GENUINE_DIAGRAM_REQUIRED,TEXT_TRIGGER_DIAGRAM
JM_2026_S2_0408_SHIFT2_MAT_Q018,JEE_MAIN,2026,Paper 1 (B.E./B.Tech),Mathematics,True,True,GENUINE_DIAGRAM_REQUIRED,TEXT_TRIGGER_DIAGRAM
JM_2026_S2_0408_SHIFT2_MAT_Q019,JEE_MAIN,2026,Paper 1 (B.E./B.Tech),Mathematics,True,True,GENUINE_DIAGRAM_REQUIRED,TEXT_TRIGGER_DIAGRAM
JM_2026_S2_0408_SHIFT2_MAT_Q020,JEE_MAIN,2026,Paper 1 (B.E./B.Tech),Mathematics,True,True,GENUINE_DIAGRAM_REQUIRED,TEXT_TRIGGER_DIAGRAM
JM_2026_S2_0408_SHIFT2_MAT_Q021,JEE_MAIN,2026,Paper 1 (B.E./B.Tech),Mathematics,True,True,GENUINE_DIAGRAM_REQUIRED,TEXT_TRIGGER_DIAGRAM
JM_2026_S2_0408_SHIFT2_MAT_Q022,JEE_MAIN,2026,Paper 1 (B.E./B.Tech),Mathematics,True,True,GENUINE_DIAGRAM_REQUIRED,TEXT_TRIGGER_DIAGRAM
JM_2026_S2_0408_SHIFT2_MAT_Q023,JEE_MAIN,2026,Paper 1 (B.E./B.Tech),Mathematics,True,True,GENUINE_DIAGRAM_REQUIRED,TEXT_TRIGGER_DIAGRAM
JM_2026_S2_0408_SHIFT2_MAT_Q024,JEE_MAIN,2026,Paper 1 (B.E./B.Tech),Mathematics,True,True,GENUINE_DIAGRAM_REQUIRED,TEXT_TRIGGER_DIAGRAM
JM_2026_S2_0408_SHIFT2_MAT_Q025,JEE_MAIN,2026,Paper 1 (B.E./B.Tech),Mathematics,True,True,GENUINE_DIAGRAM_REQUIRED,TEXT_TRIGGER_DIAGRAM
JM_2026_S2_0408_SHIFT2_PHY_Q026,JEE_MAIN,2026,Paper 1 (B.E./B.Tech),Physics,True,True,GENUINE_DIAGRAM_REQUIRED,TEXT_TRIGGER_DIAGRAM
JM_2026_S2_0408_SHIFT2_PHY_Q027,JEE_MAIN,2026,Paper 1 (B.E./B.Tech),Physics,True,True,GENUINE_DIAGRAM_REQUIRED,TEXT_TRIGGER_DIAGRAM
JM_2026_S2_0408_SHIFT2_PHY_Q028,JEE_MAIN,2026,Paper 1 (B.E./B.Tech),Physics,True,True,GENUINE_DIAGRAM_REQUIRED,TEXT_TRIGGER_DIAGRAM
JM_2026_S2_0408_SHIFT2_PHY_Q029,JEE_MAIN,2026,Paper 1 (B.E./B.Tech),Physics,True,True,GENUINE_DIAGRAM_REQUIRED,TEXT_TRIGGER_DIAGRAM
JM_2026_S2_0408_SHIFT2_PHY_Q030,JEE_MAIN,2026,Paper 1 (B.E./B.Tech),Physics,True,True,GENUINE_DIAGRAM_REQUIRED,TEXT_TRIGGER_DIAGRAM
JM_2026_S2_0408_SHIFT2_PHY_Q031,JEE_MAIN,2026,Paper 1 (B.E./B.Tech),Physics,True,True,GENUINE_DIAGRAM_REQUIRED,TEXT_TRIGGER_DIAGRAM
JM_2026_S2_0408_SHIFT2_PHY_Q032,JEE_MAIN,2026,Paper 1 (B.E./B.Tech),Physics,True,True,GENUINE_DIAGRAM_REQUIRED,TEXT_TRIGGER_DIAGRAM
JM_2026_S2_0408_SHIFT2_PHY_Q033,JEE_MAIN,2026,Paper 1 (B.E./B.Tech),Physics,True,True,GENUINE_DIAGRAM_REQUIRED,TEXT_TRIGGER_DIAGRAM
JM_2026_S2_0408_SHIFT2_PHY_Q034,JEE_MAIN,2026,Paper 1 (B.E./B.Tech),Physics,True,True,GENUINE_DIAGRAM_REQUIRED,TEXT_TRIGGER_DIAGRAM
JM_2026_S2_0408_SHIFT2_PHY_Q035,JEE_MAIN,2026,Paper 1 (B.E./B.Tech),Physics,True,True,GENUINE_DIAGRAM_REQUIRED,TEXT_TRIGGER_DIAGRAM
JM_2026_S2_0408_SHIFT2_PHY_Q036,JEE_MAIN,2026,Paper 1 (B.E./B.Tech),Physics,True,True,GENUINE_DIAGRAM_REQUIRED,TEXT_TRIGGER_DIAGRAM
JM_2026_S2_0408_SHIFT2_PHY_Q037,JEE_MAIN,2026,Paper 1 (B.E./B.Tech),Physics,True,True,GENUINE_DIAGRAM_REQUIRED,TEXT_TRIGGER_DIAGRAM
JM_2026_S2_0408_SHIFT2_PHY_Q038,JEE_MAIN,2026,Paper 1 (B.E./B.Tech),Physics,True,True,GENUINE_DIAGRAM_REQUIRED,TEXT_TRIGGER_DIAGRAM
JM_2026_S2_0408_SHIFT2_PHY_Q039,JEE_MAIN,2026,Paper 1 (B.E./B.Tech),Physics,True,True,GENUINE_DIAGRAM_REQUIRED,TEXT_TRIGGER_DIAGRAM
JM_2026_S2_0408_SHIFT2_PHY_Q040,JEE_MAIN,2026,Paper 1 (B.E./B.Tech),Physics,True,True,GENUINE_DIAGRAM_REQUIRED,TEXT_TRIGGER_DIAGRAM
JM_2026_S2_0408_SHIFT2_PHY_Q041,JEE_MAIN,2026,Paper 1 (B.E./B.Tech),Physics,True,True,GENUINE_DIAGRAM_REQUIRED,TEXT_TRIGGER_DIAGRAM
JM_2026_S2_0408_SHIFT2_PHY_Q042,JEE_MAIN,2026,Paper 1 (B.E./B.Tech),Physics,True,True,GENUINE_DIAGRAM_REQUIRED,TEXT_TRIGGER_DIAGRAM
JM_2026_S2_0408_SHIFT2_PHY_Q043,JEE_MAIN,2026,Paper 1 (B.E./B.Tech),Physics,True,True,GENUINE_DIAGRAM_REQUIRED,TEXT_TRIGGER_DIAGRAM
JM_2026_S2_0408_SHIFT2_PHY_Q044,JEE_MAIN,2026,Paper 1 (B.E./B.Tech),Physics,True,True,GENUINE_DIAGRAM_REQUIRED,TEXT_TRIGGER_DIAGRAM
JM_2026_S2_0408_SHIFT2_PHY_Q045,JEE_MAIN,2026,Paper 1 (B.E./B.Tech),Physics,True,True,GENUINE_DIAGRAM_REQUIRED,TEXT_TRIGGER_DIAGRAM
JM_2026_S2_0408_SHIFT2_PHY_Q046,JEE_MAIN,2026,Paper 1 (B.E./B.Tech),Physics,True,True,GENUINE_DIAGRAM_REQUIRED,TEXT_TRIGGER_DIAGRAM
JM_2026_S2_0408_SHIFT2_PHY_Q047,JEE_MAIN,2026,Paper 1 (B.E./B.Tech),Physics,True,True,GENUINE_DIAGRAM_REQUIRED,TEXT_TRIGGER_DIAGRAM
JM_2026_S2_0408_SHIFT2_PHY_Q048,JEE_MAIN,2026,Paper 1 (B.E./B.Tech),Physics,True,True,GENUINE_DIAGRAM_REQUIRED,TEXT_TRIGGER_DIAGRAM
JM_2026_S2_0408_SHIFT2_PHY_Q049,JEE_MAIN,2026,Paper 1 (B.E./B.Tech),Physics,True,True,GENUINE_DIAGRAM_REQUIRED,TEXT_TRIGGER_DIAGRAM
JM_2026_S2_0408_SHIFT2_PHY_Q050,JEE_MAIN,2026,Paper 1 (B.E./B.Tech),Physics,True,True,GENUINE_DIAGRAM_REQUIRED,TEXT_TRIGGER_DIAGRAM
JM_2026_S2_0408_SHIFT2_CHE_Q051,JEE_MAIN,2026,Paper 1 (B.E./B.Tech),Chemistry,True,True,GENUINE_DIAGRAM_REQUIRED,TEXT_TRIGGER_DIAGRAM
JM_2026_S2_0408_SHIFT2_CHE_Q052,JEE_MAIN,2026,Paper 1 (B.E./B.Tech),Chemistry,True,True,GENUINE_DIAGRAM_REQUIRED,TEXT_TRIGGER_DIAGRAM
JM_2026_S2_0408_SHIFT2_CHE_Q053,JEE_MAIN,2026,Paper 1 (B.E./B.Tech),Chemistry,True,True,GENUINE_DIAGRAM_REQUIRED,TEXT_TRIGGER_DIAGRAM
JM_2026_S2_0408_SHIFT2_CHE_Q054,JEE_MAIN,2026,Paper 1 (B.E./B.Tech),Chemistry,True,True,GENUINE_DIAGRAM_REQUIRED,TEXT_TRIGGER_DIAGRAM
JM_2026_S2_0408_SHIFT2_CHE_Q055,JEE_MAIN,2026,Paper 1 (B.E./B.Tech),Chemistry,True,True,GENUINE_DIAGRAM_REQUIRED,TEXT_TRIGGER_DIAGRAM
JM_2026_S2_0408_SHIFT2_CHE_Q056,JEE_MAIN,2026,Paper 1 (B.E./B.Tech),Chemistry,True,True,GENUINE_DIAGRAM_REQUIRED,TEXT_TRIGGER_DIAGRAM
JM_2026_S2_0408_SHIFT2_CHE_Q057,JEE_MAIN,2026,Paper 1 (B.E./B.Tech),Chemistry,True,True,GENUINE_DIAGRAM_REQUIRED,TEXT_TRIGGER_DIAGRAM
JM_2026_S2_0408_SHIFT2_CHE_Q058,JEE_MAIN,2026,Paper 1 (B.E./B.Tech),Chemistry,True,True,GENUINE_DIAGRAM_REQUIRED,TEXT_TRIGGER_DIAGRAM
JM_2026_S2_0408_SHIFT2_CHE_Q059,JEE_MAIN,2026,Paper 1 (B.E./B.Tech),Chemistry,True,True,GENUINE_DIAGRAM_REQUIRED,TEXT_TRIGGER_DIAGRAM
JM_2026_S2_0408_SHIFT2_CHE_Q060,JEE_MAIN,2026,Paper 1 (B.E./B.Tech),Chemistry,True,True,GENUINE_DIAGRAM_REQUIRED,TEXT_TRIGGER_DIAGRAM
JM_2026_S2_0408_SHIFT2_CHE_Q061,JEE_MAIN,2026,Paper 1 (B.E./B.Tech),Chemistry,True,True,GENUINE_DIAGRAM_REQUIRED,TEXT_TRIGGER_DIAGRAM
JM_2026_S2_0408_SHIFT2_CHE_Q062,JEE_MAIN,2026,Paper 1 (B.E./B.Tech),Chemistry,True,True,GENUINE_DIAGRAM_REQUIRED,TEXT_TRIGGER_DIAGRAM
JM_2026_S2_0408_SHIFT2_CHE_Q063,JEE_MAIN,2026,Paper 1 (B.E./B.Tech),Chemistry,True,True,GENUINE_DIAGRAM_REQUIRED,TEXT_TRIGGER_DIAGRAM
JM_2026_S2_0408_SHIFT2_CHE_Q064,JEE_MAIN,2026,Paper 1 (B.E./B.Tech),Chemistry,True,True,GENUINE_DIAGRAM_REQUIRED,TEXT_TRIGGER_DIAGRAM
JM_2026_S2_0408_SHIFT2_CHE_Q065,JEE_MAIN,2026,Paper 1 (B.E./B.Tech),Chemistry,True,True,GENUINE_DIAGRAM_REQUIRED,TEXT_TRIGGER_DIAGRAM
JM_2026_S2_0408_SHIFT2_CHE_Q066,JEE_MAIN,2026,Paper 1 (B.E./B.Tech),Chemistry,True,True,GENUINE_DIAGRAM_REQUIRED,TEXT_TRIGGER_DIAGRAM
JM_2026_S2_0408_SHIFT2_CHE_Q067,JEE_MAIN,2026,Paper 1 (B.E./B.Tech),Chemistry,True,True,GENUINE_DIAGRAM_REQUIRED,TEXT_TRIGGER_DIAGRAM
JM_2026_S2_0408_SHIFT2_CHE_Q068,JEE_MAIN,2026,Paper 1 (B.E./B.Tech),Chemistry,True,True,GENUINE_DIAGRAM_REQUIRED,TEXT_TRIGGER_DIAGRAM
JM_2026_S2_0408_SHIFT2_CHE_Q069,JEE_MAIN,2026,Paper 1 (B.E./B.Tech),Chemistry,True,True,GENUINE_DIAGRAM_REQUIRED,TEXT_TRIGGER_DIAGRAM
JM_2026_S2_0408_SHIFT2_CHE_Q070,JEE_MAIN,2026,Paper 1 (B.E./B.Tech),Chemistry,True,True,GENUINE_DIAGRAM_REQUIRED,TEXT_TRIGGER_DIAGRAM
JM_2026_S2_0408_SHIFT2_CHE_Q071,JEE_MAIN,2026,Paper 1 (B.E./B.Tech),Chemistry,True,True,GENUINE_DIAGRAM_REQUIRED,TEXT_TRIGGER_DIAGRAM
JM_2026_S2_0408_SHIFT2_CHE_Q072,JEE_MAIN,2026,Paper 1 (B.E./B.Tech),Chemistry,True,True,GENUINE_DIAGRAM_REQUIRED,TEXT_TRIGGER_DIAGRAM
JM_2026_S2_0408_SHIFT2_CHE_Q073,JEE_MAIN,2026,Paper 1 (B.E./B.Tech),Chemistry,True,True,GENUINE_DIAGRAM_REQUIRED,TEXT_TRIGGER_DIAGRAM
JM_2026_S2_0408_SHIFT2_CHE_Q074,JEE_MAIN,2026,Paper 1 (B.E./B.Tech),Chemistry,True,True,GENUINE_DIAGRAM_REQUIRED,TEXT_TRIGGER_DIAGRAM
JM_2026_S2_0408_SHIFT2_CHE_Q075,JEE_MAIN,2026,Paper 1 (B.E./B.Tech),Chemistry,True,True,GENUINE_DIAGRAM_REQUIRED,TEXT_TRIGGER_DIAGRAM
JA_2007_P1_PHY_Q001,JEE_ADVANCED,2007,Paper 1,Physics,True,True,GENUINE_DIAGRAM_REQUIRED,SCANNED_PAPER_VISUAL_CARD
JA_2007_P1_PHY_Q002,JEE_ADVANCED,2007,Paper 1,Physics,True,True,GENUINE_DIAGRAM_REQUIRED,SCANNED_PAPER_VISUAL_CARD
JA_2007_P1_PHY_Q003,JEE_ADVANCED,2007,Paper 1,Physics,True,True,GENUINE_DIAGRAM_REQUIRED,SCANNED_PAPER_VISUAL_CARD
JA_2007_P1_PHY_Q004,JEE_ADVANCED,2007,Paper 1,Physics,True,True,GENUINE_DIAGRAM_REQUIRED,SCANNED_PAPER_VISUAL_CARD
JA_2007_P1_PHY_Q005,JEE_ADVANCED,2007,Paper 1,Physics,True,True,GENUINE_DIAGRAM_REQUIRED,SCANNED_PAPER_VISUAL_CARD
JA_2007_P1_PHY_Q006,JEE_ADVANCED,2007,Paper 1,Physics,True,True,GENUINE_DIAGRAM_REQUIRED,SCANNED_PAPER_VISUAL_CARD
JA_2007_P1_PHY_Q007,JEE_ADVANCED,2007,Paper 1,Physics,True,True,GENUINE_DIAGRAM_REQUIRED,SCANNED_PAPER_VISUAL_CARD
JA_2007_P1_PHY_Q008,JEE_ADVANCED,2007,Paper 1,Physics,True,True,GENUINE_DIAGRAM_REQUIRED,SCANNED_PAPER_VISUAL_CARD
JA_2007_P1_PHY_Q009,JEE_ADVANCED,2007,Paper 1,Physics,True,True,GENUINE_DIAGRAM_REQUIRED,SCANNED_PAPER_VISUAL_CARD
JA_2007_P1_PHY_Q010,JEE_ADVANCED,2007,Paper 1,Physics,True,True,GENUINE_DIAGRAM_REQUIRED,SCANNED_PAPER_VISUAL_CARD
JA_2007_P1_PHY_Q011,JEE_ADVANCED,2007,Paper 1,Physics,True,True,GENUINE_DIAGRAM_REQUIRED,SCANNED_PAPER_VISUAL_CARD
JA_2007_P1_PHY_Q012,JEE_ADVANCED,2007,Paper 1,Physics,True,True,GENUINE_DIAGRAM_REQUIRED,SCANNED_PAPER_VISUAL_CARD
JA_2007_P1_PHY_Q013,JEE_ADVANCED,2007,Paper 1,Physics,True,True,GENUINE_DIAGRAM_REQUIRED,SCANNED_PAPER_VISUAL_CARD
JA_2007_P1_PHY_Q014,JEE_ADVANCED,2007,Paper 1,Physics,True,True,GENUINE_DIAGRAM_REQUIRED,SCANNED_PAPER_VISUAL_CARD
JA_2007_P1_PHY_Q015,JEE_ADVANCED,2007,Paper 1,Physics,True,True,GENUINE_DIAGRAM_REQUIRED,SCANNED_PAPER_VISUAL_CARD
JA_2007_P1_PHY_Q016,JEE_ADVANCED,2007,Paper 1,Physics,True,True,GENUINE_DIAGRAM_REQUIRED,SCANNED_PAPER_VISUAL_CARD
JA_2007_P1_PHY_Q017,JEE_ADVANCED,2007,Paper 1,Physics,True,True,GENUINE_DIAGRAM_REQUIRED,SCANNED_PAPER_VISUAL_CARD
JA_2007_P1_PHY_Q018,JEE_ADVANCED,2007,Paper 1,Physics,True,True,GENUINE_DIAGRAM_REQUIRED,SCANNED_PAPER_VISUAL_CARD
JA_2007_P1_PHY_Q019,JEE_ADVANCED,2007,Paper 1,Physics,True,True,GENUINE_DIAGRAM_REQUIRED,SCANNED_PAPER_VISUAL_CARD
JA_2007_P1_PHY_Q020,JEE_ADVANCED,2007,Paper 1,Physics,True,True,GENUINE_DIAGRAM_REQUIRED,SCANNED_PAPER_VISUAL_CARD
JA_2007_P1_PHY_Q021,JEE_ADVANCED,2007,Paper 1,Physics,True,True,GENUINE_DIAGRAM_REQUIRED,SCANNED_PAPER_VISUAL_CARD
JA_2007_P1_PHY_Q022,JEE_ADVANCED,2007,Paper 1,Physics,True,True,GENUINE_DIAGRAM_REQUIRED,SCANNED_PAPER_VISUAL_CARD
JA_2007_P1_CHE_Q001,JEE_ADVANCED,2007,Paper 1,Chemistry,True,True,GENUINE_DIAGRAM_REQUIRED,SCANNED_PAPER_VISUAL_CARD
JA_2007_P1_CHE_Q002,JEE_ADVANCED,2007,Paper 1,Chemistry,True,True,GENUINE_DIAGRAM_REQUIRED,SCANNED_PAPER_VISUAL_CARD
JA_2007_P1_CHE_Q003,JEE_ADVANCED,2007,Paper 1,Chemistry,True,True,GENUINE_DIAGRAM_REQUIRED,SCANNED_PAPER_VISUAL_CARD
JA_2007_P1_CHE_Q004,JEE_ADVANCED,2007,Paper 1,Chemistry,True,True,GENUINE_DIAGRAM_REQUIRED,SCANNED_PAPER_VISUAL_CARD
JA_2007_P1_CHE_Q005,JEE_ADVANCED,2007,Paper 1,Chemistry,True,True,GENUINE_DIAGRAM_REQUIRED,SCANNED_PAPER_VISUAL_CARD
JA_2007_P1_CHE_Q006,JEE_ADVANCED,2007,Paper 1,Chemistry,True,True,GENUINE_DIAGRAM_REQUIRED,SCANNED_PAPER_VISUAL_CARD
JA_2007_P1_CHE_Q007,JEE_ADVANCED,2007,Paper 1,Chemistry,True,True,GENUINE_DIAGRAM_REQUIRED,SCANNED_PAPER_VISUAL_CARD
JA_2007_P1_CHE_Q008,JEE_ADVANCED,2007,Paper 1,Chemistry,True,True,GENUINE_DIAGRAM_REQUIRED,SCANNED_PAPER_VISUAL_CARD
JA_2007_P1_CHE_Q009,JEE_ADVANCED,2007,Paper 1,Chemistry,True,True,GENUINE_DIAGRAM_REQUIRED,SCANNED_PAPER_VISUAL_CARD
JA_2007_P1_CHE_Q010,JEE_ADVANCED,2007,Paper 1,Chemistry,True,True,GENUINE_DIAGRAM_REQUIRED,SCANNED_PAPER_VISUAL_CARD
JA_2007_P1_CHE_Q011,JEE_ADVANCED,2007,Paper 1,Chemistry,True,True,GENUINE_DIAGRAM_REQUIRED,SCANNED_PAPER_VISUAL_CARD
JA_2007_P1_CHE_Q012,JEE_ADVANCED,2007,Paper 1,Chemistry,True,True,GENUINE_DIAGRAM_REQUIRED,SCANNED_PAPER_VISUAL_CARD
JA_2007_P1_CHE_Q013,JEE_ADVANCED,2007,Paper 1,Chemistry,True,True,GENUINE_DIAGRAM_REQUIRED,SCANNED_PAPER_VISUAL_CARD
JA_2007_P1_CHE_Q014,JEE_ADVANCED,2007,Paper 1,Chemistry,True,True,GENUINE_DIAGRAM_REQUIRED,SCANNED_PAPER_VISUAL_CARD
JA_2007_P1_CHE_Q015,JEE_ADVANCED,2007,Paper 1,Chemistry,True,True,GENUINE_DIAGRAM_REQUIRED,SCANNED_PAPER_VISUAL_CARD
JA_2007_P1_CHE_Q016,JEE_ADVANCED,2007,Paper 1,Chemistry,True,True,GENUINE_DIAGRAM_REQUIRED,SCANNED_PAPER_VISUAL_CARD
JA_2007_P1_CHE_Q017,JEE_ADVANCED,2007,Paper 1,Chemistry,True,True,GENUINE_DIAGRAM_REQUIRED,SCANNED_PAPER_VISUAL_CARD
JA_2007_P1_CHE_Q018,JEE_ADVANCED,2007,Paper 1,Chemistry,True,True,GENUINE_DIAGRAM_REQUIRED,SCANNED_PAPER_VISUAL_CARD
JA_2007_P1_CHE_Q019,JEE_ADVANCED,2007,Paper 1,Chemistry,True,True,GENUINE_DIAGRAM_REQUIRED,SCANNED_PAPER_VISUAL_CARD
JA_2007_P1_CHE_Q020,JEE_ADVANCED,2007,Paper 1,Chemistry,True,True,GENUINE_DIAGRAM_REQUIRED,SCANNED_PAPER_VISUAL_CARD
JA_2007_P1_CHE_Q021,JEE_ADVANCED,2007,Paper 1,Chemistry,True,True,GENUINE_DIAGRAM_REQUIRED,SCANNED_PAPER_VISUAL_CARD
JA_2007_P1_CHE_Q022,JEE_ADVANCED,2007,Paper 1,Chemistry,True,True,GENUINE_DIAGRAM_REQUIRED,SCANNED_PAPER_VISUAL_CARD
JA_2007_P1_MAT_Q001,JEE_ADVANCED,2007,Paper 1,Mathematics,True,True,GENUINE_DIAGRAM_REQUIRED,SCANNED_PAPER_VISUAL_CARD
JA_2007_P1_MAT_Q002,JEE_ADVANCED,2007,Paper 1,Mathematics,True,True,GENUINE_DIAGRAM_REQUIRED,SCANNED_PAPER_VISUAL_CARD
JA_2007_P1_MAT_Q003,JEE_ADVANCED,2007,Paper 1,Mathematics,True,True,GENUINE_DIAGRAM_REQUIRED,SCANNED_PAPER_VISUAL_CARD
JA_2007_P1_MAT_Q004,JEE_ADVANCED,2007,Paper 1,Mathematics,True,True,GENUINE_DIAGRAM_REQUIRED,SCANNED_PAPER_VISUAL_CARD
JA_2007_P1_MAT_Q005,JEE_ADVANCED,2007,Paper 1,Mathematics,True,True,GENUINE_DIAGRAM_REQUIRED,SCANNED_PAPER_VISUAL_CARD
JA_2007_P1_MAT_Q006,JEE_ADVANCED,2007,Paper 1,Mathematics,True,True,GENUINE_DIAGRAM_REQUIRED,SCANNED_PAPER_VISUAL_CARD
JA_2007_P1_MAT_Q007,JEE_ADVANCED,2007,Paper 1,Mathematics,True,True,GENUINE_DIAGRAM_REQUIRED,SCANNED_PAPER_VISUAL_CARD
JA_2007_P1_MAT_Q008,JEE_ADVANCED,2007,Paper 1,Mathematics,True,True,GENUINE_DIAGRAM_REQUIRED,SCANNED_PAPER_VISUAL_CARD
JA_2007_P1_MAT_Q009,JEE_ADVANCED,2007,Paper 1,Mathematics,True,True,GENUINE_DIAGRAM_REQUIRED,SCANNED_PAPER_VISUAL_CARD
JA_2007_P1_MAT_Q010,JEE_ADVANCED,2007,Paper 1,Mathematics,True,True,GENUINE_DIAGRAM_REQUIRED,SCANNED_PAPER_VISUAL_CARD
JA_2007_P1_MAT_Q011,JEE_ADVANCED,2007,Paper 1,Mathematics,True,True,GENUINE_DIAGRAM_REQUIRED,SCANNED_PAPER_VISUAL_CARD
JA_2007_P1_MAT_Q012,JEE_ADVANCED,2007,Paper 1,Mathematics,True,True,GENUINE_DIAGRAM_REQUIRED,SCANNED_PAPER_VISUAL_CARD
JA_2007_P1_MAT_Q013,JEE_ADVANCED,2007,Paper 1,Mathematics,True,True,GENUINE_DIAGRAM_REQUIRED,SCANNED_PAPER_VISUAL_CARD
JA_2007_P1_MAT_Q014,JEE_ADVANCED,2007,Paper 1,Mathematics,True,True,GENUINE_DIAGRAM_REQUIRED,SCANNED_PAPER_VISUAL_CARD
JA_2007_P1_MAT_Q015,JEE_ADVANCED,2007,Paper 1,Mathematics,True,True,GENUINE_DIAGRAM_REQUIRED,SCANNED_PAPER_VISUAL_CARD
JA_2007_P1_MAT_Q016,JEE_ADVANCED,2007,Paper 1,Mathematics,True,True,GENUINE_DIAGRAM_REQUIRED,SCANNED_PAPER_VISUAL_CARD
JA_2007_P1_MAT_Q017,JEE_ADVANCED,2007,Paper 1,Mathematics,True,True,GENUINE_DIAGRAM_REQUIRED,SCANNED_PAPER_VISUAL_CARD
JA_2007_P1_MAT_Q018,JEE_ADVANCED,2007,Paper 1,Mathematics,True,True,GENUINE_DIAGRAM_REQUIRED,SCANNED_PAPER_VISUAL_CARD
JA_2007_P1_MAT_Q019,JEE_ADVANCED,2007,Paper 1,Mathematics,True,True,GENUINE_DIAGRAM_REQUIRED,SCANNED_PAPER_VISUAL_CARD
JA_2007_P1_MAT_Q020,JEE_ADVANCED,2007,Paper 1,Mathematics,True,True,GENUINE_DIAGRAM_REQUIRED,SCANNED_PAPER_VISUAL_CARD
JA_2007_P1_MAT_Q021,JEE_ADVANCED,2007,Paper 1,Mathematics,True,True,GENUINE_DIAGRAM_REQUIRED,SCANNED_PAPER_VISUAL_CARD
JA_2007_P1_MAT_Q022,JEE_ADVANCED,2007,Paper 1,Mathematics,True,True,GENUINE_DIAGRAM_REQUIRED,SCANNED_PAPER_VISUAL_CARD
JA_2007_P2_PHY_Q001,JEE_ADVANCED,2007,Paper 2,Physics,True,True,GENUINE_DIAGRAM_REQUIRED,SCANNED_PAPER_VISUAL_CARD
JA_2007_P2_PHY_Q002,JEE_ADVANCED,2007,Paper 2,Physics,True,True,GENUINE_DIAGRAM_REQUIRED,SCANNED_PAPER_VISUAL_CARD
JA_2007_P2_PHY_Q003,JEE_ADVANCED,2007,Paper 2,Physics,True,True,GENUINE_DIAGRAM_REQUIRED,SCANNED_PAPER_VISUAL_CARD
JA_2007_P2_PHY_Q004,JEE_ADVANCED,2007,Paper 2,Physics,True,True,GENUINE_DIAGRAM_REQUIRED,SCANNED_PAPER_VISUAL_CARD
JA_2007_P2_PHY_Q005,JEE_ADVANCED,2007,Paper 2,Physics,True,True,GENUINE_DIAGRAM_REQUIRED,SCANNED_PAPER_VISUAL_CARD
JA_2007_P2_PHY_Q006,JEE_ADVANCED,2007,Paper 2,Physics,True,True,GENUINE_DIAGRAM_REQUIRED,SCANNED_PAPER_VISUAL_CARD
JA_2007_P2_PHY_Q007,JEE_ADVANCED,2007,Paper 2,Physics,True,True,GENUINE_DIAGRAM_REQUIRED,SCANNED_PAPER_VISUAL_CARD
JA_2007_P2_PHY_Q008,JEE_ADVANCED,2007,Paper 2,Physics,True,True,GENUINE_DIAGRAM_REQUIRED,SCANNED_PAPER_VISUAL_CARD
JA_2007_P2_PHY_Q009,JEE_ADVANCED,2007,Paper 2,Physics,True,True,GENUINE_DIAGRAM_REQUIRED,SCANNED_PAPER_VISUAL_CARD
JA_2007_P2_PHY_Q010,JEE_ADVANCED,2007,Paper 2,Physics,True,True,GENUINE_DIAGRAM_REQUIRED,SCANNED_PAPER_VISUAL_CARD
JA_2007_P2_PHY_Q011,JEE_ADVANCED,2007,Paper 2,Physics,True,True,GENUINE_DIAGRAM_REQUIRED,SCANNED_PAPER_VISUAL_CARD
JA_2007_P2_PHY_Q012,JEE_ADVANCED,2007,Paper 2,Physics,True,True,GENUINE_DIAGRAM_REQUIRED,SCANNED_PAPER_VISUAL_CARD
JA_2007_P2_PHY_Q013,JEE_ADVANCED,2007,Paper 2,Physics,True,True,GENUINE_DIAGRAM_REQUIRED,SCANNED_PAPER_VISUAL_CARD
JA_2007_P2_PHY_Q014,JEE_ADVANCED,2007,Paper 2,Physics,True,True,GENUINE_DIAGRAM_REQUIRED,SCANNED_PAPER_VISUAL_CARD
JA_2007_P2_PHY_Q015,JEE_ADVANCED,2007,Paper 2,Physics,True,True,GENUINE_DIAGRAM_REQUIRED,SCANNED_PAPER_VISUAL_CARD
JA_2007_P2_PHY_Q016,JEE_ADVANCED,2007,Paper 2,Physics,True,True,GENUINE_DIAGRAM_REQUIRED,SCANNED_PAPER_VISUAL_CARD
JA_2007_P2_PHY_Q017,JEE_ADVANCED,2007,Paper 2,Physics,True,True,GENUINE_DIAGRAM_REQUIRED,SCANNED_PAPER_VISUAL_CARD
JA_2007_P2_PHY_Q018,JEE_ADVANCED,2007,Paper 2,Physics,True,True,GENUINE_DIAGRAM_REQUIRED,SCANNED_PAPER_VISUAL_CARD
JA_2007_P2_PHY_Q019,JEE_ADVANCED,2007,Paper 2,Physics,True,True,GENUINE_DIAGRAM_REQUIRED,SCANNED_PAPER_VISUAL_CARD
JA_2007_P2_PHY_Q020,JEE_ADVANCED,2007,Paper 2,Physics,True,True,GENUINE_DIAGRAM_REQUIRED,SCANNED_PAPER_VISUAL_CARD
JA_2007_P2_PHY_Q021,JEE_ADVANCED,2007,Paper 2,Physics,True,True,GENUINE_DIAGRAM_REQUIRED,SCANNED_PAPER_VISUAL_CARD
JA_2007_P2_PHY_Q022,JEE_ADVANCED,2007,Paper 2,Physics,True,True,GENUINE_DIAGRAM_REQUIRED,SCANNED_PAPER_VISUAL_CARD
JA_2007_P2_CHE_Q001,JEE_ADVANCED,2007,Paper 2,Chemistry,True,True,GENUINE_DIAGRAM_REQUIRED,SCANNED_PAPER_VISUAL_CARD
JA_2007_P2_CHE_Q002,JEE_ADVANCED,2007,Paper 2,Chemistry,True,True,GENUINE_DIAGRAM_REQUIRED,SCANNED_PAPER_VISUAL_CARD
JA_2007_P2_CHE_Q003,JEE_ADVANCED,2007,Paper 2,Chemistry,True,True,GENUINE_DIAGRAM_REQUIRED,SCANNED_PAPER_VISUAL_CARD
JA_2007_P2_CHE_Q004,JEE_ADVANCED,2007,Paper 2,Chemistry,True,True,GENUINE_DIAGRAM_REQUIRED,SCANNED_PAPER_VISUAL_CARD
JA_2007_P2_CHE_Q005,JEE_ADVANCED,2007,Paper 2,Chemistry,True,True,GENUINE_DIAGRAM_REQUIRED,SCANNED_PAPER_VISUAL_CARD
JA_2007_P2_CHE_Q006,JEE_ADVANCED,2007,Paper 2,Chemistry,True,True,GENUINE_DIAGRAM_REQUIRED,SCANNED_PAPER_VISUAL_CARD
JA_2007_P2_CHE_Q007,JEE_ADVANCED,2007,Paper 2,Chemistry,True,True,GENUINE_DIAGRAM_REQUIRED,SCANNED_PAPER_VISUAL_CARD
JA_2007_P2_CHE_Q008,JEE_ADVANCED,2007,Paper 2,Chemistry,True,True,GENUINE_DIAGRAM_REQUIRED,SCANNED_PAPER_VISUAL_CARD
JA_2007_P2_CHE_Q009,JEE_ADVANCED,2007,Paper 2,Chemistry,True,True,GENUINE_DIAGRAM_REQUIRED,SCANNED_PAPER_VISUAL_CARD
JA_2007_P2_CHE_Q010,JEE_ADVANCED,2007,Paper 2,Chemistry,True,True,GENUINE_DIAGRAM_REQUIRED,SCANNED_PAPER_VISUAL_CARD
JA_2007_P2_CHE_Q011,JEE_ADVANCED,2007,Paper 2,Chemistry,True,True,GENUINE_DIAGRAM_REQUIRED,SCANNED_PAPER_VISUAL_CARD
JA_2007_P2_CHE_Q012,JEE_ADVANCED,2007,Paper 2,Chemistry,True,True,GENUINE_DIAGRAM_REQUIRED,SCANNED_PAPER_VISUAL_CARD
JA_2007_P2_CHE_Q013,JEE_ADVANCED,2007,Paper 2,Chemistry,True,True,GENUINE_DIAGRAM_REQUIRED,SCANNED_PAPER_VISUAL_CARD
JA_2007_P2_CHE_Q014,JEE_ADVANCED,2007,Paper 2,Chemistry,True,True,GENUINE_DIAGRAM_REQUIRED,SCANNED_PAPER_VISUAL_CARD
JA_2007_P2_CHE_Q015,JEE_ADVANCED,2007,Paper 2,Chemistry,True,True,GENUINE_DIAGRAM_REQUIRED,SCANNED_PAPER_VISUAL_CARD
JA_2007_P2_CHE_Q016,JEE_ADVANCED,2007,Paper 2,Chemistry,True,True,GENUINE_DIAGRAM_REQUIRED,SCANNED_PAPER_VISUAL_CARD
JA_2007_P2_CHE_Q017,JEE_ADVANCED,2007,Paper 2,Chemistry,True,True,GENUINE_DIAGRAM_REQUIRED,SCANNED_PAPER_VISUAL_CARD
JA_2007_P2_CHE_Q018,JEE_ADVANCED,2007,Paper 2,Chemistry,True,True,GENUINE_DIAGRAM_REQUIRED,SCANNED_PAPER_VISUAL_CARD
JA_2007_P2_CHE_Q019,JEE_ADVANCED,2007,Paper 2,Chemistry,True,True,GENUINE_DIAGRAM_REQUIRED,SCANNED_PAPER_VISUAL_CARD
JA_2007_P2_CHE_Q020,JEE_ADVANCED,2007,Paper 2,Chemistry,True,True,GENUINE_DIAGRAM_REQUIRED,SCANNED_PAPER_VISUAL_CARD
JA_2007_P2_CHE_Q021,JEE_ADVANCED,2007,Paper 2,Chemistry,True,True,GENUINE_DIAGRAM_REQUIRED,SCANNED_PAPER_VISUAL_CARD
JA_2007_P2_CHE_Q022,JEE_ADVANCED,2007,Paper 2,Chemistry,True,True,GENUINE_DIAGRAM_REQUIRED,SCANNED_PAPER_VISUAL_CARD
JA_2007_P2_MAT_Q001,JEE_ADVANCED,2007,Paper 2,Mathematics,True,True,GENUINE_DIAGRAM_REQUIRED,SCANNED_PAPER_VISUAL_CARD
JA_2007_P2_MAT_Q002,JEE_ADVANCED,2007,Paper 2,Mathematics,True,True,GENUINE_DIAGRAM_REQUIRED,SCANNED_PAPER_VISUAL_CARD
JA_2007_P2_MAT_Q003,JEE_ADVANCED,2007,Paper 2,Mathematics,True,True,GENUINE_DIAGRAM_REQUIRED,SCANNED_PAPER_VISUAL_CARD
JA_2007_P2_MAT_Q004,JEE_ADVANCED,2007,Paper 2,Mathematics,True,True,GENUINE_DIAGRAM_REQUIRED,SCANNED_PAPER_VISUAL_CARD
JA_2007_P2_MAT_Q005,JEE_ADVANCED,2007,Paper 2,Mathematics,True,True,GENUINE_DIAGRAM_REQUIRED,SCANNED_PAPER_VISUAL_CARD
JA_2007_P2_MAT_Q006,JEE_ADVANCED,2007,Paper 2,Mathematics,True,True,GENUINE_DIAGRAM_REQUIRED,SCANNED_PAPER_VISUAL_CARD
JA_2007_P2_MAT_Q007,JEE_ADVANCED,2007,Paper 2,Mathematics,True,True,GENUINE_DIAGRAM_REQUIRED,SCANNED_PAPER_VISUAL_CARD
JA_2007_P2_MAT_Q008,JEE_ADVANCED,2007,Paper 2,Mathematics,True,True,GENUINE_DIAGRAM_REQUIRED,SCANNED_PAPER_VISUAL_CARD
JA_2007_P2_MAT_Q009,JEE_ADVANCED,2007,Paper 2,Mathematics,True,True,GENUINE_DIAGRAM_REQUIRED,SCANNED_PAPER_VISUAL_CARD
JA_2007_P2_MAT_Q010,JEE_ADVANCED,2007,Paper 2,Mathematics,True,True,GENUINE_DIAGRAM_REQUIRED,SCANNED_PAPER_VISUAL_CARD
JA_2007_P2_MAT_Q011,JEE_ADVANCED,2007,Paper 2,Mathematics,True,True,GENUINE_DIAGRAM_REQUIRED,SCANNED_PAPER_VISUAL_CARD
JA_2007_P2_MAT_Q012,JEE_ADVANCED,2007,Paper 2,Mathematics,True,True,GENUINE_DIAGRAM_REQUIRED,SCANNED_PAPER_VISUAL_CARD
JA_2007_P2_MAT_Q013,JEE_ADVANCED,2007,Paper 2,Mathematics,True,True,GENUINE_DIAGRAM_REQUIRED,SCANNED_PAPER_VISUAL_CARD
JA_2007_P2_MAT_Q014,JEE_ADVANCED,2007,Paper 2,Mathematics,True,True,GENUINE_DIAGRAM_REQUIRED,SCANNED_PAPER_VISUAL_CARD
JA_2007_P2_MAT_Q015,JEE_ADVANCED,2007,Paper 2,Mathematics,True,True,GENUINE_DIAGRAM_REQUIRED,SCANNED_PAPER_VISUAL_CARD
JA_2007_P2_MAT_Q016,JEE_ADVANCED,2007,Paper 2,Mathematics,True,True,GENUINE_DIAGRAM_REQUIRED,SCANNED_PAPER_VISUAL_CARD
JA_2007_P2_MAT_Q017,JEE_ADVANCED,2007,Paper 2,Mathematics,True,True,GENUINE_DIAGRAM_REQUIRED,SCANNED_PAPER_VISUAL_CARD
JA_2007_P2_MAT_Q018,JEE_ADVANCED,2007,Paper 2,Mathematics,True,True,GENUINE_DIAGRAM_REQUIRED,SCANNED_PAPER_VISUAL_CARD
JA_2007_P2_MAT_Q019,JEE_ADVANCED,2007,Paper 2,Mathematics,True,True,GENUINE_DIAGRAM_REQUIRED,SCANNED_PAPER_VISUAL_CARD
JA_2007_P2_MAT_Q020,JEE_ADVANCED,2007,Paper 2,Mathematics,True,True,GENUINE_DIAGRAM_REQUIRED,SCANNED_PAPER_VISUAL_CARD
JA_2007_P2_MAT_Q021,JEE_ADVANCED,2007,Paper 2,Mathematics,True,True,GENUINE_DIAGRAM_REQUIRED,SCANNED_PAPER_VISUAL_CARD
JA_2007_P2_MAT_Q022,JEE_ADVANCED,2007,Paper 2,Mathematics,True,True,GENUINE_DIAGRAM_REQUIRED,SCANNED_PAPER_VISUAL_CARD
JA_2008_P1_PHY_Q001,JEE_ADVANCED,2008,Paper 1,Physics,True,True,GENUINE_DIAGRAM_REQUIRED,SCANNED_PAPER_VISUAL_CARD
JA_2008_P1_PHY_Q002,JEE_ADVANCED,2008,Paper 1,Physics,True,True,GENUINE_DIAGRAM_REQUIRED,SCANNED_PAPER_VISUAL_CARD
JA_2008_P1_PHY_Q003,JEE_ADVANCED,2008,Paper 1,Physics,True,True,GENUINE_DIAGRAM_REQUIRED,SCANNED_PAPER_VISUAL_CARD
JA_2008_P1_PHY_Q004,JEE_ADVANCED,2008,Paper 1,Physics,True,True,GENUINE_DIAGRAM_REQUIRED,SCANNED_PAPER_VISUAL_CARD
JA_2008_P1_PHY_Q005,JEE_ADVANCED,2008,Paper 1,Physics,True,True,GENUINE_DIAGRAM_REQUIRED,SCANNED_PAPER_VISUAL_CARD
JA_2008_P1_PHY_Q006,JEE_ADVANCED,2008,Paper 1,Physics,True,True,GENUINE_DIAGRAM_REQUIRED,SCANNED_PAPER_VISUAL_CARD
JA_2008_P1_PHY_Q007,JEE_ADVANCED,2008,Paper 1,Physics,True,True,GENUINE_DIAGRAM_REQUIRED,SCANNED_PAPER_VISUAL_CARD
JA_2008_P1_PHY_Q008,JEE_ADVANCED,2008,Paper 1,Physics,True,True,GENUINE_DIAGRAM_REQUIRED,SCANNED_PAPER_VISUAL_CARD
JA_2008_P1_PHY_Q009,JEE_ADVANCED,2008,Paper 1,Physics,True,True,GENUINE_DIAGRAM_REQUIRED,SCANNED_PAPER_VISUAL_CARD
JA_2008_P1_PHY_Q010,JEE_ADVANCED,2008,Paper 1,Physics,True,True,GENUINE_DIAGRAM_REQUIRED,SCANNED_PAPER_VISUAL_CARD
JA_2008_P1_PHY_Q011,JEE_ADVANCED,2008,Paper 1,Physics,True,True,GENUINE_DIAGRAM_REQUIRED,SCANNED_PAPER_VISUAL_CARD
JA_2008_P1_PHY_Q012,JEE_ADVANCED,2008,Paper 1,Physics,True,True,GENUINE_DIAGRAM_REQUIRED,SCANNED_PAPER_VISUAL_CARD
JA_2008_P1_PHY_Q013,JEE_ADVANCED,2008,Paper 1,Physics,True,True,GENUINE_DIAGRAM_REQUIRED,SCANNED_PAPER_VISUAL_CARD
JA_2008_P1_PHY_Q014,JEE_ADVANCED,2008,Paper 1,Physics,True,True,GENUINE_DIAGRAM_REQUIRED,SCANNED_PAPER_VISUAL_CARD
JA_2008_P1_PHY_Q015,JEE_ADVANCED,2008,Paper 1,Physics,True,True,GENUINE_DIAGRAM_REQUIRED,SCANNED_PAPER_VISUAL_CARD
JA_2008_P1_PHY_Q016,JEE_ADVANCED,2008,Paper 1,Physics,True,True,GENUINE_DIAGRAM_REQUIRED,SCANNED_PAPER_VISUAL_CARD
JA_2008_P1_PHY_Q017,JEE_ADVANCED,2008,Paper 1,Physics,True,True,GENUINE_DIAGRAM_REQUIRED,SCANNED_PAPER_VISUAL_CARD
JA_2008_P1_PHY_Q018,JEE_ADVANCED,2008,Paper 1,Physics,True,True,GENUINE_DIAGRAM_REQUIRED,SCANNED_PAPER_VISUAL_CARD
JA_2008_P1_PHY_Q019,JEE_ADVANCED,2008,Paper 1,Physics,True,True,GENUINE_DIAGRAM_REQUIRED,SCANNED_PAPER_VISUAL_CARD
JA_2008_P1_PHY_Q020,JEE_ADVANCED,2008,Paper 1,Physics,True,True,GENUINE_DIAGRAM_REQUIRED,SCANNED_PAPER_VISUAL_CARD
JA_2008_P1_PHY_Q021,JEE_ADVANCED,2008,Paper 1,Physics,True,True,GENUINE_DIAGRAM_REQUIRED,SCANNED_PAPER_VISUAL_CARD
JA_2008_P1_PHY_Q022,JEE_ADVANCED,2008,Paper 1,Physics,True,True,GENUINE_DIAGRAM_REQUIRED,SCANNED_PAPER_VISUAL_CARD
JA_2008_P1_PHY_Q023,JEE_ADVANCED,2008,Paper 1,Physics,True,True,GENUINE_DIAGRAM_REQUIRED,SCANNED_PAPER_VISUAL_CARD
JA_2008_P1_CHE_Q001,JEE_ADVANCED,2008,Paper 1,Chemistry,True,True,GENUINE_DIAGRAM_REQUIRED,SCANNED_PAPER_VISUAL_CARD
JA_2008_P1_CHE_Q002,JEE_ADVANCED,2008,Paper 1,Chemistry,True,True,GENUINE_DIAGRAM_REQUIRED,SCANNED_PAPER_VISUAL_CARD
JA_2008_P1_CHE_Q003,JEE_ADVANCED,2008,Paper 1,Chemistry,True,True,GENUINE_DIAGRAM_REQUIRED,SCANNED_PAPER_VISUAL_CARD
JA_2008_P1_CHE_Q004,JEE_ADVANCED,2008,Paper 1,Chemistry,True,True,GENUINE_DIAGRAM_REQUIRED,SCANNED_PAPER_VISUAL_CARD
JA_2008_P1_CHE_Q005,JEE_ADVANCED,2008,Paper 1,Chemistry,True,True,GENUINE_DIAGRAM_REQUIRED,SCANNED_PAPER_VISUAL_CARD
JA_2008_P1_CHE_Q006,JEE_ADVANCED,2008,Paper 1,Chemistry,True,True,GENUINE_DIAGRAM_REQUIRED,SCANNED_PAPER_VISUAL_CARD
JA_2008_P1_CHE_Q007,JEE_ADVANCED,2008,Paper 1,Chemistry,True,True,GENUINE_DIAGRAM_REQUIRED,SCANNED_PAPER_VISUAL_CARD
JA_2008_P1_CHE_Q008,JEE_ADVANCED,2008,Paper 1,Chemistry,True,True,GENUINE_DIAGRAM_REQUIRED,SCANNED_PAPER_VISUAL_CARD
JA_2008_P1_CHE_Q009,JEE_ADVANCED,2008,Paper 1,Chemistry,True,True,GENUINE_DIAGRAM_REQUIRED,SCANNED_PAPER_VISUAL_CARD
JA_2008_P1_CHE_Q010,JEE_ADVANCED,2008,Paper 1,Chemistry,True,True,GENUINE_DIAGRAM_REQUIRED,SCANNED_PAPER_VISUAL_CARD
JA_2008_P1_CHE_Q011,JEE_ADVANCED,2008,Paper 1,Chemistry,True,True,GENUINE_DIAGRAM_REQUIRED,SCANNED_PAPER_VISUAL_CARD
JA_2008_P1_CHE_Q012,JEE_ADVANCED,2008,Paper 1,Chemistry,True,True,GENUINE_DIAGRAM_REQUIRED,SCANNED_PAPER_VISUAL_CARD
JA_2008_P1_CHE_Q013,JEE_ADVANCED,2008,Paper 1,Chemistry,True,True,GENUINE_DIAGRAM_REQUIRED,SCANNED_PAPER_VISUAL_CARD
JA_2008_P1_CHE_Q014,JEE_ADVANCED,2008,Paper 1,Chemistry,True,True,GENUINE_DIAGRAM_REQUIRED,SCANNED_PAPER_VISUAL_CARD
JA_2008_P1_CHE_Q015,JEE_ADVANCED,2008,Paper 1,Chemistry,True,True,GENUINE_DIAGRAM_REQUIRED,SCANNED_PAPER_VISUAL_CARD
JA_2008_P1_CHE_Q016,JEE_ADVANCED,2008,Paper 1,Chemistry,True,True,GENUINE_DIAGRAM_REQUIRED,SCANNED_PAPER_VISUAL_CARD
JA_2008_P1_CHE_Q017,JEE_ADVANCED,2008,Paper 1,Chemistry,True,True,GENUINE_DIAGRAM_REQUIRED,SCANNED_PAPER_VISUAL_CARD
JA_2008_P1_CHE_Q018,JEE_ADVANCED,2008,Paper 1,Chemistry,True,True,GENUINE_DIAGRAM_REQUIRED,SCANNED_PAPER_VISUAL_CARD
JA_2008_P1_CHE_Q019,JEE_ADVANCED,2008,Paper 1,Chemistry,True,True,GENUINE_DIAGRAM_REQUIRED,SCANNED_PAPER_VISUAL_CARD
JA_2008_P1_CHE_Q020,JEE_ADVANCED,2008,Paper 1,Chemistry,True,True,GENUINE_DIAGRAM_REQUIRED,SCANNED_PAPER_VISUAL_CARD
JA_2008_P1_CHE_Q021,JEE_ADVANCED,2008,Paper 1,Chemistry,True,True,GENUINE_DIAGRAM_REQUIRED,SCANNED_PAPER_VISUAL_CARD
JA_2008_P1_CHE_Q022,JEE_ADVANCED,2008,Paper 1,Chemistry,True,True,GENUINE_DIAGRAM_REQUIRED,SCANNED_PAPER_VISUAL_CARD
JA_2008_P1_CHE_Q023,JEE_ADVANCED,2008,Paper 1,Chemistry,True,True,GENUINE_DIAGRAM_REQUIRED,SCANNED_PAPER_VISUAL_CARD
JA_2008_P1_MAT_Q001,JEE_ADVANCED,2008,Paper 1,Mathematics,True,True,GENUINE_DIAGRAM_REQUIRED,SCANNED_PAPER_VISUAL_CARD
JA_2008_P1_MAT_Q002,JEE_ADVANCED,2008,Paper 1,Mathematics,True,True,GENUINE_DIAGRAM_REQUIRED,SCANNED_PAPER_VISUAL_CARD
JA_2008_P1_MAT_Q003,JEE_ADVANCED,2008,Paper 1,Mathematics,True,True,GENUINE_DIAGRAM_REQUIRED,SCANNED_PAPER_VISUAL_CARD
JA_2008_P1_MAT_Q004,JEE_ADVANCED,2008,Paper 1,Mathematics,True,True,GENUINE_DIAGRAM_REQUIRED,SCANNED_PAPER_VISUAL_CARD
JA_2008_P1_MAT_Q005,JEE_ADVANCED,2008,Paper 1,Mathematics,True,True,GENUINE_DIAGRAM_REQUIRED,SCANNED_PAPER_VISUAL_CARD
JA_2008_P1_MAT_Q006,JEE_ADVANCED,2008,Paper 1,Mathematics,True,True,GENUINE_DIAGRAM_REQUIRED,SCANNED_PAPER_VISUAL_CARD
JA_2008_P1_MAT_Q007,JEE_ADVANCED,2008,Paper 1,Mathematics,True,True,GENUINE_DIAGRAM_REQUIRED,SCANNED_PAPER_VISUAL_CARD
JA_2008_P1_MAT_Q008,JEE_ADVANCED,2008,Paper 1,Mathematics,True,True,GENUINE_DIAGRAM_REQUIRED,SCANNED_PAPER_VISUAL_CARD
JA_2008_P1_MAT_Q009,JEE_ADVANCED,2008,Paper 1,Mathematics,True,True,GENUINE_DIAGRAM_REQUIRED,SCANNED_PAPER_VISUAL_CARD
JA_2008_P1_MAT_Q010,JEE_ADVANCED,2008,Paper 1,Mathematics,True,True,GENUINE_DIAGRAM_REQUIRED,SCANNED_PAPER_VISUAL_CARD
JA_2008_P1_MAT_Q011,JEE_ADVANCED,2008,Paper 1,Mathematics,True,True,GENUINE_DIAGRAM_REQUIRED,SCANNED_PAPER_VISUAL_CARD
JA_2008_P1_MAT_Q012,JEE_ADVANCED,2008,Paper 1,Mathematics,True,True,GENUINE_DIAGRAM_REQUIRED,SCANNED_PAPER_VISUAL_CARD
JA_2008_P1_MAT_Q013,JEE_ADVANCED,2008,Paper 1,Mathematics,True,True,GENUINE_DIAGRAM_REQUIRED,SCANNED_PAPER_VISUAL_CARD
JA_2008_P1_MAT_Q014,JEE_ADVANCED,2008,Paper 1,Mathematics,True,True,GENUINE_DIAGRAM_REQUIRED,SCANNED_PAPER_VISUAL_CARD
JA_2008_P1_MAT_Q015,JEE_ADVANCED,2008,Paper 1,Mathematics,True,True,GENUINE_DIAGRAM_REQUIRED,SCANNED_PAPER_VISUAL_CARD
JA_2008_P1_MAT_Q016,JEE_ADVANCED,2008,Paper 1,Mathematics,True,True,GENUINE_DIAGRAM_REQUIRED,SCANNED_PAPER_VISUAL_CARD
JA_2008_P1_MAT_Q017,JEE_ADVANCED,2008,Paper 1,Mathematics,True,True,GENUINE_DIAGRAM_REQUIRED,SCANNED_PAPER_VISUAL_CARD
JA_2008_P1_MAT_Q018,JEE_ADVANCED,2008,Paper 1,Mathematics,True,True,GENUINE_DIAGRAM_REQUIRED,SCANNED_PAPER_VISUAL_CARD
JA_2008_P1_MAT_Q019,JEE_ADVANCED,2008,Paper 1,Mathematics,True,True,GENUINE_DIAGRAM_REQUIRED,SCANNED_PAPER_VISUAL_CARD
JA_2008_P1_MAT_Q020,JEE_ADVANCED,2008,Paper 1,Mathematics,True,True,GENUINE_DIAGRAM_REQUIRED,SCANNED_PAPER_VISUAL_CARD
JA_2008_P1_MAT_Q021,JEE_ADVANCED,2008,Paper 1,Mathematics,True,True,GENUINE_DIAGRAM_REQUIRED,SCANNED_PAPER_VISUAL_CARD
JA_2008_P1_MAT_Q022,JEE_ADVANCED,2008,Paper 1,Mathematics,True,True,GENUINE_DIAGRAM_REQUIRED,SCANNED_PAPER_VISUAL_CARD
JA_2008_P1_MAT_Q023,JEE_ADVANCED,2008,Paper 1,Mathematics,True,True,GENUINE_DIAGRAM_REQUIRED,SCANNED_PAPER_VISUAL_CARD
JA_2008_P2_PHY_Q001,JEE_ADVANCED,2008,Paper 2,Physics,True,True,GENUINE_DIAGRAM_REQUIRED,SCANNED_PAPER_VISUAL_CARD
JA_2008_P2_PHY_Q002,JEE_ADVANCED,2008,Paper 2,Physics,True,True,GENUINE_DIAGRAM_REQUIRED,SCANNED_PAPER_VISUAL_CARD
JA_2008_P2_PHY_Q003,JEE_ADVANCED,2008,Paper 2,Physics,True,True,GENUINE_DIAGRAM_REQUIRED,SCANNED_PAPER_VISUAL_CARD
JA_2008_P2_PHY_Q004,JEE_ADVANCED,2008,Paper 2,Physics,True,True,GENUINE_DIAGRAM_REQUIRED,SCANNED_PAPER_VISUAL_CARD
JA_2008_P2_PHY_Q005,JEE_ADVANCED,2008,Paper 2,Physics,True,True,GENUINE_DIAGRAM_REQUIRED,SCANNED_PAPER_VISUAL_CARD
JA_2008_P2_PHY_Q006,JEE_ADVANCED,2008,Paper 2,Physics,True,True,GENUINE_DIAGRAM_REQUIRED,SCANNED_PAPER_VISUAL_CARD
JA_2008_P2_PHY_Q007,JEE_ADVANCED,2008,Paper 2,Physics,True,True,GENUINE_DIAGRAM_REQUIRED,SCANNED_PAPER_VISUAL_CARD
JA_2008_P2_PHY_Q008,JEE_ADVANCED,2008,Paper 2,Physics,True,True,GENUINE_DIAGRAM_REQUIRED,SCANNED_PAPER_VISUAL_CARD
JA_2008_P2_PHY_Q009,JEE_ADVANCED,2008,Paper 2,Physics,True,True,GENUINE_DIAGRAM_REQUIRED,SCANNED_PAPER_VISUAL_CARD
JA_2008_P2_PHY_Q010,JEE_ADVANCED,2008,Paper 2,Physics,True,True,GENUINE_DIAGRAM_REQUIRED,SCANNED_PAPER_VISUAL_CARD
JA_2008_P2_PHY_Q011,JEE_ADVANCED,2008,Paper 2,Physics,True,True,GENUINE_DIAGRAM_REQUIRED,SCANNED_PAPER_VISUAL_CARD
JA_2008_P2_PHY_Q012,JEE_ADVANCED,2008,Paper 2,Physics,True,True,GENUINE_DIAGRAM_REQUIRED,SCANNED_PAPER_VISUAL_CARD
JA_2008_P2_PHY_Q013,JEE_ADVANCED,2008,Paper 2,Physics,True,True,GENUINE_DIAGRAM_REQUIRED,SCANNED_PAPER_VISUAL_CARD
JA_2008_P2_PHY_Q014,JEE_ADVANCED,2008,Paper 2,Physics,True,True,GENUINE_DIAGRAM_REQUIRED,SCANNED_PAPER_VISUAL_CARD
JA_2008_P2_PHY_Q015,JEE_ADVANCED,2008,Paper 2,Physics,True,True,GENUINE_DIAGRAM_REQUIRED,SCANNED_PAPER_VISUAL_CARD
JA_2008_P2_PHY_Q016,JEE_ADVANCED,2008,Paper 2,Physics,True,True,GENUINE_DIAGRAM_REQUIRED,SCANNED_PAPER_VISUAL_CARD
JA_2008_P2_PHY_Q017,JEE_ADVANCED,2008,Paper 2,Physics,True,True,GENUINE_DIAGRAM_REQUIRED,SCANNED_PAPER_VISUAL_CARD
JA_2008_P2_PHY_Q018,JEE_ADVANCED,2008,Paper 2,Physics,True,True,GENUINE_DIAGRAM_REQUIRED,SCANNED_PAPER_VISUAL_CARD
JA_2008_P2_PHY_Q019,JEE_ADVANCED,2008,Paper 2,Physics,True,True,GENUINE_DIAGRAM_REQUIRED,SCANNED_PAPER_VISUAL_CARD
JA_2008_P2_PHY_Q020,JEE_ADVANCED,2008,Paper 2,Physics,True,True,GENUINE_DIAGRAM_REQUIRED,SCANNED_PAPER_VISUAL_CARD
JA_2008_P2_PHY_Q021,JEE_ADVANCED,2008,Paper 2,Physics,True,True,GENUINE_DIAGRAM_REQUIRED,SCANNED_PAPER_VISUAL_CARD
JA_2008_P2_PHY_Q022,JEE_ADVANCED,2008,Paper 2,Physics,True,True,GENUINE_DIAGRAM_REQUIRED,SCANNED_PAPER_VISUAL_CARD
JA_2008_P2_CHE_Q001,JEE_ADVANCED,2008,Paper 2,Chemistry,True,True,GENUINE_DIAGRAM_REQUIRED,SCANNED_PAPER_VISUAL_CARD
JA_2008_P2_CHE_Q002,JEE_ADVANCED,2008,Paper 2,Chemistry,True,True,GENUINE_DIAGRAM_REQUIRED,SCANNED_PAPER_VISUAL_CARD
JA_2008_P2_CHE_Q003,JEE_ADVANCED,2008,Paper 2,Chemistry,True,True,GENUINE_DIAGRAM_REQUIRED,SCANNED_PAPER_VISUAL_CARD
JA_2008_P2_CHE_Q004,JEE_ADVANCED,2008,Paper 2,Chemistry,True,True,GENUINE_DIAGRAM_REQUIRED,SCANNED_PAPER_VISUAL_CARD
JA_2008_P2_CHE_Q005,JEE_ADVANCED,2008,Paper 2,Chemistry,True,True,GENUINE_DIAGRAM_REQUIRED,SCANNED_PAPER_VISUAL_CARD
JA_2008_P2_CHE_Q006,JEE_ADVANCED,2008,Paper 2,Chemistry,True,True,GENUINE_DIAGRAM_REQUIRED,SCANNED_PAPER_VISUAL_CARD
JA_2008_P2_CHE_Q007,JEE_ADVANCED,2008,Paper 2,Chemistry,True,True,GENUINE_DIAGRAM_REQUIRED,SCANNED_PAPER_VISUAL_CARD
JA_2008_P2_CHE_Q008,JEE_ADVANCED,2008,Paper 2,Chemistry,True,True,GENUINE_DIAGRAM_REQUIRED,SCANNED_PAPER_VISUAL_CARD
JA_2008_P2_CHE_Q009,JEE_ADVANCED,2008,Paper 2,Chemistry,True,True,GENUINE_DIAGRAM_REQUIRED,SCANNED_PAPER_VISUAL_CARD
JA_2008_P2_CHE_Q010,JEE_ADVANCED,2008,Paper 2,Chemistry,True,True,GENUINE_DIAGRAM_REQUIRED,SCANNED_PAPER_VISUAL_CARD
JA_2008_P2_CHE_Q011,JEE_ADVANCED,2008,Paper 2,Chemistry,True,True,GENUINE_DIAGRAM_REQUIRED,SCANNED_PAPER_VISUAL_CARD
JA_2008_P2_CHE_Q012,JEE_ADVANCED,2008,Paper 2,Chemistry,True,True,GENUINE_DIAGRAM_REQUIRED,SCANNED_PAPER_VISUAL_CARD
JA_2008_P2_CHE_Q013,JEE_ADVANCED,2008,Paper 2,Chemistry,True,True,GENUINE_DIAGRAM_REQUIRED,SCANNED_PAPER_VISUAL_CARD
JA_2008_P2_CHE_Q014,JEE_ADVANCED,2008,Paper 2,Chemistry,True,True,GENUINE_DIAGRAM_REQUIRED,SCANNED_PAPER_VISUAL_CARD
JA_2008_P2_CHE_Q015,JEE_ADVANCED,2008,Paper 2,Chemistry,True,True,GENUINE_DIAGRAM_REQUIRED,SCANNED_PAPER_VISUAL_CARD
JA_2008_P2_CHE_Q016,JEE_ADVANCED,2008,Paper 2,Chemistry,True,True,GENUINE_DIAGRAM_REQUIRED,SCANNED_PAPER_VISUAL_CARD
JA_2008_P2_CHE_Q017,JEE_ADVANCED,2008,Paper 2,Chemistry,True,True,GENUINE_DIAGRAM_REQUIRED,SCANNED_PAPER_VISUAL_CARD
JA_2008_P2_CHE_Q018,JEE_ADVANCED,2008,Paper 2,Chemistry,True,True,GENUINE_DIAGRAM_REQUIRED,SCANNED_PAPER_VISUAL_CARD
JA_2008_P2_CHE_Q019,JEE_ADVANCED,2008,Paper 2,Chemistry,True,True,GENUINE_DIAGRAM_REQUIRED,SCANNED_PAPER_VISUAL_CARD
JA_2008_P2_CHE_Q020,JEE_ADVANCED,2008,Paper 2,Chemistry,True,True,GENUINE_DIAGRAM_REQUIRED,SCANNED_PAPER_VISUAL_CARD
JA_2008_P2_CHE_Q021,JEE_ADVANCED,2008,Paper 2,Chemistry,True,True,GENUINE_DIAGRAM_REQUIRED,SCANNED_PAPER_VISUAL_CARD
JA_2008_P2_CHE_Q022,JEE_ADVANCED,2008,Paper 2,Chemistry,True,True,GENUINE_DIAGRAM_REQUIRED,SCANNED_PAPER_VISUAL_CARD
JA_2008_P2_MAT_Q001,JEE_ADVANCED,2008,Paper 2,Mathematics,True,True,GENUINE_DIAGRAM_REQUIRED,SCANNED_PAPER_VISUAL_CARD
JA_2008_P2_MAT_Q002,JEE_ADVANCED,2008,Paper 2,Mathematics,True,True,GENUINE_DIAGRAM_REQUIRED,SCANNED_PAPER_VISUAL_CARD
JA_2008_P2_MAT_Q003,JEE_ADVANCED,2008,Paper 2,Mathematics,True,True,GENUINE_DIAGRAM_REQUIRED,SCANNED_PAPER_VISUAL_CARD
JA_2008_P2_MAT_Q004,JEE_ADVANCED,2008,Paper 2,Mathematics,True,True,GENUINE_DIAGRAM_REQUIRED,SCANNED_PAPER_VISUAL_CARD
JA_2008_P2_MAT_Q005,JEE_ADVANCED,2008,Paper 2,Mathematics,True,True,GENUINE_DIAGRAM_REQUIRED,SCANNED_PAPER_VISUAL_CARD
JA_2008_P2_MAT_Q006,JEE_ADVANCED,2008,Paper 2,Mathematics,True,True,GENUINE_DIAGRAM_REQUIRED,SCANNED_PAPER_VISUAL_CARD
JA_2008_P2_MAT_Q007,JEE_ADVANCED,2008,Paper 2,Mathematics,True,True,GENUINE_DIAGRAM_REQUIRED,SCANNED_PAPER_VISUAL_CARD
JA_2008_P2_MAT_Q008,JEE_ADVANCED,2008,Paper 2,Mathematics,True,True,GENUINE_DIAGRAM_REQUIRED,SCANNED_PAPER_VISUAL_CARD
JA_2008_P2_MAT_Q009,JEE_ADVANCED,2008,Paper 2,Mathematics,True,True,GENUINE_DIAGRAM_REQUIRED,SCANNED_PAPER_VISUAL_CARD
JA_2008_P2_MAT_Q010,JEE_ADVANCED,2008,Paper 2,Mathematics,True,True,GENUINE_DIAGRAM_REQUIRED,SCANNED_PAPER_VISUAL_CARD
JA_2008_P2_MAT_Q011,JEE_ADVANCED,2008,Paper 2,Mathematics,True,True,GENUINE_DIAGRAM_REQUIRED,SCANNED_PAPER_VISUAL_CARD
JA_2008_P2_MAT_Q012,JEE_ADVANCED,2008,Paper 2,Mathematics,True,True,GENUINE_DIAGRAM_REQUIRED,SCANNED_PAPER_VISUAL_CARD
JA_2008_P2_MAT_Q013,JEE_ADVANCED,2008,Paper 2,Mathematics,True,True,GENUINE_DIAGRAM_REQUIRED,SCANNED_PAPER_VISUAL_CARD
JA_2008_P2_MAT_Q014,JEE_ADVANCED,2008,Paper 2,Mathematics,True,True,GENUINE_DIAGRAM_REQUIRED,SCANNED_PAPER_VISUAL_CARD
JA_2008_P2_MAT_Q015,JEE_ADVANCED,2008,Paper 2,Mathematics,True,True,GENUINE_DIAGRAM_REQUIRED,SCANNED_PAPER_VISUAL_CARD
JA_2008_P2_MAT_Q016,JEE_ADVANCED,2008,Paper 2,Mathematics,True,True,GENUINE_DIAGRAM_REQUIRED,SCANNED_PAPER_VISUAL_CARD
JA_2008_P2_MAT_Q017,JEE_ADVANCED,2008,Paper 2,Mathematics,True,True,GENUINE_DIAGRAM_REQUIRED,SCANNED_PAPER_VISUAL_CARD
JA_2008_P2_MAT_Q018,JEE_ADVANCED,2008,Paper 2,Mathematics,True,True,GENUINE_DIAGRAM_REQUIRED,SCANNED_PAPER_VISUAL_CARD
JA_2008_P2_MAT_Q019,JEE_ADVANCED,2008,Paper 2,Mathematics,True,True,GENUINE_DIAGRAM_REQUIRED,SCANNED_PAPER_VISUAL_CARD
JA_2008_P2_MAT_Q020,JEE_ADVANCED,2008,Paper 2,Mathematics,True,True,GENUINE_DIAGRAM_REQUIRED,SCANNED_PAPER_VISUAL_CARD
JA_2008_P2_MAT_Q021,JEE_ADVANCED,2008,Paper 2,Mathematics,True,True,GENUINE_DIAGRAM_REQUIRED,SCANNED_PAPER_VISUAL_CARD
JA_2008_P2_MAT_Q022,JEE_ADVANCED,2008,Paper 2,Mathematics,True,True,GENUINE_DIAGRAM_REQUIRED,SCANNED_PAPER_VISUAL_CARD
JA_2009_P1_PHY_Q001,JEE_ADVANCED,2009,Paper 1,Physics,True,True,GENUINE_DIAGRAM_REQUIRED,SCANNED_PAPER_VISUAL_CARD
JA_2009_P1_PHY_Q002,JEE_ADVANCED,2009,Paper 1,Physics,True,True,GENUINE_DIAGRAM_REQUIRED,SCANNED_PAPER_VISUAL_CARD
JA_2009_P1_PHY_Q003,JEE_ADVANCED,2009,Paper 1,Physics,True,True,GENUINE_DIAGRAM_REQUIRED,SCANNED_PAPER_VISUAL_CARD
JA_2009_P1_PHY_Q004,JEE_ADVANCED,2009,Paper 1,Physics,True,True,GENUINE_DIAGRAM_REQUIRED,SCANNED_PAPER_VISUAL_CARD
JA_2009_P1_PHY_Q005,JEE_ADVANCED,2009,Paper 1,Physics,True,True,GENUINE_DIAGRAM_REQUIRED,SCANNED_PAPER_VISUAL_CARD
JA_2009_P1_PHY_Q006,JEE_ADVANCED,2009,Paper 1,Physics,True,True,GENUINE_DIAGRAM_REQUIRED,SCANNED_PAPER_VISUAL_CARD
JA_2009_P1_PHY_Q007,JEE_ADVANCED,2009,Paper 1,Physics,True,True,GENUINE_DIAGRAM_REQUIRED,SCANNED_PAPER_VISUAL_CARD
JA_2009_P1_PHY_Q008,JEE_ADVANCED,2009,Paper 1,Physics,True,True,GENUINE_DIAGRAM_REQUIRED,SCANNED_PAPER_VISUAL_CARD
JA_2009_P1_PHY_Q009,JEE_ADVANCED,2009,Paper 1,Physics,True,True,GENUINE_DIAGRAM_REQUIRED,SCANNED_PAPER_VISUAL_CARD
JA_2009_P1_PHY_Q010,JEE_ADVANCED,2009,Paper 1,Physics,True,True,GENUINE_DIAGRAM_REQUIRED,SCANNED_PAPER_VISUAL_CARD
JA_2009_P1_PHY_Q011,JEE_ADVANCED,2009,Paper 1,Physics,True,True,GENUINE_DIAGRAM_REQUIRED,SCANNED_PAPER_VISUAL_CARD
JA_2009_P1_PHY_Q012,JEE_ADVANCED,2009,Paper 1,Physics,True,True,GENUINE_DIAGRAM_REQUIRED,SCANNED_PAPER_VISUAL_CARD
JA_2009_P1_PHY_Q013,JEE_ADVANCED,2009,Paper 1,Physics,True,True,GENUINE_DIAGRAM_REQUIRED,SCANNED_PAPER_VISUAL_CARD
JA_2009_P1_PHY_Q014,JEE_ADVANCED,2009,Paper 1,Physics,True,True,GENUINE_DIAGRAM_REQUIRED,SCANNED_PAPER_VISUAL_CARD
JA_2009_P1_PHY_Q015,JEE_ADVANCED,2009,Paper 1,Physics,True,True,GENUINE_DIAGRAM_REQUIRED,SCANNED_PAPER_VISUAL_CARD
JA_2009_P1_PHY_Q016,JEE_ADVANCED,2009,Paper 1,Physics,True,True,GENUINE_DIAGRAM_REQUIRED,SCANNED_PAPER_VISUAL_CARD
JA_2009_P1_PHY_Q017,JEE_ADVANCED,2009,Paper 1,Physics,True,True,GENUINE_DIAGRAM_REQUIRED,SCANNED_PAPER_VISUAL_CARD
JA_2009_P1_PHY_Q018,JEE_ADVANCED,2009,Paper 1,Physics,True,True,GENUINE_DIAGRAM_REQUIRED,SCANNED_PAPER_VISUAL_CARD
JA_2009_P1_PHY_Q019,JEE_ADVANCED,2009,Paper 1,Physics,True,True,GENUINE_DIAGRAM_REQUIRED,SCANNED_PAPER_VISUAL_CARD
JA_2009_P1_PHY_Q020,JEE_ADVANCED,2009,Paper 1,Physics,True,True,GENUINE_DIAGRAM_REQUIRED,SCANNED_PAPER_VISUAL_CARD
JA_2009_P1_CHE_Q001,JEE_ADVANCED,2009,Paper 1,Chemistry,True,True,GENUINE_DIAGRAM_REQUIRED,SCANNED_PAPER_VISUAL_CARD
JA_2009_P1_CHE_Q002,JEE_ADVANCED,2009,Paper 1,Chemistry,True,True,GENUINE_DIAGRAM_REQUIRED,SCANNED_PAPER_VISUAL_CARD
JA_2009_P1_CHE_Q003,JEE_ADVANCED,2009,Paper 1,Chemistry,True,True,GENUINE_DIAGRAM_REQUIRED,SCANNED_PAPER_VISUAL_CARD
JA_2009_P1_CHE_Q004,JEE_ADVANCED,2009,Paper 1,Chemistry,True,True,GENUINE_DIAGRAM_REQUIRED,SCANNED_PAPER_VISUAL_CARD
JA_2009_P1_CHE_Q005,JEE_ADVANCED,2009,Paper 1,Chemistry,True,True,GENUINE_DIAGRAM_REQUIRED,SCANNED_PAPER_VISUAL_CARD
JA_2009_P1_CHE_Q006,JEE_ADVANCED,2009,Paper 1,Chemistry,True,True,GENUINE_DIAGRAM_REQUIRED,SCANNED_PAPER_VISUAL_CARD
JA_2009_P1_CHE_Q007,JEE_ADVANCED,2009,Paper 1,Chemistry,True,True,GENUINE_DIAGRAM_REQUIRED,SCANNED_PAPER_VISUAL_CARD
JA_2009_P1_CHE_Q008,JEE_ADVANCED,2009,Paper 1,Chemistry,True,True,GENUINE_DIAGRAM_REQUIRED,SCANNED_PAPER_VISUAL_CARD
JA_2009_P1_CHE_Q009,JEE_ADVANCED,2009,Paper 1,Chemistry,True,True,GENUINE_DIAGRAM_REQUIRED,SCANNED_PAPER_VISUAL_CARD
JA_2009_P1_CHE_Q010,JEE_ADVANCED,2009,Paper 1,Chemistry,True,True,GENUINE_DIAGRAM_REQUIRED,SCANNED_PAPER_VISUAL_CARD
JA_2009_P1_CHE_Q011,JEE_ADVANCED,2009,Paper 1,Chemistry,True,True,GENUINE_DIAGRAM_REQUIRED,SCANNED_PAPER_VISUAL_CARD
JA_2009_P1_CHE_Q012,JEE_ADVANCED,2009,Paper 1,Chemistry,True,True,GENUINE_DIAGRAM_REQUIRED,SCANNED_PAPER_VISUAL_CARD
JA_2009_P1_CHE_Q013,JEE_ADVANCED,2009,Paper 1,Chemistry,True,True,GENUINE_DIAGRAM_REQUIRED,SCANNED_PAPER_VISUAL_CARD
JA_2009_P1_CHE_Q014,JEE_ADVANCED,2009,Paper 1,Chemistry,True,True,GENUINE_DIAGRAM_REQUIRED,SCANNED_PAPER_VISUAL_CARD
JA_2009_P1_CHE_Q015,JEE_ADVANCED,2009,Paper 1,Chemistry,True,True,GENUINE_DIAGRAM_REQUIRED,SCANNED_PAPER_VISUAL_CARD
JA_2009_P1_CHE_Q016,JEE_ADVANCED,2009,Paper 1,Chemistry,True,True,GENUINE_DIAGRAM_REQUIRED,SCANNED_PAPER_VISUAL_CARD
JA_2009_P1_CHE_Q017,JEE_ADVANCED,2009,Paper 1,Chemistry,True,True,GENUINE_DIAGRAM_REQUIRED,SCANNED_PAPER_VISUAL_CARD
JA_2009_P1_CHE_Q018,JEE_ADVANCED,2009,Paper 1,Chemistry,True,True,GENUINE_DIAGRAM_REQUIRED,SCANNED_PAPER_VISUAL_CARD
JA_2009_P1_CHE_Q019,JEE_ADVANCED,2009,Paper 1,Chemistry,True,True,GENUINE_DIAGRAM_REQUIRED,SCANNED_PAPER_VISUAL_CARD
JA_2009_P1_CHE_Q020,JEE_ADVANCED,2009,Paper 1,Chemistry,True,True,GENUINE_DIAGRAM_REQUIRED,SCANNED_PAPER_VISUAL_CARD
JA_2009_P1_MAT_Q001,JEE_ADVANCED,2009,Paper 1,Mathematics,True,True,GENUINE_DIAGRAM_REQUIRED,SCANNED_PAPER_VISUAL_CARD
JA_2009_P1_MAT_Q002,JEE_ADVANCED,2009,Paper 1,Mathematics,True,True,GENUINE_DIAGRAM_REQUIRED,SCANNED_PAPER_VISUAL_CARD
JA_2009_P1_MAT_Q003,JEE_ADVANCED,2009,Paper 1,Mathematics,True,True,GENUINE_DIAGRAM_REQUIRED,SCANNED_PAPER_VISUAL_CARD
JA_2009_P1_MAT_Q004,JEE_ADVANCED,2009,Paper 1,Mathematics,True,True,GENUINE_DIAGRAM_REQUIRED,SCANNED_PAPER_VISUAL_CARD
JA_2009_P1_MAT_Q005,JEE_ADVANCED,2009,Paper 1,Mathematics,True,True,GENUINE_DIAGRAM_REQUIRED,SCANNED_PAPER_VISUAL_CARD
JA_2009_P1_MAT_Q006,JEE_ADVANCED,2009,Paper 1,Mathematics,True,True,GENUINE_DIAGRAM_REQUIRED,SCANNED_PAPER_VISUAL_CARD
JA_2009_P1_MAT_Q007,JEE_ADVANCED,2009,Paper 1,Mathematics,True,True,GENUINE_DIAGRAM_REQUIRED,SCANNED_PAPER_VISUAL_CARD
JA_2009_P1_MAT_Q008,JEE_ADVANCED,2009,Paper 1,Mathematics,True,True,GENUINE_DIAGRAM_REQUIRED,SCANNED_PAPER_VISUAL_CARD
JA_2009_P1_MAT_Q009,JEE_ADVANCED,2009,Paper 1,Mathematics,True,True,GENUINE_DIAGRAM_REQUIRED,SCANNED_PAPER_VISUAL_CARD
JA_2009_P1_MAT_Q010,JEE_ADVANCED,2009,Paper 1,Mathematics,True,True,GENUINE_DIAGRAM_REQUIRED,SCANNED_PAPER_VISUAL_CARD
JA_2009_P1_MAT_Q011,JEE_ADVANCED,2009,Paper 1,Mathematics,True,True,GENUINE_DIAGRAM_REQUIRED,SCANNED_PAPER_VISUAL_CARD
JA_2009_P1_MAT_Q012,JEE_ADVANCED,2009,Paper 1,Mathematics,True,True,GENUINE_DIAGRAM_REQUIRED,SCANNED_PAPER_VISUAL_CARD
JA_2009_P1_MAT_Q013,JEE_ADVANCED,2009,Paper 1,Mathematics,True,True,GENUINE_DIAGRAM_REQUIRED,SCANNED_PAPER_VISUAL_CARD
JA_2009_P1_MAT_Q014,JEE_ADVANCED,2009,Paper 1,Mathematics,True,True,GENUINE_DIAGRAM_REQUIRED,SCANNED_PAPER_VISUAL_CARD
JA_2009_P1_MAT_Q015,JEE_ADVANCED,2009,Paper 1,Mathematics,True,True,GENUINE_DIAGRAM_REQUIRED,SCANNED_PAPER_VISUAL_CARD
JA_2009_P1_MAT_Q016,JEE_ADVANCED,2009,Paper 1,Mathematics,True,True,GENUINE_DIAGRAM_REQUIRED,SCANNED_PAPER_VISUAL_CARD
JA_2009_P1_MAT_Q017,JEE_ADVANCED,2009,Paper 1,Mathematics,True,True,GENUINE_DIAGRAM_REQUIRED,SCANNED_PAPER_VISUAL_CARD
JA_2009_P1_MAT_Q018,JEE_ADVANCED,2009,Paper 1,Mathematics,True,True,GENUINE_DIAGRAM_REQUIRED,SCANNED_PAPER_VISUAL_CARD
JA_2009_P1_MAT_Q019,JEE_ADVANCED,2009,Paper 1,Mathematics,True,True,GENUINE_DIAGRAM_REQUIRED,SCANNED_PAPER_VISUAL_CARD
JA_2009_P1_MAT_Q020,JEE_ADVANCED,2009,Paper 1,Mathematics,True,True,GENUINE_DIAGRAM_REQUIRED,SCANNED_PAPER_VISUAL_CARD
JA_2009_P2_PHY_Q001,JEE_ADVANCED,2009,Paper 2,Physics,True,True,GENUINE_DIAGRAM_REQUIRED,SCANNED_PAPER_VISUAL_CARD
JA_2009_P2_PHY_Q002,JEE_ADVANCED,2009,Paper 2,Physics,True,True,GENUINE_DIAGRAM_REQUIRED,SCANNED_PAPER_VISUAL_CARD
JA_2009_P2_PHY_Q003,JEE_ADVANCED,2009,Paper 2,Physics,True,True,GENUINE_DIAGRAM_REQUIRED,SCANNED_PAPER_VISUAL_CARD
JA_2009_P2_PHY_Q004,JEE_ADVANCED,2009,Paper 2,Physics,True,True,GENUINE_DIAGRAM_REQUIRED,SCANNED_PAPER_VISUAL_CARD
JA_2009_P2_PHY_Q005,JEE_ADVANCED,2009,Paper 2,Physics,True,True,GENUINE_DIAGRAM_REQUIRED,SCANNED_PAPER_VISUAL_CARD
JA_2009_P2_PHY_Q006,JEE_ADVANCED,2009,Paper 2,Physics,True,True,GENUINE_DIAGRAM_REQUIRED,SCANNED_PAPER_VISUAL_CARD
JA_2009_P2_PHY_Q007,JEE_ADVANCED,2009,Paper 2,Physics,True,True,GENUINE_DIAGRAM_REQUIRED,SCANNED_PAPER_VISUAL_CARD
JA_2009_P2_PHY_Q008,JEE_ADVANCED,2009,Paper 2,Physics,True,True,GENUINE_DIAGRAM_REQUIRED,SCANNED_PAPER_VISUAL_CARD
JA_2009_P2_PHY_Q009,JEE_ADVANCED,2009,Paper 2,Physics,True,True,GENUINE_DIAGRAM_REQUIRED,SCANNED_PAPER_VISUAL_CARD
JA_2009_P2_PHY_Q010,JEE_ADVANCED,2009,Paper 2,Physics,True,True,GENUINE_DIAGRAM_REQUIRED,SCANNED_PAPER_VISUAL_CARD
JA_2009_P2_PHY_Q011,JEE_ADVANCED,2009,Paper 2,Physics,True,True,GENUINE_DIAGRAM_REQUIRED,SCANNED_PAPER_VISUAL_CARD
JA_2009_P2_PHY_Q012,JEE_ADVANCED,2009,Paper 2,Physics,True,True,GENUINE_DIAGRAM_REQUIRED,SCANNED_PAPER_VISUAL_CARD
JA_2009_P2_PHY_Q013,JEE_ADVANCED,2009,Paper 2,Physics,True,True,GENUINE_DIAGRAM_REQUIRED,SCANNED_PAPER_VISUAL_CARD
JA_2009_P2_PHY_Q014,JEE_ADVANCED,2009,Paper 2,Physics,True,True,GENUINE_DIAGRAM_REQUIRED,SCANNED_PAPER_VISUAL_CARD
JA_2009_P2_PHY_Q015,JEE_ADVANCED,2009,Paper 2,Physics,True,True,GENUINE_DIAGRAM_REQUIRED,SCANNED_PAPER_VISUAL_CARD
JA_2009_P2_PHY_Q016,JEE_ADVANCED,2009,Paper 2,Physics,True,True,GENUINE_DIAGRAM_REQUIRED,SCANNED_PAPER_VISUAL_CARD
JA_2009_P2_PHY_Q017,JEE_ADVANCED,2009,Paper 2,Physics,True,True,GENUINE_DIAGRAM_REQUIRED,SCANNED_PAPER_VISUAL_CARD
JA_2009_P2_PHY_Q018,JEE_ADVANCED,2009,Paper 2,Physics,True,True,GENUINE_DIAGRAM_REQUIRED,SCANNED_PAPER_VISUAL_CARD
JA_2009_P2_PHY_Q019,JEE_ADVANCED,2009,Paper 2,Physics,True,True,GENUINE_DIAGRAM_REQUIRED,SCANNED_PAPER_VISUAL_CARD
JA_2009_P2_CHE_Q001,JEE_ADVANCED,2009,Paper 2,Chemistry,True,True,GENUINE_DIAGRAM_REQUIRED,SCANNED_PAPER_VISUAL_CARD
JA_2009_P2_CHE_Q002,JEE_ADVANCED,2009,Paper 2,Chemistry,True,True,GENUINE_DIAGRAM_REQUIRED,SCANNED_PAPER_VISUAL_CARD
JA_2009_P2_CHE_Q003,JEE_ADVANCED,2009,Paper 2,Chemistry,True,True,GENUINE_DIAGRAM_REQUIRED,SCANNED_PAPER_VISUAL_CARD
JA_2009_P2_CHE_Q004,JEE_ADVANCED,2009,Paper 2,Chemistry,True,True,GENUINE_DIAGRAM_REQUIRED,SCANNED_PAPER_VISUAL_CARD
JA_2009_P2_CHE_Q005,JEE_ADVANCED,2009,Paper 2,Chemistry,True,True,GENUINE_DIAGRAM_REQUIRED,SCANNED_PAPER_VISUAL_CARD
JA_2009_P2_CHE_Q006,JEE_ADVANCED,2009,Paper 2,Chemistry,True,True,GENUINE_DIAGRAM_REQUIRED,SCANNED_PAPER_VISUAL_CARD
JA_2009_P2_CHE_Q007,JEE_ADVANCED,2009,Paper 2,Chemistry,True,True,GENUINE_DIAGRAM_REQUIRED,SCANNED_PAPER_VISUAL_CARD
JA_2009_P2_CHE_Q008,JEE_ADVANCED,2009,Paper 2,Chemistry,True,True,GENUINE_DIAGRAM_REQUIRED,SCANNED_PAPER_VISUAL_CARD
JA_2009_P2_CHE_Q009,JEE_ADVANCED,2009,Paper 2,Chemistry,True,True,GENUINE_DIAGRAM_REQUIRED,SCANNED_PAPER_VISUAL_CARD
JA_2009_P2_CHE_Q010,JEE_ADVANCED,2009,Paper 2,Chemistry,True,True,GENUINE_DIAGRAM_REQUIRED,SCANNED_PAPER_VISUAL_CARD
JA_2009_P2_CHE_Q011,JEE_ADVANCED,2009,Paper 2,Chemistry,True,True,GENUINE_DIAGRAM_REQUIRED,SCANNED_PAPER_VISUAL_CARD
JA_2009_P2_CHE_Q012,JEE_ADVANCED,2009,Paper 2,Chemistry,True,True,GENUINE_DIAGRAM_REQUIRED,SCANNED_PAPER_VISUAL_CARD
JA_2009_P2_CHE_Q013,JEE_ADVANCED,2009,Paper 2,Chemistry,True,True,GENUINE_DIAGRAM_REQUIRED,SCANNED_PAPER_VISUAL_CARD
JA_2009_P2_CHE_Q014,JEE_ADVANCED,2009,Paper 2,Chemistry,True,True,GENUINE_DIAGRAM_REQUIRED,SCANNED_PAPER_VISUAL_CARD
JA_2009_P2_CHE_Q015,JEE_ADVANCED,2009,Paper 2,Chemistry,True,True,GENUINE_DIAGRAM_REQUIRED,SCANNED_PAPER_VISUAL_CARD
JA_2009_P2_CHE_Q016,JEE_ADVANCED,2009,Paper 2,Chemistry,True,True,GENUINE_DIAGRAM_REQUIRED,SCANNED_PAPER_VISUAL_CARD
JA_2009_P2_CHE_Q017,JEE_ADVANCED,2009,Paper 2,Chemistry,True,True,GENUINE_DIAGRAM_REQUIRED,SCANNED_PAPER_VISUAL_CARD
JA_2009_P2_CHE_Q018,JEE_ADVANCED,2009,Paper 2,Chemistry,True,True,GENUINE_DIAGRAM_REQUIRED,SCANNED_PAPER_VISUAL_CARD
JA_2009_P2_CHE_Q019,JEE_ADVANCED,2009,Paper 2,Chemistry,True,True,GENUINE_DIAGRAM_REQUIRED,SCANNED_PAPER_VISUAL_CARD
JA_2009_P2_MAT_Q001,JEE_ADVANCED,2009,Paper 2,Mathematics,True,True,GENUINE_DIAGRAM_REQUIRED,SCANNED_PAPER_VISUAL_CARD
JA_2009_P2_MAT_Q002,JEE_ADVANCED,2009,Paper 2,Mathematics,True,True,GENUINE_DIAGRAM_REQUIRED,SCANNED_PAPER_VISUAL_CARD
JA_2009_P2_MAT_Q003,JEE_ADVANCED,2009,Paper 2,Mathematics,True,True,GENUINE_DIAGRAM_REQUIRED,SCANNED_PAPER_VISUAL_CARD
JA_2009_P2_MAT_Q004,JEE_ADVANCED,2009,Paper 2,Mathematics,True,True,GENUINE_DIAGRAM_REQUIRED,SCANNED_PAPER_VISUAL_CARD
JA_2009_P2_MAT_Q005,JEE_ADVANCED,2009,Paper 2,Mathematics,True,True,GENUINE_DIAGRAM_REQUIRED,SCANNED_PAPER_VISUAL_CARD
JA_2009_P2_MAT_Q006,JEE_ADVANCED,2009,Paper 2,Mathematics,True,True,GENUINE_DIAGRAM_REQUIRED,SCANNED_PAPER_VISUAL_CARD
JA_2009_P2_MAT_Q007,JEE_ADVANCED,2009,Paper 2,Mathematics,True,True,GENUINE_DIAGRAM_REQUIRED,SCANNED_PAPER_VISUAL_CARD
JA_2009_P2_MAT_Q008,JEE_ADVANCED,2009,Paper 2,Mathematics,True,True,GENUINE_DIAGRAM_REQUIRED,SCANNED_PAPER_VISUAL_CARD
JA_2009_P2_MAT_Q009,JEE_ADVANCED,2009,Paper 2,Mathematics,True,True,GENUINE_DIAGRAM_REQUIRED,SCANNED_PAPER_VISUAL_CARD
JA_2009_P2_MAT_Q010,JEE_ADVANCED,2009,Paper 2,Mathematics,True,True,GENUINE_DIAGRAM_REQUIRED,SCANNED_PAPER_VISUAL_CARD
JA_2009_P2_MAT_Q011,JEE_ADVANCED,2009,Paper 2,Mathematics,True,True,GENUINE_DIAGRAM_REQUIRED,SCANNED_PAPER_VISUAL_CARD
JA_2009_P2_MAT_Q012,JEE_ADVANCED,2009,Paper 2,Mathematics,True,True,GENUINE_DIAGRAM_REQUIRED,SCANNED_PAPER_VISUAL_CARD
JA_2009_P2_MAT_Q013,JEE_ADVANCED,2009,Paper 2,Mathematics,True,True,GENUINE_DIAGRAM_REQUIRED,SCANNED_PAPER_VISUAL_CARD
JA_2009_P2_MAT_Q014,JEE_ADVANCED,2009,Paper 2,Mathematics,True,True,GENUINE_DIAGRAM_REQUIRED,SCANNED_PAPER_VISUAL_CARD
JA_2009_P2_MAT_Q015,JEE_ADVANCED,2009,Paper 2,Mathematics,True,True,GENUINE_DIAGRAM_REQUIRED,SCANNED_PAPER_VISUAL_CARD
JA_2009_P2_MAT_Q016,JEE_ADVANCED,2009,Paper 2,Mathematics,True,True,GENUINE_DIAGRAM_REQUIRED,SCANNED_PAPER_VISUAL_CARD
JA_2009_P2_MAT_Q017,JEE_ADVANCED,2009,Paper 2,Mathematics,True,True,GENUINE_DIAGRAM_REQUIRED,SCANNED_PAPER_VISUAL_CARD
JA_2009_P2_MAT_Q018,JEE_ADVANCED,2009,Paper 2,Mathematics,True,True,GENUINE_DIAGRAM_REQUIRED,SCANNED_PAPER_VISUAL_CARD
JA_2009_P2_MAT_Q019,JEE_ADVANCED,2009,Paper 2,Mathematics,True,True,GENUINE_DIAGRAM_REQUIRED,SCANNED_PAPER_VISUAL_CARD
JA_2010_P1_PHY_Q001,JEE_ADVANCED,2010,Paper 1,Physics,True,True,GENUINE_DIAGRAM_REQUIRED,SCANNED_PAPER_VISUAL_CARD
JA_2010_P1_PHY_Q002,JEE_ADVANCED,2010,Paper 1,Physics,True,True,GENUINE_DIAGRAM_REQUIRED,SCANNED_PAPER_VISUAL_CARD
JA_2010_P1_PHY_Q003,JEE_ADVANCED,2010,Paper 1,Physics,True,True,GENUINE_DIAGRAM_REQUIRED,SCANNED_PAPER_VISUAL_CARD
JA_2010_P1_PHY_Q004,JEE_ADVANCED,2010,Paper 1,Physics,True,True,GENUINE_DIAGRAM_REQUIRED,SCANNED_PAPER_VISUAL_CARD
JA_2010_P1_PHY_Q005,JEE_ADVANCED,2010,Paper 1,Physics,True,True,GENUINE_DIAGRAM_REQUIRED,SCANNED_PAPER_VISUAL_CARD
JA_2010_P1_PHY_Q006,JEE_ADVANCED,2010,Paper 1,Physics,True,True,GENUINE_DIAGRAM_REQUIRED,SCANNED_PAPER_VISUAL_CARD
JA_2010_P1_PHY_Q007,JEE_ADVANCED,2010,Paper 1,Physics,True,True,GENUINE_DIAGRAM_REQUIRED,SCANNED_PAPER_VISUAL_CARD
JA_2010_P1_PHY_Q008,JEE_ADVANCED,2010,Paper 1,Physics,True,True,GENUINE_DIAGRAM_REQUIRED,SCANNED_PAPER_VISUAL_CARD
JA_2010_P1_PHY_Q009,JEE_ADVANCED,2010,Paper 1,Physics,True,True,GENUINE_DIAGRAM_REQUIRED,SCANNED_PAPER_VISUAL_CARD
JA_2010_P1_PHY_Q010,JEE_ADVANCED,2010,Paper 1,Physics,True,True,GENUINE_DIAGRAM_REQUIRED,SCANNED_PAPER_VISUAL_CARD
JA_2010_P1_PHY_Q011,JEE_ADVANCED,2010,Paper 1,Physics,True,True,GENUINE_DIAGRAM_REQUIRED,SCANNED_PAPER_VISUAL_CARD
JA_2010_P1_PHY_Q012,JEE_ADVANCED,2010,Paper 1,Physics,True,True,GENUINE_DIAGRAM_REQUIRED,SCANNED_PAPER_VISUAL_CARD
JA_2010_P1_PHY_Q013,JEE_ADVANCED,2010,Paper 1,Physics,True,True,GENUINE_DIAGRAM_REQUIRED,SCANNED_PAPER_VISUAL_CARD
JA_2010_P1_PHY_Q014,JEE_ADVANCED,2010,Paper 1,Physics,True,True,GENUINE_DIAGRAM_REQUIRED,SCANNED_PAPER_VISUAL_CARD
JA_2010_P1_PHY_Q015,JEE_ADVANCED,2010,Paper 1,Physics,True,True,GENUINE_DIAGRAM_REQUIRED,SCANNED_PAPER_VISUAL_CARD
JA_2010_P1_PHY_Q016,JEE_ADVANCED,2010,Paper 1,Physics,True,True,GENUINE_DIAGRAM_REQUIRED,SCANNED_PAPER_VISUAL_CARD
JA_2010_P1_PHY_Q017,JEE_ADVANCED,2010,Paper 1,Physics,True,True,GENUINE_DIAGRAM_REQUIRED,SCANNED_PAPER_VISUAL_CARD
JA_2010_P1_PHY_Q018,JEE_ADVANCED,2010,Paper 1,Physics,True,True,GENUINE_DIAGRAM_REQUIRED,SCANNED_PAPER_VISUAL_CARD
JA_2010_P1_PHY_Q019,JEE_ADVANCED,2010,Paper 1,Physics,True,True,GENUINE_DIAGRAM_REQUIRED,SCANNED_PAPER_VISUAL_CARD
JA_2010_P1_PHY_Q020,JEE_ADVANCED,2010,Paper 1,Physics,True,True,GENUINE_DIAGRAM_REQUIRED,SCANNED_PAPER_VISUAL_CARD
JA_2010_P1_PHY_Q021,JEE_ADVANCED,2010,Paper 1,Physics,True,True,GENUINE_DIAGRAM_REQUIRED,SCANNED_PAPER_VISUAL_CARD
JA_2010_P1_PHY_Q022,JEE_ADVANCED,2010,Paper 1,Physics,True,True,GENUINE_DIAGRAM_REQUIRED,SCANNED_PAPER_VISUAL_CARD
JA_2010_P1_PHY_Q023,JEE_ADVANCED,2010,Paper 1,Physics,True,True,GENUINE_DIAGRAM_REQUIRED,SCANNED_PAPER_VISUAL_CARD
JA_2010_P1_CHE_Q001,JEE_ADVANCED,2010,Paper 1,Chemistry,True,True,GENUINE_DIAGRAM_REQUIRED,SCANNED_PAPER_VISUAL_CARD
JA_2010_P1_CHE_Q002,JEE_ADVANCED,2010,Paper 1,Chemistry,True,True,GENUINE_DIAGRAM_REQUIRED,SCANNED_PAPER_VISUAL_CARD
JA_2010_P1_CHE_Q003,JEE_ADVANCED,2010,Paper 1,Chemistry,True,True,GENUINE_DIAGRAM_REQUIRED,SCANNED_PAPER_VISUAL_CARD
JA_2010_P1_CHE_Q004,JEE_ADVANCED,2010,Paper 1,Chemistry,True,True,GENUINE_DIAGRAM_REQUIRED,SCANNED_PAPER_VISUAL_CARD
JA_2010_P1_CHE_Q005,JEE_ADVANCED,2010,Paper 1,Chemistry,True,True,GENUINE_DIAGRAM_REQUIRED,SCANNED_PAPER_VISUAL_CARD
JA_2010_P1_CHE_Q006,JEE_ADVANCED,2010,Paper 1,Chemistry,True,True,GENUINE_DIAGRAM_REQUIRED,SCANNED_PAPER_VISUAL_CARD
JA_2010_P1_CHE_Q007,JEE_ADVANCED,2010,Paper 1,Chemistry,True,True,GENUINE_DIAGRAM_REQUIRED,SCANNED_PAPER_VISUAL_CARD
JA_2010_P1_CHE_Q008,JEE_ADVANCED,2010,Paper 1,Chemistry,True,True,GENUINE_DIAGRAM_REQUIRED,SCANNED_PAPER_VISUAL_CARD
JA_2010_P1_CHE_Q009,JEE_ADVANCED,2010,Paper 1,Chemistry,True,True,GENUINE_DIAGRAM_REQUIRED,SCANNED_PAPER_VISUAL_CARD
JA_2010_P1_CHE_Q010,JEE_ADVANCED,2010,Paper 1,Chemistry,True,True,GENUINE_DIAGRAM_REQUIRED,SCANNED_PAPER_VISUAL_CARD
JA_2010_P1_CHE_Q011,JEE_ADVANCED,2010,Paper 1,Chemistry,True,True,GENUINE_DIAGRAM_REQUIRED,SCANNED_PAPER_VISUAL_CARD
JA_2010_P1_CHE_Q012,JEE_ADVANCED,2010,Paper 1,Chemistry,True,True,GENUINE_DIAGRAM_REQUIRED,SCANNED_PAPER_VISUAL_CARD
JA_2010_P1_CHE_Q013,JEE_ADVANCED,2010,Paper 1,Chemistry,True,True,GENUINE_DIAGRAM_REQUIRED,SCANNED_PAPER_VISUAL_CARD
JA_2010_P1_CHE_Q014,JEE_ADVANCED,2010,Paper 1,Chemistry,True,True,GENUINE_DIAGRAM_REQUIRED,SCANNED_PAPER_VISUAL_CARD
JA_2010_P1_CHE_Q015,JEE_ADVANCED,2010,Paper 1,Chemistry,True,True,GENUINE_DIAGRAM_REQUIRED,SCANNED_PAPER_VISUAL_CARD
JA_2010_P1_CHE_Q016,JEE_ADVANCED,2010,Paper 1,Chemistry,True,True,GENUINE_DIAGRAM_REQUIRED,SCANNED_PAPER_VISUAL_CARD
JA_2010_P1_CHE_Q017,JEE_ADVANCED,2010,Paper 1,Chemistry,True,True,GENUINE_DIAGRAM_REQUIRED,SCANNED_PAPER_VISUAL_CARD
JA_2010_P1_CHE_Q018,JEE_ADVANCED,2010,Paper 1,Chemistry,True,True,GENUINE_DIAGRAM_REQUIRED,SCANNED_PAPER_VISUAL_CARD
JA_2010_P1_CHE_Q019,JEE_ADVANCED,2010,Paper 1,Chemistry,True,True,GENUINE_DIAGRAM_REQUIRED,SCANNED_PAPER_VISUAL_CARD
JA_2010_P1_CHE_Q020,JEE_ADVANCED,2010,Paper 1,Chemistry,True,True,GENUINE_DIAGRAM_REQUIRED,SCANNED_PAPER_VISUAL_CARD
JA_2010_P1_CHE_Q021,JEE_ADVANCED,2010,Paper 1,Chemistry,True,True,GENUINE_DIAGRAM_REQUIRED,SCANNED_PAPER_VISUAL_CARD
JA_2010_P1_CHE_Q022,JEE_ADVANCED,2010,Paper 1,Chemistry,True,True,GENUINE_DIAGRAM_REQUIRED,SCANNED_PAPER_VISUAL_CARD
JA_2010_P1_CHE_Q023,JEE_ADVANCED,2010,Paper 1,Chemistry,True,True,GENUINE_DIAGRAM_REQUIRED,SCANNED_PAPER_VISUAL_CARD
JA_2010_P1_MAT_Q001,JEE_ADVANCED,2010,Paper 1,Mathematics,True,True,GENUINE_DIAGRAM_REQUIRED,SCANNED_PAPER_VISUAL_CARD
JA_2010_P1_MAT_Q002,JEE_ADVANCED,2010,Paper 1,Mathematics,True,True,GENUINE_DIAGRAM_REQUIRED,SCANNED_PAPER_VISUAL_CARD
JA_2010_P1_MAT_Q003,JEE_ADVANCED,2010,Paper 1,Mathematics,True,True,GENUINE_DIAGRAM_REQUIRED,SCANNED_PAPER_VISUAL_CARD
JA_2010_P1_MAT_Q004,JEE_ADVANCED,2010,Paper 1,Mathematics,True,True,GENUINE_DIAGRAM_REQUIRED,SCANNED_PAPER_VISUAL_CARD
JA_2010_P1_MAT_Q005,JEE_ADVANCED,2010,Paper 1,Mathematics,True,True,GENUINE_DIAGRAM_REQUIRED,SCANNED_PAPER_VISUAL_CARD
JA_2010_P1_MAT_Q006,JEE_ADVANCED,2010,Paper 1,Mathematics,True,True,GENUINE_DIAGRAM_REQUIRED,SCANNED_PAPER_VISUAL_CARD
JA_2010_P1_MAT_Q007,JEE_ADVANCED,2010,Paper 1,Mathematics,True,True,GENUINE_DIAGRAM_REQUIRED,SCANNED_PAPER_VISUAL_CARD
JA_2010_P1_MAT_Q008,JEE_ADVANCED,2010,Paper 1,Mathematics,True,True,GENUINE_DIAGRAM_REQUIRED,SCANNED_PAPER_VISUAL_CARD
JA_2010_P1_MAT_Q009,JEE_ADVANCED,2010,Paper 1,Mathematics,True,True,GENUINE_DIAGRAM_REQUIRED,SCANNED_PAPER_VISUAL_CARD
JA_2010_P1_MAT_Q010,JEE_ADVANCED,2010,Paper 1,Mathematics,True,True,GENUINE_DIAGRAM_REQUIRED,SCANNED_PAPER_VISUAL_CARD
JA_2010_P1_MAT_Q011,JEE_ADVANCED,2010,Paper 1,Mathematics,True,True,GENUINE_DIAGRAM_REQUIRED,SCANNED_PAPER_VISUAL_CARD
JA_2010_P1_MAT_Q012,JEE_ADVANCED,2010,Paper 1,Mathematics,True,True,GENUINE_DIAGRAM_REQUIRED,SCANNED_PAPER_VISUAL_CARD
JA_2010_P1_MAT_Q013,JEE_ADVANCED,2010,Paper 1,Mathematics,True,True,GENUINE_DIAGRAM_REQUIRED,SCANNED_PAPER_VISUAL_CARD
JA_2010_P1_MAT_Q014,JEE_ADVANCED,2010,Paper 1,Mathematics,True,True,GENUINE_DIAGRAM_REQUIRED,SCANNED_PAPER_VISUAL_CARD
JA_2010_P1_MAT_Q015,JEE_ADVANCED,2010,Paper 1,Mathematics,True,True,GENUINE_DIAGRAM_REQUIRED,SCANNED_PAPER_VISUAL_CARD
JA_2010_P1_MAT_Q016,JEE_ADVANCED,2010,Paper 1,Mathematics,True,True,GENUINE_DIAGRAM_REQUIRED,SCANNED_PAPER_VISUAL_CARD
JA_2010_P1_MAT_Q017,JEE_ADVANCED,2010,Paper 1,Mathematics,True,True,GENUINE_DIAGRAM_REQUIRED,SCANNED_PAPER_VISUAL_CARD
JA_2010_P1_MAT_Q018,JEE_ADVANCED,2010,Paper 1,Mathematics,True,True,GENUINE_DIAGRAM_REQUIRED,SCANNED_PAPER_VISUAL_CARD
JA_2010_P1_MAT_Q019,JEE_ADVANCED,2010,Paper 1,Mathematics,True,True,GENUINE_DIAGRAM_REQUIRED,SCANNED_PAPER_VISUAL_CARD
JA_2010_P1_MAT_Q020,JEE_ADVANCED,2010,Paper 1,Mathematics,True,True,GENUINE_DIAGRAM_REQUIRED,SCANNED_PAPER_VISUAL_CARD
JA_2010_P1_MAT_Q021,JEE_ADVANCED,2010,Paper 1,Mathematics,True,True,GENUINE_DIAGRAM_REQUIRED,SCANNED_PAPER_VISUAL_CARD
JA_2010_P1_MAT_Q022,JEE_ADVANCED,2010,Paper 1,Mathematics,True,True,GENUINE_DIAGRAM_REQUIRED,SCANNED_PAPER_VISUAL_CARD
JA_2010_P1_MAT_Q023,JEE_ADVANCED,2010,Paper 1,Mathematics,True,True,GENUINE_DIAGRAM_REQUIRED,SCANNED_PAPER_VISUAL_CARD
JA_2010_P2_PHY_Q001,JEE_ADVANCED,2010,Paper 2,Physics,True,True,GENUINE_DIAGRAM_REQUIRED,SCANNED_PAPER_VISUAL_CARD
JA_2010_P2_PHY_Q002,JEE_ADVANCED,2010,Paper 2,Physics,True,True,GENUINE_DIAGRAM_REQUIRED,SCANNED_PAPER_VISUAL_CARD
JA_2010_P2_PHY_Q003,JEE_ADVANCED,2010,Paper 2,Physics,True,True,GENUINE_DIAGRAM_REQUIRED,SCANNED_PAPER_VISUAL_CARD
JA_2010_P2_PHY_Q004,JEE_ADVANCED,2010,Paper 2,Physics,True,True,GENUINE_DIAGRAM_REQUIRED,SCANNED_PAPER_VISUAL_CARD
JA_2010_P2_PHY_Q005,JEE_ADVANCED,2010,Paper 2,Physics,True,True,GENUINE_DIAGRAM_REQUIRED,SCANNED_PAPER_VISUAL_CARD
JA_2010_P2_PHY_Q006,JEE_ADVANCED,2010,Paper 2,Physics,True,True,GENUINE_DIAGRAM_REQUIRED,SCANNED_PAPER_VISUAL_CARD
JA_2010_P2_PHY_Q007,JEE_ADVANCED,2010,Paper 2,Physics,True,True,GENUINE_DIAGRAM_REQUIRED,SCANNED_PAPER_VISUAL_CARD
JA_2010_P2_PHY_Q008,JEE_ADVANCED,2010,Paper 2,Physics,True,True,GENUINE_DIAGRAM_REQUIRED,SCANNED_PAPER_VISUAL_CARD
JA_2010_P2_PHY_Q009,JEE_ADVANCED,2010,Paper 2,Physics,True,True,GENUINE_DIAGRAM_REQUIRED,SCANNED_PAPER_VISUAL_CARD
JA_2010_P2_PHY_Q010,JEE_ADVANCED,2010,Paper 2,Physics,True,True,GENUINE_DIAGRAM_REQUIRED,SCANNED_PAPER_VISUAL_CARD
JA_2010_P2_PHY_Q011,JEE_ADVANCED,2010,Paper 2,Physics,True,True,GENUINE_DIAGRAM_REQUIRED,SCANNED_PAPER_VISUAL_CARD
JA_2010_P2_PHY_Q012,JEE_ADVANCED,2010,Paper 2,Physics,True,True,GENUINE_DIAGRAM_REQUIRED,SCANNED_PAPER_VISUAL_CARD
JA_2010_P2_PHY_Q013,JEE_ADVANCED,2010,Paper 2,Physics,True,True,GENUINE_DIAGRAM_REQUIRED,SCANNED_PAPER_VISUAL_CARD
JA_2010_P2_PHY_Q014,JEE_ADVANCED,2010,Paper 2,Physics,True,True,GENUINE_DIAGRAM_REQUIRED,SCANNED_PAPER_VISUAL_CARD
JA_2010_P2_PHY_Q015,JEE_ADVANCED,2010,Paper 2,Physics,True,True,GENUINE_DIAGRAM_REQUIRED,SCANNED_PAPER_VISUAL_CARD
JA_2010_P2_PHY_Q016,JEE_ADVANCED,2010,Paper 2,Physics,True,True,GENUINE_DIAGRAM_REQUIRED,SCANNED_PAPER_VISUAL_CARD
JA_2010_P2_PHY_Q017,JEE_ADVANCED,2010,Paper 2,Physics,True,True,GENUINE_DIAGRAM_REQUIRED,SCANNED_PAPER_VISUAL_CARD
JA_2010_P2_PHY_Q018,JEE_ADVANCED,2010,Paper 2,Physics,True,True,GENUINE_DIAGRAM_REQUIRED,SCANNED_PAPER_VISUAL_CARD
JA_2010_P2_PHY_Q019,JEE_ADVANCED,2010,Paper 2,Physics,True,True,GENUINE_DIAGRAM_REQUIRED,SCANNED_PAPER_VISUAL_CARD
JA_2010_P2_CHE_Q001,JEE_ADVANCED,2010,Paper 2,Chemistry,True,True,GENUINE_DIAGRAM_REQUIRED,SCANNED_PAPER_VISUAL_CARD
JA_2010_P2_CHE_Q002,JEE_ADVANCED,2010,Paper 2,Chemistry,True,True,GENUINE_DIAGRAM_REQUIRED,SCANNED_PAPER_VISUAL_CARD
JA_2010_P2_CHE_Q003,JEE_ADVANCED,2010,Paper 2,Chemistry,True,True,GENUINE_DIAGRAM_REQUIRED,SCANNED_PAPER_VISUAL_CARD
JA_2010_P2_CHE_Q004,JEE_ADVANCED,2010,Paper 2,Chemistry,True,True,GENUINE_DIAGRAM_REQUIRED,SCANNED_PAPER_VISUAL_CARD
JA_2010_P2_CHE_Q005,JEE_ADVANCED,2010,Paper 2,Chemistry,True,True,GENUINE_DIAGRAM_REQUIRED,SCANNED_PAPER_VISUAL_CARD
JA_2010_P2_CHE_Q006,JEE_ADVANCED,2010,Paper 2,Chemistry,True,True,GENUINE_DIAGRAM_REQUIRED,SCANNED_PAPER_VISUAL_CARD
JA_2010_P2_CHE_Q007,JEE_ADVANCED,2010,Paper 2,Chemistry,True,True,GENUINE_DIAGRAM_REQUIRED,SCANNED_PAPER_VISUAL_CARD
JA_2010_P2_CHE_Q008,JEE_ADVANCED,2010,Paper 2,Chemistry,True,True,GENUINE_DIAGRAM_REQUIRED,SCANNED_PAPER_VISUAL_CARD
JA_2010_P2_CHE_Q009,JEE_ADVANCED,2010,Paper 2,Chemistry,True,True,GENUINE_DIAGRAM_REQUIRED,SCANNED_PAPER_VISUAL_CARD
JA_2010_P2_CHE_Q010,JEE_ADVANCED,2010,Paper 2,Chemistry,True,True,GENUINE_DIAGRAM_REQUIRED,SCANNED_PAPER_VISUAL_CARD
JA_2010_P2_CHE_Q011,JEE_ADVANCED,2010,Paper 2,Chemistry,True,True,GENUINE_DIAGRAM_REQUIRED,SCANNED_PAPER_VISUAL_CARD
JA_2010_P2_CHE_Q012,JEE_ADVANCED,2010,Paper 2,Chemistry,True,True,GENUINE_DIAGRAM_REQUIRED,SCANNED_PAPER_VISUAL_CARD
JA_2010_P2_CHE_Q013,JEE_ADVANCED,2010,Paper 2,Chemistry,True,True,GENUINE_DIAGRAM_REQUIRED,SCANNED_PAPER_VISUAL_CARD
JA_2010_P2_CHE_Q014,JEE_ADVANCED,2010,Paper 2,Chemistry,True,True,GENUINE_DIAGRAM_REQUIRED,SCANNED_PAPER_VISUAL_CARD
JA_2010_P2_CHE_Q015,JEE_ADVANCED,2010,Paper 2,Chemistry,True,True,GENUINE_DIAGRAM_REQUIRED,SCANNED_PAPER_VISUAL_CARD
JA_2010_P2_CHE_Q016,JEE_ADVANCED,2010,Paper 2,Chemistry,True,True,GENUINE_DIAGRAM_REQUIRED,SCANNED_PAPER_VISUAL_CARD
JA_2010_P2_CHE_Q017,JEE_ADVANCED,2010,Paper 2,Chemistry,True,True,GENUINE_DIAGRAM_REQUIRED,SCANNED_PAPER_VISUAL_CARD
JA_2010_P2_CHE_Q018,JEE_ADVANCED,2010,Paper 2,Chemistry,True,True,GENUINE_DIAGRAM_REQUIRED,SCANNED_PAPER_VISUAL_CARD
JA_2010_P2_CHE_Q019,JEE_ADVANCED,2010,Paper 2,Chemistry,True,True,GENUINE_DIAGRAM_REQUIRED,SCANNED_PAPER_VISUAL_CARD
JA_2010_P2_MAT_Q001,JEE_ADVANCED,2010,Paper 2,Mathematics,True,True,GENUINE_DIAGRAM_REQUIRED,SCANNED_PAPER_VISUAL_CARD
JA_2010_P2_MAT_Q002,JEE_ADVANCED,2010,Paper 2,Mathematics,True,True,GENUINE_DIAGRAM_REQUIRED,SCANNED_PAPER_VISUAL_CARD
JA_2010_P2_MAT_Q003,JEE_ADVANCED,2010,Paper 2,Mathematics,True,True,GENUINE_DIAGRAM_REQUIRED,SCANNED_PAPER_VISUAL_CARD
JA_2010_P2_MAT_Q004,JEE_ADVANCED,2010,Paper 2,Mathematics,True,True,GENUINE_DIAGRAM_REQUIRED,SCANNED_PAPER_VISUAL_CARD
JA_2010_P2_MAT_Q005,JEE_ADVANCED,2010,Paper 2,Mathematics,True,True,GENUINE_DIAGRAM_REQUIRED,SCANNED_PAPER_VISUAL_CARD
JA_2010_P2_MAT_Q006,JEE_ADVANCED,2010,Paper 2,Mathematics,True,True,GENUINE_DIAGRAM_REQUIRED,SCANNED_PAPER_VISUAL_CARD
JA_2010_P2_MAT_Q007,JEE_ADVANCED,2010,Paper 2,Mathematics,True,True,GENUINE_DIAGRAM_REQUIRED,SCANNED_PAPER_VISUAL_CARD
JA_2010_P2_MAT_Q008,JEE_ADVANCED,2010,Paper 2,Mathematics,True,True,GENUINE_DIAGRAM_REQUIRED,SCANNED_PAPER_VISUAL_CARD
JA_2010_P2_MAT_Q009,JEE_ADVANCED,2010,Paper 2,Mathematics,True,True,GENUINE_DIAGRAM_REQUIRED,SCANNED_PAPER_VISUAL_CARD
JA_2010_P2_MAT_Q010,JEE_ADVANCED,2010,Paper 2,Mathematics,True,True,GENUINE_DIAGRAM_REQUIRED,SCANNED_PAPER_VISUAL_CARD
JA_2010_P2_MAT_Q011,JEE_ADVANCED,2010,Paper 2,Mathematics,True,True,GENUINE_DIAGRAM_REQUIRED,SCANNED_PAPER_VISUAL_CARD
JA_2010_P2_MAT_Q012,JEE_ADVANCED,2010,Paper 2,Mathematics,True,True,GENUINE_DIAGRAM_REQUIRED,SCANNED_PAPER_VISUAL_CARD
JA_2010_P2_MAT_Q013,JEE_ADVANCED,2010,Paper 2,Mathematics,True,True,GENUINE_DIAGRAM_REQUIRED,SCANNED_PAPER_VISUAL_CARD
JA_2010_P2_MAT_Q014,JEE_ADVANCED,2010,Paper 2,Mathematics,True,True,GENUINE_DIAGRAM_REQUIRED,SCANNED_PAPER_VISUAL_CARD
JA_2010_P2_MAT_Q015,JEE_ADVANCED,2010,Paper 2,Mathematics,True,True,GENUINE_DIAGRAM_REQUIRED,SCANNED_PAPER_VISUAL_CARD
JA_2010_P2_MAT_Q016,JEE_ADVANCED,2010,Paper 2,Mathematics,True,True,GENUINE_DIAGRAM_REQUIRED,SCANNED_PAPER_VISUAL_CARD
JA_2010_P2_MAT_Q017,JEE_ADVANCED,2010,Paper 2,Mathematics,True,True,GENUINE_DIAGRAM_REQUIRED,SCANNED_PAPER_VISUAL_CARD
JA_2010_P2_MAT_Q018,JEE_ADVANCED,2010,Paper 2,Mathematics,True,True,GENUINE_DIAGRAM_REQUIRED,SCANNED_PAPER_VISUAL_CARD
JA_2010_P2_MAT_Q019,JEE_ADVANCED,2010,Paper 2,Mathematics,True,True,GENUINE_DIAGRAM_REQUIRED,SCANNED_PAPER_VISUAL_CARD
JA_2011_P1_PHY_Q001,JEE_ADVANCED,2011,Paper 1,Physics,True,True,GENUINE_DIAGRAM_REQUIRED,SCANNED_PAPER_VISUAL_CARD
JA_2011_P1_PHY_Q002,JEE_ADVANCED,2011,Paper 1,Physics,True,True,GENUINE_DIAGRAM_REQUIRED,SCANNED_PAPER_VISUAL_CARD
JA_2011_P1_PHY_Q003,JEE_ADVANCED,2011,Paper 1,Physics,True,True,GENUINE_DIAGRAM_REQUIRED,SCANNED_PAPER_VISUAL_CARD
JA_2011_P1_PHY_Q004,JEE_ADVANCED,2011,Paper 1,Physics,True,True,GENUINE_DIAGRAM_REQUIRED,SCANNED_PAPER_VISUAL_CARD
JA_2011_P1_PHY_Q005,JEE_ADVANCED,2011,Paper 1,Physics,True,True,GENUINE_DIAGRAM_REQUIRED,SCANNED_PAPER_VISUAL_CARD
JA_2011_P1_PHY_Q006,JEE_ADVANCED,2011,Paper 1,Physics,True,True,GENUINE_DIAGRAM_REQUIRED,SCANNED_PAPER_VISUAL_CARD
JA_2011_P1_PHY_Q007,JEE_ADVANCED,2011,Paper 1,Physics,True,True,GENUINE_DIAGRAM_REQUIRED,SCANNED_PAPER_VISUAL_CARD
JA_2011_P1_PHY_Q008,JEE_ADVANCED,2011,Paper 1,Physics,True,True,GENUINE_DIAGRAM_REQUIRED,SCANNED_PAPER_VISUAL_CARD
JA_2011_P1_PHY_Q009,JEE_ADVANCED,2011,Paper 1,Physics,True,True,GENUINE_DIAGRAM_REQUIRED,SCANNED_PAPER_VISUAL_CARD
JA_2011_P1_PHY_Q010,JEE_ADVANCED,2011,Paper 1,Physics,True,True,GENUINE_DIAGRAM_REQUIRED,SCANNED_PAPER_VISUAL_CARD
JA_2011_P1_PHY_Q011,JEE_ADVANCED,2011,Paper 1,Physics,True,True,GENUINE_DIAGRAM_REQUIRED,SCANNED_PAPER_VISUAL_CARD
JA_2011_P1_PHY_Q012,JEE_ADVANCED,2011,Paper 1,Physics,True,True,GENUINE_DIAGRAM_REQUIRED,SCANNED_PAPER_VISUAL_CARD
JA_2011_P1_PHY_Q013,JEE_ADVANCED,2011,Paper 1,Physics,True,True,GENUINE_DIAGRAM_REQUIRED,SCANNED_PAPER_VISUAL_CARD
JA_2011_P1_PHY_Q014,JEE_ADVANCED,2011,Paper 1,Physics,True,True,GENUINE_DIAGRAM_REQUIRED,SCANNED_PAPER_VISUAL_CARD
JA_2011_P1_PHY_Q015,JEE_ADVANCED,2011,Paper 1,Physics,True,True,GENUINE_DIAGRAM_REQUIRED,SCANNED_PAPER_VISUAL_CARD
JA_2011_P1_PHY_Q016,JEE_ADVANCED,2011,Paper 1,Physics,True,True,GENUINE_DIAGRAM_REQUIRED,SCANNED_PAPER_VISUAL_CARD
JA_2011_P1_PHY_Q017,JEE_ADVANCED,2011,Paper 1,Physics,True,True,GENUINE_DIAGRAM_REQUIRED,SCANNED_PAPER_VISUAL_CARD
JA_2011_P1_PHY_Q018,JEE_ADVANCED,2011,Paper 1,Physics,True,True,GENUINE_DIAGRAM_REQUIRED,SCANNED_PAPER_VISUAL_CARD
JA_2011_P1_PHY_Q019,JEE_ADVANCED,2011,Paper 1,Physics,True,True,GENUINE_DIAGRAM_REQUIRED,SCANNED_PAPER_VISUAL_CARD
JA_2011_P1_PHY_Q020,JEE_ADVANCED,2011,Paper 1,Physics,True,True,GENUINE_DIAGRAM_REQUIRED,SCANNED_PAPER_VISUAL_CARD
JA_2011_P1_PHY_Q021,JEE_ADVANCED,2011,Paper 1,Physics,True,True,GENUINE_DIAGRAM_REQUIRED,SCANNED_PAPER_VISUAL_CARD
JA_2011_P1_PHY_Q022,JEE_ADVANCED,2011,Paper 1,Physics,True,True,GENUINE_DIAGRAM_REQUIRED,SCANNED_PAPER_VISUAL_CARD
JA_2011_P1_PHY_Q023,JEE_ADVANCED,2011,Paper 1,Physics,True,True,GENUINE_DIAGRAM_REQUIRED,SCANNED_PAPER_VISUAL_CARD
JA_2011_P1_CHE_Q001,JEE_ADVANCED,2011,Paper 1,Chemistry,True,True,GENUINE_DIAGRAM_REQUIRED,SCANNED_PAPER_VISUAL_CARD
JA_2011_P1_CHE_Q002,JEE_ADVANCED,2011,Paper 1,Chemistry,True,True,GENUINE_DIAGRAM_REQUIRED,SCANNED_PAPER_VISUAL_CARD
JA_2011_P1_CHE_Q003,JEE_ADVANCED,2011,Paper 1,Chemistry,True,True,GENUINE_DIAGRAM_REQUIRED,SCANNED_PAPER_VISUAL_CARD
JA_2011_P1_CHE_Q004,JEE_ADVANCED,2011,Paper 1,Chemistry,True,True,GENUINE_DIAGRAM_REQUIRED,SCANNED_PAPER_VISUAL_CARD
JA_2011_P1_CHE_Q005,JEE_ADVANCED,2011,Paper 1,Chemistry,True,True,GENUINE_DIAGRAM_REQUIRED,SCANNED_PAPER_VISUAL_CARD
JA_2011_P1_CHE_Q006,JEE_ADVANCED,2011,Paper 1,Chemistry,True,True,GENUINE_DIAGRAM_REQUIRED,SCANNED_PAPER_VISUAL_CARD
JA_2011_P1_CHE_Q007,JEE_ADVANCED,2011,Paper 1,Chemistry,True,True,GENUINE_DIAGRAM_REQUIRED,SCANNED_PAPER_VISUAL_CARD
JA_2011_P1_CHE_Q008,JEE_ADVANCED,2011,Paper 1,Chemistry,True,True,GENUINE_DIAGRAM_REQUIRED,SCANNED_PAPER_VISUAL_CARD
JA_2011_P1_CHE_Q009,JEE_ADVANCED,2011,Paper 1,Chemistry,True,True,GENUINE_DIAGRAM_REQUIRED,SCANNED_PAPER_VISUAL_CARD
JA_2011_P1_CHE_Q010,JEE_ADVANCED,2011,Paper 1,Chemistry,True,True,GENUINE_DIAGRAM_REQUIRED,SCANNED_PAPER_VISUAL_CARD
JA_2011_P1_CHE_Q011,JEE_ADVANCED,2011,Paper 1,Chemistry,True,True,GENUINE_DIAGRAM_REQUIRED,SCANNED_PAPER_VISUAL_CARD
JA_2011_P1_CHE_Q012,JEE_ADVANCED,2011,Paper 1,Chemistry,True,True,GENUINE_DIAGRAM_REQUIRED,SCANNED_PAPER_VISUAL_CARD
JA_2011_P1_CHE_Q013,JEE_ADVANCED,2011,Paper 1,Chemistry,True,True,GENUINE_DIAGRAM_REQUIRED,SCANNED_PAPER_VISUAL_CARD
JA_2011_P1_CHE_Q014,JEE_ADVANCED,2011,Paper 1,Chemistry,True,True,GENUINE_DIAGRAM_REQUIRED,SCANNED_PAPER_VISUAL_CARD
JA_2011_P1_CHE_Q015,JEE_ADVANCED,2011,Paper 1,Chemistry,True,True,GENUINE_DIAGRAM_REQUIRED,SCANNED_PAPER_VISUAL_CARD
JA_2011_P1_CHE_Q016,JEE_ADVANCED,2011,Paper 1,Chemistry,True,True,GENUINE_DIAGRAM_REQUIRED,SCANNED_PAPER_VISUAL_CARD
JA_2011_P1_CHE_Q017,JEE_ADVANCED,2011,Paper 1,Chemistry,True,True,GENUINE_DIAGRAM_REQUIRED,SCANNED_PAPER_VISUAL_CARD
JA_2011_P1_CHE_Q018,JEE_ADVANCED,2011,Paper 1,Chemistry,True,True,GENUINE_DIAGRAM_REQUIRED,SCANNED_PAPER_VISUAL_CARD
JA_2011_P1_CHE_Q019,JEE_ADVANCED,2011,Paper 1,Chemistry,True,True,GENUINE_DIAGRAM_REQUIRED,SCANNED_PAPER_VISUAL_CARD
JA_2011_P1_CHE_Q020,JEE_ADVANCED,2011,Paper 1,Chemistry,True,True,GENUINE_DIAGRAM_REQUIRED,SCANNED_PAPER_VISUAL_CARD
JA_2011_P1_CHE_Q021,JEE_ADVANCED,2011,Paper 1,Chemistry,True,True,GENUINE_DIAGRAM_REQUIRED,SCANNED_PAPER_VISUAL_CARD
JA_2011_P1_CHE_Q022,JEE_ADVANCED,2011,Paper 1,Chemistry,True,True,GENUINE_DIAGRAM_REQUIRED,SCANNED_PAPER_VISUAL_CARD
JA_2011_P1_CHE_Q023,JEE_ADVANCED,2011,Paper 1,Chemistry,True,True,GENUINE_DIAGRAM_REQUIRED,SCANNED_PAPER_VISUAL_CARD
JA_2011_P1_MAT_Q001,JEE_ADVANCED,2011,Paper 1,Mathematics,True,True,GENUINE_DIAGRAM_REQUIRED,SCANNED_PAPER_VISUAL_CARD
JA_2011_P1_MAT_Q002,JEE_ADVANCED,2011,Paper 1,Mathematics,True,True,GENUINE_DIAGRAM_REQUIRED,SCANNED_PAPER_VISUAL_CARD
JA_2011_P1_MAT_Q003,JEE_ADVANCED,2011,Paper 1,Mathematics,True,True,GENUINE_DIAGRAM_REQUIRED,SCANNED_PAPER_VISUAL_CARD
JA_2011_P1_MAT_Q004,JEE_ADVANCED,2011,Paper 1,Mathematics,True,True,GENUINE_DIAGRAM_REQUIRED,SCANNED_PAPER_VISUAL_CARD
JA_2011_P1_MAT_Q005,JEE_ADVANCED,2011,Paper 1,Mathematics,True,True,GENUINE_DIAGRAM_REQUIRED,SCANNED_PAPER_VISUAL_CARD
JA_2011_P1_MAT_Q006,JEE_ADVANCED,2011,Paper 1,Mathematics,True,True,GENUINE_DIAGRAM_REQUIRED,SCANNED_PAPER_VISUAL_CARD
JA_2011_P1_MAT_Q007,JEE_ADVANCED,2011,Paper 1,Mathematics,True,True,GENUINE_DIAGRAM_REQUIRED,SCANNED_PAPER_VISUAL_CARD
JA_2011_P1_MAT_Q008,JEE_ADVANCED,2011,Paper 1,Mathematics,True,True,GENUINE_DIAGRAM_REQUIRED,SCANNED_PAPER_VISUAL_CARD
JA_2011_P1_MAT_Q009,JEE_ADVANCED,2011,Paper 1,Mathematics,True,True,GENUINE_DIAGRAM_REQUIRED,SCANNED_PAPER_VISUAL_CARD
JA_2011_P1_MAT_Q010,JEE_ADVANCED,2011,Paper 1,Mathematics,True,True,GENUINE_DIAGRAM_REQUIRED,SCANNED_PAPER_VISUAL_CARD
JA_2011_P1_MAT_Q011,JEE_ADVANCED,2011,Paper 1,Mathematics,True,True,GENUINE_DIAGRAM_REQUIRED,SCANNED_PAPER_VISUAL_CARD
JA_2011_P1_MAT_Q012,JEE_ADVANCED,2011,Paper 1,Mathematics,True,True,GENUINE_DIAGRAM_REQUIRED,SCANNED_PAPER_VISUAL_CARD
JA_2011_P1_MAT_Q013,JEE_ADVANCED,2011,Paper 1,Mathematics,True,True,GENUINE_DIAGRAM_REQUIRED,SCANNED_PAPER_VISUAL_CARD
JA_2011_P1_MAT_Q014,JEE_ADVANCED,2011,Paper 1,Mathematics,True,True,GENUINE_DIAGRAM_REQUIRED,SCANNED_PAPER_VISUAL_CARD
JA_2011_P1_MAT_Q015,JEE_ADVANCED,2011,Paper 1,Mathematics,True,True,GENUINE_DIAGRAM_REQUIRED,SCANNED_PAPER_VISUAL_CARD
JA_2011_P1_MAT_Q016,JEE_ADVANCED,2011,Paper 1,Mathematics,True,True,GENUINE_DIAGRAM_REQUIRED,SCANNED_PAPER_VISUAL_CARD
JA_2011_P1_MAT_Q017,JEE_ADVANCED,2011,Paper 1,Mathematics,True,True,GENUINE_DIAGRAM_REQUIRED,SCANNED_PAPER_VISUAL_CARD
JA_2011_P1_MAT_Q018,JEE_ADVANCED,2011,Paper 1,Mathematics,True,True,GENUINE_DIAGRAM_REQUIRED,SCANNED_PAPER_VISUAL_CARD
JA_2011_P1_MAT_Q019,JEE_ADVANCED,2011,Paper 1,Mathematics,True,True,GENUINE_DIAGRAM_REQUIRED,SCANNED_PAPER_VISUAL_CARD
JA_2011_P1_MAT_Q020,JEE_ADVANCED,2011,Paper 1,Mathematics,True,True,GENUINE_DIAGRAM_REQUIRED,SCANNED_PAPER_VISUAL_CARD
JA_2011_P1_MAT_Q021,JEE_ADVANCED,2011,Paper 1,Mathematics,True,True,GENUINE_DIAGRAM_REQUIRED,SCANNED_PAPER_VISUAL_CARD
JA_2011_P1_MAT_Q022,JEE_ADVANCED,2011,Paper 1,Mathematics,True,True,GENUINE_DIAGRAM_REQUIRED,SCANNED_PAPER_VISUAL_CARD
JA_2011_P1_MAT_Q023,JEE_ADVANCED,2011,Paper 1,Mathematics,True,True,GENUINE_DIAGRAM_REQUIRED,SCANNED_PAPER_VISUAL_CARD
JA_2011_P2_PHY_Q001,JEE_ADVANCED,2011,Paper 2,Physics,True,True,GENUINE_DIAGRAM_REQUIRED,SCANNED_PAPER_VISUAL_CARD
JA_2011_P2_PHY_Q002,JEE_ADVANCED,2011,Paper 2,Physics,True,True,GENUINE_DIAGRAM_REQUIRED,SCANNED_PAPER_VISUAL_CARD
JA_2011_P2_PHY_Q003,JEE_ADVANCED,2011,Paper 2,Physics,True,True,GENUINE_DIAGRAM_REQUIRED,SCANNED_PAPER_VISUAL_CARD
JA_2011_P2_PHY_Q004,JEE_ADVANCED,2011,Paper 2,Physics,True,True,GENUINE_DIAGRAM_REQUIRED,SCANNED_PAPER_VISUAL_CARD
JA_2011_P2_PHY_Q005,JEE_ADVANCED,2011,Paper 2,Physics,True,True,GENUINE_DIAGRAM_REQUIRED,SCANNED_PAPER_VISUAL_CARD
JA_2011_P2_PHY_Q006,JEE_ADVANCED,2011,Paper 2,Physics,True,True,GENUINE_DIAGRAM_REQUIRED,SCANNED_PAPER_VISUAL_CARD
JA_2011_P2_PHY_Q007,JEE_ADVANCED,2011,Paper 2,Physics,True,True,GENUINE_DIAGRAM_REQUIRED,SCANNED_PAPER_VISUAL_CARD
JA_2011_P2_PHY_Q008,JEE_ADVANCED,2011,Paper 2,Physics,True,True,GENUINE_DIAGRAM_REQUIRED,SCANNED_PAPER_VISUAL_CARD
JA_2011_P2_PHY_Q009,JEE_ADVANCED,2011,Paper 2,Physics,True,True,GENUINE_DIAGRAM_REQUIRED,SCANNED_PAPER_VISUAL_CARD
JA_2011_P2_PHY_Q010,JEE_ADVANCED,2011,Paper 2,Physics,True,True,GENUINE_DIAGRAM_REQUIRED,SCANNED_PAPER_VISUAL_CARD
JA_2011_P2_PHY_Q011,JEE_ADVANCED,2011,Paper 2,Physics,True,True,GENUINE_DIAGRAM_REQUIRED,SCANNED_PAPER_VISUAL_CARD
JA_2011_P2_PHY_Q012,JEE_ADVANCED,2011,Paper 2,Physics,True,True,GENUINE_DIAGRAM_REQUIRED,SCANNED_PAPER_VISUAL_CARD
JA_2011_P2_PHY_Q013,JEE_ADVANCED,2011,Paper 2,Physics,True,True,GENUINE_DIAGRAM_REQUIRED,SCANNED_PAPER_VISUAL_CARD
JA_2011_P2_PHY_Q014,JEE_ADVANCED,2011,Paper 2,Physics,True,True,GENUINE_DIAGRAM_REQUIRED,SCANNED_PAPER_VISUAL_CARD
JA_2011_P2_PHY_Q015,JEE_ADVANCED,2011,Paper 2,Physics,True,True,GENUINE_DIAGRAM_REQUIRED,SCANNED_PAPER_VISUAL_CARD
JA_2011_P2_PHY_Q016,JEE_ADVANCED,2011,Paper 2,Physics,True,True,GENUINE_DIAGRAM_REQUIRED,SCANNED_PAPER_VISUAL_CARD
JA_2011_P2_PHY_Q017,JEE_ADVANCED,2011,Paper 2,Physics,True,True,GENUINE_DIAGRAM_REQUIRED,SCANNED_PAPER_VISUAL_CARD
JA_2011_P2_PHY_Q018,JEE_ADVANCED,2011,Paper 2,Physics,True,True,GENUINE_DIAGRAM_REQUIRED,SCANNED_PAPER_VISUAL_CARD
JA_2011_P2_PHY_Q019,JEE_ADVANCED,2011,Paper 2,Physics,True,True,GENUINE_DIAGRAM_REQUIRED,SCANNED_PAPER_VISUAL_CARD
JA_2011_P2_PHY_Q020,JEE_ADVANCED,2011,Paper 2,Physics,True,True,GENUINE_DIAGRAM_REQUIRED,SCANNED_PAPER_VISUAL_CARD
JA_2011_P2_CHE_Q001,JEE_ADVANCED,2011,Paper 2,Chemistry,True,True,GENUINE_DIAGRAM_REQUIRED,SCANNED_PAPER_VISUAL_CARD
JA_2011_P2_CHE_Q002,JEE_ADVANCED,2011,Paper 2,Chemistry,True,True,GENUINE_DIAGRAM_REQUIRED,SCANNED_PAPER_VISUAL_CARD
JA_2011_P2_CHE_Q003,JEE_ADVANCED,2011,Paper 2,Chemistry,True,True,GENUINE_DIAGRAM_REQUIRED,SCANNED_PAPER_VISUAL_CARD
JA_2011_P2_CHE_Q004,JEE_ADVANCED,2011,Paper 2,Chemistry,True,True,GENUINE_DIAGRAM_REQUIRED,SCANNED_PAPER_VISUAL_CARD
JA_2011_P2_CHE_Q005,JEE_ADVANCED,2011,Paper 2,Chemistry,True,True,GENUINE_DIAGRAM_REQUIRED,SCANNED_PAPER_VISUAL_CARD
JA_2011_P2_CHE_Q006,JEE_ADVANCED,2011,Paper 2,Chemistry,True,True,GENUINE_DIAGRAM_REQUIRED,SCANNED_PAPER_VISUAL_CARD
JA_2011_P2_CHE_Q007,JEE_ADVANCED,2011,Paper 2,Chemistry,True,True,GENUINE_DIAGRAM_REQUIRED,SCANNED_PAPER_VISUAL_CARD
JA_2011_P2_CHE_Q008,JEE_ADVANCED,2011,Paper 2,Chemistry,True,True,GENUINE_DIAGRAM_REQUIRED,SCANNED_PAPER_VISUAL_CARD
JA_2011_P2_CHE_Q009,JEE_ADVANCED,2011,Paper 2,Chemistry,True,True,GENUINE_DIAGRAM_REQUIRED,SCANNED_PAPER_VISUAL_CARD
JA_2011_P2_CHE_Q010,JEE_ADVANCED,2011,Paper 2,Chemistry,True,True,GENUINE_DIAGRAM_REQUIRED,SCANNED_PAPER_VISUAL_CARD
JA_2011_P2_CHE_Q011,JEE_ADVANCED,2011,Paper 2,Chemistry,True,True,GENUINE_DIAGRAM_REQUIRED,SCANNED_PAPER_VISUAL_CARD
JA_2011_P2_CHE_Q012,JEE_ADVANCED,2011,Paper 2,Chemistry,True,True,GENUINE_DIAGRAM_REQUIRED,SCANNED_PAPER_VISUAL_CARD
JA_2011_P2_CHE_Q013,JEE_ADVANCED,2011,Paper 2,Chemistry,True,True,GENUINE_DIAGRAM_REQUIRED,SCANNED_PAPER_VISUAL_CARD
JA_2011_P2_CHE_Q014,JEE_ADVANCED,2011,Paper 2,Chemistry,True,True,GENUINE_DIAGRAM_REQUIRED,SCANNED_PAPER_VISUAL_CARD
JA_2011_P2_CHE_Q015,JEE_ADVANCED,2011,Paper 2,Chemistry,True,True,GENUINE_DIAGRAM_REQUIRED,SCANNED_PAPER_VISUAL_CARD
JA_2011_P2_CHE_Q016,JEE_ADVANCED,2011,Paper 2,Chemistry,True,True,GENUINE_DIAGRAM_REQUIRED,SCANNED_PAPER_VISUAL_CARD
JA_2011_P2_CHE_Q017,JEE_ADVANCED,2011,Paper 2,Chemistry,True,True,GENUINE_DIAGRAM_REQUIRED,SCANNED_PAPER_VISUAL_CARD
JA_2011_P2_CHE_Q018,JEE_ADVANCED,2011,Paper 2,Chemistry,True,True,GENUINE_DIAGRAM_REQUIRED,SCANNED_PAPER_VISUAL_CARD
JA_2011_P2_CHE_Q019,JEE_ADVANCED,2011,Paper 2,Chemistry,True,True,GENUINE_DIAGRAM_REQUIRED,SCANNED_PAPER_VISUAL_CARD
JA_2011_P2_CHE_Q020,JEE_ADVANCED,2011,Paper 2,Chemistry,True,True,GENUINE_DIAGRAM_REQUIRED,SCANNED_PAPER_VISUAL_CARD
JA_2011_P2_MAT_Q001,JEE_ADVANCED,2011,Paper 2,Mathematics,True,True,GENUINE_DIAGRAM_REQUIRED,SCANNED_PAPER_VISUAL_CARD
JA_2011_P2_MAT_Q002,JEE_ADVANCED,2011,Paper 2,Mathematics,True,True,GENUINE_DIAGRAM_REQUIRED,SCANNED_PAPER_VISUAL_CARD
JA_2011_P2_MAT_Q003,JEE_ADVANCED,2011,Paper 2,Mathematics,True,True,GENUINE_DIAGRAM_REQUIRED,SCANNED_PAPER_VISUAL_CARD
JA_2011_P2_MAT_Q004,JEE_ADVANCED,2011,Paper 2,Mathematics,True,True,GENUINE_DIAGRAM_REQUIRED,SCANNED_PAPER_VISUAL_CARD
JA_2011_P2_MAT_Q005,JEE_ADVANCED,2011,Paper 2,Mathematics,True,True,GENUINE_DIAGRAM_REQUIRED,SCANNED_PAPER_VISUAL_CARD
JA_2011_P2_MAT_Q006,JEE_ADVANCED,2011,Paper 2,Mathematics,True,True,GENUINE_DIAGRAM_REQUIRED,SCANNED_PAPER_VISUAL_CARD
JA_2011_P2_MAT_Q007,JEE_ADVANCED,2011,Paper 2,Mathematics,True,True,GENUINE_DIAGRAM_REQUIRED,SCANNED_PAPER_VISUAL_CARD
JA_2011_P2_MAT_Q008,JEE_ADVANCED,2011,Paper 2,Mathematics,True,True,GENUINE_DIAGRAM_REQUIRED,SCANNED_PAPER_VISUAL_CARD
JA_2011_P2_MAT_Q009,JEE_ADVANCED,2011,Paper 2,Mathematics,True,True,GENUINE_DIAGRAM_REQUIRED,SCANNED_PAPER_VISUAL_CARD
JA_2011_P2_MAT_Q010,JEE_ADVANCED,2011,Paper 2,Mathematics,True,True,GENUINE_DIAGRAM_REQUIRED,SCANNED_PAPER_VISUAL_CARD
JA_2011_P2_MAT_Q011,JEE_ADVANCED,2011,Paper 2,Mathematics,True,True,GENUINE_DIAGRAM_REQUIRED,SCANNED_PAPER_VISUAL_CARD
JA_2011_P2_MAT_Q012,JEE_ADVANCED,2011,Paper 2,Mathematics,True,True,GENUINE_DIAGRAM_REQUIRED,SCANNED_PAPER_VISUAL_CARD
JA_2011_P2_MAT_Q013,JEE_ADVANCED,2011,Paper 2,Mathematics,True,True,GENUINE_DIAGRAM_REQUIRED,SCANNED_PAPER_VISUAL_CARD
JA_2011_P2_MAT_Q014,JEE_ADVANCED,2011,Paper 2,Mathematics,True,True,GENUINE_DIAGRAM_REQUIRED,SCANNED_PAPER_VISUAL_CARD
JA_2011_P2_MAT_Q015,JEE_ADVANCED,2011,Paper 2,Mathematics,True,True,GENUINE_DIAGRAM_REQUIRED,SCANNED_PAPER_VISUAL_CARD
JA_2011_P2_MAT_Q016,JEE_ADVANCED,2011,Paper 2,Mathematics,True,True,GENUINE_DIAGRAM_REQUIRED,SCANNED_PAPER_VISUAL_CARD
JA_2011_P2_MAT_Q017,JEE_ADVANCED,2011,Paper 2,Mathematics,True,True,GENUINE_DIAGRAM_REQUIRED,SCANNED_PAPER_VISUAL_CARD
JA_2011_P2_MAT_Q018,JEE_ADVANCED,2011,Paper 2,Mathematics,True,True,GENUINE_DIAGRAM_REQUIRED,SCANNED_PAPER_VISUAL_CARD
JA_2011_P2_MAT_Q019,JEE_ADVANCED,2011,Paper 2,Mathematics,True,True,GENUINE_DIAGRAM_REQUIRED,SCANNED_PAPER_VISUAL_CARD
JA_2011_P2_MAT_Q020,JEE_ADVANCED,2011,Paper 2,Mathematics,True,True,GENUINE_DIAGRAM_REQUIRED,SCANNED_PAPER_VISUAL_CARD
JA_2012_P1_PHY_Q001,JEE_ADVANCED,2012,Paper 1,Physics,True,True,GENUINE_DIAGRAM_REQUIRED,SCANNED_PAPER_VISUAL_CARD
JA_2012_P1_PHY_Q002,JEE_ADVANCED,2012,Paper 1,Physics,True,True,GENUINE_DIAGRAM_REQUIRED,SCANNED_PAPER_VISUAL_CARD
JA_2012_P1_PHY_Q003,JEE_ADVANCED,2012,Paper 1,Physics,True,True,GENUINE_DIAGRAM_REQUIRED,SCANNED_PAPER_VISUAL_CARD
JA_2012_P1_PHY_Q004,JEE_ADVANCED,2012,Paper 1,Physics,True,True,GENUINE_DIAGRAM_REQUIRED,SCANNED_PAPER_VISUAL_CARD
JA_2012_P1_PHY_Q005,JEE_ADVANCED,2012,Paper 1,Physics,True,True,GENUINE_DIAGRAM_REQUIRED,SCANNED_PAPER_VISUAL_CARD
JA_2012_P1_PHY_Q006,JEE_ADVANCED,2012,Paper 1,Physics,True,True,GENUINE_DIAGRAM_REQUIRED,SCANNED_PAPER_VISUAL_CARD
JA_2012_P1_PHY_Q007,JEE_ADVANCED,2012,Paper 1,Physics,True,True,GENUINE_DIAGRAM_REQUIRED,SCANNED_PAPER_VISUAL_CARD
JA_2012_P1_PHY_Q008,JEE_ADVANCED,2012,Paper 1,Physics,True,True,GENUINE_DIAGRAM_REQUIRED,SCANNED_PAPER_VISUAL_CARD
JA_2012_P1_PHY_Q009,JEE_ADVANCED,2012,Paper 1,Physics,True,True,GENUINE_DIAGRAM_REQUIRED,SCANNED_PAPER_VISUAL_CARD
JA_2012_P1_PHY_Q010,JEE_ADVANCED,2012,Paper 1,Physics,True,True,GENUINE_DIAGRAM_REQUIRED,SCANNED_PAPER_VISUAL_CARD
JA_2012_P1_PHY_Q011,JEE_ADVANCED,2012,Paper 1,Physics,True,True,GENUINE_DIAGRAM_REQUIRED,SCANNED_PAPER_VISUAL_CARD
JA_2012_P1_PHY_Q012,JEE_ADVANCED,2012,Paper 1,Physics,True,True,GENUINE_DIAGRAM_REQUIRED,SCANNED_PAPER_VISUAL_CARD
JA_2012_P1_PHY_Q013,JEE_ADVANCED,2012,Paper 1,Physics,True,True,GENUINE_DIAGRAM_REQUIRED,SCANNED_PAPER_VISUAL_CARD
JA_2012_P1_PHY_Q014,JEE_ADVANCED,2012,Paper 1,Physics,True,True,GENUINE_DIAGRAM_REQUIRED,SCANNED_PAPER_VISUAL_CARD
JA_2012_P1_PHY_Q015,JEE_ADVANCED,2012,Paper 1,Physics,True,True,GENUINE_DIAGRAM_REQUIRED,SCANNED_PAPER_VISUAL_CARD
JA_2012_P1_PHY_Q016,JEE_ADVANCED,2012,Paper 1,Physics,True,True,GENUINE_DIAGRAM_REQUIRED,SCANNED_PAPER_VISUAL_CARD
JA_2012_P1_PHY_Q017,JEE_ADVANCED,2012,Paper 1,Physics,True,True,GENUINE_DIAGRAM_REQUIRED,SCANNED_PAPER_VISUAL_CARD
JA_2012_P1_PHY_Q018,JEE_ADVANCED,2012,Paper 1,Physics,True,True,GENUINE_DIAGRAM_REQUIRED,SCANNED_PAPER_VISUAL_CARD
JA_2012_P1_PHY_Q019,JEE_ADVANCED,2012,Paper 1,Physics,True,True,GENUINE_DIAGRAM_REQUIRED,SCANNED_PAPER_VISUAL_CARD
JA_2012_P1_PHY_Q020,JEE_ADVANCED,2012,Paper 1,Physics,True,True,GENUINE_DIAGRAM_REQUIRED,SCANNED_PAPER_VISUAL_CARD
JA_2012_P1_CHE_Q001,JEE_ADVANCED,2012,Paper 1,Chemistry,True,True,GENUINE_DIAGRAM_REQUIRED,SCANNED_PAPER_VISUAL_CARD
JA_2012_P1_CHE_Q002,JEE_ADVANCED,2012,Paper 1,Chemistry,True,True,GENUINE_DIAGRAM_REQUIRED,SCANNED_PAPER_VISUAL_CARD
JA_2012_P1_CHE_Q003,JEE_ADVANCED,2012,Paper 1,Chemistry,True,True,GENUINE_DIAGRAM_REQUIRED,SCANNED_PAPER_VISUAL_CARD
JA_2012_P1_CHE_Q004,JEE_ADVANCED,2012,Paper 1,Chemistry,True,True,GENUINE_DIAGRAM_REQUIRED,SCANNED_PAPER_VISUAL_CARD
JA_2012_P1_CHE_Q005,JEE_ADVANCED,2012,Paper 1,Chemistry,True,True,GENUINE_DIAGRAM_REQUIRED,SCANNED_PAPER_VISUAL_CARD
JA_2012_P1_CHE_Q006,JEE_ADVANCED,2012,Paper 1,Chemistry,True,True,GENUINE_DIAGRAM_REQUIRED,SCANNED_PAPER_VISUAL_CARD
JA_2012_P1_CHE_Q007,JEE_ADVANCED,2012,Paper 1,Chemistry,True,True,GENUINE_DIAGRAM_REQUIRED,SCANNED_PAPER_VISUAL_CARD
JA_2012_P1_CHE_Q008,JEE_ADVANCED,2012,Paper 1,Chemistry,True,True,GENUINE_DIAGRAM_REQUIRED,SCANNED_PAPER_VISUAL_CARD
JA_2012_P1_CHE_Q009,JEE_ADVANCED,2012,Paper 1,Chemistry,True,True,GENUINE_DIAGRAM_REQUIRED,SCANNED_PAPER_VISUAL_CARD
JA_2012_P1_CHE_Q010,JEE_ADVANCED,2012,Paper 1,Chemistry,True,True,GENUINE_DIAGRAM_REQUIRED,SCANNED_PAPER_VISUAL_CARD
JA_2012_P1_CHE_Q011,JEE_ADVANCED,2012,Paper 1,Chemistry,True,True,GENUINE_DIAGRAM_REQUIRED,SCANNED_PAPER_VISUAL_CARD
JA_2012_P1_CHE_Q012,JEE_ADVANCED,2012,Paper 1,Chemistry,True,True,GENUINE_DIAGRAM_REQUIRED,SCANNED_PAPER_VISUAL_CARD
JA_2012_P1_CHE_Q013,JEE_ADVANCED,2012,Paper 1,Chemistry,True,True,GENUINE_DIAGRAM_REQUIRED,SCANNED_PAPER_VISUAL_CARD
JA_2012_P1_CHE_Q014,JEE_ADVANCED,2012,Paper 1,Chemistry,True,True,GENUINE_DIAGRAM_REQUIRED,SCANNED_PAPER_VISUAL_CARD
JA_2012_P1_CHE_Q015,JEE_ADVANCED,2012,Paper 1,Chemistry,True,True,GENUINE_DIAGRAM_REQUIRED,SCANNED_PAPER_VISUAL_CARD
JA_2012_P1_CHE_Q016,JEE_ADVANCED,2012,Paper 1,Chemistry,True,True,GENUINE_DIAGRAM_REQUIRED,SCANNED_PAPER_VISUAL_CARD
JA_2012_P1_CHE_Q017,JEE_ADVANCED,2012,Paper 1,Chemistry,True,True,GENUINE_DIAGRAM_REQUIRED,SCANNED_PAPER_VISUAL_CARD
JA_2012_P1_CHE_Q018,JEE_ADVANCED,2012,Paper 1,Chemistry,True,True,GENUINE_DIAGRAM_REQUIRED,SCANNED_PAPER_VISUAL_CARD
JA_2012_P1_CHE_Q019,JEE_ADVANCED,2012,Paper 1,Chemistry,True,True,GENUINE_DIAGRAM_REQUIRED,SCANNED_PAPER_VISUAL_CARD
JA_2012_P1_CHE_Q020,JEE_ADVANCED,2012,Paper 1,Chemistry,True,True,GENUINE_DIAGRAM_REQUIRED,SCANNED_PAPER_VISUAL_CARD
JA_2012_P1_MAT_Q001,JEE_ADVANCED,2012,Paper 1,Mathematics,True,True,GENUINE_DIAGRAM_REQUIRED,SCANNED_PAPER_VISUAL_CARD
JA_2012_P1_MAT_Q002,JEE_ADVANCED,2012,Paper 1,Mathematics,True,True,GENUINE_DIAGRAM_REQUIRED,SCANNED_PAPER_VISUAL_CARD
JA_2012_P1_MAT_Q003,JEE_ADVANCED,2012,Paper 1,Mathematics,True,True,GENUINE_DIAGRAM_REQUIRED,SCANNED_PAPER_VISUAL_CARD
JA_2012_P1_MAT_Q004,JEE_ADVANCED,2012,Paper 1,Mathematics,True,True,GENUINE_DIAGRAM_REQUIRED,SCANNED_PAPER_VISUAL_CARD
JA_2012_P1_MAT_Q005,JEE_ADVANCED,2012,Paper 1,Mathematics,True,True,GENUINE_DIAGRAM_REQUIRED,SCANNED_PAPER_VISUAL_CARD
JA_2012_P1_MAT_Q006,JEE_ADVANCED,2012,Paper 1,Mathematics,True,True,GENUINE_DIAGRAM_REQUIRED,SCANNED_PAPER_VISUAL_CARD
JA_2012_P1_MAT_Q007,JEE_ADVANCED,2012,Paper 1,Mathematics,True,True,GENUINE_DIAGRAM_REQUIRED,SCANNED_PAPER_VISUAL_CARD
JA_2012_P1_MAT_Q008,JEE_ADVANCED,2012,Paper 1,Mathematics,True,True,GENUINE_DIAGRAM_REQUIRED,SCANNED_PAPER_VISUAL_CARD
JA_2012_P1_MAT_Q009,JEE_ADVANCED,2012,Paper 1,Mathematics,True,True,GENUINE_DIAGRAM_REQUIRED,SCANNED_PAPER_VISUAL_CARD
JA_2012_P1_MAT_Q010,JEE_ADVANCED,2012,Paper 1,Mathematics,True,True,GENUINE_DIAGRAM_REQUIRED,SCANNED_PAPER_VISUAL_CARD
JA_2012_P1_MAT_Q011,JEE_ADVANCED,2012,Paper 1,Mathematics,True,True,GENUINE_DIAGRAM_REQUIRED,SCANNED_PAPER_VISUAL_CARD
JA_2012_P1_MAT_Q012,JEE_ADVANCED,2012,Paper 1,Mathematics,True,True,GENUINE_DIAGRAM_REQUIRED,SCANNED_PAPER_VISUAL_CARD
JA_2012_P1_MAT_Q013,JEE_ADVANCED,2012,Paper 1,Mathematics,True,True,GENUINE_DIAGRAM_REQUIRED,SCANNED_PAPER_VISUAL_CARD
JA_2012_P1_MAT_Q014,JEE_ADVANCED,2012,Paper 1,Mathematics,True,True,GENUINE_DIAGRAM_REQUIRED,SCANNED_PAPER_VISUAL_CARD
JA_2012_P1_MAT_Q015,JEE_ADVANCED,2012,Paper 1,Mathematics,True,True,GENUINE_DIAGRAM_REQUIRED,SCANNED_PAPER_VISUAL_CARD
JA_2012_P1_MAT_Q016,JEE_ADVANCED,2012,Paper 1,Mathematics,True,True,GENUINE_DIAGRAM_REQUIRED,SCANNED_PAPER_VISUAL_CARD
JA_2012_P1_MAT_Q017,JEE_ADVANCED,2012,Paper 1,Mathematics,True,True,GENUINE_DIAGRAM_REQUIRED,SCANNED_PAPER_VISUAL_CARD
JA_2012_P1_MAT_Q018,JEE_ADVANCED,2012,Paper 1,Mathematics,True,True,GENUINE_DIAGRAM_REQUIRED,SCANNED_PAPER_VISUAL_CARD
JA_2012_P1_MAT_Q019,JEE_ADVANCED,2012,Paper 1,Mathematics,True,True,GENUINE_DIAGRAM_REQUIRED,SCANNED_PAPER_VISUAL_CARD
JA_2012_P1_MAT_Q020,JEE_ADVANCED,2012,Paper 1,Mathematics,True,True,GENUINE_DIAGRAM_REQUIRED,SCANNED_PAPER_VISUAL_CARD
JA_2012_P2_PHY_Q001,JEE_ADVANCED,2012,Paper 2,Physics,True,True,GENUINE_DIAGRAM_REQUIRED,SCANNED_PAPER_VISUAL_CARD
JA_2012_P2_PHY_Q002,JEE_ADVANCED,2012,Paper 2,Physics,True,True,GENUINE_DIAGRAM_REQUIRED,SCANNED_PAPER_VISUAL_CARD
JA_2012_P2_PHY_Q003,JEE_ADVANCED,2012,Paper 2,Physics,True,True,GENUINE_DIAGRAM_REQUIRED,SCANNED_PAPER_VISUAL_CARD
JA_2012_P2_PHY_Q004,JEE_ADVANCED,2012,Paper 2,Physics,True,True,GENUINE_DIAGRAM_REQUIRED,SCANNED_PAPER_VISUAL_CARD
JA_2012_P2_PHY_Q005,JEE_ADVANCED,2012,Paper 2,Physics,True,True,GENUINE_DIAGRAM_REQUIRED,SCANNED_PAPER_VISUAL_CARD
JA_2012_P2_PHY_Q006,JEE_ADVANCED,2012,Paper 2,Physics,True,True,GENUINE_DIAGRAM_REQUIRED,SCANNED_PAPER_VISUAL_CARD
JA_2012_P2_PHY_Q007,JEE_ADVANCED,2012,Paper 2,Physics,True,True,GENUINE_DIAGRAM_REQUIRED,SCANNED_PAPER_VISUAL_CARD
JA_2012_P2_PHY_Q008,JEE_ADVANCED,2012,Paper 2,Physics,True,True,GENUINE_DIAGRAM_REQUIRED,SCANNED_PAPER_VISUAL_CARD
JA_2012_P2_PHY_Q009,JEE_ADVANCED,2012,Paper 2,Physics,True,True,GENUINE_DIAGRAM_REQUIRED,SCANNED_PAPER_VISUAL_CARD
JA_2012_P2_PHY_Q010,JEE_ADVANCED,2012,Paper 2,Physics,True,True,GENUINE_DIAGRAM_REQUIRED,SCANNED_PAPER_VISUAL_CARD
JA_2012_P2_PHY_Q011,JEE_ADVANCED,2012,Paper 2,Physics,True,True,GENUINE_DIAGRAM_REQUIRED,SCANNED_PAPER_VISUAL_CARD
JA_2012_P2_PHY_Q012,JEE_ADVANCED,2012,Paper 2,Physics,True,True,GENUINE_DIAGRAM_REQUIRED,SCANNED_PAPER_VISUAL_CARD
JA_2012_P2_PHY_Q013,JEE_ADVANCED,2012,Paper 2,Physics,True,True,GENUINE_DIAGRAM_REQUIRED,SCANNED_PAPER_VISUAL_CARD
JA_2012_P2_PHY_Q014,JEE_ADVANCED,2012,Paper 2,Physics,True,True,GENUINE_DIAGRAM_REQUIRED,SCANNED_PAPER_VISUAL_CARD
JA_2012_P2_PHY_Q015,JEE_ADVANCED,2012,Paper 2,Physics,True,True,GENUINE_DIAGRAM_REQUIRED,SCANNED_PAPER_VISUAL_CARD
JA_2012_P2_PHY_Q016,JEE_ADVANCED,2012,Paper 2,Physics,True,True,GENUINE_DIAGRAM_REQUIRED,SCANNED_PAPER_VISUAL_CARD
JA_2012_P2_PHY_Q017,JEE_ADVANCED,2012,Paper 2,Physics,True,True,GENUINE_DIAGRAM_REQUIRED,SCANNED_PAPER_VISUAL_CARD
JA_2012_P2_PHY_Q018,JEE_ADVANCED,2012,Paper 2,Physics,True,True,GENUINE_DIAGRAM_REQUIRED,SCANNED_PAPER_VISUAL_CARD
JA_2012_P2_PHY_Q019,JEE_ADVANCED,2012,Paper 2,Physics,True,True,GENUINE_DIAGRAM_REQUIRED,SCANNED_PAPER_VISUAL_CARD
JA_2012_P2_PHY_Q020,JEE_ADVANCED,2012,Paper 2,Physics,True,True,GENUINE_DIAGRAM_REQUIRED,SCANNED_PAPER_VISUAL_CARD
JA_2012_P2_CHE_Q001,JEE_ADVANCED,2012,Paper 2,Chemistry,True,True,GENUINE_DIAGRAM_REQUIRED,SCANNED_PAPER_VISUAL_CARD
JA_2012_P2_CHE_Q002,JEE_ADVANCED,2012,Paper 2,Chemistry,True,True,GENUINE_DIAGRAM_REQUIRED,SCANNED_PAPER_VISUAL_CARD
JA_2012_P2_CHE_Q003,JEE_ADVANCED,2012,Paper 2,Chemistry,True,True,GENUINE_DIAGRAM_REQUIRED,SCANNED_PAPER_VISUAL_CARD
JA_2012_P2_CHE_Q004,JEE_ADVANCED,2012,Paper 2,Chemistry,True,True,GENUINE_DIAGRAM_REQUIRED,SCANNED_PAPER_VISUAL_CARD
JA_2012_P2_CHE_Q005,JEE_ADVANCED,2012,Paper 2,Chemistry,True,True,GENUINE_DIAGRAM_REQUIRED,SCANNED_PAPER_VISUAL_CARD
JA_2012_P2_CHE_Q006,JEE_ADVANCED,2012,Paper 2,Chemistry,True,True,GENUINE_DIAGRAM_REQUIRED,SCANNED_PAPER_VISUAL_CARD
JA_2012_P2_CHE_Q007,JEE_ADVANCED,2012,Paper 2,Chemistry,True,True,GENUINE_DIAGRAM_REQUIRED,SCANNED_PAPER_VISUAL_CARD
JA_2012_P2_CHE_Q008,JEE_ADVANCED,2012,Paper 2,Chemistry,True,True,GENUINE_DIAGRAM_REQUIRED,SCANNED_PAPER_VISUAL_CARD
JA_2012_P2_CHE_Q009,JEE_ADVANCED,2012,Paper 2,Chemistry,True,True,GENUINE_DIAGRAM_REQUIRED,SCANNED_PAPER_VISUAL_CARD
JA_2012_P2_CHE_Q010,JEE_ADVANCED,2012,Paper 2,Chemistry,True,True,GENUINE_DIAGRAM_REQUIRED,SCANNED_PAPER_VISUAL_CARD
JA_2012_P2_CHE_Q011,JEE_ADVANCED,2012,Paper 2,Chemistry,True,True,GENUINE_DIAGRAM_REQUIRED,SCANNED_PAPER_VISUAL_CARD
JA_2012_P2_CHE_Q012,JEE_ADVANCED,2012,Paper 2,Chemistry,True,True,GENUINE_DIAGRAM_REQUIRED,SCANNED_PAPER_VISUAL_CARD
JA_2012_P2_CHE_Q013,JEE_ADVANCED,2012,Paper 2,Chemistry,True,True,GENUINE_DIAGRAM_REQUIRED,SCANNED_PAPER_VISUAL_CARD
JA_2012_P2_CHE_Q014,JEE_ADVANCED,2012,Paper 2,Chemistry,True,True,GENUINE_DIAGRAM_REQUIRED,SCANNED_PAPER_VISUAL_CARD
JA_2012_P2_CHE_Q015,JEE_ADVANCED,2012,Paper 2,Chemistry,True,True,GENUINE_DIAGRAM_REQUIRED,SCANNED_PAPER_VISUAL_CARD
JA_2012_P2_CHE_Q016,JEE_ADVANCED,2012,Paper 2,Chemistry,True,True,GENUINE_DIAGRAM_REQUIRED,SCANNED_PAPER_VISUAL_CARD
JA_2012_P2_CHE_Q017,JEE_ADVANCED,2012,Paper 2,Chemistry,True,True,GENUINE_DIAGRAM_REQUIRED,SCANNED_PAPER_VISUAL_CARD
JA_2012_P2_CHE_Q018,JEE_ADVANCED,2012,Paper 2,Chemistry,True,True,GENUINE_DIAGRAM_REQUIRED,SCANNED_PAPER_VISUAL_CARD
JA_2012_P2_CHE_Q019,JEE_ADVANCED,2012,Paper 2,Chemistry,True,True,GENUINE_DIAGRAM_REQUIRED,SCANNED_PAPER_VISUAL_CARD
JA_2012_P2_CHE_Q020,JEE_ADVANCED,2012,Paper 2,Chemistry,True,True,GENUINE_DIAGRAM_REQUIRED,SCANNED_PAPER_VISUAL_CARD
JA_2012_P2_MAT_Q001,JEE_ADVANCED,2012,Paper 2,Mathematics,True,True,GENUINE_DIAGRAM_REQUIRED,SCANNED_PAPER_VISUAL_CARD
JA_2012_P2_MAT_Q002,JEE_ADVANCED,2012,Paper 2,Mathematics,True,True,GENUINE_DIAGRAM_REQUIRED,SCANNED_PAPER_VISUAL_CARD
JA_2012_P2_MAT_Q003,JEE_ADVANCED,2012,Paper 2,Mathematics,True,True,GENUINE_DIAGRAM_REQUIRED,SCANNED_PAPER_VISUAL_CARD
JA_2012_P2_MAT_Q004,JEE_ADVANCED,2012,Paper 2,Mathematics,True,True,GENUINE_DIAGRAM_REQUIRED,SCANNED_PAPER_VISUAL_CARD
JA_2012_P2_MAT_Q005,JEE_ADVANCED,2012,Paper 2,Mathematics,True,True,GENUINE_DIAGRAM_REQUIRED,SCANNED_PAPER_VISUAL_CARD
JA_2012_P2_MAT_Q006,JEE_ADVANCED,2012,Paper 2,Mathematics,True,True,GENUINE_DIAGRAM_REQUIRED,SCANNED_PAPER_VISUAL_CARD
JA_2012_P2_MAT_Q007,JEE_ADVANCED,2012,Paper 2,Mathematics,True,True,GENUINE_DIAGRAM_REQUIRED,SCANNED_PAPER_VISUAL_CARD
JA_2012_P2_MAT_Q008,JEE_ADVANCED,2012,Paper 2,Mathematics,True,True,GENUINE_DIAGRAM_REQUIRED,SCANNED_PAPER_VISUAL_CARD
JA_2012_P2_MAT_Q009,JEE_ADVANCED,2012,Paper 2,Mathematics,True,True,GENUINE_DIAGRAM_REQUIRED,SCANNED_PAPER_VISUAL_CARD
JA_2012_P2_MAT_Q010,JEE_ADVANCED,2012,Paper 2,Mathematics,True,True,GENUINE_DIAGRAM_REQUIRED,SCANNED_PAPER_VISUAL_CARD
JA_2012_P2_MAT_Q011,JEE_ADVANCED,2012,Paper 2,Mathematics,True,True,GENUINE_DIAGRAM_REQUIRED,SCANNED_PAPER_VISUAL_CARD
JA_2012_P2_MAT_Q012,JEE_ADVANCED,2012,Paper 2,Mathematics,True,True,GENUINE_DIAGRAM_REQUIRED,SCANNED_PAPER_VISUAL_CARD
JA_2012_P2_MAT_Q013,JEE_ADVANCED,2012,Paper 2,Mathematics,True,True,GENUINE_DIAGRAM_REQUIRED,SCANNED_PAPER_VISUAL_CARD
JA_2012_P2_MAT_Q014,JEE_ADVANCED,2012,Paper 2,Mathematics,True,True,GENUINE_DIAGRAM_REQUIRED,SCANNED_PAPER_VISUAL_CARD
JA_2012_P2_MAT_Q015,JEE_ADVANCED,2012,Paper 2,Mathematics,True,True,GENUINE_DIAGRAM_REQUIRED,SCANNED_PAPER_VISUAL_CARD
JA_2012_P2_MAT_Q016,JEE_ADVANCED,2012,Paper 2,Mathematics,True,True,GENUINE_DIAGRAM_REQUIRED,SCANNED_PAPER_VISUAL_CARD
JA_2012_P2_MAT_Q017,JEE_ADVANCED,2012,Paper 2,Mathematics,True,True,GENUINE_DIAGRAM_REQUIRED,SCANNED_PAPER_VISUAL_CARD
JA_2012_P2_MAT_Q018,JEE_ADVANCED,2012,Paper 2,Mathematics,True,True,GENUINE_DIAGRAM_REQUIRED,SCANNED_PAPER_VISUAL_CARD
JA_2012_P2_MAT_Q019,JEE_ADVANCED,2012,Paper 2,Mathematics,True,True,GENUINE_DIAGRAM_REQUIRED,SCANNED_PAPER_VISUAL_CARD
JA_2012_P2_MAT_Q020,JEE_ADVANCED,2012,Paper 2,Mathematics,True,True,GENUINE_DIAGRAM_REQUIRED,SCANNED_PAPER_VISUAL_CARD
JA_2013_P1_PHY_Q001,JEE_ADVANCED,2013,Paper 1,Physics,True,True,GENUINE_DIAGRAM_REQUIRED,SCANNED_PAPER_VISUAL_CARD
JA_2013_P1_PHY_Q002,JEE_ADVANCED,2013,Paper 1,Physics,True,True,GENUINE_DIAGRAM_REQUIRED,SCANNED_PAPER_VISUAL_CARD
JA_2013_P1_PHY_Q003,JEE_ADVANCED,2013,Paper 1,Physics,True,True,GENUINE_DIAGRAM_REQUIRED,SCANNED_PAPER_VISUAL_CARD
JA_2013_P1_PHY_Q004,JEE_ADVANCED,2013,Paper 1,Physics,True,True,GENUINE_DIAGRAM_REQUIRED,SCANNED_PAPER_VISUAL_CARD
JA_2013_P1_PHY_Q005,JEE_ADVANCED,2013,Paper 1,Physics,True,True,GENUINE_DIAGRAM_REQUIRED,SCANNED_PAPER_VISUAL_CARD
JA_2013_P1_PHY_Q006,JEE_ADVANCED,2013,Paper 1,Physics,True,True,GENUINE_DIAGRAM_REQUIRED,SCANNED_PAPER_VISUAL_CARD
JA_2013_P1_PHY_Q007,JEE_ADVANCED,2013,Paper 1,Physics,True,True,GENUINE_DIAGRAM_REQUIRED,SCANNED_PAPER_VISUAL_CARD
JA_2013_P1_PHY_Q008,JEE_ADVANCED,2013,Paper 1,Physics,True,True,GENUINE_DIAGRAM_REQUIRED,SCANNED_PAPER_VISUAL_CARD
JA_2013_P1_PHY_Q009,JEE_ADVANCED,2013,Paper 1,Physics,True,True,GENUINE_DIAGRAM_REQUIRED,SCANNED_PAPER_VISUAL_CARD
JA_2013_P1_PHY_Q010,JEE_ADVANCED,2013,Paper 1,Physics,True,True,GENUINE_DIAGRAM_REQUIRED,SCANNED_PAPER_VISUAL_CARD
JA_2013_P1_PHY_Q011,JEE_ADVANCED,2013,Paper 1,Physics,True,True,GENUINE_DIAGRAM_REQUIRED,SCANNED_PAPER_VISUAL_CARD
JA_2013_P1_PHY_Q012,JEE_ADVANCED,2013,Paper 1,Physics,True,True,GENUINE_DIAGRAM_REQUIRED,SCANNED_PAPER_VISUAL_CARD
JA_2013_P1_PHY_Q013,JEE_ADVANCED,2013,Paper 1,Physics,True,True,GENUINE_DIAGRAM_REQUIRED,SCANNED_PAPER_VISUAL_CARD
JA_2013_P1_PHY_Q014,JEE_ADVANCED,2013,Paper 1,Physics,True,True,GENUINE_DIAGRAM_REQUIRED,SCANNED_PAPER_VISUAL_CARD
JA_2013_P1_PHY_Q015,JEE_ADVANCED,2013,Paper 1,Physics,True,True,GENUINE_DIAGRAM_REQUIRED,SCANNED_PAPER_VISUAL_CARD
JA_2013_P1_PHY_Q016,JEE_ADVANCED,2013,Paper 1,Physics,True,True,GENUINE_DIAGRAM_REQUIRED,SCANNED_PAPER_VISUAL_CARD
JA_2013_P1_PHY_Q017,JEE_ADVANCED,2013,Paper 1,Physics,True,True,GENUINE_DIAGRAM_REQUIRED,SCANNED_PAPER_VISUAL_CARD
JA_2013_P1_PHY_Q018,JEE_ADVANCED,2013,Paper 1,Physics,True,True,GENUINE_DIAGRAM_REQUIRED,SCANNED_PAPER_VISUAL_CARD
JA_2013_P1_PHY_Q019,JEE_ADVANCED,2013,Paper 1,Physics,True,True,GENUINE_DIAGRAM_REQUIRED,SCANNED_PAPER_VISUAL_CARD
JA_2013_P1_PHY_Q020,JEE_ADVANCED,2013,Paper 1,Physics,True,True,GENUINE_DIAGRAM_REQUIRED,SCANNED_PAPER_VISUAL_CARD
JA_2013_P1_CHE_Q001,JEE_ADVANCED,2013,Paper 1,Chemistry,True,True,GENUINE_DIAGRAM_REQUIRED,SCANNED_PAPER_VISUAL_CARD
JA_2013_P1_CHE_Q002,JEE_ADVANCED,2013,Paper 1,Chemistry,True,True,GENUINE_DIAGRAM_REQUIRED,SCANNED_PAPER_VISUAL_CARD
JA_2013_P1_CHE_Q003,JEE_ADVANCED,2013,Paper 1,Chemistry,True,True,GENUINE_DIAGRAM_REQUIRED,SCANNED_PAPER_VISUAL_CARD
JA_2013_P1_CHE_Q004,JEE_ADVANCED,2013,Paper 1,Chemistry,True,True,GENUINE_DIAGRAM_REQUIRED,SCANNED_PAPER_VISUAL_CARD
JA_2013_P1_CHE_Q005,JEE_ADVANCED,2013,Paper 1,Chemistry,True,True,GENUINE_DIAGRAM_REQUIRED,SCANNED_PAPER_VISUAL_CARD
JA_2013_P1_CHE_Q006,JEE_ADVANCED,2013,Paper 1,Chemistry,True,True,GENUINE_DIAGRAM_REQUIRED,SCANNED_PAPER_VISUAL_CARD
JA_2013_P1_CHE_Q007,JEE_ADVANCED,2013,Paper 1,Chemistry,True,True,GENUINE_DIAGRAM_REQUIRED,SCANNED_PAPER_VISUAL_CARD
JA_2013_P1_CHE_Q008,JEE_ADVANCED,2013,Paper 1,Chemistry,True,True,GENUINE_DIAGRAM_REQUIRED,SCANNED_PAPER_VISUAL_CARD
JA_2013_P1_CHE_Q009,JEE_ADVANCED,2013,Paper 1,Chemistry,True,True,GENUINE_DIAGRAM_REQUIRED,SCANNED_PAPER_VISUAL_CARD
JA_2013_P1_CHE_Q010,JEE_ADVANCED,2013,Paper 1,Chemistry,True,True,GENUINE_DIAGRAM_REQUIRED,SCANNED_PAPER_VISUAL_CARD
JA_2013_P1_CHE_Q011,JEE_ADVANCED,2013,Paper 1,Chemistry,True,True,GENUINE_DIAGRAM_REQUIRED,SCANNED_PAPER_VISUAL_CARD
JA_2013_P1_CHE_Q012,JEE_ADVANCED,2013,Paper 1,Chemistry,True,True,GENUINE_DIAGRAM_REQUIRED,SCANNED_PAPER_VISUAL_CARD
JA_2013_P1_CHE_Q013,JEE_ADVANCED,2013,Paper 1,Chemistry,True,True,GENUINE_DIAGRAM_REQUIRED,SCANNED_PAPER_VISUAL_CARD
JA_2013_P1_CHE_Q014,JEE_ADVANCED,2013,Paper 1,Chemistry,True,True,GENUINE_DIAGRAM_REQUIRED,SCANNED_PAPER_VISUAL_CARD
JA_2013_P1_CHE_Q015,JEE_ADVANCED,2013,Paper 1,Chemistry,True,True,GENUINE_DIAGRAM_REQUIRED,SCANNED_PAPER_VISUAL_CARD
JA_2013_P1_CHE_Q016,JEE_ADVANCED,2013,Paper 1,Chemistry,True,True,GENUINE_DIAGRAM_REQUIRED,SCANNED_PAPER_VISUAL_CARD
JA_2013_P1_CHE_Q017,JEE_ADVANCED,2013,Paper 1,Chemistry,True,True,GENUINE_DIAGRAM_REQUIRED,SCANNED_PAPER_VISUAL_CARD
JA_2013_P1_CHE_Q018,JEE_ADVANCED,2013,Paper 1,Chemistry,True,True,GENUINE_DIAGRAM_REQUIRED,SCANNED_PAPER_VISUAL_CARD
JA_2013_P1_CHE_Q019,JEE_ADVANCED,2013,Paper 1,Chemistry,True,True,GENUINE_DIAGRAM_REQUIRED,SCANNED_PAPER_VISUAL_CARD
JA_2013_P1_CHE_Q020,JEE_ADVANCED,2013,Paper 1,Chemistry,True,True,GENUINE_DIAGRAM_REQUIRED,SCANNED_PAPER_VISUAL_CARD
JA_2013_P1_MAT_Q001,JEE_ADVANCED,2013,Paper 1,Mathematics,True,True,GENUINE_DIAGRAM_REQUIRED,SCANNED_PAPER_VISUAL_CARD
JA_2013_P1_MAT_Q002,JEE_ADVANCED,2013,Paper 1,Mathematics,True,True,GENUINE_DIAGRAM_REQUIRED,SCANNED_PAPER_VISUAL_CARD
JA_2013_P1_MAT_Q003,JEE_ADVANCED,2013,Paper 1,Mathematics,True,True,GENUINE_DIAGRAM_REQUIRED,SCANNED_PAPER_VISUAL_CARD
JA_2013_P1_MAT_Q004,JEE_ADVANCED,2013,Paper 1,Mathematics,True,True,GENUINE_DIAGRAM_REQUIRED,SCANNED_PAPER_VISUAL_CARD
JA_2013_P1_MAT_Q005,JEE_ADVANCED,2013,Paper 1,Mathematics,True,True,GENUINE_DIAGRAM_REQUIRED,SCANNED_PAPER_VISUAL_CARD
JA_2013_P1_MAT_Q006,JEE_ADVANCED,2013,Paper 1,Mathematics,True,True,GENUINE_DIAGRAM_REQUIRED,SCANNED_PAPER_VISUAL_CARD
JA_2013_P1_MAT_Q007,JEE_ADVANCED,2013,Paper 1,Mathematics,True,True,GENUINE_DIAGRAM_REQUIRED,SCANNED_PAPER_VISUAL_CARD
JA_2013_P1_MAT_Q008,JEE_ADVANCED,2013,Paper 1,Mathematics,True,True,GENUINE_DIAGRAM_REQUIRED,SCANNED_PAPER_VISUAL_CARD
JA_2013_P1_MAT_Q009,JEE_ADVANCED,2013,Paper 1,Mathematics,True,True,GENUINE_DIAGRAM_REQUIRED,SCANNED_PAPER_VISUAL_CARD
JA_2013_P1_MAT_Q010,JEE_ADVANCED,2013,Paper 1,Mathematics,True,True,GENUINE_DIAGRAM_REQUIRED,SCANNED_PAPER_VISUAL_CARD
JA_2013_P1_MAT_Q011,JEE_ADVANCED,2013,Paper 1,Mathematics,True,True,GENUINE_DIAGRAM_REQUIRED,SCANNED_PAPER_VISUAL_CARD
JA_2013_P1_MAT_Q012,JEE_ADVANCED,2013,Paper 1,Mathematics,True,True,GENUINE_DIAGRAM_REQUIRED,SCANNED_PAPER_VISUAL_CARD
JA_2013_P1_MAT_Q013,JEE_ADVANCED,2013,Paper 1,Mathematics,True,True,GENUINE_DIAGRAM_REQUIRED,SCANNED_PAPER_VISUAL_CARD
JA_2013_P1_MAT_Q014,JEE_ADVANCED,2013,Paper 1,Mathematics,True,True,GENUINE_DIAGRAM_REQUIRED,SCANNED_PAPER_VISUAL_CARD
JA_2013_P1_MAT_Q015,JEE_ADVANCED,2013,Paper 1,Mathematics,True,True,GENUINE_DIAGRAM_REQUIRED,SCANNED_PAPER_VISUAL_CARD
JA_2013_P1_MAT_Q016,JEE_ADVANCED,2013,Paper 1,Mathematics,True,True,GENUINE_DIAGRAM_REQUIRED,SCANNED_PAPER_VISUAL_CARD
JA_2013_P1_MAT_Q017,JEE_ADVANCED,2013,Paper 1,Mathematics,True,True,GENUINE_DIAGRAM_REQUIRED,SCANNED_PAPER_VISUAL_CARD
JA_2013_P1_MAT_Q018,JEE_ADVANCED,2013,Paper 1,Mathematics,True,True,GENUINE_DIAGRAM_REQUIRED,SCANNED_PAPER_VISUAL_CARD
JA_2013_P1_MAT_Q019,JEE_ADVANCED,2013,Paper 1,Mathematics,True,True,GENUINE_DIAGRAM_REQUIRED,SCANNED_PAPER_VISUAL_CARD
JA_2013_P1_MAT_Q020,JEE_ADVANCED,2013,Paper 1,Mathematics,True,True,GENUINE_DIAGRAM_REQUIRED,SCANNED_PAPER_VISUAL_CARD
JA_2013_P2_PHY_Q001,JEE_ADVANCED,2013,Paper 2,Physics,True,True,GENUINE_DIAGRAM_REQUIRED,SCANNED_PAPER_VISUAL_CARD
JA_2013_P2_PHY_Q002,JEE_ADVANCED,2013,Paper 2,Physics,True,True,GENUINE_DIAGRAM_REQUIRED,SCANNED_PAPER_VISUAL_CARD
JA_2013_P2_PHY_Q003,JEE_ADVANCED,2013,Paper 2,Physics,True,True,GENUINE_DIAGRAM_REQUIRED,SCANNED_PAPER_VISUAL_CARD
JA_2013_P2_PHY_Q004,JEE_ADVANCED,2013,Paper 2,Physics,True,True,GENUINE_DIAGRAM_REQUIRED,SCANNED_PAPER_VISUAL_CARD
JA_2013_P2_PHY_Q005,JEE_ADVANCED,2013,Paper 2,Physics,True,True,GENUINE_DIAGRAM_REQUIRED,SCANNED_PAPER_VISUAL_CARD
JA_2013_P2_PHY_Q006,JEE_ADVANCED,2013,Paper 2,Physics,True,True,GENUINE_DIAGRAM_REQUIRED,SCANNED_PAPER_VISUAL_CARD
JA_2013_P2_PHY_Q007,JEE_ADVANCED,2013,Paper 2,Physics,True,True,GENUINE_DIAGRAM_REQUIRED,SCANNED_PAPER_VISUAL_CARD
JA_2013_P2_PHY_Q008,JEE_ADVANCED,2013,Paper 2,Physics,True,True,GENUINE_DIAGRAM_REQUIRED,SCANNED_PAPER_VISUAL_CARD
JA_2013_P2_PHY_Q009,JEE_ADVANCED,2013,Paper 2,Physics,True,True,GENUINE_DIAGRAM_REQUIRED,SCANNED_PAPER_VISUAL_CARD
JA_2013_P2_PHY_Q010,JEE_ADVANCED,2013,Paper 2,Physics,True,True,GENUINE_DIAGRAM_REQUIRED,SCANNED_PAPER_VISUAL_CARD
JA_2013_P2_PHY_Q011,JEE_ADVANCED,2013,Paper 2,Physics,True,True,GENUINE_DIAGRAM_REQUIRED,SCANNED_PAPER_VISUAL_CARD
JA_2013_P2_PHY_Q012,JEE_ADVANCED,2013,Paper 2,Physics,True,True,GENUINE_DIAGRAM_REQUIRED,SCANNED_PAPER_VISUAL_CARD
JA_2013_P2_PHY_Q013,JEE_ADVANCED,2013,Paper 2,Physics,True,True,GENUINE_DIAGRAM_REQUIRED,SCANNED_PAPER_VISUAL_CARD
JA_2013_P2_PHY_Q014,JEE_ADVANCED,2013,Paper 2,Physics,True,True,GENUINE_DIAGRAM_REQUIRED,SCANNED_PAPER_VISUAL_CARD
JA_2013_P2_PHY_Q015,JEE_ADVANCED,2013,Paper 2,Physics,True,True,GENUINE_DIAGRAM_REQUIRED,SCANNED_PAPER_VISUAL_CARD
JA_2013_P2_PHY_Q016,JEE_ADVANCED,2013,Paper 2,Physics,True,True,GENUINE_DIAGRAM_REQUIRED,SCANNED_PAPER_VISUAL_CARD
JA_2013_P2_PHY_Q017,JEE_ADVANCED,2013,Paper 2,Physics,True,True,GENUINE_DIAGRAM_REQUIRED,SCANNED_PAPER_VISUAL_CARD
JA_2013_P2_PHY_Q018,JEE_ADVANCED,2013,Paper 2,Physics,True,True,GENUINE_DIAGRAM_REQUIRED,SCANNED_PAPER_VISUAL_CARD
JA_2013_P2_PHY_Q019,JEE_ADVANCED,2013,Paper 2,Physics,True,True,GENUINE_DIAGRAM_REQUIRED,SCANNED_PAPER_VISUAL_CARD
JA_2013_P2_PHY_Q020,JEE_ADVANCED,2013,Paper 2,Physics,True,True,GENUINE_DIAGRAM_REQUIRED,SCANNED_PAPER_VISUAL_CARD
JA_2013_P2_CHE_Q001,JEE_ADVANCED,2013,Paper 2,Chemistry,True,True,GENUINE_DIAGRAM_REQUIRED,SCANNED_PAPER_VISUAL_CARD
JA_2013_P2_CHE_Q002,JEE_ADVANCED,2013,Paper 2,Chemistry,True,True,GENUINE_DIAGRAM_REQUIRED,SCANNED_PAPER_VISUAL_CARD
JA_2013_P2_CHE_Q003,JEE_ADVANCED,2013,Paper 2,Chemistry,True,True,GENUINE_DIAGRAM_REQUIRED,SCANNED_PAPER_VISUAL_CARD
JA_2013_P2_CHE_Q004,JEE_ADVANCED,2013,Paper 2,Chemistry,True,True,GENUINE_DIAGRAM_REQUIRED,SCANNED_PAPER_VISUAL_CARD
JA_2013_P2_CHE_Q005,JEE_ADVANCED,2013,Paper 2,Chemistry,True,True,GENUINE_DIAGRAM_REQUIRED,SCANNED_PAPER_VISUAL_CARD
JA_2013_P2_CHE_Q006,JEE_ADVANCED,2013,Paper 2,Chemistry,True,True,GENUINE_DIAGRAM_REQUIRED,SCANNED_PAPER_VISUAL_CARD
JA_2013_P2_CHE_Q007,JEE_ADVANCED,2013,Paper 2,Chemistry,True,True,GENUINE_DIAGRAM_REQUIRED,SCANNED_PAPER_VISUAL_CARD
JA_2013_P2_CHE_Q008,JEE_ADVANCED,2013,Paper 2,Chemistry,True,True,GENUINE_DIAGRAM_REQUIRED,SCANNED_PAPER_VISUAL_CARD
JA_2013_P2_CHE_Q009,JEE_ADVANCED,2013,Paper 2,Chemistry,True,True,GENUINE_DIAGRAM_REQUIRED,SCANNED_PAPER_VISUAL_CARD
JA_2013_P2_CHE_Q010,JEE_ADVANCED,2013,Paper 2,Chemistry,True,True,GENUINE_DIAGRAM_REQUIRED,SCANNED_PAPER_VISUAL_CARD
JA_2013_P2_CHE_Q011,JEE_ADVANCED,2013,Paper 2,Chemistry,True,True,GENUINE_DIAGRAM_REQUIRED,SCANNED_PAPER_VISUAL_CARD
JA_2013_P2_CHE_Q012,JEE_ADVANCED,2013,Paper 2,Chemistry,True,True,GENUINE_DIAGRAM_REQUIRED,SCANNED_PAPER_VISUAL_CARD
JA_2013_P2_CHE_Q013,JEE_ADVANCED,2013,Paper 2,Chemistry,True,True,GENUINE_DIAGRAM_REQUIRED,SCANNED_PAPER_VISUAL_CARD
JA_2013_P2_CHE_Q014,JEE_ADVANCED,2013,Paper 2,Chemistry,True,True,GENUINE_DIAGRAM_REQUIRED,SCANNED_PAPER_VISUAL_CARD
JA_2013_P2_CHE_Q015,JEE_ADVANCED,2013,Paper 2,Chemistry,True,True,GENUINE_DIAGRAM_REQUIRED,SCANNED_PAPER_VISUAL_CARD
JA_2013_P2_CHE_Q016,JEE_ADVANCED,2013,Paper 2,Chemistry,True,True,GENUINE_DIAGRAM_REQUIRED,SCANNED_PAPER_VISUAL_CARD
JA_2013_P2_CHE_Q017,JEE_ADVANCED,2013,Paper 2,Chemistry,True,True,GENUINE_DIAGRAM_REQUIRED,SCANNED_PAPER_VISUAL_CARD
JA_2013_P2_CHE_Q018,JEE_ADVANCED,2013,Paper 2,Chemistry,True,True,GENUINE_DIAGRAM_REQUIRED,SCANNED_PAPER_VISUAL_CARD
JA_2013_P2_CHE_Q019,JEE_ADVANCED,2013,Paper 2,Chemistry,True,True,GENUINE_DIAGRAM_REQUIRED,SCANNED_PAPER_VISUAL_CARD
JA_2013_P2_CHE_Q020,JEE_ADVANCED,2013,Paper 2,Chemistry,True,True,GENUINE_DIAGRAM_REQUIRED,SCANNED_PAPER_VISUAL_CARD
JA_2013_P2_MAT_Q001,JEE_ADVANCED,2013,Paper 2,Mathematics,True,True,GENUINE_DIAGRAM_REQUIRED,SCANNED_PAPER_VISUAL_CARD
JA_2013_P2_MAT_Q002,JEE_ADVANCED,2013,Paper 2,Mathematics,True,True,GENUINE_DIAGRAM_REQUIRED,SCANNED_PAPER_VISUAL_CARD
JA_2013_P2_MAT_Q003,JEE_ADVANCED,2013,Paper 2,Mathematics,True,True,GENUINE_DIAGRAM_REQUIRED,SCANNED_PAPER_VISUAL_CARD
JA_2013_P2_MAT_Q004,JEE_ADVANCED,2013,Paper 2,Mathematics,True,True,GENUINE_DIAGRAM_REQUIRED,SCANNED_PAPER_VISUAL_CARD
JA_2013_P2_MAT_Q005,JEE_ADVANCED,2013,Paper 2,Mathematics,True,True,GENUINE_DIAGRAM_REQUIRED,SCANNED_PAPER_VISUAL_CARD
JA_2013_P2_MAT_Q006,JEE_ADVANCED,2013,Paper 2,Mathematics,True,True,GENUINE_DIAGRAM_REQUIRED,SCANNED_PAPER_VISUAL_CARD
JA_2013_P2_MAT_Q007,JEE_ADVANCED,2013,Paper 2,Mathematics,True,True,GENUINE_DIAGRAM_REQUIRED,SCANNED_PAPER_VISUAL_CARD
JA_2013_P2_MAT_Q008,JEE_ADVANCED,2013,Paper 2,Mathematics,True,True,GENUINE_DIAGRAM_REQUIRED,SCANNED_PAPER_VISUAL_CARD
JA_2013_P2_MAT_Q009,JEE_ADVANCED,2013,Paper 2,Mathematics,True,True,GENUINE_DIAGRAM_REQUIRED,SCANNED_PAPER_VISUAL_CARD
JA_2013_P2_MAT_Q010,JEE_ADVANCED,2013,Paper 2,Mathematics,True,True,GENUINE_DIAGRAM_REQUIRED,SCANNED_PAPER_VISUAL_CARD
JA_2013_P2_MAT_Q011,JEE_ADVANCED,2013,Paper 2,Mathematics,True,True,GENUINE_DIAGRAM_REQUIRED,SCANNED_PAPER_VISUAL_CARD
JA_2013_P2_MAT_Q012,JEE_ADVANCED,2013,Paper 2,Mathematics,True,True,GENUINE_DIAGRAM_REQUIRED,SCANNED_PAPER_VISUAL_CARD
JA_2013_P2_MAT_Q013,JEE_ADVANCED,2013,Paper 2,Mathematics,True,True,GENUINE_DIAGRAM_REQUIRED,SCANNED_PAPER_VISUAL_CARD
JA_2013_P2_MAT_Q014,JEE_ADVANCED,2013,Paper 2,Mathematics,True,True,GENUINE_DIAGRAM_REQUIRED,SCANNED_PAPER_VISUAL_CARD
JA_2013_P2_MAT_Q015,JEE_ADVANCED,2013,Paper 2,Mathematics,True,True,GENUINE_DIAGRAM_REQUIRED,SCANNED_PAPER_VISUAL_CARD
JA_2013_P2_MAT_Q016,JEE_ADVANCED,2013,Paper 2,Mathematics,True,True,GENUINE_DIAGRAM_REQUIRED,SCANNED_PAPER_VISUAL_CARD
JA_2013_P2_MAT_Q017,JEE_ADVANCED,2013,Paper 2,Mathematics,True,True,GENUINE_DIAGRAM_REQUIRED,SCANNED_PAPER_VISUAL_CARD
JA_2013_P2_MAT_Q018,JEE_ADVANCED,2013,Paper 2,Mathematics,True,True,GENUINE_DIAGRAM_REQUIRED,SCANNED_PAPER_VISUAL_CARD
JA_2013_P2_MAT_Q019,JEE_ADVANCED,2013,Paper 2,Mathematics,True,True,GENUINE_DIAGRAM_REQUIRED,SCANNED_PAPER_VISUAL_CARD
JA_2013_P2_MAT_Q020,JEE_ADVANCED,2013,Paper 2,Mathematics,True,True,GENUINE_DIAGRAM_REQUIRED,SCANNED_PAPER_VISUAL_CARD
JA_2014_P1_PHY_Q001,JEE_ADVANCED,2014,Paper 1,Physics,True,True,GENUINE_DIAGRAM_REQUIRED,TEXT_TRIGGER_FIGURE
JA_2014_P1_PHY_Q002,JEE_ADVANCED,2014,Paper 1,Physics,True,True,GENUINE_DIAGRAM_REQUIRED,TEXT_TRIGGER_FIGURE
JA_2014_P1_PHY_Q003,JEE_ADVANCED,2014,Paper 1,Physics,True,False,UNNECESSARY_EXTRACTION_ARTIFACT,EXTRACTION_ARTIFACT_TEXT_SELF_CONTAINED
JA_2014_P1_PHY_Q004,JEE_ADVANCED,2014,Paper 1,Physics,True,False,UNNECESSARY_EXTRACTION_ARTIFACT,EXTRACTION_ARTIFACT_TEXT_SELF_CONTAINED
JA_2014_P1_PHY_Q005,JEE_ADVANCED,2014,Paper 1,Physics,True,True,GENUINE_DIAGRAM_REQUIRED,TEXT_TRIGGER_FIGURE
JA_2014_P1_PHY_Q006,JEE_ADVANCED,2014,Paper 1,Physics,True,True,GENUINE_DIAGRAM_REQUIRED,TEXT_TRIGGER_FIGURE
JA_2014_P1_PHY_Q007,JEE_ADVANCED,2014,Paper 1,Physics,True,False,UNNECESSARY_EXTRACTION_ARTIFACT,EXTRACTION_ARTIFACT_TEXT_SELF_CONTAINED
JA_2014_P1_PHY_Q008,JEE_ADVANCED,2014,Paper 1,Physics,True,False,UNNECESSARY_EXTRACTION_ARTIFACT,EXTRACTION_ARTIFACT_TEXT_SELF_CONTAINED
JA_2014_P1_PHY_Q009,JEE_ADVANCED,2014,Paper 1,Physics,True,True,GENUINE_DIAGRAM_REQUIRED,TEXT_TRIGGER_FIGURE
JA_2014_P1_PHY_Q010,JEE_ADVANCED,2014,Paper 1,Physics,True,True,GENUINE_DIAGRAM_REQUIRED,TEXT_TRIGGER_FIGURE
JA_2014_P1_PHY_Q011,JEE_ADVANCED,2014,Paper 1,Physics,True,True,GENUINE_DIAGRAM_REQUIRED,TEXT_TRIGGER_FIGURE
JA_2014_P1_PHY_Q012,JEE_ADVANCED,2014,Paper 1,Physics,True,True,GENUINE_DIAGRAM_REQUIRED,TEXT_TRIGGER_FIGURE
JA_2014_P1_PHY_Q013,JEE_ADVANCED,2014,Paper 1,Physics,True,True,GENUINE_DIAGRAM_REQUIRED,TEXT_TRIGGER_FIGURE
JA_2014_P1_PHY_Q014,JEE_ADVANCED,2014,Paper 1,Physics,True,True,GENUINE_DIAGRAM_REQUIRED,TEXT_TRIGGER_FIGURE
JA_2014_P1_PHY_Q015,JEE_ADVANCED,2014,Paper 1,Physics,True,True,GENUINE_DIAGRAM_REQUIRED,TEXT_TRIGGER_FIGURE
JA_2014_P1_PHY_Q016,JEE_ADVANCED,2014,Paper 1,Physics,True,True,GENUINE_DIAGRAM_REQUIRED,TEXT_TRIGGER_FIGURE
JA_2014_P1_PHY_Q017,JEE_ADVANCED,2014,Paper 1,Physics,True,True,GENUINE_DIAGRAM_REQUIRED,TEXT_TRIGGER_FIGURE
JA_2014_P1_PHY_Q018,JEE_ADVANCED,2014,Paper 1,Physics,True,True,GENUINE_DIAGRAM_REQUIRED,TEXT_TRIGGER_FIGURE
JA_2014_P1_PHY_Q019,JEE_ADVANCED,2014,Paper 1,Physics,True,True,GENUINE_DIAGRAM_REQUIRED,TEXT_TRIGGER_FIGURE
JA_2014_P1_PHY_Q020,JEE_ADVANCED,2014,Paper 1,Physics,True,True,GENUINE_DIAGRAM_REQUIRED,TEXT_TRIGGER_FIGURE
JA_2014_P1_CHE_Q001,JEE_ADVANCED,2014,Paper 1,Chemistry,False,False,UNNECESSARY_EXTRACTION_ARTIFACT,NO_IMAGE_ASSET
JA_2014_P1_CHE_Q002,JEE_ADVANCED,2014,Paper 1,Chemistry,False,False,UNNECESSARY_EXTRACTION_ARTIFACT,NO_IMAGE_ASSET
JA_2014_P1_CHE_Q003,JEE_ADVANCED,2014,Paper 1,Chemistry,False,False,UNNECESSARY_EXTRACTION_ARTIFACT,NO_IMAGE_ASSET
JA_2014_P1_CHE_Q004,JEE_ADVANCED,2014,Paper 1,Chemistry,False,False,UNNECESSARY_EXTRACTION_ARTIFACT,NO_IMAGE_ASSET
JA_2014_P1_CHE_Q005,JEE_ADVANCED,2014,Paper 1,Chemistry,False,False,UNNECESSARY_EXTRACTION_ARTIFACT,NO_IMAGE_ASSET
JA_2014_P1_CHE_Q006,JEE_ADVANCED,2014,Paper 1,Chemistry,False,False,UNNECESSARY_EXTRACTION_ARTIFACT,NO_IMAGE_ASSET
JA_2014_P1_CHE_Q007,JEE_ADVANCED,2014,Paper 1,Chemistry,False,False,UNNECESSARY_EXTRACTION_ARTIFACT,NO_IMAGE_ASSET
JA_2014_P1_CHE_Q008,JEE_ADVANCED,2014,Paper 1,Chemistry,False,False,UNNECESSARY_EXTRACTION_ARTIFACT,NO_IMAGE_ASSET
JA_2014_P1_CHE_Q009,JEE_ADVANCED,2014,Paper 1,Chemistry,False,False,UNNECESSARY_EXTRACTION_ARTIFACT,NO_IMAGE_ASSET
JA_2014_P1_CHE_Q010,JEE_ADVANCED,2014,Paper 1,Chemistry,False,False,UNNECESSARY_EXTRACTION_ARTIFACT,NO_IMAGE_ASSET
JA_2014_P1_CHE_Q011,JEE_ADVANCED,2014,Paper 1,Chemistry,False,False,UNNECESSARY_EXTRACTION_ARTIFACT,NO_IMAGE_ASSET
JA_2014_P1_CHE_Q012,JEE_ADVANCED,2014,Paper 1,Chemistry,False,False,UNNECESSARY_EXTRACTION_ARTIFACT,NO_IMAGE_ASSET
JA_2014_P1_CHE_Q013,JEE_ADVANCED,2014,Paper 1,Chemistry,False,False,UNNECESSARY_EXTRACTION_ARTIFACT,NO_IMAGE_ASSET
JA_2014_P1_CHE_Q014,JEE_ADVANCED,2014,Paper 1,Chemistry,False,False,UNNECESSARY_EXTRACTION_ARTIFACT,NO_IMAGE_ASSET
JA_2014_P1_CHE_Q015,JEE_ADVANCED,2014,Paper 1,Chemistry,False,False,UNNECESSARY_EXTRACTION_ARTIFACT,NO_IMAGE_ASSET
JA_2014_P1_CHE_Q016,JEE_ADVANCED,2014,Paper 1,Chemistry,False,False,UNNECESSARY_EXTRACTION_ARTIFACT,NO_IMAGE_ASSET
JA_2014_P1_CHE_Q017,JEE_ADVANCED,2014,Paper 1,Chemistry,False,False,UNNECESSARY_EXTRACTION_ARTIFACT,NO_IMAGE_ASSET
JA_2014_P1_CHE_Q018,JEE_ADVANCED,2014,Paper 1,Chemistry,False,False,UNNECESSARY_EXTRACTION_ARTIFACT,NO_IMAGE_ASSET
JA_2014_P1_CHE_Q019,JEE_ADVANCED,2014,Paper 1,Chemistry,False,False,UNNECESSARY_EXTRACTION_ARTIFACT,NO_IMAGE_ASSET
JA_2014_P1_CHE_Q020,JEE_ADVANCED,2014,Paper 1,Chemistry,False,False,UNNECESSARY_EXTRACTION_ARTIFACT,NO_IMAGE_ASSET
JA_2014_P1_MAT_Q001,JEE_ADVANCED,2014,Paper 1,Mathematics,False,False,UNNECESSARY_EXTRACTION_ARTIFACT,NO_IMAGE_ASSET
JA_2014_P1_MAT_Q002,JEE_ADVANCED,2014,Paper 1,Mathematics,False,False,UNNECESSARY_EXTRACTION_ARTIFACT,NO_IMAGE_ASSET
JA_2014_P1_MAT_Q003,JEE_ADVANCED,2014,Paper 1,Mathematics,False,False,UNNECESSARY_EXTRACTION_ARTIFACT,NO_IMAGE_ASSET
JA_2014_P1_MAT_Q004,JEE_ADVANCED,2014,Paper 1,Mathematics,False,False,UNNECESSARY_EXTRACTION_ARTIFACT,NO_IMAGE_ASSET
JA_2014_P1_MAT_Q005,JEE_ADVANCED,2014,Paper 1,Mathematics,False,False,UNNECESSARY_EXTRACTION_ARTIFACT,NO_IMAGE_ASSET
JA_2014_P1_MAT_Q006,JEE_ADVANCED,2014,Paper 1,Mathematics,False,False,UNNECESSARY_EXTRACTION_ARTIFACT,NO_IMAGE_ASSET
JA_2014_P1_MAT_Q007,JEE_ADVANCED,2014,Paper 1,Mathematics,False,False,UNNECESSARY_EXTRACTION_ARTIFACT,NO_IMAGE_ASSET
JA_2014_P1_MAT_Q008,JEE_ADVANCED,2014,Paper 1,Mathematics,False,False,UNNECESSARY_EXTRACTION_ARTIFACT,NO_IMAGE_ASSET
JA_2014_P1_MAT_Q009,JEE_ADVANCED,2014,Paper 1,Mathematics,False,False,UNNECESSARY_EXTRACTION_ARTIFACT,NO_IMAGE_ASSET
JA_2014_P1_MAT_Q010,JEE_ADVANCED,2014,Paper 1,Mathematics,False,False,UNNECESSARY_EXTRACTION_ARTIFACT,NO_IMAGE_ASSET
JA_2014_P1_MAT_Q011,JEE_ADVANCED,2014,Paper 1,Mathematics,False,False,UNNECESSARY_EXTRACTION_ARTIFACT,NO_IMAGE_ASSET
JA_2014_P1_MAT_Q012,JEE_ADVANCED,2014,Paper 1,Mathematics,False,False,UNNECESSARY_EXTRACTION_ARTIFACT,NO_IMAGE_ASSET
JA_2014_P1_MAT_Q013,JEE_ADVANCED,2014,Paper 1,Mathematics,False,False,UNNECESSARY_EXTRACTION_ARTIFACT,NO_IMAGE_ASSET
JA_2014_P1_MAT_Q014,JEE_ADVANCED,2014,Paper 1,Mathematics,False,False,UNNECESSARY_EXTRACTION_ARTIFACT,NO_IMAGE_ASSET
JA_2014_P1_MAT_Q015,JEE_ADVANCED,2014,Paper 1,Mathematics,False,False,UNNECESSARY_EXTRACTION_ARTIFACT,NO_IMAGE_ASSET
JA_2014_P1_MAT_Q016,JEE_ADVANCED,2014,Paper 1,Mathematics,False,False,UNNECESSARY_EXTRACTION_ARTIFACT,NO_IMAGE_ASSET
JA_2014_P1_MAT_Q017,JEE_ADVANCED,2014,Paper 1,Mathematics,False,False,UNNECESSARY_EXTRACTION_ARTIFACT,NO_IMAGE_ASSET
JA_2014_P1_MAT_Q018,JEE_ADVANCED,2014,Paper 1,Mathematics,False,False,UNNECESSARY_EXTRACTION_ARTIFACT,NO_IMAGE_ASSET
JA_2014_P1_MAT_Q019,JEE_ADVANCED,2014,Paper 1,Mathematics,False,False,UNNECESSARY_EXTRACTION_ARTIFACT,NO_IMAGE_ASSET
JA_2014_P1_MAT_Q020,JEE_ADVANCED,2014,Paper 1,Mathematics,False,False,UNNECESSARY_EXTRACTION_ARTIFACT,NO_IMAGE_ASSET
JA_2014_P2_PHY_Q001,JEE_ADVANCED,2014,Paper 2,Physics,True,False,UNNECESSARY_EXTRACTION_ARTIFACT,EXTRACTION_ARTIFACT_TEXT_SELF_CONTAINED
JA_2014_P2_PHY_Q002,JEE_ADVANCED,2014,Paper 2,Physics,True,False,UNNECESSARY_EXTRACTION_ARTIFACT,EXTRACTION_ARTIFACT_TEXT_SELF_CONTAINED
JA_2014_P2_PHY_Q003,JEE_ADVANCED,2014,Paper 2,Physics,True,True,GENUINE_DIAGRAM_REQUIRED,TEXT_TRIGGER_FIGURE
JA_2014_P2_PHY_Q004,JEE_ADVANCED,2014,Paper 2,Physics,True,True,GENUINE_DIAGRAM_REQUIRED,TEXT_TRIGGER_FIGURE
JA_2014_P2_PHY_Q005,JEE_ADVANCED,2014,Paper 2,Physics,True,True,GENUINE_DIAGRAM_REQUIRED,TEXT_TRIGGER_FIGURE
JA_2014_P2_PHY_Q006,JEE_ADVANCED,2014,Paper 2,Physics,True,True,GENUINE_DIAGRAM_REQUIRED,TEXT_TRIGGER_RAY
JA_2014_P2_PHY_Q007,JEE_ADVANCED,2014,Paper 2,Physics,True,True,GENUINE_DIAGRAM_REQUIRED,TEXT_TRIGGER_RAY
JA_2014_P2_PHY_Q008,JEE_ADVANCED,2014,Paper 2,Physics,True,False,UNNECESSARY_EXTRACTION_ARTIFACT,EXTRACTION_ARTIFACT_TEXT_SELF_CONTAINED
JA_2014_P2_PHY_Q009,JEE_ADVANCED,2014,Paper 2,Physics,True,False,UNNECESSARY_EXTRACTION_ARTIFACT,EXTRACTION_ARTIFACT_TEXT_SELF_CONTAINED
JA_2014_P2_PHY_Q010,JEE_ADVANCED,2014,Paper 2,Physics,True,True,GENUINE_DIAGRAM_REQUIRED,TEXT_TRIGGER_FIGURE
JA_2014_P2_PHY_Q011,JEE_ADVANCED,2014,Paper 2,Physics,True,True,GENUINE_DIAGRAM_REQUIRED,TEXT_TRIGGER_FIGURE
JA_2014_P2_PHY_Q012,JEE_ADVANCED,2014,Paper 2,Physics,True,True,GENUINE_DIAGRAM_REQUIRED,TEXT_TRIGGER_FIGURE
JA_2014_P2_PHY_Q013,JEE_ADVANCED,2014,Paper 2,Physics,True,True,GENUINE_DIAGRAM_REQUIRED,TEXT_TRIGGER_FIGURE
JA_2014_P2_PHY_Q014,JEE_ADVANCED,2014,Paper 2,Physics,True,True,GENUINE_DIAGRAM_REQUIRED,TEXT_TRIGGER_FIGURE
JA_2014_P2_PHY_Q015,JEE_ADVANCED,2014,Paper 2,Physics,True,True,GENUINE_DIAGRAM_REQUIRED,TEXT_TRIGGER_GIVEN BELOW
JA_2014_P2_PHY_Q016,JEE_ADVANCED,2014,Paper 2,Physics,True,True,GENUINE_DIAGRAM_REQUIRED,TEXT_TRIGGER_GIVEN BELOW
JA_2014_P2_PHY_Q017,JEE_ADVANCED,2014,Paper 2,Physics,True,True,GENUINE_DIAGRAM_REQUIRED,TEXT_TRIGGER_GIVEN BELOW
JA_2014_P2_PHY_Q018,JEE_ADVANCED,2014,Paper 2,Physics,True,True,GENUINE_DIAGRAM_REQUIRED,TEXT_TRIGGER_FIGURE
JA_2014_P2_PHY_Q019,JEE_ADVANCED,2014,Paper 2,Physics,True,True,GENUINE_DIAGRAM_REQUIRED,TEXT_TRIGGER_FIGURE
JA_2014_P2_PHY_Q020,JEE_ADVANCED,2014,Paper 2,Physics,True,True,GENUINE_DIAGRAM_REQUIRED,TEXT_TRIGGER_GIVEN BELOW
JA_2014_P2_CHE_Q001,JEE_ADVANCED,2014,Paper 2,Chemistry,False,False,UNNECESSARY_EXTRACTION_ARTIFACT,NO_IMAGE_ASSET
JA_2014_P2_CHE_Q002,JEE_ADVANCED,2014,Paper 2,Chemistry,False,False,UNNECESSARY_EXTRACTION_ARTIFACT,NO_IMAGE_ASSET
JA_2014_P2_CHE_Q003,JEE_ADVANCED,2014,Paper 2,Chemistry,False,False,UNNECESSARY_EXTRACTION_ARTIFACT,NO_IMAGE_ASSET
JA_2014_P2_CHE_Q004,JEE_ADVANCED,2014,Paper 2,Chemistry,False,False,UNNECESSARY_EXTRACTION_ARTIFACT,NO_IMAGE_ASSET
JA_2014_P2_CHE_Q005,JEE_ADVANCED,2014,Paper 2,Chemistry,False,False,UNNECESSARY_EXTRACTION_ARTIFACT,NO_IMAGE_ASSET
JA_2014_P2_CHE_Q006,JEE_ADVANCED,2014,Paper 2,Chemistry,False,False,UNNECESSARY_EXTRACTION_ARTIFACT,NO_IMAGE_ASSET
JA_2014_P2_CHE_Q007,JEE_ADVANCED,2014,Paper 2,Chemistry,False,False,UNNECESSARY_EXTRACTION_ARTIFACT,NO_IMAGE_ASSET
JA_2014_P2_CHE_Q008,JEE_ADVANCED,2014,Paper 2,Chemistry,False,False,UNNECESSARY_EXTRACTION_ARTIFACT,NO_IMAGE_ASSET
JA_2014_P2_CHE_Q009,JEE_ADVANCED,2014,Paper 2,Chemistry,False,False,UNNECESSARY_EXTRACTION_ARTIFACT,NO_IMAGE_ASSET
JA_2014_P2_CHE_Q010,JEE_ADVANCED,2014,Paper 2,Chemistry,False,False,UNNECESSARY_EXTRACTION_ARTIFACT,NO_IMAGE_ASSET
JA_2014_P2_CHE_Q011,JEE_ADVANCED,2014,Paper 2,Chemistry,False,False,UNNECESSARY_EXTRACTION_ARTIFACT,NO_IMAGE_ASSET
JA_2014_P2_CHE_Q012,JEE_ADVANCED,2014,Paper 2,Chemistry,False,False,UNNECESSARY_EXTRACTION_ARTIFACT,NO_IMAGE_ASSET
JA_2014_P2_CHE_Q013,JEE_ADVANCED,2014,Paper 2,Chemistry,False,False,UNNECESSARY_EXTRACTION_ARTIFACT,NO_IMAGE_ASSET
JA_2014_P2_CHE_Q014,JEE_ADVANCED,2014,Paper 2,Chemistry,False,False,UNNECESSARY_EXTRACTION_ARTIFACT,NO_IMAGE_ASSET
JA_2014_P2_CHE_Q015,JEE_ADVANCED,2014,Paper 2,Chemistry,False,False,UNNECESSARY_EXTRACTION_ARTIFACT,NO_IMAGE_ASSET
JA_2014_P2_CHE_Q016,JEE_ADVANCED,2014,Paper 2,Chemistry,False,False,UNNECESSARY_EXTRACTION_ARTIFACT,NO_IMAGE_ASSET
JA_2014_P2_CHE_Q017,JEE_ADVANCED,2014,Paper 2,Chemistry,False,False,UNNECESSARY_EXTRACTION_ARTIFACT,NO_IMAGE_ASSET
JA_2014_P2_CHE_Q018,JEE_ADVANCED,2014,Paper 2,Chemistry,False,False,UNNECESSARY_EXTRACTION_ARTIFACT,NO_IMAGE_ASSET
JA_2014_P2_CHE_Q019,JEE_ADVANCED,2014,Paper 2,Chemistry,False,False,UNNECESSARY_EXTRACTION_ARTIFACT,NO_IMAGE_ASSET
JA_2014_P2_CHE_Q020,JEE_ADVANCED,2014,Paper 2,Chemistry,False,False,UNNECESSARY_EXTRACTION_ARTIFACT,NO_IMAGE_ASSET
JA_2014_P2_MAT_Q001,JEE_ADVANCED,2014,Paper 2,Mathematics,False,False,UNNECESSARY_EXTRACTION_ARTIFACT,NO_IMAGE_ASSET
JA_2014_P2_MAT_Q002,JEE_ADVANCED,2014,Paper 2,Mathematics,False,False,UNNECESSARY_EXTRACTION_ARTIFACT,NO_IMAGE_ASSET
JA_2014_P2_MAT_Q003,JEE_ADVANCED,2014,Paper 2,Mathematics,False,False,UNNECESSARY_EXTRACTION_ARTIFACT,NO_IMAGE_ASSET
JA_2014_P2_MAT_Q004,JEE_ADVANCED,2014,Paper 2,Mathematics,False,False,UNNECESSARY_EXTRACTION_ARTIFACT,NO_IMAGE_ASSET
JA_2014_P2_MAT_Q005,JEE_ADVANCED,2014,Paper 2,Mathematics,False,False,UNNECESSARY_EXTRACTION_ARTIFACT,NO_IMAGE_ASSET
JA_2014_P2_MAT_Q006,JEE_ADVANCED,2014,Paper 2,Mathematics,False,False,UNNECESSARY_EXTRACTION_ARTIFACT,NO_IMAGE_ASSET
JA_2014_P2_MAT_Q007,JEE_ADVANCED,2014,Paper 2,Mathematics,False,False,UNNECESSARY_EXTRACTION_ARTIFACT,NO_IMAGE_ASSET
JA_2014_P2_MAT_Q008,JEE_ADVANCED,2014,Paper 2,Mathematics,False,False,UNNECESSARY_EXTRACTION_ARTIFACT,NO_IMAGE_ASSET
JA_2014_P2_MAT_Q009,JEE_ADVANCED,2014,Paper 2,Mathematics,False,False,UNNECESSARY_EXTRACTION_ARTIFACT,NO_IMAGE_ASSET
JA_2014_P2_MAT_Q010,JEE_ADVANCED,2014,Paper 2,Mathematics,False,False,UNNECESSARY_EXTRACTION_ARTIFACT,NO_IMAGE_ASSET
JA_2014_P2_MAT_Q011,JEE_ADVANCED,2014,Paper 2,Mathematics,False,False,UNNECESSARY_EXTRACTION_ARTIFACT,NO_IMAGE_ASSET
JA_2014_P2_MAT_Q012,JEE_ADVANCED,2014,Paper 2,Mathematics,False,False,UNNECESSARY_EXTRACTION_ARTIFACT,NO_IMAGE_ASSET
JA_2014_P2_MAT_Q013,JEE_ADVANCED,2014,Paper 2,Mathematics,False,False,UNNECESSARY_EXTRACTION_ARTIFACT,NO_IMAGE_ASSET
JA_2014_P2_MAT_Q014,JEE_ADVANCED,2014,Paper 2,Mathematics,False,False,UNNECESSARY_EXTRACTION_ARTIFACT,NO_IMAGE_ASSET
JA_2014_P2_MAT_Q015,JEE_ADVANCED,2014,Paper 2,Mathematics,False,False,UNNECESSARY_EXTRACTION_ARTIFACT,NO_IMAGE_ASSET
JA_2014_P2_MAT_Q016,JEE_ADVANCED,2014,Paper 2,Mathematics,False,False,UNNECESSARY_EXTRACTION_ARTIFACT,NO_IMAGE_ASSET
JA_2014_P2_MAT_Q017,JEE_ADVANCED,2014,Paper 2,Mathematics,False,False,UNNECESSARY_EXTRACTION_ARTIFACT,NO_IMAGE_ASSET
JA_2014_P2_MAT_Q018,JEE_ADVANCED,2014,Paper 2,Mathematics,False,False,UNNECESSARY_EXTRACTION_ARTIFACT,NO_IMAGE_ASSET
JA_2014_P2_MAT_Q019,JEE_ADVANCED,2014,Paper 2,Mathematics,False,False,UNNECESSARY_EXTRACTION_ARTIFACT,NO_IMAGE_ASSET
JA_2014_P2_MAT_Q020,JEE_ADVANCED,2014,Paper 2,Mathematics,False,False,UNNECESSARY_EXTRACTION_ARTIFACT,NO_IMAGE_ASSET
JA_2015_P1_PHY_Q001,JEE_ADVANCED,2015,Paper 1,Physics,True,True,GENUINE_DIAGRAM_REQUIRED,SCANNED_PAPER_VISUAL_CARD
JA_2015_P1_PHY_Q002,JEE_ADVANCED,2015,Paper 1,Physics,True,True,GENUINE_DIAGRAM_REQUIRED,SCANNED_PAPER_VISUAL_CARD
JA_2015_P1_PHY_Q003,JEE_ADVANCED,2015,Paper 1,Physics,True,True,GENUINE_DIAGRAM_REQUIRED,SCANNED_PAPER_VISUAL_CARD
JA_2015_P1_PHY_Q004,JEE_ADVANCED,2015,Paper 1,Physics,True,True,GENUINE_DIAGRAM_REQUIRED,SCANNED_PAPER_VISUAL_CARD
JA_2015_P1_PHY_Q005,JEE_ADVANCED,2015,Paper 1,Physics,True,True,GENUINE_DIAGRAM_REQUIRED,SCANNED_PAPER_VISUAL_CARD
JA_2015_P1_PHY_Q006,JEE_ADVANCED,2015,Paper 1,Physics,True,True,GENUINE_DIAGRAM_REQUIRED,SCANNED_PAPER_VISUAL_CARD
JA_2015_P1_PHY_Q007,JEE_ADVANCED,2015,Paper 1,Physics,True,True,GENUINE_DIAGRAM_REQUIRED,SCANNED_PAPER_VISUAL_CARD
JA_2015_P1_PHY_Q008,JEE_ADVANCED,2015,Paper 1,Physics,True,True,GENUINE_DIAGRAM_REQUIRED,SCANNED_PAPER_VISUAL_CARD
JA_2015_P1_PHY_Q009,JEE_ADVANCED,2015,Paper 1,Physics,True,True,GENUINE_DIAGRAM_REQUIRED,SCANNED_PAPER_VISUAL_CARD
JA_2015_P1_PHY_Q010,JEE_ADVANCED,2015,Paper 1,Physics,True,True,GENUINE_DIAGRAM_REQUIRED,SCANNED_PAPER_VISUAL_CARD
JA_2015_P1_PHY_Q011,JEE_ADVANCED,2015,Paper 1,Physics,True,True,GENUINE_DIAGRAM_REQUIRED,SCANNED_PAPER_VISUAL_CARD
JA_2015_P1_PHY_Q012,JEE_ADVANCED,2015,Paper 1,Physics,True,True,GENUINE_DIAGRAM_REQUIRED,SCANNED_PAPER_VISUAL_CARD
JA_2015_P1_PHY_Q013,JEE_ADVANCED,2015,Paper 1,Physics,True,True,GENUINE_DIAGRAM_REQUIRED,SCANNED_PAPER_VISUAL_CARD
JA_2015_P1_PHY_Q014,JEE_ADVANCED,2015,Paper 1,Physics,True,True,GENUINE_DIAGRAM_REQUIRED,SCANNED_PAPER_VISUAL_CARD
JA_2015_P1_PHY_Q015,JEE_ADVANCED,2015,Paper 1,Physics,True,True,GENUINE_DIAGRAM_REQUIRED,SCANNED_PAPER_VISUAL_CARD
JA_2015_P1_PHY_Q016,JEE_ADVANCED,2015,Paper 1,Physics,True,True,GENUINE_DIAGRAM_REQUIRED,SCANNED_PAPER_VISUAL_CARD
JA_2015_P1_PHY_Q017,JEE_ADVANCED,2015,Paper 1,Physics,True,True,GENUINE_DIAGRAM_REQUIRED,SCANNED_PAPER_VISUAL_CARD
JA_2015_P1_PHY_Q018,JEE_ADVANCED,2015,Paper 1,Physics,True,True,GENUINE_DIAGRAM_REQUIRED,SCANNED_PAPER_VISUAL_CARD
JA_2015_P1_PHY_Q019,JEE_ADVANCED,2015,Paper 1,Physics,True,True,GENUINE_DIAGRAM_REQUIRED,SCANNED_PAPER_VISUAL_CARD
JA_2015_P1_PHY_Q020,JEE_ADVANCED,2015,Paper 1,Physics,True,True,GENUINE_DIAGRAM_REQUIRED,SCANNED_PAPER_VISUAL_CARD
JA_2015_P1_CHE_Q001,JEE_ADVANCED,2015,Paper 1,Chemistry,True,True,GENUINE_DIAGRAM_REQUIRED,SCANNED_PAPER_VISUAL_CARD
JA_2015_P1_CHE_Q002,JEE_ADVANCED,2015,Paper 1,Chemistry,True,True,GENUINE_DIAGRAM_REQUIRED,SCANNED_PAPER_VISUAL_CARD
JA_2015_P1_CHE_Q003,JEE_ADVANCED,2015,Paper 1,Chemistry,True,True,GENUINE_DIAGRAM_REQUIRED,SCANNED_PAPER_VISUAL_CARD
JA_2015_P1_CHE_Q004,JEE_ADVANCED,2015,Paper 1,Chemistry,True,True,GENUINE_DIAGRAM_REQUIRED,SCANNED_PAPER_VISUAL_CARD
JA_2015_P1_CHE_Q005,JEE_ADVANCED,2015,Paper 1,Chemistry,True,True,GENUINE_DIAGRAM_REQUIRED,SCANNED_PAPER_VISUAL_CARD
JA_2015_P1_CHE_Q006,JEE_ADVANCED,2015,Paper 1,Chemistry,True,True,GENUINE_DIAGRAM_REQUIRED,SCANNED_PAPER_VISUAL_CARD
JA_2015_P1_CHE_Q007,JEE_ADVANCED,2015,Paper 1,Chemistry,True,True,GENUINE_DIAGRAM_REQUIRED,SCANNED_PAPER_VISUAL_CARD
JA_2015_P1_CHE_Q008,JEE_ADVANCED,2015,Paper 1,Chemistry,True,True,GENUINE_DIAGRAM_REQUIRED,SCANNED_PAPER_VISUAL_CARD
JA_2015_P1_CHE_Q009,JEE_ADVANCED,2015,Paper 1,Chemistry,True,True,GENUINE_DIAGRAM_REQUIRED,SCANNED_PAPER_VISUAL_CARD
JA_2015_P1_CHE_Q010,JEE_ADVANCED,2015,Paper 1,Chemistry,True,True,GENUINE_DIAGRAM_REQUIRED,SCANNED_PAPER_VISUAL_CARD
JA_2015_P1_CHE_Q011,JEE_ADVANCED,2015,Paper 1,Chemistry,True,True,GENUINE_DIAGRAM_REQUIRED,SCANNED_PAPER_VISUAL_CARD
JA_2015_P1_CHE_Q012,JEE_ADVANCED,2015,Paper 1,Chemistry,True,True,GENUINE_DIAGRAM_REQUIRED,SCANNED_PAPER_VISUAL_CARD
JA_2015_P1_CHE_Q013,JEE_ADVANCED,2015,Paper 1,Chemistry,True,True,GENUINE_DIAGRAM_REQUIRED,SCANNED_PAPER_VISUAL_CARD
JA_2015_P1_CHE_Q014,JEE_ADVANCED,2015,Paper 1,Chemistry,True,True,GENUINE_DIAGRAM_REQUIRED,SCANNED_PAPER_VISUAL_CARD
JA_2015_P1_CHE_Q015,JEE_ADVANCED,2015,Paper 1,Chemistry,True,True,GENUINE_DIAGRAM_REQUIRED,SCANNED_PAPER_VISUAL_CARD
JA_2015_P1_CHE_Q016,JEE_ADVANCED,2015,Paper 1,Chemistry,True,True,GENUINE_DIAGRAM_REQUIRED,SCANNED_PAPER_VISUAL_CARD
JA_2015_P1_CHE_Q017,JEE_ADVANCED,2015,Paper 1,Chemistry,True,True,GENUINE_DIAGRAM_REQUIRED,SCANNED_PAPER_VISUAL_CARD
JA_2015_P1_CHE_Q018,JEE_ADVANCED,2015,Paper 1,Chemistry,True,True,GENUINE_DIAGRAM_REQUIRED,SCANNED_PAPER_VISUAL_CARD
JA_2015_P1_CHE_Q019,JEE_ADVANCED,2015,Paper 1,Chemistry,True,True,GENUINE_DIAGRAM_REQUIRED,SCANNED_PAPER_VISUAL_CARD
JA_2015_P1_CHE_Q020,JEE_ADVANCED,2015,Paper 1,Chemistry,True,True,GENUINE_DIAGRAM_REQUIRED,SCANNED_PAPER_VISUAL_CARD
JA_2015_P1_MAT_Q001,JEE_ADVANCED,2015,Paper 1,Mathematics,True,True,GENUINE_DIAGRAM_REQUIRED,SCANNED_PAPER_VISUAL_CARD
JA_2015_P1_MAT_Q002,JEE_ADVANCED,2015,Paper 1,Mathematics,True,True,GENUINE_DIAGRAM_REQUIRED,SCANNED_PAPER_VISUAL_CARD
JA_2015_P1_MAT_Q003,JEE_ADVANCED,2015,Paper 1,Mathematics,True,True,GENUINE_DIAGRAM_REQUIRED,SCANNED_PAPER_VISUAL_CARD
JA_2015_P1_MAT_Q004,JEE_ADVANCED,2015,Paper 1,Mathematics,True,True,GENUINE_DIAGRAM_REQUIRED,SCANNED_PAPER_VISUAL_CARD
JA_2015_P1_MAT_Q005,JEE_ADVANCED,2015,Paper 1,Mathematics,True,True,GENUINE_DIAGRAM_REQUIRED,SCANNED_PAPER_VISUAL_CARD
JA_2015_P1_MAT_Q006,JEE_ADVANCED,2015,Paper 1,Mathematics,True,True,GENUINE_DIAGRAM_REQUIRED,SCANNED_PAPER_VISUAL_CARD
JA_2015_P1_MAT_Q007,JEE_ADVANCED,2015,Paper 1,Mathematics,True,True,GENUINE_DIAGRAM_REQUIRED,SCANNED_PAPER_VISUAL_CARD
JA_2015_P1_MAT_Q008,JEE_ADVANCED,2015,Paper 1,Mathematics,True,True,GENUINE_DIAGRAM_REQUIRED,SCANNED_PAPER_VISUAL_CARD
JA_2015_P1_MAT_Q009,JEE_ADVANCED,2015,Paper 1,Mathematics,True,True,GENUINE_DIAGRAM_REQUIRED,SCANNED_PAPER_VISUAL_CARD
JA_2015_P1_MAT_Q010,JEE_ADVANCED,2015,Paper 1,Mathematics,True,True,GENUINE_DIAGRAM_REQUIRED,SCANNED_PAPER_VISUAL_CARD
JA_2015_P1_MAT_Q011,JEE_ADVANCED,2015,Paper 1,Mathematics,True,True,GENUINE_DIAGRAM_REQUIRED,SCANNED_PAPER_VISUAL_CARD
JA_2015_P1_MAT_Q012,JEE_ADVANCED,2015,Paper 1,Mathematics,True,True,GENUINE_DIAGRAM_REQUIRED,SCANNED_PAPER_VISUAL_CARD
JA_2015_P1_MAT_Q013,JEE_ADVANCED,2015,Paper 1,Mathematics,True,True,GENUINE_DIAGRAM_REQUIRED,SCANNED_PAPER_VISUAL_CARD
JA_2015_P1_MAT_Q014,JEE_ADVANCED,2015,Paper 1,Mathematics,True,True,GENUINE_DIAGRAM_REQUIRED,SCANNED_PAPER_VISUAL_CARD
JA_2015_P1_MAT_Q015,JEE_ADVANCED,2015,Paper 1,Mathematics,True,True,GENUINE_DIAGRAM_REQUIRED,SCANNED_PAPER_VISUAL_CARD
JA_2015_P1_MAT_Q016,JEE_ADVANCED,2015,Paper 1,Mathematics,True,True,GENUINE_DIAGRAM_REQUIRED,SCANNED_PAPER_VISUAL_CARD
JA_2015_P1_MAT_Q017,JEE_ADVANCED,2015,Paper 1,Mathematics,True,True,GENUINE_DIAGRAM_REQUIRED,SCANNED_PAPER_VISUAL_CARD
JA_2015_P1_MAT_Q018,JEE_ADVANCED,2015,Paper 1,Mathematics,True,True,GENUINE_DIAGRAM_REQUIRED,SCANNED_PAPER_VISUAL_CARD
JA_2015_P1_MAT_Q019,JEE_ADVANCED,2015,Paper 1,Mathematics,True,True,GENUINE_DIAGRAM_REQUIRED,SCANNED_PAPER_VISUAL_CARD
JA_2015_P1_MAT_Q020,JEE_ADVANCED,2015,Paper 1,Mathematics,True,True,GENUINE_DIAGRAM_REQUIRED,SCANNED_PAPER_VISUAL_CARD
JA_2015_P2_PHY_Q001,JEE_ADVANCED,2015,Paper 2,Physics,True,True,GENUINE_DIAGRAM_REQUIRED,SCANNED_PAPER_VISUAL_CARD
JA_2015_P2_PHY_Q002,JEE_ADVANCED,2015,Paper 2,Physics,True,True,GENUINE_DIAGRAM_REQUIRED,SCANNED_PAPER_VISUAL_CARD
JA_2015_P2_PHY_Q003,JEE_ADVANCED,2015,Paper 2,Physics,True,True,GENUINE_DIAGRAM_REQUIRED,SCANNED_PAPER_VISUAL_CARD
JA_2015_P2_PHY_Q004,JEE_ADVANCED,2015,Paper 2,Physics,True,True,GENUINE_DIAGRAM_REQUIRED,SCANNED_PAPER_VISUAL_CARD
JA_2015_P2_PHY_Q005,JEE_ADVANCED,2015,Paper 2,Physics,True,True,GENUINE_DIAGRAM_REQUIRED,SCANNED_PAPER_VISUAL_CARD
JA_2015_P2_PHY_Q006,JEE_ADVANCED,2015,Paper 2,Physics,True,True,GENUINE_DIAGRAM_REQUIRED,SCANNED_PAPER_VISUAL_CARD
JA_2015_P2_PHY_Q007,JEE_ADVANCED,2015,Paper 2,Physics,True,True,GENUINE_DIAGRAM_REQUIRED,SCANNED_PAPER_VISUAL_CARD
JA_2015_P2_PHY_Q008,JEE_ADVANCED,2015,Paper 2,Physics,True,True,GENUINE_DIAGRAM_REQUIRED,SCANNED_PAPER_VISUAL_CARD
JA_2015_P2_PHY_Q009,JEE_ADVANCED,2015,Paper 2,Physics,True,True,GENUINE_DIAGRAM_REQUIRED,SCANNED_PAPER_VISUAL_CARD
JA_2015_P2_PHY_Q010,JEE_ADVANCED,2015,Paper 2,Physics,True,True,GENUINE_DIAGRAM_REQUIRED,SCANNED_PAPER_VISUAL_CARD
JA_2015_P2_PHY_Q011,JEE_ADVANCED,2015,Paper 2,Physics,True,True,GENUINE_DIAGRAM_REQUIRED,SCANNED_PAPER_VISUAL_CARD
JA_2015_P2_PHY_Q012,JEE_ADVANCED,2015,Paper 2,Physics,True,True,GENUINE_DIAGRAM_REQUIRED,SCANNED_PAPER_VISUAL_CARD
JA_2015_P2_PHY_Q013,JEE_ADVANCED,2015,Paper 2,Physics,True,True,GENUINE_DIAGRAM_REQUIRED,SCANNED_PAPER_VISUAL_CARD
JA_2015_P2_PHY_Q014,JEE_ADVANCED,2015,Paper 2,Physics,True,True,GENUINE_DIAGRAM_REQUIRED,SCANNED_PAPER_VISUAL_CARD
JA_2015_P2_PHY_Q015,JEE_ADVANCED,2015,Paper 2,Physics,True,True,GENUINE_DIAGRAM_REQUIRED,SCANNED_PAPER_VISUAL_CARD
JA_2015_P2_PHY_Q016,JEE_ADVANCED,2015,Paper 2,Physics,True,True,GENUINE_DIAGRAM_REQUIRED,SCANNED_PAPER_VISUAL_CARD
JA_2015_P2_PHY_Q017,JEE_ADVANCED,2015,Paper 2,Physics,True,True,GENUINE_DIAGRAM_REQUIRED,SCANNED_PAPER_VISUAL_CARD
JA_2015_P2_PHY_Q018,JEE_ADVANCED,2015,Paper 2,Physics,True,True,GENUINE_DIAGRAM_REQUIRED,SCANNED_PAPER_VISUAL_CARD
JA_2015_P2_PHY_Q019,JEE_ADVANCED,2015,Paper 2,Physics,True,True,GENUINE_DIAGRAM_REQUIRED,SCANNED_PAPER_VISUAL_CARD
JA_2015_P2_PHY_Q020,JEE_ADVANCED,2015,Paper 2,Physics,True,True,GENUINE_DIAGRAM_REQUIRED,SCANNED_PAPER_VISUAL_CARD
JA_2015_P2_CHE_Q001,JEE_ADVANCED,2015,Paper 2,Chemistry,True,True,GENUINE_DIAGRAM_REQUIRED,SCANNED_PAPER_VISUAL_CARD
JA_2015_P2_CHE_Q002,JEE_ADVANCED,2015,Paper 2,Chemistry,True,True,GENUINE_DIAGRAM_REQUIRED,SCANNED_PAPER_VISUAL_CARD
JA_2015_P2_CHE_Q003,JEE_ADVANCED,2015,Paper 2,Chemistry,True,True,GENUINE_DIAGRAM_REQUIRED,SCANNED_PAPER_VISUAL_CARD
JA_2015_P2_CHE_Q004,JEE_ADVANCED,2015,Paper 2,Chemistry,True,True,GENUINE_DIAGRAM_REQUIRED,SCANNED_PAPER_VISUAL_CARD
JA_2015_P2_CHE_Q005,JEE_ADVANCED,2015,Paper 2,Chemistry,True,True,GENUINE_DIAGRAM_REQUIRED,SCANNED_PAPER_VISUAL_CARD
JA_2015_P2_CHE_Q006,JEE_ADVANCED,2015,Paper 2,Chemistry,True,True,GENUINE_DIAGRAM_REQUIRED,SCANNED_PAPER_VISUAL_CARD
JA_2015_P2_CHE_Q007,JEE_ADVANCED,2015,Paper 2,Chemistry,True,True,GENUINE_DIAGRAM_REQUIRED,SCANNED_PAPER_VISUAL_CARD
JA_2015_P2_CHE_Q008,JEE_ADVANCED,2015,Paper 2,Chemistry,True,True,GENUINE_DIAGRAM_REQUIRED,SCANNED_PAPER_VISUAL_CARD
JA_2015_P2_CHE_Q009,JEE_ADVANCED,2015,Paper 2,Chemistry,True,True,GENUINE_DIAGRAM_REQUIRED,SCANNED_PAPER_VISUAL_CARD
JA_2015_P2_CHE_Q010,JEE_ADVANCED,2015,Paper 2,Chemistry,True,True,GENUINE_DIAGRAM_REQUIRED,SCANNED_PAPER_VISUAL_CARD
JA_2015_P2_CHE_Q011,JEE_ADVANCED,2015,Paper 2,Chemistry,True,True,GENUINE_DIAGRAM_REQUIRED,SCANNED_PAPER_VISUAL_CARD
JA_2015_P2_CHE_Q012,JEE_ADVANCED,2015,Paper 2,Chemistry,True,True,GENUINE_DIAGRAM_REQUIRED,SCANNED_PAPER_VISUAL_CARD
JA_2015_P2_CHE_Q013,JEE_ADVANCED,2015,Paper 2,Chemistry,True,True,GENUINE_DIAGRAM_REQUIRED,SCANNED_PAPER_VISUAL_CARD
JA_2015_P2_CHE_Q014,JEE_ADVANCED,2015,Paper 2,Chemistry,True,True,GENUINE_DIAGRAM_REQUIRED,SCANNED_PAPER_VISUAL_CARD
JA_2015_P2_CHE_Q015,JEE_ADVANCED,2015,Paper 2,Chemistry,True,True,GENUINE_DIAGRAM_REQUIRED,SCANNED_PAPER_VISUAL_CARD
JA_2015_P2_CHE_Q016,JEE_ADVANCED,2015,Paper 2,Chemistry,True,True,GENUINE_DIAGRAM_REQUIRED,SCANNED_PAPER_VISUAL_CARD
JA_2015_P2_CHE_Q017,JEE_ADVANCED,2015,Paper 2,Chemistry,True,True,GENUINE_DIAGRAM_REQUIRED,SCANNED_PAPER_VISUAL_CARD
JA_2015_P2_CHE_Q018,JEE_ADVANCED,2015,Paper 2,Chemistry,True,True,GENUINE_DIAGRAM_REQUIRED,SCANNED_PAPER_VISUAL_CARD
JA_2015_P2_CHE_Q019,JEE_ADVANCED,2015,Paper 2,Chemistry,True,True,GENUINE_DIAGRAM_REQUIRED,SCANNED_PAPER_VISUAL_CARD
JA_2015_P2_CHE_Q020,JEE_ADVANCED,2015,Paper 2,Chemistry,True,True,GENUINE_DIAGRAM_REQUIRED,SCANNED_PAPER_VISUAL_CARD
JA_2015_P2_MAT_Q001,JEE_ADVANCED,2015,Paper 2,Mathematics,True,True,GENUINE_DIAGRAM_REQUIRED,SCANNED_PAPER_VISUAL_CARD
JA_2015_P2_MAT_Q002,JEE_ADVANCED,2015,Paper 2,Mathematics,True,True,GENUINE_DIAGRAM_REQUIRED,SCANNED_PAPER_VISUAL_CARD
JA_2015_P2_MAT_Q003,JEE_ADVANCED,2015,Paper 2,Mathematics,True,True,GENUINE_DIAGRAM_REQUIRED,SCANNED_PAPER_VISUAL_CARD
JA_2015_P2_MAT_Q004,JEE_ADVANCED,2015,Paper 2,Mathematics,True,True,GENUINE_DIAGRAM_REQUIRED,SCANNED_PAPER_VISUAL_CARD
JA_2015_P2_MAT_Q005,JEE_ADVANCED,2015,Paper 2,Mathematics,True,True,GENUINE_DIAGRAM_REQUIRED,SCANNED_PAPER_VISUAL_CARD
JA_2015_P2_MAT_Q006,JEE_ADVANCED,2015,Paper 2,Mathematics,True,True,GENUINE_DIAGRAM_REQUIRED,SCANNED_PAPER_VISUAL_CARD
JA_2015_P2_MAT_Q007,JEE_ADVANCED,2015,Paper 2,Mathematics,True,True,GENUINE_DIAGRAM_REQUIRED,SCANNED_PAPER_VISUAL_CARD
JA_2015_P2_MAT_Q008,JEE_ADVANCED,2015,Paper 2,Mathematics,True,True,GENUINE_DIAGRAM_REQUIRED,SCANNED_PAPER_VISUAL_CARD
JA_2015_P2_MAT_Q009,JEE_ADVANCED,2015,Paper 2,Mathematics,True,True,GENUINE_DIAGRAM_REQUIRED,SCANNED_PAPER_VISUAL_CARD
JA_2015_P2_MAT_Q010,JEE_ADVANCED,2015,Paper 2,Mathematics,True,True,GENUINE_DIAGRAM_REQUIRED,SCANNED_PAPER_VISUAL_CARD
JA_2015_P2_MAT_Q011,JEE_ADVANCED,2015,Paper 2,Mathematics,True,True,GENUINE_DIAGRAM_REQUIRED,SCANNED_PAPER_VISUAL_CARD
JA_2015_P2_MAT_Q012,JEE_ADVANCED,2015,Paper 2,Mathematics,True,True,GENUINE_DIAGRAM_REQUIRED,SCANNED_PAPER_VISUAL_CARD
JA_2015_P2_MAT_Q013,JEE_ADVANCED,2015,Paper 2,Mathematics,True,True,GENUINE_DIAGRAM_REQUIRED,SCANNED_PAPER_VISUAL_CARD
JA_2015_P2_MAT_Q014,JEE_ADVANCED,2015,Paper 2,Mathematics,True,True,GENUINE_DIAGRAM_REQUIRED,SCANNED_PAPER_VISUAL_CARD
JA_2015_P2_MAT_Q015,JEE_ADVANCED,2015,Paper 2,Mathematics,True,True,GENUINE_DIAGRAM_REQUIRED,SCANNED_PAPER_VISUAL_CARD
JA_2015_P2_MAT_Q016,JEE_ADVANCED,2015,Paper 2,Mathematics,True,True,GENUINE_DIAGRAM_REQUIRED,SCANNED_PAPER_VISUAL_CARD
JA_2015_P2_MAT_Q017,JEE_ADVANCED,2015,Paper 2,Mathematics,True,True,GENUINE_DIAGRAM_REQUIRED,SCANNED_PAPER_VISUAL_CARD
JA_2015_P2_MAT_Q018,JEE_ADVANCED,2015,Paper 2,Mathematics,True,True,GENUINE_DIAGRAM_REQUIRED,SCANNED_PAPER_VISUAL_CARD
JA_2015_P2_MAT_Q019,JEE_ADVANCED,2015,Paper 2,Mathematics,True,True,GENUINE_DIAGRAM_REQUIRED,SCANNED_PAPER_VISUAL_CARD
JA_2015_P2_MAT_Q020,JEE_ADVANCED,2015,Paper 2,Mathematics,True,True,GENUINE_DIAGRAM_REQUIRED,SCANNED_PAPER_VISUAL_CARD
JA_2016_P1_PHY_Q001,JEE_ADVANCED,2016,Paper 1,Physics,True,True,GENUINE_DIAGRAM_REQUIRED,SCANNED_PAPER_VISUAL_CARD
JA_2016_P1_PHY_Q002,JEE_ADVANCED,2016,Paper 1,Physics,True,True,GENUINE_DIAGRAM_REQUIRED,SCANNED_PAPER_VISUAL_CARD
JA_2016_P1_PHY_Q003,JEE_ADVANCED,2016,Paper 1,Physics,True,True,GENUINE_DIAGRAM_REQUIRED,SCANNED_PAPER_VISUAL_CARD
JA_2016_P1_PHY_Q004,JEE_ADVANCED,2016,Paper 1,Physics,True,True,GENUINE_DIAGRAM_REQUIRED,SCANNED_PAPER_VISUAL_CARD
JA_2016_P1_PHY_Q005,JEE_ADVANCED,2016,Paper 1,Physics,True,True,GENUINE_DIAGRAM_REQUIRED,SCANNED_PAPER_VISUAL_CARD
JA_2016_P1_PHY_Q006,JEE_ADVANCED,2016,Paper 1,Physics,True,True,GENUINE_DIAGRAM_REQUIRED,SCANNED_PAPER_VISUAL_CARD
JA_2016_P1_PHY_Q007,JEE_ADVANCED,2016,Paper 1,Physics,True,True,GENUINE_DIAGRAM_REQUIRED,SCANNED_PAPER_VISUAL_CARD
JA_2016_P1_PHY_Q008,JEE_ADVANCED,2016,Paper 1,Physics,True,True,GENUINE_DIAGRAM_REQUIRED,SCANNED_PAPER_VISUAL_CARD
JA_2016_P1_PHY_Q009,JEE_ADVANCED,2016,Paper 1,Physics,True,True,GENUINE_DIAGRAM_REQUIRED,SCANNED_PAPER_VISUAL_CARD
JA_2016_P1_PHY_Q010,JEE_ADVANCED,2016,Paper 1,Physics,True,True,GENUINE_DIAGRAM_REQUIRED,SCANNED_PAPER_VISUAL_CARD
JA_2016_P1_PHY_Q011,JEE_ADVANCED,2016,Paper 1,Physics,True,True,GENUINE_DIAGRAM_REQUIRED,SCANNED_PAPER_VISUAL_CARD
JA_2016_P1_PHY_Q012,JEE_ADVANCED,2016,Paper 1,Physics,True,True,GENUINE_DIAGRAM_REQUIRED,SCANNED_PAPER_VISUAL_CARD
JA_2016_P1_PHY_Q013,JEE_ADVANCED,2016,Paper 1,Physics,True,True,GENUINE_DIAGRAM_REQUIRED,SCANNED_PAPER_VISUAL_CARD
JA_2016_P1_PHY_Q014,JEE_ADVANCED,2016,Paper 1,Physics,True,True,GENUINE_DIAGRAM_REQUIRED,SCANNED_PAPER_VISUAL_CARD
JA_2016_P1_PHY_Q015,JEE_ADVANCED,2016,Paper 1,Physics,True,True,GENUINE_DIAGRAM_REQUIRED,SCANNED_PAPER_VISUAL_CARD
JA_2016_P1_PHY_Q016,JEE_ADVANCED,2016,Paper 1,Physics,True,True,GENUINE_DIAGRAM_REQUIRED,SCANNED_PAPER_VISUAL_CARD
JA_2016_P1_PHY_Q017,JEE_ADVANCED,2016,Paper 1,Physics,True,True,GENUINE_DIAGRAM_REQUIRED,SCANNED_PAPER_VISUAL_CARD
JA_2016_P1_PHY_Q018,JEE_ADVANCED,2016,Paper 1,Physics,True,True,GENUINE_DIAGRAM_REQUIRED,SCANNED_PAPER_VISUAL_CARD
JA_2016_P1_CHE_Q001,JEE_ADVANCED,2016,Paper 1,Chemistry,True,True,GENUINE_DIAGRAM_REQUIRED,SCANNED_PAPER_VISUAL_CARD
JA_2016_P1_CHE_Q002,JEE_ADVANCED,2016,Paper 1,Chemistry,True,True,GENUINE_DIAGRAM_REQUIRED,SCANNED_PAPER_VISUAL_CARD
JA_2016_P1_CHE_Q003,JEE_ADVANCED,2016,Paper 1,Chemistry,True,True,GENUINE_DIAGRAM_REQUIRED,SCANNED_PAPER_VISUAL_CARD
JA_2016_P1_CHE_Q004,JEE_ADVANCED,2016,Paper 1,Chemistry,True,True,GENUINE_DIAGRAM_REQUIRED,SCANNED_PAPER_VISUAL_CARD
JA_2016_P1_CHE_Q005,JEE_ADVANCED,2016,Paper 1,Chemistry,True,True,GENUINE_DIAGRAM_REQUIRED,SCANNED_PAPER_VISUAL_CARD
JA_2016_P1_CHE_Q006,JEE_ADVANCED,2016,Paper 1,Chemistry,True,True,GENUINE_DIAGRAM_REQUIRED,SCANNED_PAPER_VISUAL_CARD
JA_2016_P1_CHE_Q007,JEE_ADVANCED,2016,Paper 1,Chemistry,True,True,GENUINE_DIAGRAM_REQUIRED,SCANNED_PAPER_VISUAL_CARD
JA_2016_P1_CHE_Q008,JEE_ADVANCED,2016,Paper 1,Chemistry,True,True,GENUINE_DIAGRAM_REQUIRED,SCANNED_PAPER_VISUAL_CARD
JA_2016_P1_CHE_Q009,JEE_ADVANCED,2016,Paper 1,Chemistry,True,True,GENUINE_DIAGRAM_REQUIRED,SCANNED_PAPER_VISUAL_CARD
JA_2016_P1_CHE_Q010,JEE_ADVANCED,2016,Paper 1,Chemistry,True,True,GENUINE_DIAGRAM_REQUIRED,SCANNED_PAPER_VISUAL_CARD
JA_2016_P1_CHE_Q011,JEE_ADVANCED,2016,Paper 1,Chemistry,True,True,GENUINE_DIAGRAM_REQUIRED,SCANNED_PAPER_VISUAL_CARD
JA_2016_P1_CHE_Q012,JEE_ADVANCED,2016,Paper 1,Chemistry,True,True,GENUINE_DIAGRAM_REQUIRED,SCANNED_PAPER_VISUAL_CARD
JA_2016_P1_CHE_Q013,JEE_ADVANCED,2016,Paper 1,Chemistry,True,True,GENUINE_DIAGRAM_REQUIRED,SCANNED_PAPER_VISUAL_CARD
JA_2016_P1_CHE_Q014,JEE_ADVANCED,2016,Paper 1,Chemistry,True,True,GENUINE_DIAGRAM_REQUIRED,SCANNED_PAPER_VISUAL_CARD
JA_2016_P1_CHE_Q015,JEE_ADVANCED,2016,Paper 1,Chemistry,True,True,GENUINE_DIAGRAM_REQUIRED,SCANNED_PAPER_VISUAL_CARD
JA_2016_P1_CHE_Q016,JEE_ADVANCED,2016,Paper 1,Chemistry,True,True,GENUINE_DIAGRAM_REQUIRED,SCANNED_PAPER_VISUAL_CARD
JA_2016_P1_CHE_Q017,JEE_ADVANCED,2016,Paper 1,Chemistry,True,True,GENUINE_DIAGRAM_REQUIRED,SCANNED_PAPER_VISUAL_CARD
JA_2016_P1_CHE_Q018,JEE_ADVANCED,2016,Paper 1,Chemistry,True,True,GENUINE_DIAGRAM_REQUIRED,SCANNED_PAPER_VISUAL_CARD
JA_2016_P1_MAT_Q001,JEE_ADVANCED,2016,Paper 1,Mathematics,True,True,GENUINE_DIAGRAM_REQUIRED,SCANNED_PAPER_VISUAL_CARD
JA_2016_P1_MAT_Q002,JEE_ADVANCED,2016,Paper 1,Mathematics,True,True,GENUINE_DIAGRAM_REQUIRED,SCANNED_PAPER_VISUAL_CARD
JA_2016_P1_MAT_Q003,JEE_ADVANCED,2016,Paper 1,Mathematics,True,True,GENUINE_DIAGRAM_REQUIRED,SCANNED_PAPER_VISUAL_CARD
JA_2016_P1_MAT_Q004,JEE_ADVANCED,2016,Paper 1,Mathematics,True,True,GENUINE_DIAGRAM_REQUIRED,SCANNED_PAPER_VISUAL_CARD
JA_2016_P1_MAT_Q005,JEE_ADVANCED,2016,Paper 1,Mathematics,True,True,GENUINE_DIAGRAM_REQUIRED,SCANNED_PAPER_VISUAL_CARD
JA_2016_P1_MAT_Q006,JEE_ADVANCED,2016,Paper 1,Mathematics,True,True,GENUINE_DIAGRAM_REQUIRED,SCANNED_PAPER_VISUAL_CARD
JA_2016_P1_MAT_Q007,JEE_ADVANCED,2016,Paper 1,Mathematics,True,True,GENUINE_DIAGRAM_REQUIRED,SCANNED_PAPER_VISUAL_CARD
JA_2016_P1_MAT_Q008,JEE_ADVANCED,2016,Paper 1,Mathematics,True,True,GENUINE_DIAGRAM_REQUIRED,SCANNED_PAPER_VISUAL_CARD
JA_2016_P1_MAT_Q009,JEE_ADVANCED,2016,Paper 1,Mathematics,True,True,GENUINE_DIAGRAM_REQUIRED,SCANNED_PAPER_VISUAL_CARD
JA_2016_P1_MAT_Q010,JEE_ADVANCED,2016,Paper 1,Mathematics,True,True,GENUINE_DIAGRAM_REQUIRED,SCANNED_PAPER_VISUAL_CARD
JA_2016_P1_MAT_Q011,JEE_ADVANCED,2016,Paper 1,Mathematics,True,True,GENUINE_DIAGRAM_REQUIRED,SCANNED_PAPER_VISUAL_CARD
JA_2016_P1_MAT_Q012,JEE_ADVANCED,2016,Paper 1,Mathematics,True,True,GENUINE_DIAGRAM_REQUIRED,SCANNED_PAPER_VISUAL_CARD
JA_2016_P1_MAT_Q013,JEE_ADVANCED,2016,Paper 1,Mathematics,True,True,GENUINE_DIAGRAM_REQUIRED,SCANNED_PAPER_VISUAL_CARD
JA_2016_P1_MAT_Q014,JEE_ADVANCED,2016,Paper 1,Mathematics,True,True,GENUINE_DIAGRAM_REQUIRED,SCANNED_PAPER_VISUAL_CARD
JA_2016_P1_MAT_Q015,JEE_ADVANCED,2016,Paper 1,Mathematics,True,True,GENUINE_DIAGRAM_REQUIRED,SCANNED_PAPER_VISUAL_CARD
JA_2016_P1_MAT_Q016,JEE_ADVANCED,2016,Paper 1,Mathematics,True,True,GENUINE_DIAGRAM_REQUIRED,SCANNED_PAPER_VISUAL_CARD
JA_2016_P1_MAT_Q017,JEE_ADVANCED,2016,Paper 1,Mathematics,True,True,GENUINE_DIAGRAM_REQUIRED,SCANNED_PAPER_VISUAL_CARD
JA_2016_P1_MAT_Q018,JEE_ADVANCED,2016,Paper 1,Mathematics,True,True,GENUINE_DIAGRAM_REQUIRED,SCANNED_PAPER_VISUAL_CARD
JA_2016_P2_PHY_Q001,JEE_ADVANCED,2016,Paper 2,Physics,True,True,GENUINE_DIAGRAM_REQUIRED,SCANNED_PAPER_VISUAL_CARD
JA_2016_P2_PHY_Q002,JEE_ADVANCED,2016,Paper 2,Physics,True,True,GENUINE_DIAGRAM_REQUIRED,SCANNED_PAPER_VISUAL_CARD
JA_2016_P2_PHY_Q003,JEE_ADVANCED,2016,Paper 2,Physics,True,True,GENUINE_DIAGRAM_REQUIRED,SCANNED_PAPER_VISUAL_CARD
JA_2016_P2_PHY_Q004,JEE_ADVANCED,2016,Paper 2,Physics,True,True,GENUINE_DIAGRAM_REQUIRED,SCANNED_PAPER_VISUAL_CARD
JA_2016_P2_PHY_Q005,JEE_ADVANCED,2016,Paper 2,Physics,True,True,GENUINE_DIAGRAM_REQUIRED,SCANNED_PAPER_VISUAL_CARD
JA_2016_P2_PHY_Q006,JEE_ADVANCED,2016,Paper 2,Physics,True,True,GENUINE_DIAGRAM_REQUIRED,SCANNED_PAPER_VISUAL_CARD
JA_2016_P2_PHY_Q007,JEE_ADVANCED,2016,Paper 2,Physics,True,True,GENUINE_DIAGRAM_REQUIRED,SCANNED_PAPER_VISUAL_CARD
JA_2016_P2_PHY_Q008,JEE_ADVANCED,2016,Paper 2,Physics,True,True,GENUINE_DIAGRAM_REQUIRED,SCANNED_PAPER_VISUAL_CARD
JA_2016_P2_PHY_Q009,JEE_ADVANCED,2016,Paper 2,Physics,True,True,GENUINE_DIAGRAM_REQUIRED,SCANNED_PAPER_VISUAL_CARD
JA_2016_P2_PHY_Q010,JEE_ADVANCED,2016,Paper 2,Physics,True,True,GENUINE_DIAGRAM_REQUIRED,SCANNED_PAPER_VISUAL_CARD
JA_2016_P2_PHY_Q011,JEE_ADVANCED,2016,Paper 2,Physics,True,True,GENUINE_DIAGRAM_REQUIRED,SCANNED_PAPER_VISUAL_CARD
JA_2016_P2_PHY_Q012,JEE_ADVANCED,2016,Paper 2,Physics,True,True,GENUINE_DIAGRAM_REQUIRED,SCANNED_PAPER_VISUAL_CARD
JA_2016_P2_PHY_Q013,JEE_ADVANCED,2016,Paper 2,Physics,True,True,GENUINE_DIAGRAM_REQUIRED,SCANNED_PAPER_VISUAL_CARD
JA_2016_P2_PHY_Q014,JEE_ADVANCED,2016,Paper 2,Physics,True,True,GENUINE_DIAGRAM_REQUIRED,SCANNED_PAPER_VISUAL_CARD
JA_2016_P2_PHY_Q015,JEE_ADVANCED,2016,Paper 2,Physics,True,True,GENUINE_DIAGRAM_REQUIRED,SCANNED_PAPER_VISUAL_CARD
JA_2016_P2_PHY_Q016,JEE_ADVANCED,2016,Paper 2,Physics,True,True,GENUINE_DIAGRAM_REQUIRED,SCANNED_PAPER_VISUAL_CARD
JA_2016_P2_PHY_Q017,JEE_ADVANCED,2016,Paper 2,Physics,True,True,GENUINE_DIAGRAM_REQUIRED,SCANNED_PAPER_VISUAL_CARD
JA_2016_P2_PHY_Q018,JEE_ADVANCED,2016,Paper 2,Physics,True,True,GENUINE_DIAGRAM_REQUIRED,SCANNED_PAPER_VISUAL_CARD
JA_2016_P2_CHE_Q001,JEE_ADVANCED,2016,Paper 2,Chemistry,True,True,GENUINE_DIAGRAM_REQUIRED,SCANNED_PAPER_VISUAL_CARD
JA_2016_P2_CHE_Q002,JEE_ADVANCED,2016,Paper 2,Chemistry,True,True,GENUINE_DIAGRAM_REQUIRED,SCANNED_PAPER_VISUAL_CARD
JA_2016_P2_CHE_Q003,JEE_ADVANCED,2016,Paper 2,Chemistry,True,True,GENUINE_DIAGRAM_REQUIRED,SCANNED_PAPER_VISUAL_CARD
JA_2016_P2_CHE_Q004,JEE_ADVANCED,2016,Paper 2,Chemistry,True,True,GENUINE_DIAGRAM_REQUIRED,SCANNED_PAPER_VISUAL_CARD
JA_2016_P2_CHE_Q005,JEE_ADVANCED,2016,Paper 2,Chemistry,True,True,GENUINE_DIAGRAM_REQUIRED,SCANNED_PAPER_VISUAL_CARD
JA_2016_P2_CHE_Q006,JEE_ADVANCED,2016,Paper 2,Chemistry,True,True,GENUINE_DIAGRAM_REQUIRED,SCANNED_PAPER_VISUAL_CARD
JA_2016_P2_CHE_Q007,JEE_ADVANCED,2016,Paper 2,Chemistry,True,True,GENUINE_DIAGRAM_REQUIRED,SCANNED_PAPER_VISUAL_CARD
JA_2016_P2_CHE_Q008,JEE_ADVANCED,2016,Paper 2,Chemistry,True,True,GENUINE_DIAGRAM_REQUIRED,SCANNED_PAPER_VISUAL_CARD
JA_2016_P2_CHE_Q009,JEE_ADVANCED,2016,Paper 2,Chemistry,True,True,GENUINE_DIAGRAM_REQUIRED,SCANNED_PAPER_VISUAL_CARD
JA_2016_P2_CHE_Q010,JEE_ADVANCED,2016,Paper 2,Chemistry,True,True,GENUINE_DIAGRAM_REQUIRED,SCANNED_PAPER_VISUAL_CARD
JA_2016_P2_CHE_Q011,JEE_ADVANCED,2016,Paper 2,Chemistry,True,True,GENUINE_DIAGRAM_REQUIRED,SCANNED_PAPER_VISUAL_CARD
JA_2016_P2_CHE_Q012,JEE_ADVANCED,2016,Paper 2,Chemistry,True,True,GENUINE_DIAGRAM_REQUIRED,SCANNED_PAPER_VISUAL_CARD
JA_2016_P2_CHE_Q013,JEE_ADVANCED,2016,Paper 2,Chemistry,True,True,GENUINE_DIAGRAM_REQUIRED,SCANNED_PAPER_VISUAL_CARD
JA_2016_P2_CHE_Q014,JEE_ADVANCED,2016,Paper 2,Chemistry,True,True,GENUINE_DIAGRAM_REQUIRED,SCANNED_PAPER_VISUAL_CARD
JA_2016_P2_CHE_Q015,JEE_ADVANCED,2016,Paper 2,Chemistry,True,True,GENUINE_DIAGRAM_REQUIRED,SCANNED_PAPER_VISUAL_CARD
JA_2016_P2_CHE_Q016,JEE_ADVANCED,2016,Paper 2,Chemistry,True,True,GENUINE_DIAGRAM_REQUIRED,SCANNED_PAPER_VISUAL_CARD
JA_2016_P2_CHE_Q017,JEE_ADVANCED,2016,Paper 2,Chemistry,True,True,GENUINE_DIAGRAM_REQUIRED,SCANNED_PAPER_VISUAL_CARD
JA_2016_P2_CHE_Q018,JEE_ADVANCED,2016,Paper 2,Chemistry,True,True,GENUINE_DIAGRAM_REQUIRED,SCANNED_PAPER_VISUAL_CARD
JA_2016_P2_MAT_Q001,JEE_ADVANCED,2016,Paper 2,Mathematics,True,True,GENUINE_DIAGRAM_REQUIRED,SCANNED_PAPER_VISUAL_CARD
JA_2016_P2_MAT_Q002,JEE_ADVANCED,2016,Paper 2,Mathematics,True,True,GENUINE_DIAGRAM_REQUIRED,SCANNED_PAPER_VISUAL_CARD
JA_2016_P2_MAT_Q003,JEE_ADVANCED,2016,Paper 2,Mathematics,True,True,GENUINE_DIAGRAM_REQUIRED,SCANNED_PAPER_VISUAL_CARD
JA_2016_P2_MAT_Q004,JEE_ADVANCED,2016,Paper 2,Mathematics,True,True,GENUINE_DIAGRAM_REQUIRED,SCANNED_PAPER_VISUAL_CARD
JA_2016_P2_MAT_Q005,JEE_ADVANCED,2016,Paper 2,Mathematics,True,True,GENUINE_DIAGRAM_REQUIRED,SCANNED_PAPER_VISUAL_CARD
JA_2016_P2_MAT_Q006,JEE_ADVANCED,2016,Paper 2,Mathematics,True,True,GENUINE_DIAGRAM_REQUIRED,SCANNED_PAPER_VISUAL_CARD
JA_2016_P2_MAT_Q007,JEE_ADVANCED,2016,Paper 2,Mathematics,True,True,GENUINE_DIAGRAM_REQUIRED,SCANNED_PAPER_VISUAL_CARD
JA_2016_P2_MAT_Q008,JEE_ADVANCED,2016,Paper 2,Mathematics,True,True,GENUINE_DIAGRAM_REQUIRED,SCANNED_PAPER_VISUAL_CARD
JA_2016_P2_MAT_Q009,JEE_ADVANCED,2016,Paper 2,Mathematics,True,True,GENUINE_DIAGRAM_REQUIRED,SCANNED_PAPER_VISUAL_CARD
JA_2016_P2_MAT_Q010,JEE_ADVANCED,2016,Paper 2,Mathematics,True,True,GENUINE_DIAGRAM_REQUIRED,SCANNED_PAPER_VISUAL_CARD
JA_2016_P2_MAT_Q011,JEE_ADVANCED,2016,Paper 2,Mathematics,True,True,GENUINE_DIAGRAM_REQUIRED,SCANNED_PAPER_VISUAL_CARD
JA_2016_P2_MAT_Q012,JEE_ADVANCED,2016,Paper 2,Mathematics,True,True,GENUINE_DIAGRAM_REQUIRED,SCANNED_PAPER_VISUAL_CARD
JA_2016_P2_MAT_Q013,JEE_ADVANCED,2016,Paper 2,Mathematics,True,True,GENUINE_DIAGRAM_REQUIRED,SCANNED_PAPER_VISUAL_CARD
JA_2016_P2_MAT_Q014,JEE_ADVANCED,2016,Paper 2,Mathematics,True,True,GENUINE_DIAGRAM_REQUIRED,SCANNED_PAPER_VISUAL_CARD
JA_2016_P2_MAT_Q015,JEE_ADVANCED,2016,Paper 2,Mathematics,True,True,GENUINE_DIAGRAM_REQUIRED,SCANNED_PAPER_VISUAL_CARD
JA_2016_P2_MAT_Q016,JEE_ADVANCED,2016,Paper 2,Mathematics,True,True,GENUINE_DIAGRAM_REQUIRED,SCANNED_PAPER_VISUAL_CARD
JA_2016_P2_MAT_Q017,JEE_ADVANCED,2016,Paper 2,Mathematics,True,True,GENUINE_DIAGRAM_REQUIRED,SCANNED_PAPER_VISUAL_CARD
JA_2016_P2_MAT_Q018,JEE_ADVANCED,2016,Paper 2,Mathematics,True,True,GENUINE_DIAGRAM_REQUIRED,SCANNED_PAPER_VISUAL_CARD
JA_2017_P1_PHY_Q001,JEE_ADVANCED,2017,Paper 1,Physics,True,False,UNNECESSARY_EXTRACTION_ARTIFACT,EXTRACTION_ARTIFACT_TEXT_SELF_CONTAINED
JA_2017_P1_PHY_Q002,JEE_ADVANCED,2017,Paper 1,Physics,True,False,UNNECESSARY_EXTRACTION_ARTIFACT,EXTRACTION_ARTIFACT_TEXT_SELF_CONTAINED
JA_2017_P1_PHY_Q003,JEE_ADVANCED,2017,Paper 1,Physics,True,True,GENUINE_DIAGRAM_REQUIRED,TEXT_TRIGGER_AS SHOWN
JA_2017_P1_PHY_Q004,JEE_ADVANCED,2017,Paper 1,Physics,True,False,UNNECESSARY_EXTRACTION_ARTIFACT,EXTRACTION_ARTIFACT_TEXT_SELF_CONTAINED
JA_2017_P1_PHY_Q005,JEE_ADVANCED,2017,Paper 1,Physics,True,False,UNNECESSARY_EXTRACTION_ARTIFACT,EXTRACTION_ARTIFACT_TEXT_SELF_CONTAINED
JA_2017_P1_PHY_Q006,JEE_ADVANCED,2017,Paper 1,Physics,True,False,UNNECESSARY_EXTRACTION_ARTIFACT,EXTRACTION_ARTIFACT_TEXT_SELF_CONTAINED
JA_2017_P1_PHY_Q007,JEE_ADVANCED,2017,Paper 1,Physics,True,True,GENUINE_DIAGRAM_REQUIRED,TEXT_TRIGGER_FIGURE
JA_2017_P1_PHY_Q008,JEE_ADVANCED,2017,Paper 1,Physics,True,True,GENUINE_DIAGRAM_REQUIRED,TEXT_TRIGGER_CIRCUIT
JA_2017_P1_PHY_Q009,JEE_ADVANCED,2017,Paper 1,Physics,True,True,GENUINE_DIAGRAM_REQUIRED,TEXT_TRIGGER_CIRCUIT
JA_2017_P1_PHY_Q010,JEE_ADVANCED,2017,Paper 1,Physics,True,False,UNNECESSARY_EXTRACTION_ARTIFACT,EXTRACTION_ARTIFACT_TEXT_SELF_CONTAINED
JA_2017_P1_PHY_Q011,JEE_ADVANCED,2017,Paper 1,Physics,True,True,GENUINE_DIAGRAM_REQUIRED,TEXT_TRIGGER_FIGURE
JA_2017_P1_PHY_Q012,JEE_ADVANCED,2017,Paper 1,Physics,True,True,GENUINE_DIAGRAM_REQUIRED,TEXT_TRIGGER_FIGURE
JA_2017_P1_PHY_Q013,JEE_ADVANCED,2017,Paper 1,Physics,True,False,UNNECESSARY_EXTRACTION_ARTIFACT,EXTRACTION_ARTIFACT_TEXT_SELF_CONTAINED
JA_2017_P1_PHY_Q014,JEE_ADVANCED,2017,Paper 1,Physics,True,True,GENUINE_DIAGRAM_REQUIRED,TEXT_TRIGGER_TABLE
JA_2017_P1_PHY_Q015,JEE_ADVANCED,2017,Paper 1,Physics,True,True,GENUINE_DIAGRAM_REQUIRED,TEXT_TRIGGER_TABLE
JA_2017_P1_PHY_Q016,JEE_ADVANCED,2017,Paper 1,Physics,True,True,GENUINE_DIAGRAM_REQUIRED,TEXT_TRIGGER_TABLE
JA_2017_P1_PHY_Q017,JEE_ADVANCED,2017,Paper 1,Physics,True,True,GENUINE_DIAGRAM_REQUIRED,TEXT_TRIGGER_AS SHOWN
JA_2017_P1_PHY_Q018,JEE_ADVANCED,2017,Paper 1,Physics,True,False,UNNECESSARY_EXTRACTION_ARTIFACT,EXTRACTION_ARTIFACT_TEXT_SELF_CONTAINED
JA_2017_P1_CHE_Q001,JEE_ADVANCED,2017,Paper 1,Chemistry,False,False,UNNECESSARY_EXTRACTION_ARTIFACT,NO_IMAGE_ASSET
JA_2017_P1_CHE_Q002,JEE_ADVANCED,2017,Paper 1,Chemistry,False,False,UNNECESSARY_EXTRACTION_ARTIFACT,NO_IMAGE_ASSET
JA_2017_P1_CHE_Q003,JEE_ADVANCED,2017,Paper 1,Chemistry,False,False,UNNECESSARY_EXTRACTION_ARTIFACT,NO_IMAGE_ASSET
JA_2017_P1_CHE_Q004,JEE_ADVANCED,2017,Paper 1,Chemistry,False,False,UNNECESSARY_EXTRACTION_ARTIFACT,NO_IMAGE_ASSET
JA_2017_P1_CHE_Q005,JEE_ADVANCED,2017,Paper 1,Chemistry,False,False,UNNECESSARY_EXTRACTION_ARTIFACT,NO_IMAGE_ASSET
JA_2017_P1_CHE_Q006,JEE_ADVANCED,2017,Paper 1,Chemistry,False,False,UNNECESSARY_EXTRACTION_ARTIFACT,NO_IMAGE_ASSET
JA_2017_P1_CHE_Q007,JEE_ADVANCED,2017,Paper 1,Chemistry,False,False,UNNECESSARY_EXTRACTION_ARTIFACT,NO_IMAGE_ASSET
JA_2017_P1_CHE_Q008,JEE_ADVANCED,2017,Paper 1,Chemistry,False,False,UNNECESSARY_EXTRACTION_ARTIFACT,NO_IMAGE_ASSET
JA_2017_P1_CHE_Q009,JEE_ADVANCED,2017,Paper 1,Chemistry,False,False,UNNECESSARY_EXTRACTION_ARTIFACT,NO_IMAGE_ASSET
JA_2017_P1_CHE_Q010,JEE_ADVANCED,2017,Paper 1,Chemistry,False,False,UNNECESSARY_EXTRACTION_ARTIFACT,NO_IMAGE_ASSET
JA_2017_P1_CHE_Q011,JEE_ADVANCED,2017,Paper 1,Chemistry,False,False,UNNECESSARY_EXTRACTION_ARTIFACT,NO_IMAGE_ASSET
JA_2017_P1_CHE_Q012,JEE_ADVANCED,2017,Paper 1,Chemistry,False,False,UNNECESSARY_EXTRACTION_ARTIFACT,NO_IMAGE_ASSET
JA_2017_P1_CHE_Q013,JEE_ADVANCED,2017,Paper 1,Chemistry,False,False,UNNECESSARY_EXTRACTION_ARTIFACT,NO_IMAGE_ASSET
JA_2017_P1_CHE_Q014,JEE_ADVANCED,2017,Paper 1,Chemistry,False,False,UNNECESSARY_EXTRACTION_ARTIFACT,NO_IMAGE_ASSET
JA_2017_P1_CHE_Q015,JEE_ADVANCED,2017,Paper 1,Chemistry,False,False,UNNECESSARY_EXTRACTION_ARTIFACT,NO_IMAGE_ASSET
JA_2017_P1_CHE_Q016,JEE_ADVANCED,2017,Paper 1,Chemistry,False,False,UNNECESSARY_EXTRACTION_ARTIFACT,NO_IMAGE_ASSET
JA_2017_P1_CHE_Q017,JEE_ADVANCED,2017,Paper 1,Chemistry,False,False,UNNECESSARY_EXTRACTION_ARTIFACT,NO_IMAGE_ASSET
JA_2017_P1_CHE_Q018,JEE_ADVANCED,2017,Paper 1,Chemistry,False,False,UNNECESSARY_EXTRACTION_ARTIFACT,NO_IMAGE_ASSET
JA_2017_P1_MAT_Q001,JEE_ADVANCED,2017,Paper 1,Mathematics,False,False,UNNECESSARY_EXTRACTION_ARTIFACT,NO_IMAGE_ASSET
JA_2017_P1_MAT_Q002,JEE_ADVANCED,2017,Paper 1,Mathematics,False,False,UNNECESSARY_EXTRACTION_ARTIFACT,NO_IMAGE_ASSET
JA_2017_P1_MAT_Q003,JEE_ADVANCED,2017,Paper 1,Mathematics,False,False,UNNECESSARY_EXTRACTION_ARTIFACT,NO_IMAGE_ASSET
JA_2017_P1_MAT_Q004,JEE_ADVANCED,2017,Paper 1,Mathematics,False,False,UNNECESSARY_EXTRACTION_ARTIFACT,NO_IMAGE_ASSET
JA_2017_P1_MAT_Q005,JEE_ADVANCED,2017,Paper 1,Mathematics,False,False,UNNECESSARY_EXTRACTION_ARTIFACT,NO_IMAGE_ASSET
JA_2017_P1_MAT_Q006,JEE_ADVANCED,2017,Paper 1,Mathematics,False,False,UNNECESSARY_EXTRACTION_ARTIFACT,NO_IMAGE_ASSET
JA_2017_P1_MAT_Q007,JEE_ADVANCED,2017,Paper 1,Mathematics,False,False,UNNECESSARY_EXTRACTION_ARTIFACT,NO_IMAGE_ASSET
JA_2017_P1_MAT_Q008,JEE_ADVANCED,2017,Paper 1,Mathematics,False,False,UNNECESSARY_EXTRACTION_ARTIFACT,NO_IMAGE_ASSET
JA_2017_P1_MAT_Q009,JEE_ADVANCED,2017,Paper 1,Mathematics,False,False,UNNECESSARY_EXTRACTION_ARTIFACT,NO_IMAGE_ASSET
JA_2017_P1_MAT_Q010,JEE_ADVANCED,2017,Paper 1,Mathematics,False,False,UNNECESSARY_EXTRACTION_ARTIFACT,NO_IMAGE_ASSET
JA_2017_P1_MAT_Q011,JEE_ADVANCED,2017,Paper 1,Mathematics,False,False,UNNECESSARY_EXTRACTION_ARTIFACT,NO_IMAGE_ASSET
JA_2017_P1_MAT_Q012,JEE_ADVANCED,2017,Paper 1,Mathematics,False,False,UNNECESSARY_EXTRACTION_ARTIFACT,NO_IMAGE_ASSET
JA_2017_P1_MAT_Q013,JEE_ADVANCED,2017,Paper 1,Mathematics,False,False,UNNECESSARY_EXTRACTION_ARTIFACT,NO_IMAGE_ASSET
JA_2017_P1_MAT_Q014,JEE_ADVANCED,2017,Paper 1,Mathematics,False,False,UNNECESSARY_EXTRACTION_ARTIFACT,NO_IMAGE_ASSET
JA_2017_P1_MAT_Q015,JEE_ADVANCED,2017,Paper 1,Mathematics,False,False,UNNECESSARY_EXTRACTION_ARTIFACT,NO_IMAGE_ASSET
JA_2017_P1_MAT_Q016,JEE_ADVANCED,2017,Paper 1,Mathematics,False,False,UNNECESSARY_EXTRACTION_ARTIFACT,NO_IMAGE_ASSET
JA_2017_P1_MAT_Q017,JEE_ADVANCED,2017,Paper 1,Mathematics,False,False,UNNECESSARY_EXTRACTION_ARTIFACT,NO_IMAGE_ASSET
JA_2017_P1_MAT_Q018,JEE_ADVANCED,2017,Paper 1,Mathematics,False,False,UNNECESSARY_EXTRACTION_ARTIFACT,NO_IMAGE_ASSET
JA_2017_P2_PHY_Q001,JEE_ADVANCED,2017,Paper 2,Physics,True,False,UNNECESSARY_EXTRACTION_ARTIFACT,EXTRACTION_ARTIFACT_TEXT_SELF_CONTAINED
JA_2017_P2_PHY_Q002,JEE_ADVANCED,2017,Paper 2,Physics,True,False,UNNECESSARY_EXTRACTION_ARTIFACT,EXTRACTION_ARTIFACT_TEXT_SELF_CONTAINED
JA_2017_P2_PHY_Q003,JEE_ADVANCED,2017,Paper 2,Physics,True,True,GENUINE_DIAGRAM_REQUIRED,TEXT_TRIGGER_FIGURE
JA_2017_P2_PHY_Q004,JEE_ADVANCED,2017,Paper 2,Physics,True,True,GENUINE_DIAGRAM_REQUIRED,TEXT_TRIGGER_FIGURE
JA_2017_P2_PHY_Q005,JEE_ADVANCED,2017,Paper 2,Physics,True,True,GENUINE_DIAGRAM_REQUIRED,TEXT_TRIGGER_FIGURE
JA_2017_P2_PHY_Q006,JEE_ADVANCED,2017,Paper 2,Physics,True,True,GENUINE_DIAGRAM_REQUIRED,TEXT_TRIGGER_FIGURE
JA_2017_P2_PHY_Q007,JEE_ADVANCED,2017,Paper 2,Physics,True,False,UNNECESSARY_EXTRACTION_ARTIFACT,EXTRACTION_ARTIFACT_TEXT_SELF_CONTAINED
JA_2017_P2_PHY_Q008,JEE_ADVANCED,2017,Paper 2,Physics,True,False,UNNECESSARY_EXTRACTION_ARTIFACT,EXTRACTION_ARTIFACT_TEXT_SELF_CONTAINED
JA_2017_P2_PHY_Q009,JEE_ADVANCED,2017,Paper 2,Physics,True,True,GENUINE_DIAGRAM_REQUIRED,TEXT_TRIGGER_FIGURE
JA_2017_P2_PHY_Q010,JEE_ADVANCED,2017,Paper 2,Physics,True,True,GENUINE_DIAGRAM_REQUIRED,TEXT_TRIGGER_FIGURE
JA_2017_P2_PHY_Q011,JEE_ADVANCED,2017,Paper 2,Physics,True,True,GENUINE_DIAGRAM_REQUIRED,TEXT_TRIGGER_FIGURE
JA_2017_P2_PHY_Q012,JEE_ADVANCED,2017,Paper 2,Physics,True,True,GENUINE_DIAGRAM_REQUIRED,TEXT_TRIGGER_AS SHOWN
JA_2017_P2_PHY_Q013,JEE_ADVANCED,2017,Paper 2,Physics,True,True,GENUINE_DIAGRAM_REQUIRED,TEXT_TRIGGER_FIGURE
JA_2017_P2_PHY_Q014,JEE_ADVANCED,2017,Paper 2,Physics,True,True,GENUINE_DIAGRAM_REQUIRED,TEXT_TRIGGER_FIGURE
JA_2017_P2_PHY_Q015,JEE_ADVANCED,2017,Paper 2,Physics,True,True,GENUINE_DIAGRAM_REQUIRED,TEXT_TRIGGER_FIGURE
JA_2017_P2_PHY_Q016,JEE_ADVANCED,2017,Paper 2,Physics,True,False,UNNECESSARY_EXTRACTION_ARTIFACT,EXTRACTION_ARTIFACT_TEXT_SELF_CONTAINED
JA_2017_P2_PHY_Q017,JEE_ADVANCED,2017,Paper 2,Physics,True,True,GENUINE_DIAGRAM_REQUIRED,TEXT_TRIGGER_FIGURE
JA_2017_P2_PHY_Q018,JEE_ADVANCED,2017,Paper 2,Physics,True,True,GENUINE_DIAGRAM_REQUIRED,TEXT_TRIGGER_FIGURE
JA_2017_P2_CHE_Q001,JEE_ADVANCED,2017,Paper 2,Chemistry,False,False,UNNECESSARY_EXTRACTION_ARTIFACT,NO_IMAGE_ASSET
JA_2017_P2_CHE_Q002,JEE_ADVANCED,2017,Paper 2,Chemistry,False,False,UNNECESSARY_EXTRACTION_ARTIFACT,NO_IMAGE_ASSET
JA_2017_P2_CHE_Q003,JEE_ADVANCED,2017,Paper 2,Chemistry,False,False,UNNECESSARY_EXTRACTION_ARTIFACT,NO_IMAGE_ASSET
JA_2017_P2_CHE_Q004,JEE_ADVANCED,2017,Paper 2,Chemistry,False,False,UNNECESSARY_EXTRACTION_ARTIFACT,NO_IMAGE_ASSET
JA_2017_P2_CHE_Q005,JEE_ADVANCED,2017,Paper 2,Chemistry,False,False,UNNECESSARY_EXTRACTION_ARTIFACT,NO_IMAGE_ASSET
JA_2017_P2_CHE_Q006,JEE_ADVANCED,2017,Paper 2,Chemistry,False,False,UNNECESSARY_EXTRACTION_ARTIFACT,NO_IMAGE_ASSET
JA_2017_P2_CHE_Q007,JEE_ADVANCED,2017,Paper 2,Chemistry,False,False,UNNECESSARY_EXTRACTION_ARTIFACT,NO_IMAGE_ASSET
JA_2017_P2_CHE_Q008,JEE_ADVANCED,2017,Paper 2,Chemistry,False,False,UNNECESSARY_EXTRACTION_ARTIFACT,NO_IMAGE_ASSET
JA_2017_P2_CHE_Q009,JEE_ADVANCED,2017,Paper 2,Chemistry,False,False,UNNECESSARY_EXTRACTION_ARTIFACT,NO_IMAGE_ASSET
JA_2017_P2_CHE_Q010,JEE_ADVANCED,2017,Paper 2,Chemistry,False,False,UNNECESSARY_EXTRACTION_ARTIFACT,NO_IMAGE_ASSET
JA_2017_P2_CHE_Q011,JEE_ADVANCED,2017,Paper 2,Chemistry,False,False,UNNECESSARY_EXTRACTION_ARTIFACT,NO_IMAGE_ASSET
JA_2017_P2_CHE_Q012,JEE_ADVANCED,2017,Paper 2,Chemistry,False,False,UNNECESSARY_EXTRACTION_ARTIFACT,NO_IMAGE_ASSET
JA_2017_P2_CHE_Q013,JEE_ADVANCED,2017,Paper 2,Chemistry,False,False,UNNECESSARY_EXTRACTION_ARTIFACT,NO_IMAGE_ASSET
JA_2017_P2_CHE_Q014,JEE_ADVANCED,2017,Paper 2,Chemistry,False,False,UNNECESSARY_EXTRACTION_ARTIFACT,NO_IMAGE_ASSET
JA_2017_P2_CHE_Q015,JEE_ADVANCED,2017,Paper 2,Chemistry,False,False,UNNECESSARY_EXTRACTION_ARTIFACT,NO_IMAGE_ASSET
JA_2017_P2_CHE_Q016,JEE_ADVANCED,2017,Paper 2,Chemistry,False,False,UNNECESSARY_EXTRACTION_ARTIFACT,NO_IMAGE_ASSET
JA_2017_P2_CHE_Q017,JEE_ADVANCED,2017,Paper 2,Chemistry,False,False,UNNECESSARY_EXTRACTION_ARTIFACT,NO_IMAGE_ASSET
JA_2017_P2_CHE_Q018,JEE_ADVANCED,2017,Paper 2,Chemistry,False,False,UNNECESSARY_EXTRACTION_ARTIFACT,NO_IMAGE_ASSET
JA_2017_P2_MAT_Q001,JEE_ADVANCED,2017,Paper 2,Mathematics,False,False,UNNECESSARY_EXTRACTION_ARTIFACT,NO_IMAGE_ASSET
JA_2017_P2_MAT_Q002,JEE_ADVANCED,2017,Paper 2,Mathematics,False,False,UNNECESSARY_EXTRACTION_ARTIFACT,NO_IMAGE_ASSET
JA_2017_P2_MAT_Q003,JEE_ADVANCED,2017,Paper 2,Mathematics,False,False,UNNECESSARY_EXTRACTION_ARTIFACT,NO_IMAGE_ASSET
JA_2017_P2_MAT_Q004,JEE_ADVANCED,2017,Paper 2,Mathematics,False,False,UNNECESSARY_EXTRACTION_ARTIFACT,NO_IMAGE_ASSET
JA_2017_P2_MAT_Q005,JEE_ADVANCED,2017,Paper 2,Mathematics,False,False,UNNECESSARY_EXTRACTION_ARTIFACT,NO_IMAGE_ASSET
JA_2017_P2_MAT_Q006,JEE_ADVANCED,2017,Paper 2,Mathematics,False,False,UNNECESSARY_EXTRACTION_ARTIFACT,NO_IMAGE_ASSET
JA_2017_P2_MAT_Q007,JEE_ADVANCED,2017,Paper 2,Mathematics,False,False,UNNECESSARY_EXTRACTION_ARTIFACT,NO_IMAGE_ASSET
JA_2017_P2_MAT_Q008,JEE_ADVANCED,2017,Paper 2,Mathematics,False,False,UNNECESSARY_EXTRACTION_ARTIFACT,NO_IMAGE_ASSET
JA_2017_P2_MAT_Q009,JEE_ADVANCED,2017,Paper 2,Mathematics,False,False,UNNECESSARY_EXTRACTION_ARTIFACT,NO_IMAGE_ASSET
JA_2017_P2_MAT_Q010,JEE_ADVANCED,2017,Paper 2,Mathematics,False,False,UNNECESSARY_EXTRACTION_ARTIFACT,NO_IMAGE_ASSET
JA_2017_P2_MAT_Q011,JEE_ADVANCED,2017,Paper 2,Mathematics,False,False,UNNECESSARY_EXTRACTION_ARTIFACT,NO_IMAGE_ASSET
JA_2017_P2_MAT_Q012,JEE_ADVANCED,2017,Paper 2,Mathematics,False,False,UNNECESSARY_EXTRACTION_ARTIFACT,NO_IMAGE_ASSET
JA_2017_P2_MAT_Q013,JEE_ADVANCED,2017,Paper 2,Mathematics,False,False,UNNECESSARY_EXTRACTION_ARTIFACT,NO_IMAGE_ASSET
JA_2017_P2_MAT_Q014,JEE_ADVANCED,2017,Paper 2,Mathematics,False,False,UNNECESSARY_EXTRACTION_ARTIFACT,NO_IMAGE_ASSET
JA_2017_P2_MAT_Q015,JEE_ADVANCED,2017,Paper 2,Mathematics,False,False,UNNECESSARY_EXTRACTION_ARTIFACT,NO_IMAGE_ASSET
JA_2017_P2_MAT_Q016,JEE_ADVANCED,2017,Paper 2,Mathematics,False,False,UNNECESSARY_EXTRACTION_ARTIFACT,NO_IMAGE_ASSET
JA_2017_P2_MAT_Q017,JEE_ADVANCED,2017,Paper 2,Mathematics,False,False,UNNECESSARY_EXTRACTION_ARTIFACT,NO_IMAGE_ASSET
JA_2017_P2_MAT_Q018,JEE_ADVANCED,2017,Paper 2,Mathematics,False,False,UNNECESSARY_EXTRACTION_ARTIFACT,NO_IMAGE_ASSET
JA_2018_P1_PHY_Q001,JEE_ADVANCED,2018,Paper 1,Physics,True,True,GENUINE_DIAGRAM_REQUIRED,TEXT_TRIGGER_SCHEME
JA_2018_P1_PHY_Q002,JEE_ADVANCED,2018,Paper 1,Physics,True,True,GENUINE_DIAGRAM_REQUIRED,TEXT_TRIGGER_SCHEME
JA_2018_P1_PHY_Q003,JEE_ADVANCED,2018,Paper 1,Physics,True,False,UNNECESSARY_EXTRACTION_ARTIFACT,EXTRACTION_ARTIFACT_TEXT_SELF_CONTAINED
JA_2018_P1_PHY_Q004,JEE_ADVANCED,2018,Paper 1,Physics,True,True,GENUINE_DIAGRAM_REQUIRED,TEXT_TRIGGER_FIGURE
JA_2018_P1_PHY_Q005,JEE_ADVANCED,2018,Paper 1,Physics,True,True,GENUINE_DIAGRAM_REQUIRED,TEXT_TRIGGER_FIGURE
JA_2018_P1_PHY_Q006,JEE_ADVANCED,2018,Paper 1,Physics,True,True,GENUINE_DIAGRAM_REQUIRED,TEXT_TRIGGER_FIGURE
JA_2018_P1_PHY_Q007,JEE_ADVANCED,2018,Paper 1,Physics,True,True,GENUINE_DIAGRAM_REQUIRED,TEXT_TRIGGER_SCHEME
JA_2018_P1_PHY_Q008,JEE_ADVANCED,2018,Paper 1,Physics,True,True,GENUINE_DIAGRAM_REQUIRED,TEXT_TRIGGER_SCHEME
JA_2018_P1_PHY_Q009,JEE_ADVANCED,2018,Paper 1,Physics,True,True,GENUINE_DIAGRAM_REQUIRED,TEXT_TRIGGER_FIGURE
JA_2018_P1_PHY_Q010,JEE_ADVANCED,2018,Paper 1,Physics,True,True,GENUINE_DIAGRAM_REQUIRED,TEXT_TRIGGER_FIGURE
JA_2018_P1_PHY_Q011,JEE_ADVANCED,2018,Paper 1,Physics,True,True,GENUINE_DIAGRAM_REQUIRED,TEXT_TRIGGER_FIGURE
JA_2018_P1_PHY_Q012,JEE_ADVANCED,2018,Paper 1,Physics,True,True,GENUINE_DIAGRAM_REQUIRED,TEXT_TRIGGER_FIGURE
JA_2018_P1_PHY_Q013,JEE_ADVANCED,2018,Paper 1,Physics,True,True,GENUINE_DIAGRAM_REQUIRED,TEXT_TRIGGER_SCHEME
JA_2018_P1_PHY_Q014,JEE_ADVANCED,2018,Paper 1,Physics,True,True,GENUINE_DIAGRAM_REQUIRED,TEXT_TRIGGER_SCHEME
JA_2018_P1_PHY_Q015,JEE_ADVANCED,2018,Paper 1,Physics,True,True,GENUINE_DIAGRAM_REQUIRED,TEXT_TRIGGER_GIVEN BELOW
JA_2018_P1_PHY_Q016,JEE_ADVANCED,2018,Paper 1,Physics,True,True,GENUINE_DIAGRAM_REQUIRED,TEXT_TRIGGER_GIVEN BELOW
JA_2018_P1_PHY_Q017,JEE_ADVANCED,2018,Paper 1,Physics,True,True,GENUINE_DIAGRAM_REQUIRED,TEXT_TRIGGER_GIVEN BELOW
JA_2018_P1_PHY_Q018,JEE_ADVANCED,2018,Paper 1,Physics,True,True,GENUINE_DIAGRAM_REQUIRED,TEXT_TRIGGER_GIVEN BELOW
JA_2018_P1_CHE_Q001,JEE_ADVANCED,2018,Paper 1,Chemistry,False,False,UNNECESSARY_EXTRACTION_ARTIFACT,NO_IMAGE_ASSET
JA_2018_P1_CHE_Q002,JEE_ADVANCED,2018,Paper 1,Chemistry,False,False,UNNECESSARY_EXTRACTION_ARTIFACT,NO_IMAGE_ASSET
JA_2018_P1_CHE_Q003,JEE_ADVANCED,2018,Paper 1,Chemistry,False,False,UNNECESSARY_EXTRACTION_ARTIFACT,NO_IMAGE_ASSET
JA_2018_P1_CHE_Q004,JEE_ADVANCED,2018,Paper 1,Chemistry,False,False,UNNECESSARY_EXTRACTION_ARTIFACT,NO_IMAGE_ASSET
JA_2018_P1_CHE_Q005,JEE_ADVANCED,2018,Paper 1,Chemistry,False,False,UNNECESSARY_EXTRACTION_ARTIFACT,NO_IMAGE_ASSET
JA_2018_P1_CHE_Q006,JEE_ADVANCED,2018,Paper 1,Chemistry,False,False,UNNECESSARY_EXTRACTION_ARTIFACT,NO_IMAGE_ASSET
JA_2018_P1_CHE_Q007,JEE_ADVANCED,2018,Paper 1,Chemistry,False,False,UNNECESSARY_EXTRACTION_ARTIFACT,NO_IMAGE_ASSET
JA_2018_P1_CHE_Q008,JEE_ADVANCED,2018,Paper 1,Chemistry,False,False,UNNECESSARY_EXTRACTION_ARTIFACT,NO_IMAGE_ASSET
JA_2018_P1_CHE_Q009,JEE_ADVANCED,2018,Paper 1,Chemistry,False,False,UNNECESSARY_EXTRACTION_ARTIFACT,NO_IMAGE_ASSET
JA_2018_P1_CHE_Q010,JEE_ADVANCED,2018,Paper 1,Chemistry,False,False,UNNECESSARY_EXTRACTION_ARTIFACT,NO_IMAGE_ASSET
JA_2018_P1_CHE_Q011,JEE_ADVANCED,2018,Paper 1,Chemistry,False,False,UNNECESSARY_EXTRACTION_ARTIFACT,NO_IMAGE_ASSET
JA_2018_P1_CHE_Q012,JEE_ADVANCED,2018,Paper 1,Chemistry,False,False,UNNECESSARY_EXTRACTION_ARTIFACT,NO_IMAGE_ASSET
JA_2018_P1_CHE_Q013,JEE_ADVANCED,2018,Paper 1,Chemistry,False,False,UNNECESSARY_EXTRACTION_ARTIFACT,NO_IMAGE_ASSET
JA_2018_P1_CHE_Q014,JEE_ADVANCED,2018,Paper 1,Chemistry,False,False,UNNECESSARY_EXTRACTION_ARTIFACT,NO_IMAGE_ASSET
JA_2018_P1_CHE_Q015,JEE_ADVANCED,2018,Paper 1,Chemistry,False,False,UNNECESSARY_EXTRACTION_ARTIFACT,NO_IMAGE_ASSET
JA_2018_P1_CHE_Q016,JEE_ADVANCED,2018,Paper 1,Chemistry,False,False,UNNECESSARY_EXTRACTION_ARTIFACT,NO_IMAGE_ASSET
JA_2018_P1_CHE_Q017,JEE_ADVANCED,2018,Paper 1,Chemistry,False,False,UNNECESSARY_EXTRACTION_ARTIFACT,NO_IMAGE_ASSET
JA_2018_P1_CHE_Q018,JEE_ADVANCED,2018,Paper 1,Chemistry,False,False,UNNECESSARY_EXTRACTION_ARTIFACT,NO_IMAGE_ASSET
JA_2018_P1_MAT_Q001,JEE_ADVANCED,2018,Paper 1,Mathematics,False,False,UNNECESSARY_EXTRACTION_ARTIFACT,NO_IMAGE_ASSET
JA_2018_P1_MAT_Q002,JEE_ADVANCED,2018,Paper 1,Mathematics,False,False,UNNECESSARY_EXTRACTION_ARTIFACT,NO_IMAGE_ASSET
JA_2018_P1_MAT_Q003,JEE_ADVANCED,2018,Paper 1,Mathematics,False,False,UNNECESSARY_EXTRACTION_ARTIFACT,NO_IMAGE_ASSET
JA_2018_P1_MAT_Q004,JEE_ADVANCED,2018,Paper 1,Mathematics,False,False,UNNECESSARY_EXTRACTION_ARTIFACT,NO_IMAGE_ASSET
JA_2018_P1_MAT_Q005,JEE_ADVANCED,2018,Paper 1,Mathematics,False,False,UNNECESSARY_EXTRACTION_ARTIFACT,NO_IMAGE_ASSET
JA_2018_P1_MAT_Q006,JEE_ADVANCED,2018,Paper 1,Mathematics,False,False,UNNECESSARY_EXTRACTION_ARTIFACT,NO_IMAGE_ASSET
JA_2018_P1_MAT_Q007,JEE_ADVANCED,2018,Paper 1,Mathematics,False,False,UNNECESSARY_EXTRACTION_ARTIFACT,NO_IMAGE_ASSET
JA_2018_P1_MAT_Q008,JEE_ADVANCED,2018,Paper 1,Mathematics,False,False,UNNECESSARY_EXTRACTION_ARTIFACT,NO_IMAGE_ASSET
JA_2018_P1_MAT_Q009,JEE_ADVANCED,2018,Paper 1,Mathematics,False,False,UNNECESSARY_EXTRACTION_ARTIFACT,NO_IMAGE_ASSET
JA_2018_P1_MAT_Q010,JEE_ADVANCED,2018,Paper 1,Mathematics,False,False,UNNECESSARY_EXTRACTION_ARTIFACT,NO_IMAGE_ASSET
JA_2018_P1_MAT_Q011,JEE_ADVANCED,2018,Paper 1,Mathematics,False,False,UNNECESSARY_EXTRACTION_ARTIFACT,NO_IMAGE_ASSET
JA_2018_P1_MAT_Q012,JEE_ADVANCED,2018,Paper 1,Mathematics,False,False,UNNECESSARY_EXTRACTION_ARTIFACT,NO_IMAGE_ASSET
JA_2018_P1_MAT_Q013,JEE_ADVANCED,2018,Paper 1,Mathematics,False,False,UNNECESSARY_EXTRACTION_ARTIFACT,NO_IMAGE_ASSET
JA_2018_P1_MAT_Q014,JEE_ADVANCED,2018,Paper 1,Mathematics,False,False,UNNECESSARY_EXTRACTION_ARTIFACT,NO_IMAGE_ASSET
JA_2018_P1_MAT_Q015,JEE_ADVANCED,2018,Paper 1,Mathematics,False,False,UNNECESSARY_EXTRACTION_ARTIFACT,NO_IMAGE_ASSET
JA_2018_P1_MAT_Q016,JEE_ADVANCED,2018,Paper 1,Mathematics,False,False,UNNECESSARY_EXTRACTION_ARTIFACT,NO_IMAGE_ASSET
JA_2018_P1_MAT_Q017,JEE_ADVANCED,2018,Paper 1,Mathematics,False,False,UNNECESSARY_EXTRACTION_ARTIFACT,NO_IMAGE_ASSET
JA_2018_P1_MAT_Q018,JEE_ADVANCED,2018,Paper 1,Mathematics,False,False,UNNECESSARY_EXTRACTION_ARTIFACT,NO_IMAGE_ASSET
JA_2018_P2_PHY_Q001,JEE_ADVANCED,2018,Paper 2,Physics,True,True,GENUINE_DIAGRAM_REQUIRED,TEXT_TRIGGER_SCHEME
JA_2018_P2_PHY_Q002,JEE_ADVANCED,2018,Paper 2,Physics,True,True,GENUINE_DIAGRAM_REQUIRED,TEXT_TRIGGER_SCHEME
JA_2018_P2_PHY_Q003,JEE_ADVANCED,2018,Paper 2,Physics,True,True,GENUINE_DIAGRAM_REQUIRED,TEXT_TRIGGER_FIGURE
JA_2018_P2_PHY_Q004,JEE_ADVANCED,2018,Paper 2,Physics,True,True,GENUINE_DIAGRAM_REQUIRED,TEXT_TRIGGER_FIGURE
JA_2018_P2_PHY_Q005,JEE_ADVANCED,2018,Paper 2,Physics,True,True,GENUINE_DIAGRAM_REQUIRED,TEXT_TRIGGER_FIGURE
JA_2018_P2_PHY_Q006,JEE_ADVANCED,2018,Paper 2,Physics,True,True,GENUINE_DIAGRAM_REQUIRED,TEXT_TRIGGER_FIGURE
JA_2018_P2_PHY_Q007,JEE_ADVANCED,2018,Paper 2,Physics,True,False,UNNECESSARY_EXTRACTION_ARTIFACT,EXTRACTION_ARTIFACT_TEXT_SELF_CONTAINED
JA_2018_P2_PHY_Q008,JEE_ADVANCED,2018,Paper 2,Physics,True,False,UNNECESSARY_EXTRACTION_ARTIFACT,EXTRACTION_ARTIFACT_TEXT_SELF_CONTAINED
JA_2018_P2_PHY_Q009,JEE_ADVANCED,2018,Paper 2,Physics,True,True,GENUINE_DIAGRAM_REQUIRED,TEXT_TRIGGER_SCHEME
JA_2018_P2_PHY_Q010,JEE_ADVANCED,2018,Paper 2,Physics,True,False,UNNECESSARY_EXTRACTION_ARTIFACT,EXTRACTION_ARTIFACT_TEXT_SELF_CONTAINED
JA_2018_P2_PHY_Q011,JEE_ADVANCED,2018,Paper 2,Physics,True,False,UNNECESSARY_EXTRACTION_ARTIFACT,EXTRACTION_ARTIFACT_TEXT_SELF_CONTAINED
JA_2018_P2_PHY_Q012,JEE_ADVANCED,2018,Paper 2,Physics,True,True,GENUINE_DIAGRAM_REQUIRED,TEXT_TRIGGER_SCHEME
JA_2018_P2_PHY_Q013,JEE_ADVANCED,2018,Paper 2,Physics,True,True,GENUINE_DIAGRAM_REQUIRED,TEXT_TRIGGER_SCHEME
JA_2018_P2_PHY_Q014,JEE_ADVANCED,2018,Paper 2,Physics,True,False,UNNECESSARY_EXTRACTION_ARTIFACT,EXTRACTION_ARTIFACT_TEXT_SELF_CONTAINED
JA_2018_P2_PHY_Q015,JEE_ADVANCED,2018,Paper 2,Physics,True,False,UNNECESSARY_EXTRACTION_ARTIFACT,EXTRACTION_ARTIFACT_TEXT_SELF_CONTAINED
JA_2018_P2_PHY_Q016,JEE_ADVANCED,2018,Paper 2,Physics,True,True,GENUINE_DIAGRAM_REQUIRED,TEXT_TRIGGER_DIAGRAM
JA_2018_P2_PHY_Q017,JEE_ADVANCED,2018,Paper 2,Physics,True,True,GENUINE_DIAGRAM_REQUIRED,TEXT_TRIGGER_DIAGRAM
JA_2018_P2_PHY_Q018,JEE_ADVANCED,2018,Paper 2,Physics,True,False,UNNECESSARY_EXTRACTION_ARTIFACT,EXTRACTION_ARTIFACT_TEXT_SELF_CONTAINED
JA_2018_P2_CHE_Q001,JEE_ADVANCED,2018,Paper 2,Chemistry,False,False,UNNECESSARY_EXTRACTION_ARTIFACT,NO_IMAGE_ASSET
JA_2018_P2_CHE_Q002,JEE_ADVANCED,2018,Paper 2,Chemistry,False,False,UNNECESSARY_EXTRACTION_ARTIFACT,NO_IMAGE_ASSET
JA_2018_P2_CHE_Q003,JEE_ADVANCED,2018,Paper 2,Chemistry,False,False,UNNECESSARY_EXTRACTION_ARTIFACT,NO_IMAGE_ASSET
JA_2018_P2_CHE_Q004,JEE_ADVANCED,2018,Paper 2,Chemistry,False,False,UNNECESSARY_EXTRACTION_ARTIFACT,NO_IMAGE_ASSET
JA_2018_P2_CHE_Q005,JEE_ADVANCED,2018,Paper 2,Chemistry,False,False,UNNECESSARY_EXTRACTION_ARTIFACT,NO_IMAGE_ASSET
JA_2018_P2_CHE_Q006,JEE_ADVANCED,2018,Paper 2,Chemistry,False,False,UNNECESSARY_EXTRACTION_ARTIFACT,NO_IMAGE_ASSET
JA_2018_P2_CHE_Q007,JEE_ADVANCED,2018,Paper 2,Chemistry,False,False,UNNECESSARY_EXTRACTION_ARTIFACT,NO_IMAGE_ASSET
JA_2018_P2_CHE_Q008,JEE_ADVANCED,2018,Paper 2,Chemistry,False,False,UNNECESSARY_EXTRACTION_ARTIFACT,NO_IMAGE_ASSET
JA_2018_P2_CHE_Q009,JEE_ADVANCED,2018,Paper 2,Chemistry,False,False,UNNECESSARY_EXTRACTION_ARTIFACT,NO_IMAGE_ASSET
JA_2018_P2_CHE_Q010,JEE_ADVANCED,2018,Paper 2,Chemistry,False,False,UNNECESSARY_EXTRACTION_ARTIFACT,NO_IMAGE_ASSET
JA_2018_P2_CHE_Q011,JEE_ADVANCED,2018,Paper 2,Chemistry,False,False,UNNECESSARY_EXTRACTION_ARTIFACT,NO_IMAGE_ASSET
JA_2018_P2_CHE_Q012,JEE_ADVANCED,2018,Paper 2,Chemistry,False,False,UNNECESSARY_EXTRACTION_ARTIFACT,NO_IMAGE_ASSET
JA_2018_P2_CHE_Q013,JEE_ADVANCED,2018,Paper 2,Chemistry,False,False,UNNECESSARY_EXTRACTION_ARTIFACT,NO_IMAGE_ASSET
JA_2018_P2_CHE_Q014,JEE_ADVANCED,2018,Paper 2,Chemistry,False,False,UNNECESSARY_EXTRACTION_ARTIFACT,NO_IMAGE_ASSET
JA_2018_P2_CHE_Q015,JEE_ADVANCED,2018,Paper 2,Chemistry,False,False,UNNECESSARY_EXTRACTION_ARTIFACT,NO_IMAGE_ASSET
JA_2018_P2_CHE_Q016,JEE_ADVANCED,2018,Paper 2,Chemistry,False,False,UNNECESSARY_EXTRACTION_ARTIFACT,NO_IMAGE_ASSET
JA_2018_P2_CHE_Q017,JEE_ADVANCED,2018,Paper 2,Chemistry,False,False,UNNECESSARY_EXTRACTION_ARTIFACT,NO_IMAGE_ASSET
JA_2018_P2_CHE_Q018,JEE_ADVANCED,2018,Paper 2,Chemistry,False,False,UNNECESSARY_EXTRACTION_ARTIFACT,NO_IMAGE_ASSET
JA_2018_P2_MAT_Q001,JEE_ADVANCED,2018,Paper 2,Mathematics,False,False,UNNECESSARY_EXTRACTION_ARTIFACT,NO_IMAGE_ASSET
JA_2018_P2_MAT_Q002,JEE_ADVANCED,2018,Paper 2,Mathematics,False,False,UNNECESSARY_EXTRACTION_ARTIFACT,NO_IMAGE_ASSET
JA_2018_P2_MAT_Q003,JEE_ADVANCED,2018,Paper 2,Mathematics,False,False,UNNECESSARY_EXTRACTION_ARTIFACT,NO_IMAGE_ASSET
JA_2018_P2_MAT_Q004,JEE_ADVANCED,2018,Paper 2,Mathematics,False,False,UNNECESSARY_EXTRACTION_ARTIFACT,NO_IMAGE_ASSET
JA_2018_P2_MAT_Q005,JEE_ADVANCED,2018,Paper 2,Mathematics,False,False,UNNECESSARY_EXTRACTION_ARTIFACT,NO_IMAGE_ASSET
JA_2018_P2_MAT_Q006,JEE_ADVANCED,2018,Paper 2,Mathematics,False,False,UNNECESSARY_EXTRACTION_ARTIFACT,NO_IMAGE_ASSET
JA_2018_P2_MAT_Q007,JEE_ADVANCED,2018,Paper 2,Mathematics,False,False,UNNECESSARY_EXTRACTION_ARTIFACT,NO_IMAGE_ASSET
JA_2018_P2_MAT_Q008,JEE_ADVANCED,2018,Paper 2,Mathematics,False,False,UNNECESSARY_EXTRACTION_ARTIFACT,NO_IMAGE_ASSET
JA_2018_P2_MAT_Q009,JEE_ADVANCED,2018,Paper 2,Mathematics,False,False,UNNECESSARY_EXTRACTION_ARTIFACT,NO_IMAGE_ASSET
JA_2018_P2_MAT_Q010,JEE_ADVANCED,2018,Paper 2,Mathematics,False,False,UNNECESSARY_EXTRACTION_ARTIFACT,NO_IMAGE_ASSET
JA_2018_P2_MAT_Q011,JEE_ADVANCED,2018,Paper 2,Mathematics,False,False,UNNECESSARY_EXTRACTION_ARTIFACT,NO_IMAGE_ASSET
JA_2018_P2_MAT_Q012,JEE_ADVANCED,2018,Paper 2,Mathematics,False,False,UNNECESSARY_EXTRACTION_ARTIFACT,NO_IMAGE_ASSET
JA_2018_P2_MAT_Q013,JEE_ADVANCED,2018,Paper 2,Mathematics,False,False,UNNECESSARY_EXTRACTION_ARTIFACT,NO_IMAGE_ASSET
JA_2018_P2_MAT_Q014,JEE_ADVANCED,2018,Paper 2,Mathematics,False,False,UNNECESSARY_EXTRACTION_ARTIFACT,NO_IMAGE_ASSET
JA_2018_P2_MAT_Q015,JEE_ADVANCED,2018,Paper 2,Mathematics,False,False,UNNECESSARY_EXTRACTION_ARTIFACT,NO_IMAGE_ASSET
JA_2018_P2_MAT_Q016,JEE_ADVANCED,2018,Paper 2,Mathematics,False,False,UNNECESSARY_EXTRACTION_ARTIFACT,NO_IMAGE_ASSET
JA_2018_P2_MAT_Q017,JEE_ADVANCED,2018,Paper 2,Mathematics,False,False,UNNECESSARY_EXTRACTION_ARTIFACT,NO_IMAGE_ASSET
JA_2018_P2_MAT_Q018,JEE_ADVANCED,2018,Paper 2,Mathematics,False,False,UNNECESSARY_EXTRACTION_ARTIFACT,NO_IMAGE_ASSET
JA_2019_P1_PHY_Q001,JEE_ADVANCED,2019,Paper 1,Physics,True,True,GENUINE_DIAGRAM_REQUIRED,SCANNED_PAPER_VISUAL_CARD
JA_2019_P1_PHY_Q002,JEE_ADVANCED,2019,Paper 1,Physics,True,True,GENUINE_DIAGRAM_REQUIRED,SCANNED_PAPER_VISUAL_CARD
JA_2019_P1_PHY_Q003,JEE_ADVANCED,2019,Paper 1,Physics,True,True,GENUINE_DIAGRAM_REQUIRED,SCANNED_PAPER_VISUAL_CARD
JA_2019_P1_PHY_Q004,JEE_ADVANCED,2019,Paper 1,Physics,True,True,GENUINE_DIAGRAM_REQUIRED,SCANNED_PAPER_VISUAL_CARD
JA_2019_P1_PHY_Q005,JEE_ADVANCED,2019,Paper 1,Physics,True,True,GENUINE_DIAGRAM_REQUIRED,SCANNED_PAPER_VISUAL_CARD
JA_2019_P1_PHY_Q006,JEE_ADVANCED,2019,Paper 1,Physics,True,True,GENUINE_DIAGRAM_REQUIRED,SCANNED_PAPER_VISUAL_CARD
JA_2019_P1_PHY_Q007,JEE_ADVANCED,2019,Paper 1,Physics,True,True,GENUINE_DIAGRAM_REQUIRED,SCANNED_PAPER_VISUAL_CARD
JA_2019_P1_PHY_Q008,JEE_ADVANCED,2019,Paper 1,Physics,True,True,GENUINE_DIAGRAM_REQUIRED,SCANNED_PAPER_VISUAL_CARD
JA_2019_P1_PHY_Q009,JEE_ADVANCED,2019,Paper 1,Physics,True,True,GENUINE_DIAGRAM_REQUIRED,SCANNED_PAPER_VISUAL_CARD
JA_2019_P1_PHY_Q010,JEE_ADVANCED,2019,Paper 1,Physics,True,True,GENUINE_DIAGRAM_REQUIRED,SCANNED_PAPER_VISUAL_CARD
JA_2019_P1_PHY_Q011,JEE_ADVANCED,2019,Paper 1,Physics,True,True,GENUINE_DIAGRAM_REQUIRED,SCANNED_PAPER_VISUAL_CARD
JA_2019_P1_PHY_Q012,JEE_ADVANCED,2019,Paper 1,Physics,True,True,GENUINE_DIAGRAM_REQUIRED,SCANNED_PAPER_VISUAL_CARD
JA_2019_P1_PHY_Q013,JEE_ADVANCED,2019,Paper 1,Physics,True,True,GENUINE_DIAGRAM_REQUIRED,SCANNED_PAPER_VISUAL_CARD
JA_2019_P1_PHY_Q014,JEE_ADVANCED,2019,Paper 1,Physics,True,True,GENUINE_DIAGRAM_REQUIRED,SCANNED_PAPER_VISUAL_CARD
JA_2019_P1_PHY_Q015,JEE_ADVANCED,2019,Paper 1,Physics,True,True,GENUINE_DIAGRAM_REQUIRED,SCANNED_PAPER_VISUAL_CARD
JA_2019_P1_PHY_Q016,JEE_ADVANCED,2019,Paper 1,Physics,True,True,GENUINE_DIAGRAM_REQUIRED,SCANNED_PAPER_VISUAL_CARD
JA_2019_P1_PHY_Q017,JEE_ADVANCED,2019,Paper 1,Physics,True,True,GENUINE_DIAGRAM_REQUIRED,SCANNED_PAPER_VISUAL_CARD
JA_2019_P1_PHY_Q018,JEE_ADVANCED,2019,Paper 1,Physics,True,True,GENUINE_DIAGRAM_REQUIRED,SCANNED_PAPER_VISUAL_CARD
JA_2019_P1_CHE_Q001,JEE_ADVANCED,2019,Paper 1,Chemistry,True,True,GENUINE_DIAGRAM_REQUIRED,SCANNED_PAPER_VISUAL_CARD
JA_2019_P1_CHE_Q002,JEE_ADVANCED,2019,Paper 1,Chemistry,True,True,GENUINE_DIAGRAM_REQUIRED,SCANNED_PAPER_VISUAL_CARD
JA_2019_P1_CHE_Q003,JEE_ADVANCED,2019,Paper 1,Chemistry,True,True,GENUINE_DIAGRAM_REQUIRED,SCANNED_PAPER_VISUAL_CARD
JA_2019_P1_CHE_Q004,JEE_ADVANCED,2019,Paper 1,Chemistry,True,True,GENUINE_DIAGRAM_REQUIRED,SCANNED_PAPER_VISUAL_CARD
JA_2019_P1_CHE_Q005,JEE_ADVANCED,2019,Paper 1,Chemistry,True,True,GENUINE_DIAGRAM_REQUIRED,SCANNED_PAPER_VISUAL_CARD
JA_2019_P1_CHE_Q006,JEE_ADVANCED,2019,Paper 1,Chemistry,True,True,GENUINE_DIAGRAM_REQUIRED,SCANNED_PAPER_VISUAL_CARD
JA_2019_P1_CHE_Q007,JEE_ADVANCED,2019,Paper 1,Chemistry,True,True,GENUINE_DIAGRAM_REQUIRED,SCANNED_PAPER_VISUAL_CARD
JA_2019_P1_CHE_Q008,JEE_ADVANCED,2019,Paper 1,Chemistry,True,True,GENUINE_DIAGRAM_REQUIRED,SCANNED_PAPER_VISUAL_CARD
JA_2019_P1_CHE_Q009,JEE_ADVANCED,2019,Paper 1,Chemistry,True,True,GENUINE_DIAGRAM_REQUIRED,SCANNED_PAPER_VISUAL_CARD
JA_2019_P1_CHE_Q010,JEE_ADVANCED,2019,Paper 1,Chemistry,True,True,GENUINE_DIAGRAM_REQUIRED,SCANNED_PAPER_VISUAL_CARD
JA_2019_P1_CHE_Q011,JEE_ADVANCED,2019,Paper 1,Chemistry,True,True,GENUINE_DIAGRAM_REQUIRED,SCANNED_PAPER_VISUAL_CARD
JA_2019_P1_CHE_Q012,JEE_ADVANCED,2019,Paper 1,Chemistry,True,True,GENUINE_DIAGRAM_REQUIRED,SCANNED_PAPER_VISUAL_CARD
JA_2019_P1_CHE_Q013,JEE_ADVANCED,2019,Paper 1,Chemistry,True,True,GENUINE_DIAGRAM_REQUIRED,SCANNED_PAPER_VISUAL_CARD
JA_2019_P1_CHE_Q014,JEE_ADVANCED,2019,Paper 1,Chemistry,True,True,GENUINE_DIAGRAM_REQUIRED,SCANNED_PAPER_VISUAL_CARD
JA_2019_P1_CHE_Q015,JEE_ADVANCED,2019,Paper 1,Chemistry,True,True,GENUINE_DIAGRAM_REQUIRED,SCANNED_PAPER_VISUAL_CARD
JA_2019_P1_CHE_Q016,JEE_ADVANCED,2019,Paper 1,Chemistry,True,True,GENUINE_DIAGRAM_REQUIRED,SCANNED_PAPER_VISUAL_CARD
JA_2019_P1_CHE_Q017,JEE_ADVANCED,2019,Paper 1,Chemistry,True,True,GENUINE_DIAGRAM_REQUIRED,SCANNED_PAPER_VISUAL_CARD
JA_2019_P1_CHE_Q018,JEE_ADVANCED,2019,Paper 1,Chemistry,True,True,GENUINE_DIAGRAM_REQUIRED,SCANNED_PAPER_VISUAL_CARD
JA_2019_P1_MAT_Q001,JEE_ADVANCED,2019,Paper 1,Mathematics,True,True,GENUINE_DIAGRAM_REQUIRED,SCANNED_PAPER_VISUAL_CARD
JA_2019_P1_MAT_Q002,JEE_ADVANCED,2019,Paper 1,Mathematics,True,True,GENUINE_DIAGRAM_REQUIRED,SCANNED_PAPER_VISUAL_CARD
JA_2019_P1_MAT_Q003,JEE_ADVANCED,2019,Paper 1,Mathematics,True,True,GENUINE_DIAGRAM_REQUIRED,SCANNED_PAPER_VISUAL_CARD
JA_2019_P1_MAT_Q004,JEE_ADVANCED,2019,Paper 1,Mathematics,True,True,GENUINE_DIAGRAM_REQUIRED,SCANNED_PAPER_VISUAL_CARD
JA_2019_P1_MAT_Q005,JEE_ADVANCED,2019,Paper 1,Mathematics,True,True,GENUINE_DIAGRAM_REQUIRED,SCANNED_PAPER_VISUAL_CARD
JA_2019_P1_MAT_Q006,JEE_ADVANCED,2019,Paper 1,Mathematics,True,True,GENUINE_DIAGRAM_REQUIRED,SCANNED_PAPER_VISUAL_CARD
JA_2019_P1_MAT_Q007,JEE_ADVANCED,2019,Paper 1,Mathematics,True,True,GENUINE_DIAGRAM_REQUIRED,SCANNED_PAPER_VISUAL_CARD
JA_2019_P1_MAT_Q008,JEE_ADVANCED,2019,Paper 1,Mathematics,True,True,GENUINE_DIAGRAM_REQUIRED,SCANNED_PAPER_VISUAL_CARD
JA_2019_P1_MAT_Q009,JEE_ADVANCED,2019,Paper 1,Mathematics,True,True,GENUINE_DIAGRAM_REQUIRED,SCANNED_PAPER_VISUAL_CARD
JA_2019_P1_MAT_Q010,JEE_ADVANCED,2019,Paper 1,Mathematics,True,True,GENUINE_DIAGRAM_REQUIRED,SCANNED_PAPER_VISUAL_CARD
JA_2019_P1_MAT_Q011,JEE_ADVANCED,2019,Paper 1,Mathematics,True,True,GENUINE_DIAGRAM_REQUIRED,SCANNED_PAPER_VISUAL_CARD
JA_2019_P1_MAT_Q012,JEE_ADVANCED,2019,Paper 1,Mathematics,True,True,GENUINE_DIAGRAM_REQUIRED,SCANNED_PAPER_VISUAL_CARD
JA_2019_P1_MAT_Q013,JEE_ADVANCED,2019,Paper 1,Mathematics,True,True,GENUINE_DIAGRAM_REQUIRED,SCANNED_PAPER_VISUAL_CARD
JA_2019_P1_MAT_Q014,JEE_ADVANCED,2019,Paper 1,Mathematics,True,True,GENUINE_DIAGRAM_REQUIRED,SCANNED_PAPER_VISUAL_CARD
JA_2019_P1_MAT_Q015,JEE_ADVANCED,2019,Paper 1,Mathematics,True,True,GENUINE_DIAGRAM_REQUIRED,SCANNED_PAPER_VISUAL_CARD
JA_2019_P1_MAT_Q016,JEE_ADVANCED,2019,Paper 1,Mathematics,True,True,GENUINE_DIAGRAM_REQUIRED,SCANNED_PAPER_VISUAL_CARD
JA_2019_P1_MAT_Q017,JEE_ADVANCED,2019,Paper 1,Mathematics,True,True,GENUINE_DIAGRAM_REQUIRED,SCANNED_PAPER_VISUAL_CARD
JA_2019_P1_MAT_Q018,JEE_ADVANCED,2019,Paper 1,Mathematics,True,True,GENUINE_DIAGRAM_REQUIRED,SCANNED_PAPER_VISUAL_CARD
JA_2019_P2_PHY_Q001,JEE_ADVANCED,2019,Paper 2,Physics,True,True,GENUINE_DIAGRAM_REQUIRED,SCANNED_PAPER_VISUAL_CARD
JA_2019_P2_PHY_Q002,JEE_ADVANCED,2019,Paper 2,Physics,True,True,GENUINE_DIAGRAM_REQUIRED,SCANNED_PAPER_VISUAL_CARD
JA_2019_P2_PHY_Q003,JEE_ADVANCED,2019,Paper 2,Physics,True,True,GENUINE_DIAGRAM_REQUIRED,SCANNED_PAPER_VISUAL_CARD
JA_2019_P2_PHY_Q004,JEE_ADVANCED,2019,Paper 2,Physics,True,True,GENUINE_DIAGRAM_REQUIRED,SCANNED_PAPER_VISUAL_CARD
JA_2019_P2_PHY_Q005,JEE_ADVANCED,2019,Paper 2,Physics,True,True,GENUINE_DIAGRAM_REQUIRED,SCANNED_PAPER_VISUAL_CARD
JA_2019_P2_PHY_Q006,JEE_ADVANCED,2019,Paper 2,Physics,True,True,GENUINE_DIAGRAM_REQUIRED,SCANNED_PAPER_VISUAL_CARD
JA_2019_P2_PHY_Q007,JEE_ADVANCED,2019,Paper 2,Physics,True,True,GENUINE_DIAGRAM_REQUIRED,SCANNED_PAPER_VISUAL_CARD
JA_2019_P2_PHY_Q008,JEE_ADVANCED,2019,Paper 2,Physics,True,True,GENUINE_DIAGRAM_REQUIRED,SCANNED_PAPER_VISUAL_CARD
JA_2019_P2_PHY_Q009,JEE_ADVANCED,2019,Paper 2,Physics,True,True,GENUINE_DIAGRAM_REQUIRED,SCANNED_PAPER_VISUAL_CARD
JA_2019_P2_PHY_Q010,JEE_ADVANCED,2019,Paper 2,Physics,True,True,GENUINE_DIAGRAM_REQUIRED,SCANNED_PAPER_VISUAL_CARD
JA_2019_P2_PHY_Q011,JEE_ADVANCED,2019,Paper 2,Physics,True,True,GENUINE_DIAGRAM_REQUIRED,SCANNED_PAPER_VISUAL_CARD
JA_2019_P2_PHY_Q012,JEE_ADVANCED,2019,Paper 2,Physics,True,True,GENUINE_DIAGRAM_REQUIRED,SCANNED_PAPER_VISUAL_CARD
JA_2019_P2_PHY_Q013,JEE_ADVANCED,2019,Paper 2,Physics,True,True,GENUINE_DIAGRAM_REQUIRED,SCANNED_PAPER_VISUAL_CARD
JA_2019_P2_PHY_Q014,JEE_ADVANCED,2019,Paper 2,Physics,True,True,GENUINE_DIAGRAM_REQUIRED,SCANNED_PAPER_VISUAL_CARD
JA_2019_P2_PHY_Q015,JEE_ADVANCED,2019,Paper 2,Physics,True,True,GENUINE_DIAGRAM_REQUIRED,SCANNED_PAPER_VISUAL_CARD
JA_2019_P2_PHY_Q016,JEE_ADVANCED,2019,Paper 2,Physics,True,True,GENUINE_DIAGRAM_REQUIRED,SCANNED_PAPER_VISUAL_CARD
JA_2019_P2_PHY_Q017,JEE_ADVANCED,2019,Paper 2,Physics,True,True,GENUINE_DIAGRAM_REQUIRED,SCANNED_PAPER_VISUAL_CARD
JA_2019_P2_PHY_Q018,JEE_ADVANCED,2019,Paper 2,Physics,True,True,GENUINE_DIAGRAM_REQUIRED,SCANNED_PAPER_VISUAL_CARD
JA_2019_P2_CHE_Q001,JEE_ADVANCED,2019,Paper 2,Chemistry,True,True,GENUINE_DIAGRAM_REQUIRED,SCANNED_PAPER_VISUAL_CARD
JA_2019_P2_CHE_Q002,JEE_ADVANCED,2019,Paper 2,Chemistry,True,True,GENUINE_DIAGRAM_REQUIRED,SCANNED_PAPER_VISUAL_CARD
JA_2019_P2_CHE_Q003,JEE_ADVANCED,2019,Paper 2,Chemistry,True,True,GENUINE_DIAGRAM_REQUIRED,SCANNED_PAPER_VISUAL_CARD
JA_2019_P2_CHE_Q004,JEE_ADVANCED,2019,Paper 2,Chemistry,True,True,GENUINE_DIAGRAM_REQUIRED,SCANNED_PAPER_VISUAL_CARD
JA_2019_P2_CHE_Q005,JEE_ADVANCED,2019,Paper 2,Chemistry,True,True,GENUINE_DIAGRAM_REQUIRED,SCANNED_PAPER_VISUAL_CARD
JA_2019_P2_CHE_Q006,JEE_ADVANCED,2019,Paper 2,Chemistry,True,True,GENUINE_DIAGRAM_REQUIRED,SCANNED_PAPER_VISUAL_CARD
JA_2019_P2_CHE_Q007,JEE_ADVANCED,2019,Paper 2,Chemistry,True,True,GENUINE_DIAGRAM_REQUIRED,SCANNED_PAPER_VISUAL_CARD
JA_2019_P2_CHE_Q008,JEE_ADVANCED,2019,Paper 2,Chemistry,True,True,GENUINE_DIAGRAM_REQUIRED,SCANNED_PAPER_VISUAL_CARD
JA_2019_P2_CHE_Q009,JEE_ADVANCED,2019,Paper 2,Chemistry,True,True,GENUINE_DIAGRAM_REQUIRED,SCANNED_PAPER_VISUAL_CARD
JA_2019_P2_CHE_Q010,JEE_ADVANCED,2019,Paper 2,Chemistry,True,True,GENUINE_DIAGRAM_REQUIRED,SCANNED_PAPER_VISUAL_CARD
JA_2019_P2_CHE_Q011,JEE_ADVANCED,2019,Paper 2,Chemistry,True,True,GENUINE_DIAGRAM_REQUIRED,SCANNED_PAPER_VISUAL_CARD
JA_2019_P2_CHE_Q012,JEE_ADVANCED,2019,Paper 2,Chemistry,True,True,GENUINE_DIAGRAM_REQUIRED,SCANNED_PAPER_VISUAL_CARD
JA_2019_P2_CHE_Q013,JEE_ADVANCED,2019,Paper 2,Chemistry,True,True,GENUINE_DIAGRAM_REQUIRED,SCANNED_PAPER_VISUAL_CARD
JA_2019_P2_CHE_Q014,JEE_ADVANCED,2019,Paper 2,Chemistry,True,True,GENUINE_DIAGRAM_REQUIRED,SCANNED_PAPER_VISUAL_CARD
JA_2019_P2_CHE_Q015,JEE_ADVANCED,2019,Paper 2,Chemistry,True,True,GENUINE_DIAGRAM_REQUIRED,SCANNED_PAPER_VISUAL_CARD
JA_2019_P2_CHE_Q016,JEE_ADVANCED,2019,Paper 2,Chemistry,True,True,GENUINE_DIAGRAM_REQUIRED,SCANNED_PAPER_VISUAL_CARD
JA_2019_P2_CHE_Q017,JEE_ADVANCED,2019,Paper 2,Chemistry,True,True,GENUINE_DIAGRAM_REQUIRED,SCANNED_PAPER_VISUAL_CARD
JA_2019_P2_CHE_Q018,JEE_ADVANCED,2019,Paper 2,Chemistry,True,True,GENUINE_DIAGRAM_REQUIRED,SCANNED_PAPER_VISUAL_CARD
JA_2019_P2_MAT_Q001,JEE_ADVANCED,2019,Paper 2,Mathematics,True,True,GENUINE_DIAGRAM_REQUIRED,SCANNED_PAPER_VISUAL_CARD
JA_2019_P2_MAT_Q002,JEE_ADVANCED,2019,Paper 2,Mathematics,True,True,GENUINE_DIAGRAM_REQUIRED,SCANNED_PAPER_VISUAL_CARD
JA_2019_P2_MAT_Q003,JEE_ADVANCED,2019,Paper 2,Mathematics,True,True,GENUINE_DIAGRAM_REQUIRED,SCANNED_PAPER_VISUAL_CARD
JA_2019_P2_MAT_Q004,JEE_ADVANCED,2019,Paper 2,Mathematics,True,True,GENUINE_DIAGRAM_REQUIRED,SCANNED_PAPER_VISUAL_CARD
JA_2019_P2_MAT_Q005,JEE_ADVANCED,2019,Paper 2,Mathematics,True,True,GENUINE_DIAGRAM_REQUIRED,SCANNED_PAPER_VISUAL_CARD
JA_2019_P2_MAT_Q006,JEE_ADVANCED,2019,Paper 2,Mathematics,True,True,GENUINE_DIAGRAM_REQUIRED,SCANNED_PAPER_VISUAL_CARD
JA_2019_P2_MAT_Q007,JEE_ADVANCED,2019,Paper 2,Mathematics,True,True,GENUINE_DIAGRAM_REQUIRED,SCANNED_PAPER_VISUAL_CARD
JA_2019_P2_MAT_Q008,JEE_ADVANCED,2019,Paper 2,Mathematics,True,True,GENUINE_DIAGRAM_REQUIRED,SCANNED_PAPER_VISUAL_CARD
JA_2019_P2_MAT_Q009,JEE_ADVANCED,2019,Paper 2,Mathematics,True,True,GENUINE_DIAGRAM_REQUIRED,SCANNED_PAPER_VISUAL_CARD
JA_2019_P2_MAT_Q010,JEE_ADVANCED,2019,Paper 2,Mathematics,True,True,GENUINE_DIAGRAM_REQUIRED,SCANNED_PAPER_VISUAL_CARD
JA_2019_P2_MAT_Q011,JEE_ADVANCED,2019,Paper 2,Mathematics,True,True,GENUINE_DIAGRAM_REQUIRED,SCANNED_PAPER_VISUAL_CARD
JA_2019_P2_MAT_Q012,JEE_ADVANCED,2019,Paper 2,Mathematics,True,True,GENUINE_DIAGRAM_REQUIRED,SCANNED_PAPER_VISUAL_CARD
JA_2019_P2_MAT_Q013,JEE_ADVANCED,2019,Paper 2,Mathematics,True,True,GENUINE_DIAGRAM_REQUIRED,SCANNED_PAPER_VISUAL_CARD
JA_2019_P2_MAT_Q014,JEE_ADVANCED,2019,Paper 2,Mathematics,True,True,GENUINE_DIAGRAM_REQUIRED,SCANNED_PAPER_VISUAL_CARD
JA_2019_P2_MAT_Q015,JEE_ADVANCED,2019,Paper 2,Mathematics,True,True,GENUINE_DIAGRAM_REQUIRED,SCANNED_PAPER_VISUAL_CARD
JA_2019_P2_MAT_Q016,JEE_ADVANCED,2019,Paper 2,Mathematics,True,True,GENUINE_DIAGRAM_REQUIRED,SCANNED_PAPER_VISUAL_CARD
JA_2019_P2_MAT_Q017,JEE_ADVANCED,2019,Paper 2,Mathematics,True,True,GENUINE_DIAGRAM_REQUIRED,SCANNED_PAPER_VISUAL_CARD
JA_2019_P2_MAT_Q018,JEE_ADVANCED,2019,Paper 2,Mathematics,True,True,GENUINE_DIAGRAM_REQUIRED,SCANNED_PAPER_VISUAL_CARD
JA_2020_P1_PHY_Q001,JEE_ADVANCED,2020,Paper 1,Physics,True,True,GENUINE_DIAGRAM_REQUIRED,TEXT_TRIGGER_FIGURE
JA_2020_P1_PHY_Q002,JEE_ADVANCED,2020,Paper 1,Physics,True,True,GENUINE_DIAGRAM_REQUIRED,TEXT_TRIGGER_FIGURE
JA_2020_P1_PHY_Q003,JEE_ADVANCED,2020,Paper 1,Physics,True,True,GENUINE_DIAGRAM_REQUIRED,TEXT_TRIGGER_FIGURE
JA_2020_P1_PHY_Q004,JEE_ADVANCED,2020,Paper 1,Physics,True,True,GENUINE_DIAGRAM_REQUIRED,TEXT_TRIGGER_FIGURE
JA_2020_P1_PHY_Q005,JEE_ADVANCED,2020,Paper 1,Physics,True,True,GENUINE_DIAGRAM_REQUIRED,TEXT_TRIGGER_FIGURE
JA_2020_P1_PHY_Q006,JEE_ADVANCED,2020,Paper 1,Physics,True,True,GENUINE_DIAGRAM_REQUIRED,TEXT_TRIGGER_FIGURE
JA_2020_P1_PHY_Q007,JEE_ADVANCED,2020,Paper 1,Physics,True,True,GENUINE_DIAGRAM_REQUIRED,TEXT_TRIGGER_FIGURE
JA_2020_P1_PHY_Q008,JEE_ADVANCED,2020,Paper 1,Physics,True,False,UNNECESSARY_EXTRACTION_ARTIFACT,EXTRACTION_ARTIFACT_TEXT_SELF_CONTAINED
JA_2020_P1_PHY_Q009,JEE_ADVANCED,2020,Paper 1,Physics,True,False,UNNECESSARY_EXTRACTION_ARTIFACT,EXTRACTION_ARTIFACT_TEXT_SELF_CONTAINED
JA_2020_P1_PHY_Q010,JEE_ADVANCED,2020,Paper 1,Physics,True,True,GENUINE_DIAGRAM_REQUIRED,TEXT_TRIGGER_FIGURE
JA_2020_P1_PHY_Q011,JEE_ADVANCED,2020,Paper 1,Physics,True,True,GENUINE_DIAGRAM_REQUIRED,TEXT_TRIGGER_FIGURE
JA_2020_P1_PHY_Q012,JEE_ADVANCED,2020,Paper 1,Physics,True,True,GENUINE_DIAGRAM_REQUIRED,TEXT_TRIGGER_FIGURE
JA_2020_P1_PHY_Q013,JEE_ADVANCED,2020,Paper 1,Physics,True,True,GENUINE_DIAGRAM_REQUIRED,TEXT_TRIGGER_FIGURE
JA_2020_P1_PHY_Q014,JEE_ADVANCED,2020,Paper 1,Physics,True,True,GENUINE_DIAGRAM_REQUIRED,TEXT_TRIGGER_FIGURE
JA_2020_P1_PHY_Q015,JEE_ADVANCED,2020,Paper 1,Physics,True,True,GENUINE_DIAGRAM_REQUIRED,TEXT_TRIGGER_FIGURE
JA_2020_P1_PHY_Q016,JEE_ADVANCED,2020,Paper 1,Physics,True,True,GENUINE_DIAGRAM_REQUIRED,TEXT_TRIGGER_FIGURE
JA_2020_P1_PHY_Q017,JEE_ADVANCED,2020,Paper 1,Physics,True,True,GENUINE_DIAGRAM_REQUIRED,TEXT_TRIGGER_FIGURE
JA_2020_P1_PHY_Q018,JEE_ADVANCED,2020,Paper 1,Physics,True,False,UNNECESSARY_EXTRACTION_ARTIFACT,EXTRACTION_ARTIFACT_TEXT_SELF_CONTAINED
JA_2020_P1_CHE_Q001,JEE_ADVANCED,2020,Paper 1,Chemistry,False,False,UNNECESSARY_EXTRACTION_ARTIFACT,NO_IMAGE_ASSET
JA_2020_P1_CHE_Q002,JEE_ADVANCED,2020,Paper 1,Chemistry,False,False,UNNECESSARY_EXTRACTION_ARTIFACT,NO_IMAGE_ASSET
JA_2020_P1_CHE_Q003,JEE_ADVANCED,2020,Paper 1,Chemistry,False,False,UNNECESSARY_EXTRACTION_ARTIFACT,NO_IMAGE_ASSET
JA_2020_P1_CHE_Q004,JEE_ADVANCED,2020,Paper 1,Chemistry,False,False,UNNECESSARY_EXTRACTION_ARTIFACT,NO_IMAGE_ASSET
JA_2020_P1_CHE_Q005,JEE_ADVANCED,2020,Paper 1,Chemistry,False,False,UNNECESSARY_EXTRACTION_ARTIFACT,NO_IMAGE_ASSET
JA_2020_P1_CHE_Q006,JEE_ADVANCED,2020,Paper 1,Chemistry,False,False,UNNECESSARY_EXTRACTION_ARTIFACT,NO_IMAGE_ASSET
JA_2020_P1_CHE_Q007,JEE_ADVANCED,2020,Paper 1,Chemistry,False,False,UNNECESSARY_EXTRACTION_ARTIFACT,NO_IMAGE_ASSET
JA_2020_P1_CHE_Q008,JEE_ADVANCED,2020,Paper 1,Chemistry,False,False,UNNECESSARY_EXTRACTION_ARTIFACT,NO_IMAGE_ASSET
JA_2020_P1_CHE_Q009,JEE_ADVANCED,2020,Paper 1,Chemistry,False,False,UNNECESSARY_EXTRACTION_ARTIFACT,NO_IMAGE_ASSET
JA_2020_P1_CHE_Q010,JEE_ADVANCED,2020,Paper 1,Chemistry,False,False,UNNECESSARY_EXTRACTION_ARTIFACT,NO_IMAGE_ASSET
JA_2020_P1_CHE_Q011,JEE_ADVANCED,2020,Paper 1,Chemistry,False,False,UNNECESSARY_EXTRACTION_ARTIFACT,NO_IMAGE_ASSET
JA_2020_P1_CHE_Q012,JEE_ADVANCED,2020,Paper 1,Chemistry,False,False,UNNECESSARY_EXTRACTION_ARTIFACT,NO_IMAGE_ASSET
JA_2020_P1_CHE_Q013,JEE_ADVANCED,2020,Paper 1,Chemistry,False,False,UNNECESSARY_EXTRACTION_ARTIFACT,NO_IMAGE_ASSET
JA_2020_P1_CHE_Q014,JEE_ADVANCED,2020,Paper 1,Chemistry,False,False,UNNECESSARY_EXTRACTION_ARTIFACT,NO_IMAGE_ASSET
JA_2020_P1_CHE_Q015,JEE_ADVANCED,2020,Paper 1,Chemistry,False,False,UNNECESSARY_EXTRACTION_ARTIFACT,NO_IMAGE_ASSET
JA_2020_P1_CHE_Q016,JEE_ADVANCED,2020,Paper 1,Chemistry,False,False,UNNECESSARY_EXTRACTION_ARTIFACT,NO_IMAGE_ASSET
JA_2020_P1_CHE_Q017,JEE_ADVANCED,2020,Paper 1,Chemistry,False,False,UNNECESSARY_EXTRACTION_ARTIFACT,NO_IMAGE_ASSET
JA_2020_P1_CHE_Q018,JEE_ADVANCED,2020,Paper 1,Chemistry,False,False,UNNECESSARY_EXTRACTION_ARTIFACT,NO_IMAGE_ASSET
JA_2020_P1_MAT_Q001,JEE_ADVANCED,2020,Paper 1,Mathematics,False,False,UNNECESSARY_EXTRACTION_ARTIFACT,NO_IMAGE_ASSET
JA_2020_P1_MAT_Q002,JEE_ADVANCED,2020,Paper 1,Mathematics,False,False,UNNECESSARY_EXTRACTION_ARTIFACT,NO_IMAGE_ASSET
JA_2020_P1_MAT_Q003,JEE_ADVANCED,2020,Paper 1,Mathematics,False,False,UNNECESSARY_EXTRACTION_ARTIFACT,NO_IMAGE_ASSET
JA_2020_P1_MAT_Q004,JEE_ADVANCED,2020,Paper 1,Mathematics,False,False,UNNECESSARY_EXTRACTION_ARTIFACT,NO_IMAGE_ASSET
JA_2020_P1_MAT_Q005,JEE_ADVANCED,2020,Paper 1,Mathematics,False,False,UNNECESSARY_EXTRACTION_ARTIFACT,NO_IMAGE_ASSET
JA_2020_P1_MAT_Q006,JEE_ADVANCED,2020,Paper 1,Mathematics,False,False,UNNECESSARY_EXTRACTION_ARTIFACT,NO_IMAGE_ASSET
JA_2020_P1_MAT_Q007,JEE_ADVANCED,2020,Paper 1,Mathematics,False,False,UNNECESSARY_EXTRACTION_ARTIFACT,NO_IMAGE_ASSET
JA_2020_P1_MAT_Q008,JEE_ADVANCED,2020,Paper 1,Mathematics,False,False,UNNECESSARY_EXTRACTION_ARTIFACT,NO_IMAGE_ASSET
JA_2020_P1_MAT_Q009,JEE_ADVANCED,2020,Paper 1,Mathematics,False,False,UNNECESSARY_EXTRACTION_ARTIFACT,NO_IMAGE_ASSET
JA_2020_P1_MAT_Q010,JEE_ADVANCED,2020,Paper 1,Mathematics,False,False,UNNECESSARY_EXTRACTION_ARTIFACT,NO_IMAGE_ASSET
JA_2020_P1_MAT_Q011,JEE_ADVANCED,2020,Paper 1,Mathematics,False,False,UNNECESSARY_EXTRACTION_ARTIFACT,NO_IMAGE_ASSET
JA_2020_P1_MAT_Q012,JEE_ADVANCED,2020,Paper 1,Mathematics,False,False,UNNECESSARY_EXTRACTION_ARTIFACT,NO_IMAGE_ASSET
JA_2020_P1_MAT_Q013,JEE_ADVANCED,2020,Paper 1,Mathematics,False,False,UNNECESSARY_EXTRACTION_ARTIFACT,NO_IMAGE_ASSET
JA_2020_P1_MAT_Q014,JEE_ADVANCED,2020,Paper 1,Mathematics,False,False,UNNECESSARY_EXTRACTION_ARTIFACT,NO_IMAGE_ASSET
JA_2020_P1_MAT_Q015,JEE_ADVANCED,2020,Paper 1,Mathematics,False,False,UNNECESSARY_EXTRACTION_ARTIFACT,NO_IMAGE_ASSET
JA_2020_P1_MAT_Q016,JEE_ADVANCED,2020,Paper 1,Mathematics,False,False,UNNECESSARY_EXTRACTION_ARTIFACT,NO_IMAGE_ASSET
JA_2020_P1_MAT_Q017,JEE_ADVANCED,2020,Paper 1,Mathematics,False,False,UNNECESSARY_EXTRACTION_ARTIFACT,NO_IMAGE_ASSET
JA_2020_P1_MAT_Q018,JEE_ADVANCED,2020,Paper 1,Mathematics,False,False,UNNECESSARY_EXTRACTION_ARTIFACT,NO_IMAGE_ASSET
JA_2020_P2_PHY_Q001,JEE_ADVANCED,2020,Paper 2,Physics,True,True,GENUINE_DIAGRAM_REQUIRED,TEXT_TRIGGER_FIGURE
JA_2020_P2_PHY_Q002,JEE_ADVANCED,2020,Paper 2,Physics,True,True,GENUINE_DIAGRAM_REQUIRED,TEXT_TRIGGER_FIGURE
JA_2020_P2_PHY_Q003,JEE_ADVANCED,2020,Paper 2,Physics,True,True,GENUINE_DIAGRAM_REQUIRED,TEXT_TRIGGER_FIGURE
JA_2020_P2_PHY_Q004,JEE_ADVANCED,2020,Paper 2,Physics,True,True,GENUINE_DIAGRAM_REQUIRED,TEXT_TRIGGER_FIGURE
JA_2020_P2_PHY_Q005,JEE_ADVANCED,2020,Paper 2,Physics,True,True,GENUINE_DIAGRAM_REQUIRED,TEXT_TRIGGER_FIGURE
JA_2020_P2_PHY_Q006,JEE_ADVANCED,2020,Paper 2,Physics,True,True,GENUINE_DIAGRAM_REQUIRED,TEXT_TRIGGER_FIGURE
JA_2020_P2_PHY_Q007,JEE_ADVANCED,2020,Paper 2,Physics,True,True,GENUINE_DIAGRAM_REQUIRED,TEXT_TRIGGER_FIGURE
JA_2020_P2_PHY_Q008,JEE_ADVANCED,2020,Paper 2,Physics,True,True,GENUINE_DIAGRAM_REQUIRED,TEXT_TRIGGER_FIGURE
JA_2020_P2_PHY_Q009,JEE_ADVANCED,2020,Paper 2,Physics,True,True,GENUINE_DIAGRAM_REQUIRED,TEXT_TRIGGER_FIGURE
JA_2020_P2_PHY_Q010,JEE_ADVANCED,2020,Paper 2,Physics,True,True,GENUINE_DIAGRAM_REQUIRED,TEXT_TRIGGER_FIGURE
JA_2020_P2_PHY_Q011,JEE_ADVANCED,2020,Paper 2,Physics,True,True,GENUINE_DIAGRAM_REQUIRED,TEXT_TRIGGER_RAY
JA_2020_P2_PHY_Q012,JEE_ADVANCED,2020,Paper 2,Physics,True,True,GENUINE_DIAGRAM_REQUIRED,TEXT_TRIGGER_RAY
JA_2020_P2_PHY_Q013,JEE_ADVANCED,2020,Paper 2,Physics,True,False,UNNECESSARY_EXTRACTION_ARTIFACT,EXTRACTION_ARTIFACT_TEXT_SELF_CONTAINED
JA_2020_P2_PHY_Q014,JEE_ADVANCED,2020,Paper 2,Physics,True,False,UNNECESSARY_EXTRACTION_ARTIFACT,EXTRACTION_ARTIFACT_TEXT_SELF_CONTAINED
JA_2020_P2_PHY_Q015,JEE_ADVANCED,2020,Paper 2,Physics,True,True,GENUINE_DIAGRAM_REQUIRED,TEXT_TRIGGER_FIGURE
JA_2020_P2_PHY_Q016,JEE_ADVANCED,2020,Paper 2,Physics,True,True,GENUINE_DIAGRAM_REQUIRED,TEXT_TRIGGER_FIGURE
JA_2020_P2_PHY_Q017,JEE_ADVANCED,2020,Paper 2,Physics,True,True,GENUINE_DIAGRAM_REQUIRED,TEXT_TRIGGER_FIGURE
JA_2020_P2_PHY_Q018,JEE_ADVANCED,2020,Paper 2,Physics,True,True,GENUINE_DIAGRAM_REQUIRED,TEXT_TRIGGER_FIGURE
JA_2020_P2_CHE_Q001,JEE_ADVANCED,2020,Paper 2,Chemistry,False,False,UNNECESSARY_EXTRACTION_ARTIFACT,NO_IMAGE_ASSET
JA_2020_P2_CHE_Q002,JEE_ADVANCED,2020,Paper 2,Chemistry,False,False,UNNECESSARY_EXTRACTION_ARTIFACT,NO_IMAGE_ASSET
JA_2020_P2_CHE_Q003,JEE_ADVANCED,2020,Paper 2,Chemistry,False,False,UNNECESSARY_EXTRACTION_ARTIFACT,NO_IMAGE_ASSET
JA_2020_P2_CHE_Q004,JEE_ADVANCED,2020,Paper 2,Chemistry,False,False,UNNECESSARY_EXTRACTION_ARTIFACT,NO_IMAGE_ASSET
JA_2020_P2_CHE_Q005,JEE_ADVANCED,2020,Paper 2,Chemistry,False,False,UNNECESSARY_EXTRACTION_ARTIFACT,NO_IMAGE_ASSET
JA_2020_P2_CHE_Q006,JEE_ADVANCED,2020,Paper 2,Chemistry,False,False,UNNECESSARY_EXTRACTION_ARTIFACT,NO_IMAGE_ASSET
JA_2020_P2_CHE_Q007,JEE_ADVANCED,2020,Paper 2,Chemistry,False,False,UNNECESSARY_EXTRACTION_ARTIFACT,NO_IMAGE_ASSET
JA_2020_P2_CHE_Q008,JEE_ADVANCED,2020,Paper 2,Chemistry,False,False,UNNECESSARY_EXTRACTION_ARTIFACT,NO_IMAGE_ASSET
JA_2020_P2_CHE_Q009,JEE_ADVANCED,2020,Paper 2,Chemistry,False,False,UNNECESSARY_EXTRACTION_ARTIFACT,NO_IMAGE_ASSET
JA_2020_P2_CHE_Q010,JEE_ADVANCED,2020,Paper 2,Chemistry,False,False,UNNECESSARY_EXTRACTION_ARTIFACT,NO_IMAGE_ASSET
JA_2020_P2_CHE_Q011,JEE_ADVANCED,2020,Paper 2,Chemistry,False,False,UNNECESSARY_EXTRACTION_ARTIFACT,NO_IMAGE_ASSET
JA_2020_P2_CHE_Q012,JEE_ADVANCED,2020,Paper 2,Chemistry,False,False,UNNECESSARY_EXTRACTION_ARTIFACT,NO_IMAGE_ASSET
JA_2020_P2_CHE_Q013,JEE_ADVANCED,2020,Paper 2,Chemistry,False,False,UNNECESSARY_EXTRACTION_ARTIFACT,NO_IMAGE_ASSET
JA_2020_P2_CHE_Q014,JEE_ADVANCED,2020,Paper 2,Chemistry,False,False,UNNECESSARY_EXTRACTION_ARTIFACT,NO_IMAGE_ASSET
JA_2020_P2_CHE_Q015,JEE_ADVANCED,2020,Paper 2,Chemistry,False,False,UNNECESSARY_EXTRACTION_ARTIFACT,NO_IMAGE_ASSET
JA_2020_P2_CHE_Q016,JEE_ADVANCED,2020,Paper 2,Chemistry,False,False,UNNECESSARY_EXTRACTION_ARTIFACT,NO_IMAGE_ASSET
JA_2020_P2_CHE_Q017,JEE_ADVANCED,2020,Paper 2,Chemistry,False,False,UNNECESSARY_EXTRACTION_ARTIFACT,NO_IMAGE_ASSET
JA_2020_P2_CHE_Q018,JEE_ADVANCED,2020,Paper 2,Chemistry,False,False,UNNECESSARY_EXTRACTION_ARTIFACT,NO_IMAGE_ASSET
JA_2020_P2_MAT_Q001,JEE_ADVANCED,2020,Paper 2,Mathematics,False,False,UNNECESSARY_EXTRACTION_ARTIFACT,NO_IMAGE_ASSET
JA_2020_P2_MAT_Q002,JEE_ADVANCED,2020,Paper 2,Mathematics,False,False,UNNECESSARY_EXTRACTION_ARTIFACT,NO_IMAGE_ASSET
JA_2020_P2_MAT_Q003,JEE_ADVANCED,2020,Paper 2,Mathematics,False,False,UNNECESSARY_EXTRACTION_ARTIFACT,NO_IMAGE_ASSET
JA_2020_P2_MAT_Q004,JEE_ADVANCED,2020,Paper 2,Mathematics,False,False,UNNECESSARY_EXTRACTION_ARTIFACT,NO_IMAGE_ASSET
JA_2020_P2_MAT_Q005,JEE_ADVANCED,2020,Paper 2,Mathematics,False,False,UNNECESSARY_EXTRACTION_ARTIFACT,NO_IMAGE_ASSET
JA_2020_P2_MAT_Q006,JEE_ADVANCED,2020,Paper 2,Mathematics,False,False,UNNECESSARY_EXTRACTION_ARTIFACT,NO_IMAGE_ASSET
JA_2020_P2_MAT_Q007,JEE_ADVANCED,2020,Paper 2,Mathematics,False,False,UNNECESSARY_EXTRACTION_ARTIFACT,NO_IMAGE_ASSET
JA_2020_P2_MAT_Q008,JEE_ADVANCED,2020,Paper 2,Mathematics,False,False,UNNECESSARY_EXTRACTION_ARTIFACT,NO_IMAGE_ASSET
JA_2020_P2_MAT_Q009,JEE_ADVANCED,2020,Paper 2,Mathematics,False,False,UNNECESSARY_EXTRACTION_ARTIFACT,NO_IMAGE_ASSET
JA_2020_P2_MAT_Q010,JEE_ADVANCED,2020,Paper 2,Mathematics,False,False,UNNECESSARY_EXTRACTION_ARTIFACT,NO_IMAGE_ASSET
JA_2020_P2_MAT_Q011,JEE_ADVANCED,2020,Paper 2,Mathematics,False,False,UNNECESSARY_EXTRACTION_ARTIFACT,NO_IMAGE_ASSET
JA_2020_P2_MAT_Q012,JEE_ADVANCED,2020,Paper 2,Mathematics,False,False,UNNECESSARY_EXTRACTION_ARTIFACT,NO_IMAGE_ASSET
JA_2020_P2_MAT_Q013,JEE_ADVANCED,2020,Paper 2,Mathematics,False,False,UNNECESSARY_EXTRACTION_ARTIFACT,NO_IMAGE_ASSET
JA_2020_P2_MAT_Q014,JEE_ADVANCED,2020,Paper 2,Mathematics,False,False,UNNECESSARY_EXTRACTION_ARTIFACT,NO_IMAGE_ASSET
JA_2020_P2_MAT_Q015,JEE_ADVANCED,2020,Paper 2,Mathematics,False,False,UNNECESSARY_EXTRACTION_ARTIFACT,NO_IMAGE_ASSET
JA_2020_P2_MAT_Q016,JEE_ADVANCED,2020,Paper 2,Mathematics,False,False,UNNECESSARY_EXTRACTION_ARTIFACT,NO_IMAGE_ASSET
JA_2020_P2_MAT_Q017,JEE_ADVANCED,2020,Paper 2,Mathematics,False,False,UNNECESSARY_EXTRACTION_ARTIFACT,NO_IMAGE_ASSET
JA_2020_P2_MAT_Q018,JEE_ADVANCED,2020,Paper 2,Mathematics,False,False,UNNECESSARY_EXTRACTION_ARTIFACT,NO_IMAGE_ASSET
JA_2021_P1_PHY_Q001,JEE_ADVANCED,2021,Paper 1,Physics,True,True,GENUINE_DIAGRAM_REQUIRED,TEXT_TRIGGER_FIGURE
JA_2021_P1_PHY_Q002,JEE_ADVANCED,2021,Paper 1,Physics,True,True,GENUINE_DIAGRAM_REQUIRED,TEXT_TRIGGER_FIGURE
JA_2021_P1_PHY_Q003,JEE_ADVANCED,2021,Paper 1,Physics,True,True,GENUINE_DIAGRAM_REQUIRED,TEXT_TRIGGER_FIGURE
JA_2021_P1_PHY_Q004,JEE_ADVANCED,2021,Paper 1,Physics,True,True,GENUINE_DIAGRAM_REQUIRED,TEXT_TRIGGER_FIGURE
JA_2021_P1_PHY_Q005,JEE_ADVANCED,2021,Paper 1,Physics,False,False,UNNECESSARY_EXTRACTION_ARTIFACT,NO_IMAGE_ASSET
JA_2021_P1_PHY_Q006,JEE_ADVANCED,2021,Paper 1,Physics,True,True,GENUINE_DIAGRAM_REQUIRED,TEXT_TRIGGER_CIRCUIT
JA_2021_P1_PHY_Q007,JEE_ADVANCED,2021,Paper 1,Physics,True,True,GENUINE_DIAGRAM_REQUIRED,TEXT_TRIGGER_FIGURE
JA_2021_P1_PHY_Q008,JEE_ADVANCED,2021,Paper 1,Physics,True,True,GENUINE_DIAGRAM_REQUIRED,TEXT_TRIGGER_SCHEME
JA_2021_P1_PHY_Q009,JEE_ADVANCED,2021,Paper 1,Physics,False,False,UNNECESSARY_EXTRACTION_ARTIFACT,NO_IMAGE_ASSET
JA_2021_P1_PHY_Q010,JEE_ADVANCED,2021,Paper 1,Physics,True,True,GENUINE_DIAGRAM_REQUIRED,TEXT_TRIGGER_FIGURE
JA_2021_P1_PHY_Q011,JEE_ADVANCED,2021,Paper 1,Physics,True,True,GENUINE_DIAGRAM_REQUIRED,TEXT_TRIGGER_FIGURE
JA_2021_P1_PHY_Q012,JEE_ADVANCED,2021,Paper 1,Physics,True,True,GENUINE_DIAGRAM_REQUIRED,TEXT_TRIGGER_RAY
JA_2021_P1_PHY_Q013,JEE_ADVANCED,2021,Paper 1,Physics,True,True,GENUINE_DIAGRAM_REQUIRED,TEXT_TRIGGER_RAY
JA_2021_P1_PHY_Q014,JEE_ADVANCED,2021,Paper 1,Physics,True,True,GENUINE_DIAGRAM_REQUIRED,TEXT_TRIGGER_FIGURE
JA_2021_P1_PHY_Q015,JEE_ADVANCED,2021,Paper 1,Physics,True,True,GENUINE_DIAGRAM_REQUIRED,TEXT_TRIGGER_FIGURE
JA_2021_P1_PHY_Q016,JEE_ADVANCED,2021,Paper 1,Physics,True,True,GENUINE_DIAGRAM_REQUIRED,TEXT_TRIGGER_FIGURE
JA_2021_P1_PHY_Q017,JEE_ADVANCED,2021,Paper 1,Physics,True,True,GENUINE_DIAGRAM_REQUIRED,TEXT_TRIGGER_FIGURE
JA_2021_P1_PHY_Q018,JEE_ADVANCED,2021,Paper 1,Physics,True,True,GENUINE_DIAGRAM_REQUIRED,TEXT_TRIGGER_FIGURE
JA_2021_P1_PHY_Q019,JEE_ADVANCED,2021,Paper 1,Physics,True,False,UNNECESSARY_EXTRACTION_ARTIFACT,EXTRACTION_ARTIFACT_TEXT_SELF_CONTAINED
JA_2021_P1_CHE_Q001,JEE_ADVANCED,2021,Paper 1,Chemistry,False,False,UNNECESSARY_EXTRACTION_ARTIFACT,NO_IMAGE_ASSET
JA_2021_P1_CHE_Q002,JEE_ADVANCED,2021,Paper 1,Chemistry,False,False,UNNECESSARY_EXTRACTION_ARTIFACT,NO_IMAGE_ASSET
JA_2021_P1_CHE_Q003,JEE_ADVANCED,2021,Paper 1,Chemistry,False,False,UNNECESSARY_EXTRACTION_ARTIFACT,NO_IMAGE_ASSET
JA_2021_P1_CHE_Q004,JEE_ADVANCED,2021,Paper 1,Chemistry,False,False,UNNECESSARY_EXTRACTION_ARTIFACT,NO_IMAGE_ASSET
JA_2021_P1_CHE_Q005,JEE_ADVANCED,2021,Paper 1,Chemistry,False,False,UNNECESSARY_EXTRACTION_ARTIFACT,NO_IMAGE_ASSET
JA_2021_P1_CHE_Q006,JEE_ADVANCED,2021,Paper 1,Chemistry,False,False,UNNECESSARY_EXTRACTION_ARTIFACT,NO_IMAGE_ASSET
JA_2021_P1_CHE_Q007,JEE_ADVANCED,2021,Paper 1,Chemistry,False,False,UNNECESSARY_EXTRACTION_ARTIFACT,NO_IMAGE_ASSET
JA_2021_P1_CHE_Q008,JEE_ADVANCED,2021,Paper 1,Chemistry,False,False,UNNECESSARY_EXTRACTION_ARTIFACT,NO_IMAGE_ASSET
JA_2021_P1_CHE_Q009,JEE_ADVANCED,2021,Paper 1,Chemistry,False,False,UNNECESSARY_EXTRACTION_ARTIFACT,NO_IMAGE_ASSET
JA_2021_P1_CHE_Q010,JEE_ADVANCED,2021,Paper 1,Chemistry,False,False,UNNECESSARY_EXTRACTION_ARTIFACT,NO_IMAGE_ASSET
JA_2021_P1_CHE_Q011,JEE_ADVANCED,2021,Paper 1,Chemistry,False,False,UNNECESSARY_EXTRACTION_ARTIFACT,NO_IMAGE_ASSET
JA_2021_P1_CHE_Q012,JEE_ADVANCED,2021,Paper 1,Chemistry,False,False,UNNECESSARY_EXTRACTION_ARTIFACT,NO_IMAGE_ASSET
JA_2021_P1_CHE_Q013,JEE_ADVANCED,2021,Paper 1,Chemistry,False,False,UNNECESSARY_EXTRACTION_ARTIFACT,NO_IMAGE_ASSET
JA_2021_P1_CHE_Q014,JEE_ADVANCED,2021,Paper 1,Chemistry,False,False,UNNECESSARY_EXTRACTION_ARTIFACT,NO_IMAGE_ASSET
JA_2021_P1_CHE_Q015,JEE_ADVANCED,2021,Paper 1,Chemistry,False,False,UNNECESSARY_EXTRACTION_ARTIFACT,NO_IMAGE_ASSET
JA_2021_P1_CHE_Q016,JEE_ADVANCED,2021,Paper 1,Chemistry,False,False,UNNECESSARY_EXTRACTION_ARTIFACT,NO_IMAGE_ASSET
JA_2021_P1_CHE_Q017,JEE_ADVANCED,2021,Paper 1,Chemistry,False,False,UNNECESSARY_EXTRACTION_ARTIFACT,NO_IMAGE_ASSET
JA_2021_P1_CHE_Q018,JEE_ADVANCED,2021,Paper 1,Chemistry,False,False,UNNECESSARY_EXTRACTION_ARTIFACT,NO_IMAGE_ASSET
JA_2021_P1_CHE_Q019,JEE_ADVANCED,2021,Paper 1,Chemistry,False,False,UNNECESSARY_EXTRACTION_ARTIFACT,NO_IMAGE_ASSET
JA_2021_P1_MAT_Q001,JEE_ADVANCED,2021,Paper 1,Mathematics,False,False,UNNECESSARY_EXTRACTION_ARTIFACT,NO_IMAGE_ASSET
JA_2021_P1_MAT_Q002,JEE_ADVANCED,2021,Paper 1,Mathematics,False,False,UNNECESSARY_EXTRACTION_ARTIFACT,NO_IMAGE_ASSET
JA_2021_P1_MAT_Q003,JEE_ADVANCED,2021,Paper 1,Mathematics,False,False,UNNECESSARY_EXTRACTION_ARTIFACT,NO_IMAGE_ASSET
JA_2021_P1_MAT_Q004,JEE_ADVANCED,2021,Paper 1,Mathematics,False,False,UNNECESSARY_EXTRACTION_ARTIFACT,NO_IMAGE_ASSET
JA_2021_P1_MAT_Q005,JEE_ADVANCED,2021,Paper 1,Mathematics,False,False,UNNECESSARY_EXTRACTION_ARTIFACT,NO_IMAGE_ASSET
JA_2021_P1_MAT_Q006,JEE_ADVANCED,2021,Paper 1,Mathematics,False,False,UNNECESSARY_EXTRACTION_ARTIFACT,NO_IMAGE_ASSET
JA_2021_P1_MAT_Q007,JEE_ADVANCED,2021,Paper 1,Mathematics,False,False,UNNECESSARY_EXTRACTION_ARTIFACT,NO_IMAGE_ASSET
JA_2021_P1_MAT_Q008,JEE_ADVANCED,2021,Paper 1,Mathematics,False,False,UNNECESSARY_EXTRACTION_ARTIFACT,NO_IMAGE_ASSET
JA_2021_P1_MAT_Q009,JEE_ADVANCED,2021,Paper 1,Mathematics,False,False,UNNECESSARY_EXTRACTION_ARTIFACT,NO_IMAGE_ASSET
JA_2021_P1_MAT_Q010,JEE_ADVANCED,2021,Paper 1,Mathematics,False,False,UNNECESSARY_EXTRACTION_ARTIFACT,NO_IMAGE_ASSET
JA_2021_P1_MAT_Q011,JEE_ADVANCED,2021,Paper 1,Mathematics,False,False,UNNECESSARY_EXTRACTION_ARTIFACT,NO_IMAGE_ASSET
JA_2021_P1_MAT_Q012,JEE_ADVANCED,2021,Paper 1,Mathematics,False,False,UNNECESSARY_EXTRACTION_ARTIFACT,NO_IMAGE_ASSET
JA_2021_P1_MAT_Q013,JEE_ADVANCED,2021,Paper 1,Mathematics,False,False,UNNECESSARY_EXTRACTION_ARTIFACT,NO_IMAGE_ASSET
JA_2021_P1_MAT_Q014,JEE_ADVANCED,2021,Paper 1,Mathematics,False,False,UNNECESSARY_EXTRACTION_ARTIFACT,NO_IMAGE_ASSET
JA_2021_P1_MAT_Q015,JEE_ADVANCED,2021,Paper 1,Mathematics,False,False,UNNECESSARY_EXTRACTION_ARTIFACT,NO_IMAGE_ASSET
JA_2021_P1_MAT_Q016,JEE_ADVANCED,2021,Paper 1,Mathematics,False,False,UNNECESSARY_EXTRACTION_ARTIFACT,NO_IMAGE_ASSET
JA_2021_P1_MAT_Q017,JEE_ADVANCED,2021,Paper 1,Mathematics,False,False,UNNECESSARY_EXTRACTION_ARTIFACT,NO_IMAGE_ASSET
JA_2021_P1_MAT_Q018,JEE_ADVANCED,2021,Paper 1,Mathematics,False,False,UNNECESSARY_EXTRACTION_ARTIFACT,NO_IMAGE_ASSET
JA_2021_P1_MAT_Q019,JEE_ADVANCED,2021,Paper 1,Mathematics,False,False,UNNECESSARY_EXTRACTION_ARTIFACT,NO_IMAGE_ASSET
JA_2021_P2_PHY_Q001,JEE_ADVANCED,2021,Paper 2,Physics,True,True,GENUINE_DIAGRAM_REQUIRED,TEXT_TRIGGER_SCHEME
JA_2021_P2_PHY_Q002,JEE_ADVANCED,2021,Paper 2,Physics,True,True,GENUINE_DIAGRAM_REQUIRED,TEXT_TRIGGER_SCHEME
JA_2021_P2_PHY_Q003,JEE_ADVANCED,2021,Paper 2,Physics,True,True,GENUINE_DIAGRAM_REQUIRED,TEXT_TRIGGER_FIGURE
JA_2021_P2_PHY_Q004,JEE_ADVANCED,2021,Paper 2,Physics,True,True,GENUINE_DIAGRAM_REQUIRED,TEXT_TRIGGER_FIGURE
JA_2021_P2_PHY_Q005,JEE_ADVANCED,2021,Paper 2,Physics,True,True,GENUINE_DIAGRAM_REQUIRED,TEXT_TRIGGER_FIGURE
JA_2021_P2_PHY_Q006,JEE_ADVANCED,2021,Paper 2,Physics,True,True,GENUINE_DIAGRAM_REQUIRED,TEXT_TRIGGER_FIGURE
JA_2021_P2_PHY_Q007,JEE_ADVANCED,2021,Paper 2,Physics,True,True,GENUINE_DIAGRAM_REQUIRED,TEXT_TRIGGER_FIGURE
JA_2021_P2_PHY_Q008,JEE_ADVANCED,2021,Paper 2,Physics,True,True,GENUINE_DIAGRAM_REQUIRED,TEXT_TRIGGER_FIGURE
JA_2021_P2_PHY_Q009,JEE_ADVANCED,2021,Paper 2,Physics,True,True,GENUINE_DIAGRAM_REQUIRED,TEXT_TRIGGER_FIGURE
JA_2021_P2_PHY_Q010,JEE_ADVANCED,2021,Paper 2,Physics,True,True,GENUINE_DIAGRAM_REQUIRED,TEXT_TRIGGER_CIRCUIT
JA_2021_P2_PHY_Q011,JEE_ADVANCED,2021,Paper 2,Physics,False,False,UNNECESSARY_EXTRACTION_ARTIFACT,NO_IMAGE_ASSET
JA_2021_P2_PHY_Q012,JEE_ADVANCED,2021,Paper 2,Physics,True,True,GENUINE_DIAGRAM_REQUIRED,TEXT_TRIGGER_FIGURE
JA_2021_P2_PHY_Q013,JEE_ADVANCED,2021,Paper 2,Physics,True,True,GENUINE_DIAGRAM_REQUIRED,TEXT_TRIGGER_FIGURE
JA_2021_P2_PHY_Q014,JEE_ADVANCED,2021,Paper 2,Physics,True,True,GENUINE_DIAGRAM_REQUIRED,TEXT_TRIGGER_FIGURE
JA_2021_P2_PHY_Q015,JEE_ADVANCED,2021,Paper 2,Physics,True,True,GENUINE_DIAGRAM_REQUIRED,TEXT_TRIGGER_FIGURE
JA_2021_P2_PHY_Q016,JEE_ADVANCED,2021,Paper 2,Physics,True,True,GENUINE_DIAGRAM_REQUIRED,TEXT_TRIGGER_FIGURE
JA_2021_P2_PHY_Q017,JEE_ADVANCED,2021,Paper 2,Physics,True,True,GENUINE_DIAGRAM_REQUIRED,TEXT_TRIGGER_REACTION
JA_2021_P2_PHY_Q018,JEE_ADVANCED,2021,Paper 2,Physics,True,True,GENUINE_DIAGRAM_REQUIRED,TEXT_TRIGGER_REACTION
JA_2021_P2_PHY_Q019,JEE_ADVANCED,2021,Paper 2,Physics,True,True,GENUINE_DIAGRAM_REQUIRED,TEXT_TRIGGER_REACTION
JA_2021_P2_CHE_Q001,JEE_ADVANCED,2021,Paper 2,Chemistry,False,False,UNNECESSARY_EXTRACTION_ARTIFACT,NO_IMAGE_ASSET
JA_2021_P2_CHE_Q002,JEE_ADVANCED,2021,Paper 2,Chemistry,False,False,UNNECESSARY_EXTRACTION_ARTIFACT,NO_IMAGE_ASSET
JA_2021_P2_CHE_Q003,JEE_ADVANCED,2021,Paper 2,Chemistry,False,False,UNNECESSARY_EXTRACTION_ARTIFACT,NO_IMAGE_ASSET
JA_2021_P2_CHE_Q004,JEE_ADVANCED,2021,Paper 2,Chemistry,False,False,UNNECESSARY_EXTRACTION_ARTIFACT,NO_IMAGE_ASSET
JA_2021_P2_CHE_Q005,JEE_ADVANCED,2021,Paper 2,Chemistry,False,False,UNNECESSARY_EXTRACTION_ARTIFACT,NO_IMAGE_ASSET
JA_2021_P2_CHE_Q006,JEE_ADVANCED,2021,Paper 2,Chemistry,False,False,UNNECESSARY_EXTRACTION_ARTIFACT,NO_IMAGE_ASSET
JA_2021_P2_CHE_Q007,JEE_ADVANCED,2021,Paper 2,Chemistry,False,False,UNNECESSARY_EXTRACTION_ARTIFACT,NO_IMAGE_ASSET
JA_2021_P2_CHE_Q008,JEE_ADVANCED,2021,Paper 2,Chemistry,False,False,UNNECESSARY_EXTRACTION_ARTIFACT,NO_IMAGE_ASSET
JA_2021_P2_CHE_Q009,JEE_ADVANCED,2021,Paper 2,Chemistry,False,False,UNNECESSARY_EXTRACTION_ARTIFACT,NO_IMAGE_ASSET
JA_2021_P2_CHE_Q010,JEE_ADVANCED,2021,Paper 2,Chemistry,False,False,UNNECESSARY_EXTRACTION_ARTIFACT,NO_IMAGE_ASSET
JA_2021_P2_CHE_Q011,JEE_ADVANCED,2021,Paper 2,Chemistry,False,False,UNNECESSARY_EXTRACTION_ARTIFACT,NO_IMAGE_ASSET
JA_2021_P2_CHE_Q012,JEE_ADVANCED,2021,Paper 2,Chemistry,False,False,UNNECESSARY_EXTRACTION_ARTIFACT,NO_IMAGE_ASSET
JA_2021_P2_CHE_Q013,JEE_ADVANCED,2021,Paper 2,Chemistry,False,False,UNNECESSARY_EXTRACTION_ARTIFACT,NO_IMAGE_ASSET
JA_2021_P2_CHE_Q014,JEE_ADVANCED,2021,Paper 2,Chemistry,False,False,UNNECESSARY_EXTRACTION_ARTIFACT,NO_IMAGE_ASSET
JA_2021_P2_CHE_Q015,JEE_ADVANCED,2021,Paper 2,Chemistry,False,False,UNNECESSARY_EXTRACTION_ARTIFACT,NO_IMAGE_ASSET
JA_2021_P2_CHE_Q016,JEE_ADVANCED,2021,Paper 2,Chemistry,False,False,UNNECESSARY_EXTRACTION_ARTIFACT,NO_IMAGE_ASSET
JA_2021_P2_CHE_Q017,JEE_ADVANCED,2021,Paper 2,Chemistry,False,False,UNNECESSARY_EXTRACTION_ARTIFACT,NO_IMAGE_ASSET
JA_2021_P2_CHE_Q018,JEE_ADVANCED,2021,Paper 2,Chemistry,False,False,UNNECESSARY_EXTRACTION_ARTIFACT,NO_IMAGE_ASSET
JA_2021_P2_CHE_Q019,JEE_ADVANCED,2021,Paper 2,Chemistry,False,False,UNNECESSARY_EXTRACTION_ARTIFACT,NO_IMAGE_ASSET
JA_2021_P2_MAT_Q001,JEE_ADVANCED,2021,Paper 2,Mathematics,False,False,UNNECESSARY_EXTRACTION_ARTIFACT,NO_IMAGE_ASSET
JA_2021_P2_MAT_Q002,JEE_ADVANCED,2021,Paper 2,Mathematics,False,False,UNNECESSARY_EXTRACTION_ARTIFACT,NO_IMAGE_ASSET
JA_2021_P2_MAT_Q003,JEE_ADVANCED,2021,Paper 2,Mathematics,False,False,UNNECESSARY_EXTRACTION_ARTIFACT,NO_IMAGE_ASSET
JA_2021_P2_MAT_Q004,JEE_ADVANCED,2021,Paper 2,Mathematics,False,False,UNNECESSARY_EXTRACTION_ARTIFACT,NO_IMAGE_ASSET
JA_2021_P2_MAT_Q005,JEE_ADVANCED,2021,Paper 2,Mathematics,False,False,UNNECESSARY_EXTRACTION_ARTIFACT,NO_IMAGE_ASSET
JA_2021_P2_MAT_Q006,JEE_ADVANCED,2021,Paper 2,Mathematics,False,False,UNNECESSARY_EXTRACTION_ARTIFACT,NO_IMAGE_ASSET
JA_2021_P2_MAT_Q007,JEE_ADVANCED,2021,Paper 2,Mathematics,False,False,UNNECESSARY_EXTRACTION_ARTIFACT,NO_IMAGE_ASSET
JA_2021_P2_MAT_Q008,JEE_ADVANCED,2021,Paper 2,Mathematics,False,False,UNNECESSARY_EXTRACTION_ARTIFACT,NO_IMAGE_ASSET
JA_2021_P2_MAT_Q009,JEE_ADVANCED,2021,Paper 2,Mathematics,False,False,UNNECESSARY_EXTRACTION_ARTIFACT,NO_IMAGE_ASSET
JA_2021_P2_MAT_Q010,JEE_ADVANCED,2021,Paper 2,Mathematics,False,False,UNNECESSARY_EXTRACTION_ARTIFACT,NO_IMAGE_ASSET
JA_2021_P2_MAT_Q011,JEE_ADVANCED,2021,Paper 2,Mathematics,False,False,UNNECESSARY_EXTRACTION_ARTIFACT,NO_IMAGE_ASSET
JA_2021_P2_MAT_Q012,JEE_ADVANCED,2021,Paper 2,Mathematics,False,False,UNNECESSARY_EXTRACTION_ARTIFACT,NO_IMAGE_ASSET
JA_2021_P2_MAT_Q013,JEE_ADVANCED,2021,Paper 2,Mathematics,False,False,UNNECESSARY_EXTRACTION_ARTIFACT,NO_IMAGE_ASSET
JA_2021_P2_MAT_Q014,JEE_ADVANCED,2021,Paper 2,Mathematics,False,False,UNNECESSARY_EXTRACTION_ARTIFACT,NO_IMAGE_ASSET
JA_2021_P2_MAT_Q015,JEE_ADVANCED,2021,Paper 2,Mathematics,False,False,UNNECESSARY_EXTRACTION_ARTIFACT,NO_IMAGE_ASSET
JA_2021_P2_MAT_Q016,JEE_ADVANCED,2021,Paper 2,Mathematics,False,False,UNNECESSARY_EXTRACTION_ARTIFACT,NO_IMAGE_ASSET
JA_2021_P2_MAT_Q017,JEE_ADVANCED,2021,Paper 2,Mathematics,False,False,UNNECESSARY_EXTRACTION_ARTIFACT,NO_IMAGE_ASSET
JA_2021_P2_MAT_Q018,JEE_ADVANCED,2021,Paper 2,Mathematics,False,False,UNNECESSARY_EXTRACTION_ARTIFACT,NO_IMAGE_ASSET
JA_2021_P2_MAT_Q019,JEE_ADVANCED,2021,Paper 2,Mathematics,False,False,UNNECESSARY_EXTRACTION_ARTIFACT,NO_IMAGE_ASSET
JA_2022_P1_PHY_Q001,JEE_ADVANCED,2022,Paper 1,Physics,True,True,GENUINE_DIAGRAM_REQUIRED,TEXT_TRIGGER_SCHEME
JA_2022_P1_PHY_Q002,JEE_ADVANCED,2022,Paper 1,Physics,True,True,GENUINE_DIAGRAM_REQUIRED,TEXT_TRIGGER_SCHEME
JA_2022_P1_PHY_Q003,JEE_ADVANCED,2022,Paper 1,Physics,True,False,UNNECESSARY_EXTRACTION_ARTIFACT,EXTRACTION_ARTIFACT_TEXT_SELF_CONTAINED
JA_2022_P1_PHY_Q004,JEE_ADVANCED,2022,Paper 1,Physics,True,False,UNNECESSARY_EXTRACTION_ARTIFACT,EXTRACTION_ARTIFACT_TEXT_SELF_CONTAINED
JA_2022_P1_PHY_Q005,JEE_ADVANCED,2022,Paper 1,Physics,True,False,UNNECESSARY_EXTRACTION_ARTIFACT,EXTRACTION_ARTIFACT_TEXT_SELF_CONTAINED
JA_2022_P1_PHY_Q006,JEE_ADVANCED,2022,Paper 1,Physics,True,False,UNNECESSARY_EXTRACTION_ARTIFACT,EXTRACTION_ARTIFACT_TEXT_SELF_CONTAINED
JA_2022_P1_PHY_Q007,JEE_ADVANCED,2022,Paper 1,Physics,True,False,UNNECESSARY_EXTRACTION_ARTIFACT,EXTRACTION_ARTIFACT_TEXT_SELF_CONTAINED
JA_2022_P1_PHY_Q008,JEE_ADVANCED,2022,Paper 1,Physics,True,False,UNNECESSARY_EXTRACTION_ARTIFACT,EXTRACTION_ARTIFACT_TEXT_SELF_CONTAINED
JA_2022_P1_PHY_Q009,JEE_ADVANCED,2022,Paper 1,Physics,True,False,UNNECESSARY_EXTRACTION_ARTIFACT,EXTRACTION_ARTIFACT_TEXT_SELF_CONTAINED
JA_2022_P1_PHY_Q010,JEE_ADVANCED,2022,Paper 1,Physics,True,True,GENUINE_DIAGRAM_REQUIRED,TEXT_TRIGGER_SCHEME
JA_2022_P1_PHY_Q011,JEE_ADVANCED,2022,Paper 1,Physics,True,True,GENUINE_DIAGRAM_REQUIRED,TEXT_TRIGGER_SCHEME
JA_2022_P1_PHY_Q012,JEE_ADVANCED,2022,Paper 1,Physics,True,False,UNNECESSARY_EXTRACTION_ARTIFACT,EXTRACTION_ARTIFACT_TEXT_SELF_CONTAINED
JA_2022_P1_PHY_Q013,JEE_ADVANCED,2022,Paper 1,Physics,True,False,UNNECESSARY_EXTRACTION_ARTIFACT,EXTRACTION_ARTIFACT_TEXT_SELF_CONTAINED
JA_2022_P1_PHY_Q014,JEE_ADVANCED,2022,Paper 1,Physics,True,False,UNNECESSARY_EXTRACTION_ARTIFACT,EXTRACTION_ARTIFACT_TEXT_SELF_CONTAINED
JA_2022_P1_PHY_Q015,JEE_ADVANCED,2022,Paper 1,Physics,True,False,UNNECESSARY_EXTRACTION_ARTIFACT,EXTRACTION_ARTIFACT_TEXT_SELF_CONTAINED
JA_2022_P1_PHY_Q016,JEE_ADVANCED,2022,Paper 1,Physics,True,False,UNNECESSARY_EXTRACTION_ARTIFACT,EXTRACTION_ARTIFACT_TEXT_SELF_CONTAINED
JA_2022_P1_PHY_Q017,JEE_ADVANCED,2022,Paper 1,Physics,True,False,UNNECESSARY_EXTRACTION_ARTIFACT,EXTRACTION_ARTIFACT_TEXT_SELF_CONTAINED
JA_2022_P1_PHY_Q018,JEE_ADVANCED,2022,Paper 1,Physics,True,False,UNNECESSARY_EXTRACTION_ARTIFACT,EXTRACTION_ARTIFACT_TEXT_SELF_CONTAINED
JA_2022_P1_CHE_Q001,JEE_ADVANCED,2022,Paper 1,Chemistry,False,False,UNNECESSARY_EXTRACTION_ARTIFACT,NO_IMAGE_ASSET
JA_2022_P1_CHE_Q002,JEE_ADVANCED,2022,Paper 1,Chemistry,False,False,UNNECESSARY_EXTRACTION_ARTIFACT,NO_IMAGE_ASSET
JA_2022_P1_CHE_Q003,JEE_ADVANCED,2022,Paper 1,Chemistry,False,False,UNNECESSARY_EXTRACTION_ARTIFACT,NO_IMAGE_ASSET
JA_2022_P1_CHE_Q004,JEE_ADVANCED,2022,Paper 1,Chemistry,False,False,UNNECESSARY_EXTRACTION_ARTIFACT,NO_IMAGE_ASSET
JA_2022_P1_CHE_Q005,JEE_ADVANCED,2022,Paper 1,Chemistry,False,False,UNNECESSARY_EXTRACTION_ARTIFACT,NO_IMAGE_ASSET
JA_2022_P1_CHE_Q006,JEE_ADVANCED,2022,Paper 1,Chemistry,False,False,UNNECESSARY_EXTRACTION_ARTIFACT,NO_IMAGE_ASSET
JA_2022_P1_CHE_Q007,JEE_ADVANCED,2022,Paper 1,Chemistry,False,False,UNNECESSARY_EXTRACTION_ARTIFACT,NO_IMAGE_ASSET
JA_2022_P1_CHE_Q008,JEE_ADVANCED,2022,Paper 1,Chemistry,False,False,UNNECESSARY_EXTRACTION_ARTIFACT,NO_IMAGE_ASSET
JA_2022_P1_CHE_Q009,JEE_ADVANCED,2022,Paper 1,Chemistry,False,False,UNNECESSARY_EXTRACTION_ARTIFACT,NO_IMAGE_ASSET
JA_2022_P1_CHE_Q010,JEE_ADVANCED,2022,Paper 1,Chemistry,False,False,UNNECESSARY_EXTRACTION_ARTIFACT,NO_IMAGE_ASSET
JA_2022_P1_CHE_Q011,JEE_ADVANCED,2022,Paper 1,Chemistry,False,False,UNNECESSARY_EXTRACTION_ARTIFACT,NO_IMAGE_ASSET
JA_2022_P1_CHE_Q012,JEE_ADVANCED,2022,Paper 1,Chemistry,False,False,UNNECESSARY_EXTRACTION_ARTIFACT,NO_IMAGE_ASSET
JA_2022_P1_CHE_Q013,JEE_ADVANCED,2022,Paper 1,Chemistry,False,False,UNNECESSARY_EXTRACTION_ARTIFACT,NO_IMAGE_ASSET
JA_2022_P1_CHE_Q014,JEE_ADVANCED,2022,Paper 1,Chemistry,False,False,UNNECESSARY_EXTRACTION_ARTIFACT,NO_IMAGE_ASSET
JA_2022_P1_CHE_Q015,JEE_ADVANCED,2022,Paper 1,Chemistry,False,False,UNNECESSARY_EXTRACTION_ARTIFACT,NO_IMAGE_ASSET
JA_2022_P1_CHE_Q016,JEE_ADVANCED,2022,Paper 1,Chemistry,False,False,UNNECESSARY_EXTRACTION_ARTIFACT,NO_IMAGE_ASSET
JA_2022_P1_CHE_Q017,JEE_ADVANCED,2022,Paper 1,Chemistry,False,False,UNNECESSARY_EXTRACTION_ARTIFACT,NO_IMAGE_ASSET
JA_2022_P1_CHE_Q018,JEE_ADVANCED,2022,Paper 1,Chemistry,False,False,UNNECESSARY_EXTRACTION_ARTIFACT,NO_IMAGE_ASSET
JA_2022_P1_MAT_Q001,JEE_ADVANCED,2022,Paper 1,Mathematics,False,False,UNNECESSARY_EXTRACTION_ARTIFACT,NO_IMAGE_ASSET
JA_2022_P1_MAT_Q002,JEE_ADVANCED,2022,Paper 1,Mathematics,False,False,UNNECESSARY_EXTRACTION_ARTIFACT,NO_IMAGE_ASSET
JA_2022_P1_MAT_Q003,JEE_ADVANCED,2022,Paper 1,Mathematics,False,False,UNNECESSARY_EXTRACTION_ARTIFACT,NO_IMAGE_ASSET
JA_2022_P1_MAT_Q004,JEE_ADVANCED,2022,Paper 1,Mathematics,False,False,UNNECESSARY_EXTRACTION_ARTIFACT,NO_IMAGE_ASSET
JA_2022_P1_MAT_Q005,JEE_ADVANCED,2022,Paper 1,Mathematics,False,False,UNNECESSARY_EXTRACTION_ARTIFACT,NO_IMAGE_ASSET
JA_2022_P1_MAT_Q006,JEE_ADVANCED,2022,Paper 1,Mathematics,False,False,UNNECESSARY_EXTRACTION_ARTIFACT,NO_IMAGE_ASSET
JA_2022_P1_MAT_Q007,JEE_ADVANCED,2022,Paper 1,Mathematics,False,False,UNNECESSARY_EXTRACTION_ARTIFACT,NO_IMAGE_ASSET
JA_2022_P1_MAT_Q008,JEE_ADVANCED,2022,Paper 1,Mathematics,False,False,UNNECESSARY_EXTRACTION_ARTIFACT,NO_IMAGE_ASSET
JA_2022_P1_MAT_Q009,JEE_ADVANCED,2022,Paper 1,Mathematics,False,False,UNNECESSARY_EXTRACTION_ARTIFACT,NO_IMAGE_ASSET
JA_2022_P1_MAT_Q010,JEE_ADVANCED,2022,Paper 1,Mathematics,False,False,UNNECESSARY_EXTRACTION_ARTIFACT,NO_IMAGE_ASSET
JA_2022_P1_MAT_Q011,JEE_ADVANCED,2022,Paper 1,Mathematics,False,False,UNNECESSARY_EXTRACTION_ARTIFACT,NO_IMAGE_ASSET
JA_2022_P1_MAT_Q012,JEE_ADVANCED,2022,Paper 1,Mathematics,False,False,UNNECESSARY_EXTRACTION_ARTIFACT,NO_IMAGE_ASSET
JA_2022_P1_MAT_Q013,JEE_ADVANCED,2022,Paper 1,Mathematics,False,False,UNNECESSARY_EXTRACTION_ARTIFACT,NO_IMAGE_ASSET
JA_2022_P1_MAT_Q014,JEE_ADVANCED,2022,Paper 1,Mathematics,False,False,UNNECESSARY_EXTRACTION_ARTIFACT,NO_IMAGE_ASSET
JA_2022_P1_MAT_Q015,JEE_ADVANCED,2022,Paper 1,Mathematics,False,False,UNNECESSARY_EXTRACTION_ARTIFACT,NO_IMAGE_ASSET
JA_2022_P1_MAT_Q016,JEE_ADVANCED,2022,Paper 1,Mathematics,False,False,UNNECESSARY_EXTRACTION_ARTIFACT,NO_IMAGE_ASSET
JA_2022_P1_MAT_Q017,JEE_ADVANCED,2022,Paper 1,Mathematics,False,False,UNNECESSARY_EXTRACTION_ARTIFACT,NO_IMAGE_ASSET
JA_2022_P1_MAT_Q018,JEE_ADVANCED,2022,Paper 1,Mathematics,False,False,UNNECESSARY_EXTRACTION_ARTIFACT,NO_IMAGE_ASSET
JA_2022_P2_PHY_Q001,JEE_ADVANCED,2022,Paper 2,Physics,True,True,GENUINE_DIAGRAM_REQUIRED,TEXT_TRIGGER_SCHEME
JA_2022_P2_PHY_Q002,JEE_ADVANCED,2022,Paper 2,Physics,True,True,GENUINE_DIAGRAM_REQUIRED,TEXT_TRIGGER_SCHEME
JA_2022_P2_PHY_Q003,JEE_ADVANCED,2022,Paper 2,Physics,True,False,UNNECESSARY_EXTRACTION_ARTIFACT,EXTRACTION_ARTIFACT_TEXT_SELF_CONTAINED
JA_2022_P2_PHY_Q004,JEE_ADVANCED,2022,Paper 2,Physics,True,False,UNNECESSARY_EXTRACTION_ARTIFACT,EXTRACTION_ARTIFACT_TEXT_SELF_CONTAINED
JA_2022_P2_PHY_Q005,JEE_ADVANCED,2022,Paper 2,Physics,True,False,UNNECESSARY_EXTRACTION_ARTIFACT,EXTRACTION_ARTIFACT_TEXT_SELF_CONTAINED
JA_2022_P2_PHY_Q006,JEE_ADVANCED,2022,Paper 2,Physics,True,False,UNNECESSARY_EXTRACTION_ARTIFACT,EXTRACTION_ARTIFACT_TEXT_SELF_CONTAINED
JA_2022_P2_PHY_Q007,JEE_ADVANCED,2022,Paper 2,Physics,True,False,UNNECESSARY_EXTRACTION_ARTIFACT,EXTRACTION_ARTIFACT_TEXT_SELF_CONTAINED
JA_2022_P2_PHY_Q008,JEE_ADVANCED,2022,Paper 2,Physics,True,False,UNNECESSARY_EXTRACTION_ARTIFACT,EXTRACTION_ARTIFACT_TEXT_SELF_CONTAINED
JA_2022_P2_PHY_Q009,JEE_ADVANCED,2022,Paper 2,Physics,False,False,UNNECESSARY_EXTRACTION_ARTIFACT,NO_IMAGE_ASSET
JA_2022_P2_PHY_Q010,JEE_ADVANCED,2022,Paper 2,Physics,True,False,UNNECESSARY_EXTRACTION_ARTIFACT,EXTRACTION_ARTIFACT_TEXT_SELF_CONTAINED
JA_2022_P2_PHY_Q011,JEE_ADVANCED,2022,Paper 2,Physics,True,True,GENUINE_DIAGRAM_REQUIRED,TEXT_TRIGGER_CURVE
JA_2022_P2_PHY_Q012,JEE_ADVANCED,2022,Paper 2,Physics,True,True,GENUINE_DIAGRAM_REQUIRED,TEXT_TRIGGER_CURVE
JA_2022_P2_PHY_Q013,JEE_ADVANCED,2022,Paper 2,Physics,True,True,GENUINE_DIAGRAM_REQUIRED,TEXT_TRIGGER_SCHEME
JA_2022_P2_PHY_Q014,JEE_ADVANCED,2022,Paper 2,Physics,True,True,GENUINE_DIAGRAM_REQUIRED,TEXT_TRIGGER_SCHEME
JA_2022_P2_PHY_Q015,JEE_ADVANCED,2022,Paper 2,Physics,True,False,UNNECESSARY_EXTRACTION_ARTIFACT,EXTRACTION_ARTIFACT_TEXT_SELF_CONTAINED
JA_2022_P2_PHY_Q016,JEE_ADVANCED,2022,Paper 2,Physics,True,False,UNNECESSARY_EXTRACTION_ARTIFACT,EXTRACTION_ARTIFACT_TEXT_SELF_CONTAINED
JA_2022_P2_PHY_Q017,JEE_ADVANCED,2022,Paper 2,Physics,True,False,UNNECESSARY_EXTRACTION_ARTIFACT,EXTRACTION_ARTIFACT_TEXT_SELF_CONTAINED
JA_2022_P2_PHY_Q018,JEE_ADVANCED,2022,Paper 2,Physics,True,False,UNNECESSARY_EXTRACTION_ARTIFACT,EXTRACTION_ARTIFACT_TEXT_SELF_CONTAINED
JA_2022_P2_CHE_Q001,JEE_ADVANCED,2022,Paper 2,Chemistry,False,False,UNNECESSARY_EXTRACTION_ARTIFACT,NO_IMAGE_ASSET
JA_2022_P2_CHE_Q002,JEE_ADVANCED,2022,Paper 2,Chemistry,False,False,UNNECESSARY_EXTRACTION_ARTIFACT,NO_IMAGE_ASSET
JA_2022_P2_CHE_Q003,JEE_ADVANCED,2022,Paper 2,Chemistry,False,False,UNNECESSARY_EXTRACTION_ARTIFACT,NO_IMAGE_ASSET
JA_2022_P2_CHE_Q004,JEE_ADVANCED,2022,Paper 2,Chemistry,False,False,UNNECESSARY_EXTRACTION_ARTIFACT,NO_IMAGE_ASSET
JA_2022_P2_CHE_Q005,JEE_ADVANCED,2022,Paper 2,Chemistry,False,False,UNNECESSARY_EXTRACTION_ARTIFACT,NO_IMAGE_ASSET
JA_2022_P2_CHE_Q006,JEE_ADVANCED,2022,Paper 2,Chemistry,False,False,UNNECESSARY_EXTRACTION_ARTIFACT,NO_IMAGE_ASSET
JA_2022_P2_CHE_Q007,JEE_ADVANCED,2022,Paper 2,Chemistry,False,False,UNNECESSARY_EXTRACTION_ARTIFACT,NO_IMAGE_ASSET
JA_2022_P2_CHE_Q008,JEE_ADVANCED,2022,Paper 2,Chemistry,False,False,UNNECESSARY_EXTRACTION_ARTIFACT,NO_IMAGE_ASSET
JA_2022_P2_CHE_Q009,JEE_ADVANCED,2022,Paper 2,Chemistry,False,False,UNNECESSARY_EXTRACTION_ARTIFACT,NO_IMAGE_ASSET
JA_2022_P2_CHE_Q010,JEE_ADVANCED,2022,Paper 2,Chemistry,False,False,UNNECESSARY_EXTRACTION_ARTIFACT,NO_IMAGE_ASSET
JA_2022_P2_CHE_Q011,JEE_ADVANCED,2022,Paper 2,Chemistry,False,False,UNNECESSARY_EXTRACTION_ARTIFACT,NO_IMAGE_ASSET
JA_2022_P2_CHE_Q012,JEE_ADVANCED,2022,Paper 2,Chemistry,False,False,UNNECESSARY_EXTRACTION_ARTIFACT,NO_IMAGE_ASSET
JA_2022_P2_CHE_Q013,JEE_ADVANCED,2022,Paper 2,Chemistry,False,False,UNNECESSARY_EXTRACTION_ARTIFACT,NO_IMAGE_ASSET
JA_2022_P2_CHE_Q014,JEE_ADVANCED,2022,Paper 2,Chemistry,False,False,UNNECESSARY_EXTRACTION_ARTIFACT,NO_IMAGE_ASSET
JA_2022_P2_CHE_Q015,JEE_ADVANCED,2022,Paper 2,Chemistry,False,False,UNNECESSARY_EXTRACTION_ARTIFACT,NO_IMAGE_ASSET
JA_2022_P2_CHE_Q016,JEE_ADVANCED,2022,Paper 2,Chemistry,False,False,UNNECESSARY_EXTRACTION_ARTIFACT,NO_IMAGE_ASSET
JA_2022_P2_CHE_Q017,JEE_ADVANCED,2022,Paper 2,Chemistry,False,False,UNNECESSARY_EXTRACTION_ARTIFACT,NO_IMAGE_ASSET
JA_2022_P2_CHE_Q018,JEE_ADVANCED,2022,Paper 2,Chemistry,False,False,UNNECESSARY_EXTRACTION_ARTIFACT,NO_IMAGE_ASSET
JA_2022_P2_MAT_Q001,JEE_ADVANCED,2022,Paper 2,Mathematics,False,False,UNNECESSARY_EXTRACTION_ARTIFACT,NO_IMAGE_ASSET
JA_2022_P2_MAT_Q002,JEE_ADVANCED,2022,Paper 2,Mathematics,False,False,UNNECESSARY_EXTRACTION_ARTIFACT,NO_IMAGE_ASSET
JA_2022_P2_MAT_Q003,JEE_ADVANCED,2022,Paper 2,Mathematics,False,False,UNNECESSARY_EXTRACTION_ARTIFACT,NO_IMAGE_ASSET
JA_2022_P2_MAT_Q004,JEE_ADVANCED,2022,Paper 2,Mathematics,False,False,UNNECESSARY_EXTRACTION_ARTIFACT,NO_IMAGE_ASSET
JA_2022_P2_MAT_Q005,JEE_ADVANCED,2022,Paper 2,Mathematics,False,False,UNNECESSARY_EXTRACTION_ARTIFACT,NO_IMAGE_ASSET
JA_2022_P2_MAT_Q006,JEE_ADVANCED,2022,Paper 2,Mathematics,False,False,UNNECESSARY_EXTRACTION_ARTIFACT,NO_IMAGE_ASSET
JA_2022_P2_MAT_Q007,JEE_ADVANCED,2022,Paper 2,Mathematics,False,False,UNNECESSARY_EXTRACTION_ARTIFACT,NO_IMAGE_ASSET
JA_2022_P2_MAT_Q008,JEE_ADVANCED,2022,Paper 2,Mathematics,False,False,UNNECESSARY_EXTRACTION_ARTIFACT,NO_IMAGE_ASSET
JA_2022_P2_MAT_Q009,JEE_ADVANCED,2022,Paper 2,Mathematics,False,False,UNNECESSARY_EXTRACTION_ARTIFACT,NO_IMAGE_ASSET
JA_2022_P2_MAT_Q010,JEE_ADVANCED,2022,Paper 2,Mathematics,False,False,UNNECESSARY_EXTRACTION_ARTIFACT,NO_IMAGE_ASSET
JA_2022_P2_MAT_Q011,JEE_ADVANCED,2022,Paper 2,Mathematics,False,False,UNNECESSARY_EXTRACTION_ARTIFACT,NO_IMAGE_ASSET
JA_2022_P2_MAT_Q012,JEE_ADVANCED,2022,Paper 2,Mathematics,False,False,UNNECESSARY_EXTRACTION_ARTIFACT,NO_IMAGE_ASSET
JA_2022_P2_MAT_Q013,JEE_ADVANCED,2022,Paper 2,Mathematics,False,False,UNNECESSARY_EXTRACTION_ARTIFACT,NO_IMAGE_ASSET
JA_2022_P2_MAT_Q014,JEE_ADVANCED,2022,Paper 2,Mathematics,False,False,UNNECESSARY_EXTRACTION_ARTIFACT,NO_IMAGE_ASSET
JA_2022_P2_MAT_Q015,JEE_ADVANCED,2022,Paper 2,Mathematics,False,False,UNNECESSARY_EXTRACTION_ARTIFACT,NO_IMAGE_ASSET
JA_2022_P2_MAT_Q016,JEE_ADVANCED,2022,Paper 2,Mathematics,False,False,UNNECESSARY_EXTRACTION_ARTIFACT,NO_IMAGE_ASSET
JA_2022_P2_MAT_Q017,JEE_ADVANCED,2022,Paper 2,Mathematics,False,False,UNNECESSARY_EXTRACTION_ARTIFACT,NO_IMAGE_ASSET
JA_2022_P2_MAT_Q018,JEE_ADVANCED,2022,Paper 2,Mathematics,False,False,UNNECESSARY_EXTRACTION_ARTIFACT,NO_IMAGE_ASSET
JA_2023_P1_MAT_Q001,JEE_ADVANCED,2023,Paper 1,Mathematics,False,False,UNNECESSARY_EXTRACTION_ARTIFACT,NO_IMAGE_ASSET
JA_2023_P1_MAT_Q002,JEE_ADVANCED,2023,Paper 1,Mathematics,False,False,UNNECESSARY_EXTRACTION_ARTIFACT,NO_IMAGE_ASSET
JA_2023_P1_MAT_Q003,JEE_ADVANCED,2023,Paper 1,Mathematics,False,False,UNNECESSARY_EXTRACTION_ARTIFACT,NO_IMAGE_ASSET
JA_2023_P1_MAT_Q004,JEE_ADVANCED,2023,Paper 1,Mathematics,False,False,UNNECESSARY_EXTRACTION_ARTIFACT,NO_IMAGE_ASSET
JA_2023_P1_MAT_Q005,JEE_ADVANCED,2023,Paper 1,Mathematics,False,False,UNNECESSARY_EXTRACTION_ARTIFACT,NO_IMAGE_ASSET
JA_2023_P1_MAT_Q006,JEE_ADVANCED,2023,Paper 1,Mathematics,False,False,UNNECESSARY_EXTRACTION_ARTIFACT,NO_IMAGE_ASSET
JA_2023_P1_MAT_Q007,JEE_ADVANCED,2023,Paper 1,Mathematics,False,False,UNNECESSARY_EXTRACTION_ARTIFACT,NO_IMAGE_ASSET
JA_2023_P1_MAT_Q008,JEE_ADVANCED,2023,Paper 1,Mathematics,False,False,UNNECESSARY_EXTRACTION_ARTIFACT,NO_IMAGE_ASSET
JA_2023_P1_MAT_Q009,JEE_ADVANCED,2023,Paper 1,Mathematics,False,False,UNNECESSARY_EXTRACTION_ARTIFACT,NO_IMAGE_ASSET
JA_2023_P1_MAT_Q010,JEE_ADVANCED,2023,Paper 1,Mathematics,False,False,UNNECESSARY_EXTRACTION_ARTIFACT,NO_IMAGE_ASSET
JA_2023_P1_MAT_Q011,JEE_ADVANCED,2023,Paper 1,Mathematics,False,False,UNNECESSARY_EXTRACTION_ARTIFACT,NO_IMAGE_ASSET
JA_2023_P1_MAT_Q012,JEE_ADVANCED,2023,Paper 1,Mathematics,False,False,UNNECESSARY_EXTRACTION_ARTIFACT,NO_IMAGE_ASSET
JA_2023_P1_MAT_Q013,JEE_ADVANCED,2023,Paper 1,Mathematics,False,False,UNNECESSARY_EXTRACTION_ARTIFACT,NO_IMAGE_ASSET
JA_2023_P1_MAT_Q014,JEE_ADVANCED,2023,Paper 1,Mathematics,False,False,UNNECESSARY_EXTRACTION_ARTIFACT,NO_IMAGE_ASSET
JA_2023_P1_MAT_Q015,JEE_ADVANCED,2023,Paper 1,Mathematics,False,False,UNNECESSARY_EXTRACTION_ARTIFACT,NO_IMAGE_ASSET
JA_2023_P1_MAT_Q016,JEE_ADVANCED,2023,Paper 1,Mathematics,False,False,UNNECESSARY_EXTRACTION_ARTIFACT,NO_IMAGE_ASSET
JA_2023_P1_MAT_Q017,JEE_ADVANCED,2023,Paper 1,Mathematics,False,False,UNNECESSARY_EXTRACTION_ARTIFACT,NO_IMAGE_ASSET
JA_2023_P1_PHY_Q001,JEE_ADVANCED,2023,Paper 1,Physics,True,True,GENUINE_DIAGRAM_REQUIRED,TEXT_TRIGGER_SCHEME
JA_2023_P1_PHY_Q002,JEE_ADVANCED,2023,Paper 1,Physics,True,True,GENUINE_DIAGRAM_REQUIRED,TEXT_TRIGGER_SCHEME
JA_2023_P1_PHY_Q003,JEE_ADVANCED,2023,Paper 1,Physics,True,True,GENUINE_DIAGRAM_REQUIRED,TEXT_TRIGGER_FIGURE
JA_2023_P1_PHY_Q004,JEE_ADVANCED,2023,Paper 1,Physics,True,True,GENUINE_DIAGRAM_REQUIRED,TEXT_TRIGGER_FIGURE
JA_2023_P1_PHY_Q005,JEE_ADVANCED,2023,Paper 1,Physics,True,True,GENUINE_DIAGRAM_REQUIRED,TEXT_TRIGGER_FIGURE
JA_2023_P1_PHY_Q006,JEE_ADVANCED,2023,Paper 1,Physics,True,True,GENUINE_DIAGRAM_REQUIRED,TEXT_TRIGGER_FIGURE
JA_2023_P1_PHY_Q007,JEE_ADVANCED,2023,Paper 1,Physics,True,True,GENUINE_DIAGRAM_REQUIRED,TEXT_TRIGGER_FIGURE
JA_2023_P1_PHY_Q008,JEE_ADVANCED,2023,Paper 1,Physics,True,False,UNNECESSARY_EXTRACTION_ARTIFACT,EXTRACTION_ARTIFACT_TEXT_SELF_CONTAINED
JA_2023_P1_PHY_Q009,JEE_ADVANCED,2023,Paper 1,Physics,True,False,UNNECESSARY_EXTRACTION_ARTIFACT,EXTRACTION_ARTIFACT_TEXT_SELF_CONTAINED
JA_2023_P1_PHY_Q010,JEE_ADVANCED,2023,Paper 1,Physics,True,True,GENUINE_DIAGRAM_REQUIRED,TEXT_TRIGGER_FIGURE
JA_2023_P1_PHY_Q011,JEE_ADVANCED,2023,Paper 1,Physics,True,True,GENUINE_DIAGRAM_REQUIRED,TEXT_TRIGGER_FIGURE
JA_2023_P1_PHY_Q012,JEE_ADVANCED,2023,Paper 1,Physics,True,True,GENUINE_DIAGRAM_REQUIRED,TEXT_TRIGGER_FIGURE
JA_2023_P1_PHY_Q013,JEE_ADVANCED,2023,Paper 1,Physics,True,True,GENUINE_DIAGRAM_REQUIRED,TEXT_TRIGGER_SCHEME
JA_2023_P1_PHY_Q014,JEE_ADVANCED,2023,Paper 1,Physics,True,True,GENUINE_DIAGRAM_REQUIRED,TEXT_TRIGGER_SCHEME
JA_2023_P1_PHY_Q015,JEE_ADVANCED,2023,Paper 1,Physics,True,True,GENUINE_DIAGRAM_REQUIRED,TEXT_TRIGGER_FIGURE
JA_2023_P1_PHY_Q016,JEE_ADVANCED,2023,Paper 1,Physics,True,True,GENUINE_DIAGRAM_REQUIRED,TEXT_TRIGGER_FIGURE
JA_2023_P1_PHY_Q017,JEE_ADVANCED,2023,Paper 1,Physics,True,True,GENUINE_DIAGRAM_REQUIRED,TEXT_TRIGGER_SCHEME
JA_2023_P1_CHE_Q001,JEE_ADVANCED,2023,Paper 1,Chemistry,False,False,UNNECESSARY_EXTRACTION_ARTIFACT,NO_IMAGE_ASSET
JA_2023_P1_CHE_Q002,JEE_ADVANCED,2023,Paper 1,Chemistry,False,False,UNNECESSARY_EXTRACTION_ARTIFACT,NO_IMAGE_ASSET
JA_2023_P1_CHE_Q003,JEE_ADVANCED,2023,Paper 1,Chemistry,False,False,UNNECESSARY_EXTRACTION_ARTIFACT,NO_IMAGE_ASSET
JA_2023_P1_CHE_Q004,JEE_ADVANCED,2023,Paper 1,Chemistry,False,False,UNNECESSARY_EXTRACTION_ARTIFACT,NO_IMAGE_ASSET
JA_2023_P1_CHE_Q005,JEE_ADVANCED,2023,Paper 1,Chemistry,False,False,UNNECESSARY_EXTRACTION_ARTIFACT,NO_IMAGE_ASSET
JA_2023_P1_CHE_Q006,JEE_ADVANCED,2023,Paper 1,Chemistry,False,False,UNNECESSARY_EXTRACTION_ARTIFACT,NO_IMAGE_ASSET
JA_2023_P1_CHE_Q007,JEE_ADVANCED,2023,Paper 1,Chemistry,False,False,UNNECESSARY_EXTRACTION_ARTIFACT,NO_IMAGE_ASSET
JA_2023_P1_CHE_Q008,JEE_ADVANCED,2023,Paper 1,Chemistry,False,False,UNNECESSARY_EXTRACTION_ARTIFACT,NO_IMAGE_ASSET
JA_2023_P1_CHE_Q009,JEE_ADVANCED,2023,Paper 1,Chemistry,False,False,UNNECESSARY_EXTRACTION_ARTIFACT,NO_IMAGE_ASSET
JA_2023_P1_CHE_Q010,JEE_ADVANCED,2023,Paper 1,Chemistry,False,False,UNNECESSARY_EXTRACTION_ARTIFACT,NO_IMAGE_ASSET
JA_2023_P1_CHE_Q011,JEE_ADVANCED,2023,Paper 1,Chemistry,False,False,UNNECESSARY_EXTRACTION_ARTIFACT,NO_IMAGE_ASSET
JA_2023_P1_CHE_Q012,JEE_ADVANCED,2023,Paper 1,Chemistry,False,False,UNNECESSARY_EXTRACTION_ARTIFACT,NO_IMAGE_ASSET
JA_2023_P1_CHE_Q013,JEE_ADVANCED,2023,Paper 1,Chemistry,False,False,UNNECESSARY_EXTRACTION_ARTIFACT,NO_IMAGE_ASSET
JA_2023_P1_CHE_Q014,JEE_ADVANCED,2023,Paper 1,Chemistry,False,False,UNNECESSARY_EXTRACTION_ARTIFACT,NO_IMAGE_ASSET
JA_2023_P1_CHE_Q015,JEE_ADVANCED,2023,Paper 1,Chemistry,False,False,UNNECESSARY_EXTRACTION_ARTIFACT,NO_IMAGE_ASSET
JA_2023_P1_CHE_Q016,JEE_ADVANCED,2023,Paper 1,Chemistry,False,False,UNNECESSARY_EXTRACTION_ARTIFACT,NO_IMAGE_ASSET
JA_2023_P1_CHE_Q017,JEE_ADVANCED,2023,Paper 1,Chemistry,False,False,UNNECESSARY_EXTRACTION_ARTIFACT,NO_IMAGE_ASSET
JA_2023_P2_MAT_Q001,JEE_ADVANCED,2023,Paper 2,Mathematics,False,False,UNNECESSARY_EXTRACTION_ARTIFACT,NO_IMAGE_ASSET
JA_2023_P2_MAT_Q002,JEE_ADVANCED,2023,Paper 2,Mathematics,False,False,UNNECESSARY_EXTRACTION_ARTIFACT,NO_IMAGE_ASSET
JA_2023_P2_MAT_Q003,JEE_ADVANCED,2023,Paper 2,Mathematics,False,False,UNNECESSARY_EXTRACTION_ARTIFACT,NO_IMAGE_ASSET
JA_2023_P2_MAT_Q004,JEE_ADVANCED,2023,Paper 2,Mathematics,False,False,UNNECESSARY_EXTRACTION_ARTIFACT,NO_IMAGE_ASSET
JA_2023_P2_MAT_Q005,JEE_ADVANCED,2023,Paper 2,Mathematics,False,False,UNNECESSARY_EXTRACTION_ARTIFACT,NO_IMAGE_ASSET
JA_2023_P2_MAT_Q006,JEE_ADVANCED,2023,Paper 2,Mathematics,False,False,UNNECESSARY_EXTRACTION_ARTIFACT,NO_IMAGE_ASSET
JA_2023_P2_MAT_Q007,JEE_ADVANCED,2023,Paper 2,Mathematics,False,False,UNNECESSARY_EXTRACTION_ARTIFACT,NO_IMAGE_ASSET
JA_2023_P2_MAT_Q008,JEE_ADVANCED,2023,Paper 2,Mathematics,False,False,UNNECESSARY_EXTRACTION_ARTIFACT,NO_IMAGE_ASSET
JA_2023_P2_MAT_Q009,JEE_ADVANCED,2023,Paper 2,Mathematics,False,False,UNNECESSARY_EXTRACTION_ARTIFACT,NO_IMAGE_ASSET
JA_2023_P2_MAT_Q010,JEE_ADVANCED,2023,Paper 2,Mathematics,False,False,UNNECESSARY_EXTRACTION_ARTIFACT,NO_IMAGE_ASSET
JA_2023_P2_MAT_Q011,JEE_ADVANCED,2023,Paper 2,Mathematics,False,False,UNNECESSARY_EXTRACTION_ARTIFACT,NO_IMAGE_ASSET
JA_2023_P2_MAT_Q012,JEE_ADVANCED,2023,Paper 2,Mathematics,False,False,UNNECESSARY_EXTRACTION_ARTIFACT,NO_IMAGE_ASSET
JA_2023_P2_MAT_Q013,JEE_ADVANCED,2023,Paper 2,Mathematics,False,False,UNNECESSARY_EXTRACTION_ARTIFACT,NO_IMAGE_ASSET
JA_2023_P2_MAT_Q014,JEE_ADVANCED,2023,Paper 2,Mathematics,False,False,UNNECESSARY_EXTRACTION_ARTIFACT,NO_IMAGE_ASSET
JA_2023_P2_MAT_Q015,JEE_ADVANCED,2023,Paper 2,Mathematics,False,False,UNNECESSARY_EXTRACTION_ARTIFACT,NO_IMAGE_ASSET
JA_2023_P2_MAT_Q016,JEE_ADVANCED,2023,Paper 2,Mathematics,False,False,UNNECESSARY_EXTRACTION_ARTIFACT,NO_IMAGE_ASSET
JA_2023_P2_MAT_Q017,JEE_ADVANCED,2023,Paper 2,Mathematics,False,False,UNNECESSARY_EXTRACTION_ARTIFACT,NO_IMAGE_ASSET
JA_2023_P2_PHY_Q001,JEE_ADVANCED,2023,Paper 2,Physics,True,False,UNNECESSARY_EXTRACTION_ARTIFACT,EXTRACTION_ARTIFACT_TEXT_SELF_CONTAINED
JA_2023_P2_PHY_Q002,JEE_ADVANCED,2023,Paper 2,Physics,True,False,UNNECESSARY_EXTRACTION_ARTIFACT,EXTRACTION_ARTIFACT_TEXT_SELF_CONTAINED
JA_2023_P2_PHY_Q003,JEE_ADVANCED,2023,Paper 2,Physics,True,True,GENUINE_DIAGRAM_REQUIRED,TEXT_TRIGGER_SCHEME
JA_2023_P2_PHY_Q004,JEE_ADVANCED,2023,Paper 2,Physics,True,True,GENUINE_DIAGRAM_REQUIRED,TEXT_TRIGGER_SCHEME
JA_2023_P2_PHY_Q005,JEE_ADVANCED,2023,Paper 2,Physics,True,True,GENUINE_DIAGRAM_REQUIRED,TEXT_TRIGGER_FIGURE
JA_2023_P2_PHY_Q006,JEE_ADVANCED,2023,Paper 2,Physics,True,True,GENUINE_DIAGRAM_REQUIRED,TEXT_TRIGGER_FIGURE
JA_2023_P2_PHY_Q007,JEE_ADVANCED,2023,Paper 2,Physics,True,False,UNNECESSARY_EXTRACTION_ARTIFACT,EXTRACTION_ARTIFACT_TEXT_SELF_CONTAINED
JA_2023_P2_PHY_Q008,JEE_ADVANCED,2023,Paper 2,Physics,True,True,GENUINE_DIAGRAM_REQUIRED,TEXT_TRIGGER_FIGURE
JA_2023_P2_PHY_Q009,JEE_ADVANCED,2023,Paper 2,Physics,True,True,GENUINE_DIAGRAM_REQUIRED,TEXT_TRIGGER_FIGURE
JA_2023_P2_PHY_Q010,JEE_ADVANCED,2023,Paper 2,Physics,True,True,GENUINE_DIAGRAM_REQUIRED,TEXT_TRIGGER_FIGURE
JA_2023_P2_PHY_Q011,JEE_ADVANCED,2023,Paper 2,Physics,True,True,GENUINE_DIAGRAM_REQUIRED,TEXT_TRIGGER_FIGURE
JA_2023_P2_PHY_Q012,JEE_ADVANCED,2023,Paper 2,Physics,True,True,GENUINE_DIAGRAM_REQUIRED,TEXT_TRIGGER_AS SHOWN
JA_2023_P2_PHY_Q013,JEE_ADVANCED,2023,Paper 2,Physics,True,True,GENUINE_DIAGRAM_REQUIRED,TEXT_TRIGGER_FIGURE
JA_2023_P2_PHY_Q014,JEE_ADVANCED,2023,Paper 2,Physics,True,True,GENUINE_DIAGRAM_REQUIRED,TEXT_TRIGGER_FIGURE
JA_2023_P2_PHY_Q015,JEE_ADVANCED,2023,Paper 2,Physics,True,True,GENUINE_DIAGRAM_REQUIRED,TEXT_TRIGGER_FIGURE
JA_2023_P2_PHY_Q016,JEE_ADVANCED,2023,Paper 2,Physics,True,True,GENUINE_DIAGRAM_REQUIRED,TEXT_TRIGGER_FIGURE
JA_2023_P2_PHY_Q017,JEE_ADVANCED,2023,Paper 2,Physics,True,True,GENUINE_DIAGRAM_REQUIRED,TEXT_TRIGGER_FIGURE
JA_2023_P2_CHE_Q001,JEE_ADVANCED,2023,Paper 2,Chemistry,False,False,UNNECESSARY_EXTRACTION_ARTIFACT,NO_IMAGE_ASSET
JA_2023_P2_CHE_Q002,JEE_ADVANCED,2023,Paper 2,Chemistry,False,False,UNNECESSARY_EXTRACTION_ARTIFACT,NO_IMAGE_ASSET
JA_2023_P2_CHE_Q003,JEE_ADVANCED,2023,Paper 2,Chemistry,False,False,UNNECESSARY_EXTRACTION_ARTIFACT,NO_IMAGE_ASSET
JA_2023_P2_CHE_Q004,JEE_ADVANCED,2023,Paper 2,Chemistry,False,False,UNNECESSARY_EXTRACTION_ARTIFACT,NO_IMAGE_ASSET
JA_2023_P2_CHE_Q005,JEE_ADVANCED,2023,Paper 2,Chemistry,False,False,UNNECESSARY_EXTRACTION_ARTIFACT,NO_IMAGE_ASSET
JA_2023_P2_CHE_Q006,JEE_ADVANCED,2023,Paper 2,Chemistry,False,False,UNNECESSARY_EXTRACTION_ARTIFACT,NO_IMAGE_ASSET
JA_2023_P2_CHE_Q007,JEE_ADVANCED,2023,Paper 2,Chemistry,False,False,UNNECESSARY_EXTRACTION_ARTIFACT,NO_IMAGE_ASSET
JA_2023_P2_CHE_Q008,JEE_ADVANCED,2023,Paper 2,Chemistry,False,False,UNNECESSARY_EXTRACTION_ARTIFACT,NO_IMAGE_ASSET
JA_2023_P2_CHE_Q009,JEE_ADVANCED,2023,Paper 2,Chemistry,False,False,UNNECESSARY_EXTRACTION_ARTIFACT,NO_IMAGE_ASSET
JA_2023_P2_CHE_Q010,JEE_ADVANCED,2023,Paper 2,Chemistry,False,False,UNNECESSARY_EXTRACTION_ARTIFACT,NO_IMAGE_ASSET
JA_2023_P2_CHE_Q011,JEE_ADVANCED,2023,Paper 2,Chemistry,False,False,UNNECESSARY_EXTRACTION_ARTIFACT,NO_IMAGE_ASSET
JA_2023_P2_CHE_Q012,JEE_ADVANCED,2023,Paper 2,Chemistry,False,False,UNNECESSARY_EXTRACTION_ARTIFACT,NO_IMAGE_ASSET
JA_2023_P2_CHE_Q013,JEE_ADVANCED,2023,Paper 2,Chemistry,False,False,UNNECESSARY_EXTRACTION_ARTIFACT,NO_IMAGE_ASSET
JA_2023_P2_CHE_Q014,JEE_ADVANCED,2023,Paper 2,Chemistry,False,False,UNNECESSARY_EXTRACTION_ARTIFACT,NO_IMAGE_ASSET
JA_2023_P2_CHE_Q015,JEE_ADVANCED,2023,Paper 2,Chemistry,False,False,UNNECESSARY_EXTRACTION_ARTIFACT,NO_IMAGE_ASSET
JA_2023_P2_CHE_Q016,JEE_ADVANCED,2023,Paper 2,Chemistry,False,False,UNNECESSARY_EXTRACTION_ARTIFACT,NO_IMAGE_ASSET
JA_2023_P2_CHE_Q017,JEE_ADVANCED,2023,Paper 2,Chemistry,False,False,UNNECESSARY_EXTRACTION_ARTIFACT,NO_IMAGE_ASSET
JA_2024_P1_MAT_Q001,JEE_ADVANCED,2024,Paper 1,Mathematics,False,False,UNNECESSARY_EXTRACTION_ARTIFACT,NO_IMAGE_ASSET
JA_2024_P1_MAT_Q002,JEE_ADVANCED,2024,Paper 1,Mathematics,False,False,UNNECESSARY_EXTRACTION_ARTIFACT,NO_IMAGE_ASSET
JA_2024_P1_MAT_Q003,JEE_ADVANCED,2024,Paper 1,Mathematics,False,False,UNNECESSARY_EXTRACTION_ARTIFACT,NO_IMAGE_ASSET
JA_2024_P1_MAT_Q004,JEE_ADVANCED,2024,Paper 1,Mathematics,False,False,UNNECESSARY_EXTRACTION_ARTIFACT,NO_IMAGE_ASSET
JA_2024_P1_MAT_Q005,JEE_ADVANCED,2024,Paper 1,Mathematics,False,False,UNNECESSARY_EXTRACTION_ARTIFACT,NO_IMAGE_ASSET
JA_2024_P1_MAT_Q006,JEE_ADVANCED,2024,Paper 1,Mathematics,False,False,UNNECESSARY_EXTRACTION_ARTIFACT,NO_IMAGE_ASSET
JA_2024_P1_MAT_Q007,JEE_ADVANCED,2024,Paper 1,Mathematics,False,False,UNNECESSARY_EXTRACTION_ARTIFACT,NO_IMAGE_ASSET
JA_2024_P1_MAT_Q008,JEE_ADVANCED,2024,Paper 1,Mathematics,False,False,UNNECESSARY_EXTRACTION_ARTIFACT,NO_IMAGE_ASSET
JA_2024_P1_MAT_Q009,JEE_ADVANCED,2024,Paper 1,Mathematics,False,False,UNNECESSARY_EXTRACTION_ARTIFACT,NO_IMAGE_ASSET
JA_2024_P1_MAT_Q010,JEE_ADVANCED,2024,Paper 1,Mathematics,False,False,UNNECESSARY_EXTRACTION_ARTIFACT,NO_IMAGE_ASSET
JA_2024_P1_MAT_Q011,JEE_ADVANCED,2024,Paper 1,Mathematics,False,False,UNNECESSARY_EXTRACTION_ARTIFACT,NO_IMAGE_ASSET
JA_2024_P1_MAT_Q012,JEE_ADVANCED,2024,Paper 1,Mathematics,False,False,UNNECESSARY_EXTRACTION_ARTIFACT,NO_IMAGE_ASSET
JA_2024_P1_MAT_Q013,JEE_ADVANCED,2024,Paper 1,Mathematics,False,False,UNNECESSARY_EXTRACTION_ARTIFACT,NO_IMAGE_ASSET
JA_2024_P1_MAT_Q014,JEE_ADVANCED,2024,Paper 1,Mathematics,False,False,UNNECESSARY_EXTRACTION_ARTIFACT,NO_IMAGE_ASSET
JA_2024_P1_MAT_Q015,JEE_ADVANCED,2024,Paper 1,Mathematics,False,False,UNNECESSARY_EXTRACTION_ARTIFACT,NO_IMAGE_ASSET
JA_2024_P1_MAT_Q016,JEE_ADVANCED,2024,Paper 1,Mathematics,False,False,UNNECESSARY_EXTRACTION_ARTIFACT,NO_IMAGE_ASSET
JA_2024_P1_MAT_Q017,JEE_ADVANCED,2024,Paper 1,Mathematics,False,False,UNNECESSARY_EXTRACTION_ARTIFACT,NO_IMAGE_ASSET
JA_2024_P1_PHY_Q001,JEE_ADVANCED,2024,Paper 1,Physics,True,True,GENUINE_DIAGRAM_REQUIRED,TEXT_TRIGGER_SCHEME
JA_2024_P1_PHY_Q002,JEE_ADVANCED,2024,Paper 1,Physics,True,True,GENUINE_DIAGRAM_REQUIRED,TEXT_TRIGGER_SCHEME
JA_2024_P1_PHY_Q003,JEE_ADVANCED,2024,Paper 1,Physics,True,True,GENUINE_DIAGRAM_REQUIRED,TEXT_TRIGGER_SCHEME
JA_2024_P1_PHY_Q004,JEE_ADVANCED,2024,Paper 1,Physics,True,True,GENUINE_DIAGRAM_REQUIRED,TEXT_TRIGGER_SCHEME
JA_2024_P1_PHY_Q005,JEE_ADVANCED,2024,Paper 1,Physics,True,True,GENUINE_DIAGRAM_REQUIRED,TEXT_TRIGGER_SCHEME
JA_2024_P1_PHY_Q006,JEE_ADVANCED,2024,Paper 1,Physics,True,True,GENUINE_DIAGRAM_REQUIRED,TEXT_TRIGGER_FIGURE
JA_2024_P1_PHY_Q007,JEE_ADVANCED,2024,Paper 1,Physics,True,True,GENUINE_DIAGRAM_REQUIRED,TEXT_TRIGGER_FIGURE
JA_2024_P1_PHY_Q008,JEE_ADVANCED,2024,Paper 1,Physics,True,True,GENUINE_DIAGRAM_REQUIRED,TEXT_TRIGGER_FIGURE
JA_2024_P1_PHY_Q009,JEE_ADVANCED,2024,Paper 1,Physics,True,True,GENUINE_DIAGRAM_REQUIRED,TEXT_TRIGGER_FIGURE
JA_2024_P1_PHY_Q010,JEE_ADVANCED,2024,Paper 1,Physics,True,True,GENUINE_DIAGRAM_REQUIRED,TEXT_TRIGGER_FIGURE
JA_2024_P1_PHY_Q011,JEE_ADVANCED,2024,Paper 1,Physics,True,True,GENUINE_DIAGRAM_REQUIRED,TEXT_TRIGGER_FIGURE
JA_2024_P1_PHY_Q012,JEE_ADVANCED,2024,Paper 1,Physics,True,True,GENUINE_DIAGRAM_REQUIRED,TEXT_TRIGGER_DIAGRAM
JA_2024_P1_PHY_Q013,JEE_ADVANCED,2024,Paper 1,Physics,True,True,GENUINE_DIAGRAM_REQUIRED,TEXT_TRIGGER_DIAGRAM
JA_2024_P1_PHY_Q014,JEE_ADVANCED,2024,Paper 1,Physics,True,True,GENUINE_DIAGRAM_REQUIRED,TEXT_TRIGGER_FIGURE
JA_2024_P1_PHY_Q015,JEE_ADVANCED,2024,Paper 1,Physics,True,True,GENUINE_DIAGRAM_REQUIRED,TEXT_TRIGGER_FIGURE
JA_2024_P1_PHY_Q016,JEE_ADVANCED,2024,Paper 1,Physics,True,True,GENUINE_DIAGRAM_REQUIRED,TEXT_TRIGGER_FIGURE
JA_2024_P1_PHY_Q017,JEE_ADVANCED,2024,Paper 1,Physics,True,True,GENUINE_DIAGRAM_REQUIRED,TEXT_TRIGGER_FIGURE
JA_2024_P1_CHE_Q001,JEE_ADVANCED,2024,Paper 1,Chemistry,False,False,UNNECESSARY_EXTRACTION_ARTIFACT,NO_IMAGE_ASSET
JA_2024_P1_CHE_Q002,JEE_ADVANCED,2024,Paper 1,Chemistry,False,False,UNNECESSARY_EXTRACTION_ARTIFACT,NO_IMAGE_ASSET
JA_2024_P1_CHE_Q003,JEE_ADVANCED,2024,Paper 1,Chemistry,False,False,UNNECESSARY_EXTRACTION_ARTIFACT,NO_IMAGE_ASSET
JA_2024_P1_CHE_Q004,JEE_ADVANCED,2024,Paper 1,Chemistry,False,False,UNNECESSARY_EXTRACTION_ARTIFACT,NO_IMAGE_ASSET
JA_2024_P1_CHE_Q005,JEE_ADVANCED,2024,Paper 1,Chemistry,False,False,UNNECESSARY_EXTRACTION_ARTIFACT,NO_IMAGE_ASSET
JA_2024_P1_CHE_Q006,JEE_ADVANCED,2024,Paper 1,Chemistry,False,False,UNNECESSARY_EXTRACTION_ARTIFACT,NO_IMAGE_ASSET
JA_2024_P1_CHE_Q007,JEE_ADVANCED,2024,Paper 1,Chemistry,False,False,UNNECESSARY_EXTRACTION_ARTIFACT,NO_IMAGE_ASSET
JA_2024_P1_CHE_Q008,JEE_ADVANCED,2024,Paper 1,Chemistry,False,False,UNNECESSARY_EXTRACTION_ARTIFACT,NO_IMAGE_ASSET
JA_2024_P1_CHE_Q009,JEE_ADVANCED,2024,Paper 1,Chemistry,False,False,UNNECESSARY_EXTRACTION_ARTIFACT,NO_IMAGE_ASSET
JA_2024_P1_CHE_Q010,JEE_ADVANCED,2024,Paper 1,Chemistry,False,False,UNNECESSARY_EXTRACTION_ARTIFACT,NO_IMAGE_ASSET
JA_2024_P1_CHE_Q011,JEE_ADVANCED,2024,Paper 1,Chemistry,False,False,UNNECESSARY_EXTRACTION_ARTIFACT,NO_IMAGE_ASSET
JA_2024_P1_CHE_Q012,JEE_ADVANCED,2024,Paper 1,Chemistry,False,False,UNNECESSARY_EXTRACTION_ARTIFACT,NO_IMAGE_ASSET
JA_2024_P1_CHE_Q013,JEE_ADVANCED,2024,Paper 1,Chemistry,False,False,UNNECESSARY_EXTRACTION_ARTIFACT,NO_IMAGE_ASSET
JA_2024_P1_CHE_Q014,JEE_ADVANCED,2024,Paper 1,Chemistry,False,False,UNNECESSARY_EXTRACTION_ARTIFACT,NO_IMAGE_ASSET
JA_2024_P1_CHE_Q015,JEE_ADVANCED,2024,Paper 1,Chemistry,False,False,UNNECESSARY_EXTRACTION_ARTIFACT,NO_IMAGE_ASSET
JA_2024_P1_CHE_Q016,JEE_ADVANCED,2024,Paper 1,Chemistry,False,False,UNNECESSARY_EXTRACTION_ARTIFACT,NO_IMAGE_ASSET
JA_2024_P1_CHE_Q017,JEE_ADVANCED,2024,Paper 1,Chemistry,False,False,UNNECESSARY_EXTRACTION_ARTIFACT,NO_IMAGE_ASSET
JA_2024_P2_MAT_Q001,JEE_ADVANCED,2024,Paper 2,Mathematics,False,False,UNNECESSARY_EXTRACTION_ARTIFACT,NO_IMAGE_ASSET
JA_2024_P2_MAT_Q002,JEE_ADVANCED,2024,Paper 2,Mathematics,False,False,UNNECESSARY_EXTRACTION_ARTIFACT,NO_IMAGE_ASSET
JA_2024_P2_MAT_Q003,JEE_ADVANCED,2024,Paper 2,Mathematics,False,False,UNNECESSARY_EXTRACTION_ARTIFACT,NO_IMAGE_ASSET
JA_2024_P2_MAT_Q004,JEE_ADVANCED,2024,Paper 2,Mathematics,False,False,UNNECESSARY_EXTRACTION_ARTIFACT,NO_IMAGE_ASSET
JA_2024_P2_MAT_Q005,JEE_ADVANCED,2024,Paper 2,Mathematics,False,False,UNNECESSARY_EXTRACTION_ARTIFACT,NO_IMAGE_ASSET
JA_2024_P2_MAT_Q006,JEE_ADVANCED,2024,Paper 2,Mathematics,False,False,UNNECESSARY_EXTRACTION_ARTIFACT,NO_IMAGE_ASSET
JA_2024_P2_MAT_Q007,JEE_ADVANCED,2024,Paper 2,Mathematics,False,False,UNNECESSARY_EXTRACTION_ARTIFACT,NO_IMAGE_ASSET
JA_2024_P2_MAT_Q008,JEE_ADVANCED,2024,Paper 2,Mathematics,False,False,UNNECESSARY_EXTRACTION_ARTIFACT,NO_IMAGE_ASSET
JA_2024_P2_MAT_Q009,JEE_ADVANCED,2024,Paper 2,Mathematics,False,False,UNNECESSARY_EXTRACTION_ARTIFACT,NO_IMAGE_ASSET
JA_2024_P2_MAT_Q010,JEE_ADVANCED,2024,Paper 2,Mathematics,False,False,UNNECESSARY_EXTRACTION_ARTIFACT,NO_IMAGE_ASSET
JA_2024_P2_MAT_Q011,JEE_ADVANCED,2024,Paper 2,Mathematics,False,False,UNNECESSARY_EXTRACTION_ARTIFACT,NO_IMAGE_ASSET
JA_2024_P2_MAT_Q012,JEE_ADVANCED,2024,Paper 2,Mathematics,False,False,UNNECESSARY_EXTRACTION_ARTIFACT,NO_IMAGE_ASSET
JA_2024_P2_MAT_Q013,JEE_ADVANCED,2024,Paper 2,Mathematics,False,False,UNNECESSARY_EXTRACTION_ARTIFACT,NO_IMAGE_ASSET
JA_2024_P2_MAT_Q014,JEE_ADVANCED,2024,Paper 2,Mathematics,False,False,UNNECESSARY_EXTRACTION_ARTIFACT,NO_IMAGE_ASSET
JA_2024_P2_MAT_Q015,JEE_ADVANCED,2024,Paper 2,Mathematics,False,False,UNNECESSARY_EXTRACTION_ARTIFACT,NO_IMAGE_ASSET
JA_2024_P2_MAT_Q016,JEE_ADVANCED,2024,Paper 2,Mathematics,False,False,UNNECESSARY_EXTRACTION_ARTIFACT,NO_IMAGE_ASSET
JA_2024_P2_MAT_Q017,JEE_ADVANCED,2024,Paper 2,Mathematics,False,False,UNNECESSARY_EXTRACTION_ARTIFACT,NO_IMAGE_ASSET
JA_2024_P2_PHY_Q001,JEE_ADVANCED,2024,Paper 2,Physics,True,True,GENUINE_DIAGRAM_REQUIRED,TEXT_TRIGGER_FIGURE
JA_2024_P2_PHY_Q002,JEE_ADVANCED,2024,Paper 2,Physics,True,True,GENUINE_DIAGRAM_REQUIRED,TEXT_TRIGGER_FIGURE
JA_2024_P2_PHY_Q003,JEE_ADVANCED,2024,Paper 2,Physics,True,True,GENUINE_DIAGRAM_REQUIRED,TEXT_TRIGGER_FIGURE
JA_2024_P2_PHY_Q004,JEE_ADVANCED,2024,Paper 2,Physics,True,True,GENUINE_DIAGRAM_REQUIRED,TEXT_TRIGGER_FIGURE
JA_2024_P2_PHY_Q005,JEE_ADVANCED,2024,Paper 2,Physics,True,True,GENUINE_DIAGRAM_REQUIRED,TEXT_TRIGGER_SCHEME
JA_2024_P2_PHY_Q006,JEE_ADVANCED,2024,Paper 2,Physics,True,True,GENUINE_DIAGRAM_REQUIRED,TEXT_TRIGGER_SCHEME
JA_2024_P2_PHY_Q007,JEE_ADVANCED,2024,Paper 2,Physics,True,True,GENUINE_DIAGRAM_REQUIRED,TEXT_TRIGGER_FIGURE
JA_2024_P2_PHY_Q008,JEE_ADVANCED,2024,Paper 2,Physics,True,True,GENUINE_DIAGRAM_REQUIRED,TEXT_TRIGGER_FIGURE
JA_2024_P2_PHY_Q009,JEE_ADVANCED,2024,Paper 2,Physics,True,True,GENUINE_DIAGRAM_REQUIRED,TEXT_TRIGGER_FIGURE
JA_2024_P2_PHY_Q010,JEE_ADVANCED,2024,Paper 2,Physics,True,True,GENUINE_DIAGRAM_REQUIRED,TEXT_TRIGGER_FIGURE
JA_2024_P2_PHY_Q011,JEE_ADVANCED,2024,Paper 2,Physics,True,True,GENUINE_DIAGRAM_REQUIRED,TEXT_TRIGGER_FIGURE
JA_2024_P2_PHY_Q012,JEE_ADVANCED,2024,Paper 2,Physics,True,True,GENUINE_DIAGRAM_REQUIRED,TEXT_TRIGGER_FIGURE
JA_2024_P2_PHY_Q013,JEE_ADVANCED,2024,Paper 2,Physics,True,True,GENUINE_DIAGRAM_REQUIRED,TEXT_TRIGGER_FIGURE
JA_2024_P2_PHY_Q014,JEE_ADVANCED,2024,Paper 2,Physics,True,True,GENUINE_DIAGRAM_REQUIRED,TEXT_TRIGGER_FIGURE
JA_2024_P2_PHY_Q015,JEE_ADVANCED,2024,Paper 2,Physics,True,True,GENUINE_DIAGRAM_REQUIRED,TEXT_TRIGGER_FIGURE
JA_2024_P2_PHY_Q016,JEE_ADVANCED,2024,Paper 2,Physics,True,True,GENUINE_DIAGRAM_REQUIRED,TEXT_TRIGGER_FIGURE
JA_2024_P2_PHY_Q017,JEE_ADVANCED,2024,Paper 2,Physics,True,True,GENUINE_DIAGRAM_REQUIRED,TEXT_TRIGGER_FIGURE
JA_2024_P2_CHE_Q001,JEE_ADVANCED,2024,Paper 2,Chemistry,False,False,UNNECESSARY_EXTRACTION_ARTIFACT,NO_IMAGE_ASSET
JA_2024_P2_CHE_Q002,JEE_ADVANCED,2024,Paper 2,Chemistry,False,False,UNNECESSARY_EXTRACTION_ARTIFACT,NO_IMAGE_ASSET
JA_2024_P2_CHE_Q003,JEE_ADVANCED,2024,Paper 2,Chemistry,False,False,UNNECESSARY_EXTRACTION_ARTIFACT,NO_IMAGE_ASSET
JA_2024_P2_CHE_Q004,JEE_ADVANCED,2024,Paper 2,Chemistry,False,False,UNNECESSARY_EXTRACTION_ARTIFACT,NO_IMAGE_ASSET
JA_2024_P2_CHE_Q005,JEE_ADVANCED,2024,Paper 2,Chemistry,False,False,UNNECESSARY_EXTRACTION_ARTIFACT,NO_IMAGE_ASSET
JA_2024_P2_CHE_Q006,JEE_ADVANCED,2024,Paper 2,Chemistry,False,False,UNNECESSARY_EXTRACTION_ARTIFACT,NO_IMAGE_ASSET
JA_2024_P2_CHE_Q007,JEE_ADVANCED,2024,Paper 2,Chemistry,False,False,UNNECESSARY_EXTRACTION_ARTIFACT,NO_IMAGE_ASSET
JA_2024_P2_CHE_Q008,JEE_ADVANCED,2024,Paper 2,Chemistry,False,False,UNNECESSARY_EXTRACTION_ARTIFACT,NO_IMAGE_ASSET
JA_2024_P2_CHE_Q009,JEE_ADVANCED,2024,Paper 2,Chemistry,False,False,UNNECESSARY_EXTRACTION_ARTIFACT,NO_IMAGE_ASSET
JA_2024_P2_CHE_Q010,JEE_ADVANCED,2024,Paper 2,Chemistry,False,False,UNNECESSARY_EXTRACTION_ARTIFACT,NO_IMAGE_ASSET
JA_2024_P2_CHE_Q011,JEE_ADVANCED,2024,Paper 2,Chemistry,False,False,UNNECESSARY_EXTRACTION_ARTIFACT,NO_IMAGE_ASSET
JA_2024_P2_CHE_Q012,JEE_ADVANCED,2024,Paper 2,Chemistry,False,False,UNNECESSARY_EXTRACTION_ARTIFACT,NO_IMAGE_ASSET
JA_2024_P2_CHE_Q013,JEE_ADVANCED,2024,Paper 2,Chemistry,False,False,UNNECESSARY_EXTRACTION_ARTIFACT,NO_IMAGE_ASSET
JA_2024_P2_CHE_Q014,JEE_ADVANCED,2024,Paper 2,Chemistry,False,False,UNNECESSARY_EXTRACTION_ARTIFACT,NO_IMAGE_ASSET
JA_2024_P2_CHE_Q015,JEE_ADVANCED,2024,Paper 2,Chemistry,False,False,UNNECESSARY_EXTRACTION_ARTIFACT,NO_IMAGE_ASSET
JA_2024_P2_CHE_Q016,JEE_ADVANCED,2024,Paper 2,Chemistry,False,False,UNNECESSARY_EXTRACTION_ARTIFACT,NO_IMAGE_ASSET
JA_2024_P2_CHE_Q017,JEE_ADVANCED,2024,Paper 2,Chemistry,False,False,UNNECESSARY_EXTRACTION_ARTIFACT,NO_IMAGE_ASSET
JA_2025_P1_MAT_Q001,JEE_ADVANCED,2025,Paper 1,Mathematics,False,False,UNNECESSARY_EXTRACTION_ARTIFACT,NO_IMAGE_ASSET
JA_2025_P1_MAT_Q002,JEE_ADVANCED,2025,Paper 1,Mathematics,False,False,UNNECESSARY_EXTRACTION_ARTIFACT,NO_IMAGE_ASSET
JA_2025_P1_MAT_Q003,JEE_ADVANCED,2025,Paper 1,Mathematics,False,False,UNNECESSARY_EXTRACTION_ARTIFACT,NO_IMAGE_ASSET
JA_2025_P1_MAT_Q004,JEE_ADVANCED,2025,Paper 1,Mathematics,False,False,UNNECESSARY_EXTRACTION_ARTIFACT,NO_IMAGE_ASSET
JA_2025_P1_MAT_Q005,JEE_ADVANCED,2025,Paper 1,Mathematics,False,False,UNNECESSARY_EXTRACTION_ARTIFACT,NO_IMAGE_ASSET
JA_2025_P1_MAT_Q006,JEE_ADVANCED,2025,Paper 1,Mathematics,False,False,UNNECESSARY_EXTRACTION_ARTIFACT,NO_IMAGE_ASSET
JA_2025_P1_MAT_Q007,JEE_ADVANCED,2025,Paper 1,Mathematics,False,False,UNNECESSARY_EXTRACTION_ARTIFACT,NO_IMAGE_ASSET
JA_2025_P1_MAT_Q008,JEE_ADVANCED,2025,Paper 1,Mathematics,False,False,UNNECESSARY_EXTRACTION_ARTIFACT,NO_IMAGE_ASSET
JA_2025_P1_MAT_Q009,JEE_ADVANCED,2025,Paper 1,Mathematics,False,False,UNNECESSARY_EXTRACTION_ARTIFACT,NO_IMAGE_ASSET
JA_2025_P1_MAT_Q010,JEE_ADVANCED,2025,Paper 1,Mathematics,False,False,UNNECESSARY_EXTRACTION_ARTIFACT,NO_IMAGE_ASSET
JA_2025_P1_MAT_Q011,JEE_ADVANCED,2025,Paper 1,Mathematics,False,False,UNNECESSARY_EXTRACTION_ARTIFACT,NO_IMAGE_ASSET
JA_2025_P1_MAT_Q012,JEE_ADVANCED,2025,Paper 1,Mathematics,False,False,UNNECESSARY_EXTRACTION_ARTIFACT,NO_IMAGE_ASSET
JA_2025_P1_MAT_Q013,JEE_ADVANCED,2025,Paper 1,Mathematics,False,False,UNNECESSARY_EXTRACTION_ARTIFACT,NO_IMAGE_ASSET
JA_2025_P1_MAT_Q014,JEE_ADVANCED,2025,Paper 1,Mathematics,False,False,UNNECESSARY_EXTRACTION_ARTIFACT,NO_IMAGE_ASSET
JA_2025_P1_MAT_Q015,JEE_ADVANCED,2025,Paper 1,Mathematics,False,False,UNNECESSARY_EXTRACTION_ARTIFACT,NO_IMAGE_ASSET
JA_2025_P1_MAT_Q016,JEE_ADVANCED,2025,Paper 1,Mathematics,False,False,UNNECESSARY_EXTRACTION_ARTIFACT,NO_IMAGE_ASSET
JA_2025_P1_MAT_Q017,JEE_ADVANCED,2025,Paper 1,Mathematics,False,False,UNNECESSARY_EXTRACTION_ARTIFACT,NO_IMAGE_ASSET
JA_2025_P1_PHY_Q001,JEE_ADVANCED,2025,Paper 1,Physics,True,True,GENUINE_DIAGRAM_REQUIRED,TEXT_TRIGGER_FIGURE
JA_2025_P1_PHY_Q002,JEE_ADVANCED,2025,Paper 1,Physics,True,True,GENUINE_DIAGRAM_REQUIRED,TEXT_TRIGGER_FIGURE
JA_2025_P1_PHY_Q003,JEE_ADVANCED,2025,Paper 1,Physics,True,True,GENUINE_DIAGRAM_REQUIRED,TEXT_TRIGGER_FIGURE
JA_2025_P1_PHY_Q004,JEE_ADVANCED,2025,Paper 1,Physics,True,True,GENUINE_DIAGRAM_REQUIRED,TEXT_TRIGGER_FIGURE
JA_2025_P1_PHY_Q005,JEE_ADVANCED,2025,Paper 1,Physics,True,True,GENUINE_DIAGRAM_REQUIRED,TEXT_TRIGGER_SCHEME
JA_2025_P1_PHY_Q006,JEE_ADVANCED,2025,Paper 1,Physics,True,True,GENUINE_DIAGRAM_REQUIRED,TEXT_TRIGGER_SCHEME
JA_2025_P1_PHY_Q007,JEE_ADVANCED,2025,Paper 1,Physics,True,True,GENUINE_DIAGRAM_REQUIRED,TEXT_TRIGGER_FIGURE
JA_2025_P1_PHY_Q008,JEE_ADVANCED,2025,Paper 1,Physics,True,True,GENUINE_DIAGRAM_REQUIRED,TEXT_TRIGGER_FIGURE
JA_2025_P1_PHY_Q009,JEE_ADVANCED,2025,Paper 1,Physics,True,True,GENUINE_DIAGRAM_REQUIRED,TEXT_TRIGGER_FIGURE
JA_2025_P1_PHY_Q010,JEE_ADVANCED,2025,Paper 1,Physics,True,True,GENUINE_DIAGRAM_REQUIRED,TEXT_TRIGGER_SCHEME
JA_2025_P1_PHY_Q011,JEE_ADVANCED,2025,Paper 1,Physics,True,True,GENUINE_DIAGRAM_REQUIRED,TEXT_TRIGGER_SCHEME
JA_2025_P1_PHY_Q012,JEE_ADVANCED,2025,Paper 1,Physics,True,True,GENUINE_DIAGRAM_REQUIRED,TEXT_TRIGGER_FIGURE
JA_2025_P1_PHY_Q013,JEE_ADVANCED,2025,Paper 1,Physics,True,False,UNNECESSARY_EXTRACTION_ARTIFACT,EXTRACTION_ARTIFACT_TEXT_SELF_CONTAINED
JA_2025_P1_PHY_Q014,JEE_ADVANCED,2025,Paper 1,Physics,True,False,UNNECESSARY_EXTRACTION_ARTIFACT,EXTRACTION_ARTIFACT_TEXT_SELF_CONTAINED
JA_2025_P1_PHY_Q015,JEE_ADVANCED,2025,Paper 1,Physics,True,True,GENUINE_DIAGRAM_REQUIRED,TEXT_TRIGGER_SCHEME
JA_2025_P1_PHY_Q016,JEE_ADVANCED,2025,Paper 1,Physics,True,True,GENUINE_DIAGRAM_REQUIRED,TEXT_TRIGGER_SCHEME
JA_2025_P1_PHY_Q017,JEE_ADVANCED,2025,Paper 1,Physics,False,False,UNNECESSARY_EXTRACTION_ARTIFACT,NO_IMAGE_ASSET
JA_2025_P1_CHE_Q001,JEE_ADVANCED,2025,Paper 1,Chemistry,False,False,UNNECESSARY_EXTRACTION_ARTIFACT,NO_IMAGE_ASSET
JA_2025_P1_CHE_Q002,JEE_ADVANCED,2025,Paper 1,Chemistry,False,False,UNNECESSARY_EXTRACTION_ARTIFACT,NO_IMAGE_ASSET
JA_2025_P1_CHE_Q003,JEE_ADVANCED,2025,Paper 1,Chemistry,False,False,UNNECESSARY_EXTRACTION_ARTIFACT,NO_IMAGE_ASSET
JA_2025_P1_CHE_Q004,JEE_ADVANCED,2025,Paper 1,Chemistry,False,False,UNNECESSARY_EXTRACTION_ARTIFACT,NO_IMAGE_ASSET
JA_2025_P1_CHE_Q005,JEE_ADVANCED,2025,Paper 1,Chemistry,False,False,UNNECESSARY_EXTRACTION_ARTIFACT,NO_IMAGE_ASSET
JA_2025_P1_CHE_Q006,JEE_ADVANCED,2025,Paper 1,Chemistry,False,False,UNNECESSARY_EXTRACTION_ARTIFACT,NO_IMAGE_ASSET
JA_2025_P1_CHE_Q007,JEE_ADVANCED,2025,Paper 1,Chemistry,False,False,UNNECESSARY_EXTRACTION_ARTIFACT,NO_IMAGE_ASSET
JA_2025_P1_CHE_Q008,JEE_ADVANCED,2025,Paper 1,Chemistry,False,False,UNNECESSARY_EXTRACTION_ARTIFACT,NO_IMAGE_ASSET
JA_2025_P1_CHE_Q009,JEE_ADVANCED,2025,Paper 1,Chemistry,False,False,UNNECESSARY_EXTRACTION_ARTIFACT,NO_IMAGE_ASSET
JA_2025_P1_CHE_Q010,JEE_ADVANCED,2025,Paper 1,Chemistry,False,False,UNNECESSARY_EXTRACTION_ARTIFACT,NO_IMAGE_ASSET
JA_2025_P1_CHE_Q011,JEE_ADVANCED,2025,Paper 1,Chemistry,False,False,UNNECESSARY_EXTRACTION_ARTIFACT,NO_IMAGE_ASSET
JA_2025_P1_CHE_Q012,JEE_ADVANCED,2025,Paper 1,Chemistry,False,False,UNNECESSARY_EXTRACTION_ARTIFACT,NO_IMAGE_ASSET
JA_2025_P1_CHE_Q013,JEE_ADVANCED,2025,Paper 1,Chemistry,False,False,UNNECESSARY_EXTRACTION_ARTIFACT,NO_IMAGE_ASSET
JA_2025_P1_CHE_Q014,JEE_ADVANCED,2025,Paper 1,Chemistry,False,False,UNNECESSARY_EXTRACTION_ARTIFACT,NO_IMAGE_ASSET
JA_2025_P1_CHE_Q015,JEE_ADVANCED,2025,Paper 1,Chemistry,False,False,UNNECESSARY_EXTRACTION_ARTIFACT,NO_IMAGE_ASSET
JA_2025_P1_CHE_Q016,JEE_ADVANCED,2025,Paper 1,Chemistry,False,False,UNNECESSARY_EXTRACTION_ARTIFACT,NO_IMAGE_ASSET
JA_2025_P1_CHE_Q017,JEE_ADVANCED,2025,Paper 1,Chemistry,False,False,UNNECESSARY_EXTRACTION_ARTIFACT,NO_IMAGE_ASSET
JA_2025_P2_MAT_Q001,JEE_ADVANCED,2025,Paper 2,Mathematics,False,False,UNNECESSARY_EXTRACTION_ARTIFACT,NO_IMAGE_ASSET
JA_2025_P2_MAT_Q002,JEE_ADVANCED,2025,Paper 2,Mathematics,False,False,UNNECESSARY_EXTRACTION_ARTIFACT,NO_IMAGE_ASSET
JA_2025_P2_MAT_Q003,JEE_ADVANCED,2025,Paper 2,Mathematics,False,False,UNNECESSARY_EXTRACTION_ARTIFACT,NO_IMAGE_ASSET
JA_2025_P2_MAT_Q004,JEE_ADVANCED,2025,Paper 2,Mathematics,False,False,UNNECESSARY_EXTRACTION_ARTIFACT,NO_IMAGE_ASSET
JA_2025_P2_MAT_Q005,JEE_ADVANCED,2025,Paper 2,Mathematics,False,False,UNNECESSARY_EXTRACTION_ARTIFACT,NO_IMAGE_ASSET
JA_2025_P2_MAT_Q006,JEE_ADVANCED,2025,Paper 2,Mathematics,False,False,UNNECESSARY_EXTRACTION_ARTIFACT,NO_IMAGE_ASSET
JA_2025_P2_MAT_Q007,JEE_ADVANCED,2025,Paper 2,Mathematics,False,False,UNNECESSARY_EXTRACTION_ARTIFACT,NO_IMAGE_ASSET
JA_2025_P2_MAT_Q008,JEE_ADVANCED,2025,Paper 2,Mathematics,False,False,UNNECESSARY_EXTRACTION_ARTIFACT,NO_IMAGE_ASSET
JA_2025_P2_MAT_Q009,JEE_ADVANCED,2025,Paper 2,Mathematics,False,False,UNNECESSARY_EXTRACTION_ARTIFACT,NO_IMAGE_ASSET
JA_2025_P2_MAT_Q010,JEE_ADVANCED,2025,Paper 2,Mathematics,False,False,UNNECESSARY_EXTRACTION_ARTIFACT,NO_IMAGE_ASSET
JA_2025_P2_MAT_Q011,JEE_ADVANCED,2025,Paper 2,Mathematics,False,False,UNNECESSARY_EXTRACTION_ARTIFACT,NO_IMAGE_ASSET
JA_2025_P2_MAT_Q012,JEE_ADVANCED,2025,Paper 2,Mathematics,False,False,UNNECESSARY_EXTRACTION_ARTIFACT,NO_IMAGE_ASSET
JA_2025_P2_MAT_Q013,JEE_ADVANCED,2025,Paper 2,Mathematics,False,False,UNNECESSARY_EXTRACTION_ARTIFACT,NO_IMAGE_ASSET
JA_2025_P2_MAT_Q014,JEE_ADVANCED,2025,Paper 2,Mathematics,False,False,UNNECESSARY_EXTRACTION_ARTIFACT,NO_IMAGE_ASSET
JA_2025_P2_MAT_Q015,JEE_ADVANCED,2025,Paper 2,Mathematics,False,False,UNNECESSARY_EXTRACTION_ARTIFACT,NO_IMAGE_ASSET
JA_2025_P2_MAT_Q016,JEE_ADVANCED,2025,Paper 2,Mathematics,False,False,UNNECESSARY_EXTRACTION_ARTIFACT,NO_IMAGE_ASSET
JA_2025_P2_MAT_Q017,JEE_ADVANCED,2025,Paper 2,Mathematics,False,False,UNNECESSARY_EXTRACTION_ARTIFACT,NO_IMAGE_ASSET
JA_2025_P2_PHY_Q001,JEE_ADVANCED,2025,Paper 2,Physics,True,True,GENUINE_DIAGRAM_REQUIRED,TEXT_TRIGGER_FIG
JA_2025_P2_PHY_Q002,JEE_ADVANCED,2025,Paper 2,Physics,True,True,GENUINE_DIAGRAM_REQUIRED,TEXT_TRIGGER_FIG
JA_2025_P2_PHY_Q003,JEE_ADVANCED,2025,Paper 2,Physics,True,True,GENUINE_DIAGRAM_REQUIRED,TEXT_TRIGGER_FIG
JA_2025_P2_PHY_Q004,JEE_ADVANCED,2025,Paper 2,Physics,True,True,GENUINE_DIAGRAM_REQUIRED,TEXT_TRIGGER_FIG
JA_2025_P2_PHY_Q005,JEE_ADVANCED,2025,Paper 2,Physics,True,True,GENUINE_DIAGRAM_REQUIRED,TEXT_TRIGGER_FIG
JA_2025_P2_PHY_Q006,JEE_ADVANCED,2025,Paper 2,Physics,True,True,GENUINE_DIAGRAM_REQUIRED,TEXT_TRIGGER_SCHEME
JA_2025_P2_PHY_Q007,JEE_ADVANCED,2025,Paper 2,Physics,True,True,GENUINE_DIAGRAM_REQUIRED,TEXT_TRIGGER_SCHEME
JA_2025_P2_PHY_Q008,JEE_ADVANCED,2025,Paper 2,Physics,True,True,GENUINE_DIAGRAM_REQUIRED,TEXT_TRIGGER_SCHEME
JA_2025_P2_PHY_Q009,JEE_ADVANCED,2025,Paper 2,Physics,True,True,GENUINE_DIAGRAM_REQUIRED,TEXT_TRIGGER_FIGURE
JA_2025_P2_PHY_Q010,JEE_ADVANCED,2025,Paper 2,Physics,True,True,GENUINE_DIAGRAM_REQUIRED,TEXT_TRIGGER_FIGURE
JA_2025_P2_PHY_Q011,JEE_ADVANCED,2025,Paper 2,Physics,True,False,UNNECESSARY_EXTRACTION_ARTIFACT,EXTRACTION_ARTIFACT_TEXT_SELF_CONTAINED
JA_2025_P2_PHY_Q012,JEE_ADVANCED,2025,Paper 2,Physics,True,False,UNNECESSARY_EXTRACTION_ARTIFACT,EXTRACTION_ARTIFACT_TEXT_SELF_CONTAINED
JA_2025_P2_PHY_Q013,JEE_ADVANCED,2025,Paper 2,Physics,True,False,UNNECESSARY_EXTRACTION_ARTIFACT,EXTRACTION_ARTIFACT_TEXT_SELF_CONTAINED
JA_2025_P2_PHY_Q014,JEE_ADVANCED,2025,Paper 2,Physics,True,True,GENUINE_DIAGRAM_REQUIRED,TEXT_TRIGGER_SCHEME
JA_2025_P2_PHY_Q015,JEE_ADVANCED,2025,Paper 2,Physics,True,True,GENUINE_DIAGRAM_REQUIRED,TEXT_TRIGGER_SCHEME
JA_2025_P2_PHY_Q016,JEE_ADVANCED,2025,Paper 2,Physics,True,True,GENUINE_DIAGRAM_REQUIRED,TEXT_TRIGGER_FIGURE
JA_2025_P2_PHY_Q017,JEE_ADVANCED,2025,Paper 2,Physics,False,False,UNNECESSARY_EXTRACTION_ARTIFACT,NO_IMAGE_ASSET
JA_2025_P2_CHE_Q001,JEE_ADVANCED,2025,Paper 2,Chemistry,False,False,UNNECESSARY_EXTRACTION_ARTIFACT,NO_IMAGE_ASSET
JA_2025_P2_CHE_Q002,JEE_ADVANCED,2025,Paper 2,Chemistry,False,False,UNNECESSARY_EXTRACTION_ARTIFACT,NO_IMAGE_ASSET
JA_2025_P2_CHE_Q003,JEE_ADVANCED,2025,Paper 2,Chemistry,False,False,UNNECESSARY_EXTRACTION_ARTIFACT,NO_IMAGE_ASSET
JA_2025_P2_CHE_Q004,JEE_ADVANCED,2025,Paper 2,Chemistry,False,False,UNNECESSARY_EXTRACTION_ARTIFACT,NO_IMAGE_ASSET
JA_2025_P2_CHE_Q005,JEE_ADVANCED,2025,Paper 2,Chemistry,False,False,UNNECESSARY_EXTRACTION_ARTIFACT,NO_IMAGE_ASSET
JA_2025_P2_CHE_Q006,JEE_ADVANCED,2025,Paper 2,Chemistry,False,False,UNNECESSARY_EXTRACTION_ARTIFACT,NO_IMAGE_ASSET
JA_2025_P2_CHE_Q007,JEE_ADVANCED,2025,Paper 2,Chemistry,False,False,UNNECESSARY_EXTRACTION_ARTIFACT,NO_IMAGE_ASSET
JA_2025_P2_CHE_Q008,JEE_ADVANCED,2025,Paper 2,Chemistry,False,False,UNNECESSARY_EXTRACTION_ARTIFACT,NO_IMAGE_ASSET
JA_2025_P2_CHE_Q009,JEE_ADVANCED,2025,Paper 2,Chemistry,False,False,UNNECESSARY_EXTRACTION_ARTIFACT,NO_IMAGE_ASSET
JA_2025_P2_CHE_Q010,JEE_ADVANCED,2025,Paper 2,Chemistry,False,False,UNNECESSARY_EXTRACTION_ARTIFACT,NO_IMAGE_ASSET
JA_2025_P2_CHE_Q011,JEE_ADVANCED,2025,Paper 2,Chemistry,False,False,UNNECESSARY_EXTRACTION_ARTIFACT,NO_IMAGE_ASSET
JA_2025_P2_CHE_Q012,JEE_ADVANCED,2025,Paper 2,Chemistry,False,False,UNNECESSARY_EXTRACTION_ARTIFACT,NO_IMAGE_ASSET
JA_2025_P2_CHE_Q013,JEE_ADVANCED,2025,Paper 2,Chemistry,False,False,UNNECESSARY_EXTRACTION_ARTIFACT,NO_IMAGE_ASSET
JA_2025_P2_CHE_Q014,JEE_ADVANCED,2025,Paper 2,Chemistry,False,False,UNNECESSARY_EXTRACTION_ARTIFACT,NO_IMAGE_ASSET
JA_2025_P2_CHE_Q015,JEE_ADVANCED,2025,Paper 2,Chemistry,False,False,UNNECESSARY_EXTRACTION_ARTIFACT,NO_IMAGE_ASSET
JA_2025_P2_CHE_Q016,JEE_ADVANCED,2025,Paper 2,Chemistry,False,False,UNNECESSARY_EXTRACTION_ARTIFACT,NO_IMAGE_ASSET
JA_2025_P2_CHE_Q017,JEE_ADVANCED,2025,Paper 2,Chemistry,False,False,UNNECESSARY_EXTRACTION_ARTIFACT,NO_IMAGE_ASSET
JA_2026_P1_MAT_Q001,JEE_ADVANCED,2026,Paper 1,Mathematics,False,False,UNNECESSARY_EXTRACTION_ARTIFACT,NO_IMAGE_ASSET
JA_2026_P1_MAT_Q002,JEE_ADVANCED,2026,Paper 1,Mathematics,False,False,UNNECESSARY_EXTRACTION_ARTIFACT,NO_IMAGE_ASSET
JA_2026_P1_MAT_Q003,JEE_ADVANCED,2026,Paper 1,Mathematics,False,False,UNNECESSARY_EXTRACTION_ARTIFACT,NO_IMAGE_ASSET
JA_2026_P1_MAT_Q004,JEE_ADVANCED,2026,Paper 1,Mathematics,False,False,UNNECESSARY_EXTRACTION_ARTIFACT,NO_IMAGE_ASSET
JA_2026_P1_MAT_Q005,JEE_ADVANCED,2026,Paper 1,Mathematics,False,False,UNNECESSARY_EXTRACTION_ARTIFACT,NO_IMAGE_ASSET
JA_2026_P1_MAT_Q006,JEE_ADVANCED,2026,Paper 1,Mathematics,False,False,UNNECESSARY_EXTRACTION_ARTIFACT,NO_IMAGE_ASSET
JA_2026_P1_MAT_Q007,JEE_ADVANCED,2026,Paper 1,Mathematics,False,False,UNNECESSARY_EXTRACTION_ARTIFACT,NO_IMAGE_ASSET
JA_2026_P1_MAT_Q008,JEE_ADVANCED,2026,Paper 1,Mathematics,False,False,UNNECESSARY_EXTRACTION_ARTIFACT,NO_IMAGE_ASSET
JA_2026_P1_MAT_Q009,JEE_ADVANCED,2026,Paper 1,Mathematics,False,False,UNNECESSARY_EXTRACTION_ARTIFACT,NO_IMAGE_ASSET
JA_2026_P1_MAT_Q010,JEE_ADVANCED,2026,Paper 1,Mathematics,False,False,UNNECESSARY_EXTRACTION_ARTIFACT,NO_IMAGE_ASSET
JA_2026_P1_MAT_Q011,JEE_ADVANCED,2026,Paper 1,Mathematics,False,False,UNNECESSARY_EXTRACTION_ARTIFACT,NO_IMAGE_ASSET
JA_2026_P1_MAT_Q012,JEE_ADVANCED,2026,Paper 1,Mathematics,False,False,UNNECESSARY_EXTRACTION_ARTIFACT,NO_IMAGE_ASSET
JA_2026_P1_MAT_Q013,JEE_ADVANCED,2026,Paper 1,Mathematics,False,False,UNNECESSARY_EXTRACTION_ARTIFACT,NO_IMAGE_ASSET
JA_2026_P1_MAT_Q014,JEE_ADVANCED,2026,Paper 1,Mathematics,False,False,UNNECESSARY_EXTRACTION_ARTIFACT,NO_IMAGE_ASSET
JA_2026_P1_MAT_Q015,JEE_ADVANCED,2026,Paper 1,Mathematics,False,False,UNNECESSARY_EXTRACTION_ARTIFACT,NO_IMAGE_ASSET
JA_2026_P1_MAT_Q016,JEE_ADVANCED,2026,Paper 1,Mathematics,False,False,UNNECESSARY_EXTRACTION_ARTIFACT,NO_IMAGE_ASSET
JA_2026_P1_MAT_Q017,JEE_ADVANCED,2026,Paper 1,Mathematics,False,False,UNNECESSARY_EXTRACTION_ARTIFACT,NO_IMAGE_ASSET
JA_2026_P1_PHY_Q001,JEE_ADVANCED,2026,Paper 1,Physics,True,True,GENUINE_DIAGRAM_REQUIRED,TEXT_TRIGGER_FIGURE
JA_2026_P1_PHY_Q002,JEE_ADVANCED,2026,Paper 1,Physics,True,True,GENUINE_DIAGRAM_REQUIRED,TEXT_TRIGGER_FIGURE
JA_2026_P1_PHY_Q003,JEE_ADVANCED,2026,Paper 1,Physics,True,True,GENUINE_DIAGRAM_REQUIRED,TEXT_TRIGGER_FIGURE
JA_2026_P1_PHY_Q004,JEE_ADVANCED,2026,Paper 1,Physics,True,True,GENUINE_DIAGRAM_REQUIRED,TEXT_TRIGGER_PLOT
JA_2026_P1_PHY_Q005,JEE_ADVANCED,2026,Paper 1,Physics,True,True,GENUINE_DIAGRAM_REQUIRED,TEXT_TRIGGER_SCHEME
JA_2026_P1_PHY_Q006,JEE_ADVANCED,2026,Paper 1,Physics,True,True,GENUINE_DIAGRAM_REQUIRED,TEXT_TRIGGER_FIGURE
JA_2026_P1_PHY_Q007,JEE_ADVANCED,2026,Paper 1,Physics,True,True,GENUINE_DIAGRAM_REQUIRED,TEXT_TRIGGER_FIGURE
JA_2026_P1_PHY_Q008,JEE_ADVANCED,2026,Paper 1,Physics,True,False,UNNECESSARY_EXTRACTION_ARTIFACT,EXTRACTION_ARTIFACT_TEXT_SELF_CONTAINED
JA_2026_P1_PHY_Q009,JEE_ADVANCED,2026,Paper 1,Physics,True,True,GENUINE_DIAGRAM_REQUIRED,TEXT_TRIGGER_FIGURE
JA_2026_P1_PHY_Q010,JEE_ADVANCED,2026,Paper 1,Physics,True,True,GENUINE_DIAGRAM_REQUIRED,TEXT_TRIGGER_FIGURE
JA_2026_P1_PHY_Q011,JEE_ADVANCED,2026,Paper 1,Physics,True,True,GENUINE_DIAGRAM_REQUIRED,TEXT_TRIGGER_FIGURE
JA_2026_P1_PHY_Q012,JEE_ADVANCED,2026,Paper 1,Physics,True,True,GENUINE_DIAGRAM_REQUIRED,TEXT_TRIGGER_SCHEME
JA_2026_P1_PHY_Q013,JEE_ADVANCED,2026,Paper 1,Physics,True,True,GENUINE_DIAGRAM_REQUIRED,TEXT_TRIGGER_SCHEME
JA_2026_P1_PHY_Q014,JEE_ADVANCED,2026,Paper 1,Physics,True,False,UNNECESSARY_EXTRACTION_ARTIFACT,EXTRACTION_ARTIFACT_TEXT_SELF_CONTAINED
JA_2026_P1_PHY_Q015,JEE_ADVANCED,2026,Paper 1,Physics,True,False,UNNECESSARY_EXTRACTION_ARTIFACT,EXTRACTION_ARTIFACT_TEXT_SELF_CONTAINED
JA_2026_P1_PHY_Q016,JEE_ADVANCED,2026,Paper 1,Physics,True,True,GENUINE_DIAGRAM_REQUIRED,TEXT_TRIGGER_AS SHOWN
JA_2026_P1_PHY_Q017,JEE_ADVANCED,2026,Paper 1,Physics,False,False,UNNECESSARY_EXTRACTION_ARTIFACT,NO_IMAGE_ASSET
JA_2026_P1_CHE_Q001,JEE_ADVANCED,2026,Paper 1,Chemistry,False,False,UNNECESSARY_EXTRACTION_ARTIFACT,NO_IMAGE_ASSET
JA_2026_P1_CHE_Q002,JEE_ADVANCED,2026,Paper 1,Chemistry,False,False,UNNECESSARY_EXTRACTION_ARTIFACT,NO_IMAGE_ASSET
JA_2026_P1_CHE_Q003,JEE_ADVANCED,2026,Paper 1,Chemistry,False,False,UNNECESSARY_EXTRACTION_ARTIFACT,NO_IMAGE_ASSET
JA_2026_P1_CHE_Q004,JEE_ADVANCED,2026,Paper 1,Chemistry,False,False,UNNECESSARY_EXTRACTION_ARTIFACT,NO_IMAGE_ASSET
JA_2026_P1_CHE_Q005,JEE_ADVANCED,2026,Paper 1,Chemistry,False,False,UNNECESSARY_EXTRACTION_ARTIFACT,NO_IMAGE_ASSET
JA_2026_P1_CHE_Q006,JEE_ADVANCED,2026,Paper 1,Chemistry,False,False,UNNECESSARY_EXTRACTION_ARTIFACT,NO_IMAGE_ASSET
JA_2026_P1_CHE_Q007,JEE_ADVANCED,2026,Paper 1,Chemistry,False,False,UNNECESSARY_EXTRACTION_ARTIFACT,NO_IMAGE_ASSET
JA_2026_P1_CHE_Q008,JEE_ADVANCED,2026,Paper 1,Chemistry,False,False,UNNECESSARY_EXTRACTION_ARTIFACT,NO_IMAGE_ASSET
JA_2026_P1_CHE_Q009,JEE_ADVANCED,2026,Paper 1,Chemistry,False,False,UNNECESSARY_EXTRACTION_ARTIFACT,NO_IMAGE_ASSET
JA_2026_P1_CHE_Q010,JEE_ADVANCED,2026,Paper 1,Chemistry,False,False,UNNECESSARY_EXTRACTION_ARTIFACT,NO_IMAGE_ASSET
JA_2026_P1_CHE_Q011,JEE_ADVANCED,2026,Paper 1,Chemistry,False,False,UNNECESSARY_EXTRACTION_ARTIFACT,NO_IMAGE_ASSET
JA_2026_P1_CHE_Q012,JEE_ADVANCED,2026,Paper 1,Chemistry,False,False,UNNECESSARY_EXTRACTION_ARTIFACT,NO_IMAGE_ASSET
JA_2026_P1_CHE_Q013,JEE_ADVANCED,2026,Paper 1,Chemistry,False,False,UNNECESSARY_EXTRACTION_ARTIFACT,NO_IMAGE_ASSET
JA_2026_P1_CHE_Q014,JEE_ADVANCED,2026,Paper 1,Chemistry,False,False,UNNECESSARY_EXTRACTION_ARTIFACT,NO_IMAGE_ASSET
JA_2026_P1_CHE_Q015,JEE_ADVANCED,2026,Paper 1,Chemistry,False,False,UNNECESSARY_EXTRACTION_ARTIFACT,NO_IMAGE_ASSET
JA_2026_P1_CHE_Q016,JEE_ADVANCED,2026,Paper 1,Chemistry,False,False,UNNECESSARY_EXTRACTION_ARTIFACT,NO_IMAGE_ASSET
JA_2026_P1_CHE_Q017,JEE_ADVANCED,2026,Paper 1,Chemistry,False,False,UNNECESSARY_EXTRACTION_ARTIFACT,NO_IMAGE_ASSET
JA_2026_P2_MAT_Q001,JEE_ADVANCED,2026,Paper 2,Mathematics,False,False,UNNECESSARY_EXTRACTION_ARTIFACT,NO_IMAGE_ASSET
JA_2026_P2_MAT_Q002,JEE_ADVANCED,2026,Paper 2,Mathematics,False,False,UNNECESSARY_EXTRACTION_ARTIFACT,NO_IMAGE_ASSET
JA_2026_P2_MAT_Q003,JEE_ADVANCED,2026,Paper 2,Mathematics,False,False,UNNECESSARY_EXTRACTION_ARTIFACT,NO_IMAGE_ASSET
JA_2026_P2_MAT_Q004,JEE_ADVANCED,2026,Paper 2,Mathematics,False,False,UNNECESSARY_EXTRACTION_ARTIFACT,NO_IMAGE_ASSET
JA_2026_P2_MAT_Q005,JEE_ADVANCED,2026,Paper 2,Mathematics,False,False,UNNECESSARY_EXTRACTION_ARTIFACT,NO_IMAGE_ASSET
JA_2026_P2_MAT_Q006,JEE_ADVANCED,2026,Paper 2,Mathematics,False,False,UNNECESSARY_EXTRACTION_ARTIFACT,NO_IMAGE_ASSET
JA_2026_P2_MAT_Q007,JEE_ADVANCED,2026,Paper 2,Mathematics,False,False,UNNECESSARY_EXTRACTION_ARTIFACT,NO_IMAGE_ASSET
JA_2026_P2_MAT_Q008,JEE_ADVANCED,2026,Paper 2,Mathematics,False,False,UNNECESSARY_EXTRACTION_ARTIFACT,NO_IMAGE_ASSET
JA_2026_P2_MAT_Q009,JEE_ADVANCED,2026,Paper 2,Mathematics,False,False,UNNECESSARY_EXTRACTION_ARTIFACT,NO_IMAGE_ASSET
JA_2026_P2_MAT_Q010,JEE_ADVANCED,2026,Paper 2,Mathematics,False,False,UNNECESSARY_EXTRACTION_ARTIFACT,NO_IMAGE_ASSET
JA_2026_P2_MAT_Q011,JEE_ADVANCED,2026,Paper 2,Mathematics,False,False,UNNECESSARY_EXTRACTION_ARTIFACT,NO_IMAGE_ASSET
JA_2026_P2_MAT_Q012,JEE_ADVANCED,2026,Paper 2,Mathematics,False,False,UNNECESSARY_EXTRACTION_ARTIFACT,NO_IMAGE_ASSET
JA_2026_P2_MAT_Q013,JEE_ADVANCED,2026,Paper 2,Mathematics,False,False,UNNECESSARY_EXTRACTION_ARTIFACT,NO_IMAGE_ASSET
JA_2026_P2_MAT_Q014,JEE_ADVANCED,2026,Paper 2,Mathematics,False,False,UNNECESSARY_EXTRACTION_ARTIFACT,NO_IMAGE_ASSET
JA_2026_P2_MAT_Q015,JEE_ADVANCED,2026,Paper 2,Mathematics,False,False,UNNECESSARY_EXTRACTION_ARTIFACT,NO_IMAGE_ASSET
JA_2026_P2_MAT_Q016,JEE_ADVANCED,2026,Paper 2,Mathematics,False,False,UNNECESSARY_EXTRACTION_ARTIFACT,NO_IMAGE_ASSET
JA_2026_P2_MAT_Q017,JEE_ADVANCED,2026,Paper 2,Mathematics,False,False,UNNECESSARY_EXTRACTION_ARTIFACT,NO_IMAGE_ASSET
JA_2026_P2_PHY_Q001,JEE_ADVANCED,2026,Paper 2,Physics,True,True,GENUINE_DIAGRAM_REQUIRED,TEXT_TRIGGER_SCHEME
JA_2026_P2_PHY_Q002,JEE_ADVANCED,2026,Paper 2,Physics,True,True,GENUINE_DIAGRAM_REQUIRED,TEXT_TRIGGER_SCHEME
JA_2026_P2_PHY_Q003,JEE_ADVANCED,2026,Paper 2,Physics,True,False,UNNECESSARY_EXTRACTION_ARTIFACT,EXTRACTION_ARTIFACT_TEXT_SELF_CONTAINED
JA_2026_P2_PHY_Q004,JEE_ADVANCED,2026,Paper 2,Physics,True,False,UNNECESSARY_EXTRACTION_ARTIFACT,EXTRACTION_ARTIFACT_TEXT_SELF_CONTAINED
JA_2026_P2_PHY_Q005,JEE_ADVANCED,2026,Paper 2,Physics,True,True,GENUINE_DIAGRAM_REQUIRED,TEXT_TRIGGER_SCHEME
JA_2026_P2_PHY_Q006,JEE_ADVANCED,2026,Paper 2,Physics,True,True,GENUINE_DIAGRAM_REQUIRED,TEXT_TRIGGER_SCHEME
JA_2026_P2_PHY_Q007,JEE_ADVANCED,2026,Paper 2,Physics,True,True,GENUINE_DIAGRAM_REQUIRED,TEXT_TRIGGER_FIGURE
JA_2026_P2_PHY_Q008,JEE_ADVANCED,2026,Paper 2,Physics,True,True,GENUINE_DIAGRAM_REQUIRED,TEXT_TRIGGER_DIAGRAM
JA_2026_P2_PHY_Q009,JEE_ADVANCED,2026,Paper 2,Physics,True,True,GENUINE_DIAGRAM_REQUIRED,TEXT_TRIGGER_DIAGRAM
JA_2026_P2_PHY_Q010,JEE_ADVANCED,2026,Paper 2,Physics,True,True,GENUINE_DIAGRAM_REQUIRED,TEXT_TRIGGER_SCHEME
JA_2026_P2_PHY_Q011,JEE_ADVANCED,2026,Paper 2,Physics,True,True,GENUINE_DIAGRAM_REQUIRED,TEXT_TRIGGER_SCHEME
JA_2026_P2_PHY_Q012,JEE_ADVANCED,2026,Paper 2,Physics,True,True,GENUINE_DIAGRAM_REQUIRED,TEXT_TRIGGER_FIGURE
JA_2026_P2_PHY_Q013,JEE_ADVANCED,2026,Paper 2,Physics,True,True,GENUINE_DIAGRAM_REQUIRED,TEXT_TRIGGER_SCHEME
JA_2026_P2_PHY_Q014,JEE_ADVANCED,2026,Paper 2,Physics,True,True,GENUINE_DIAGRAM_REQUIRED,TEXT_TRIGGER_SCHEME
JA_2026_P2_PHY_Q015,JEE_ADVANCED,2026,Paper 2,Physics,True,True,GENUINE_DIAGRAM_REQUIRED,TEXT_TRIGGER_FIGURE
JA_2026_P2_PHY_Q016,JEE_ADVANCED,2026,Paper 2,Physics,True,True,GENUINE_DIAGRAM_REQUIRED,TEXT_TRIGGER_FIGURE
JA_2026_P2_PHY_Q017,JEE_ADVANCED,2026,Paper 2,Physics,True,True,GENUINE_DIAGRAM_REQUIRED,TEXT_TRIGGER_FIGURE
JA_2026_P2_CHE_Q001,JEE_ADVANCED,2026,Paper 2,Chemistry,False,False,UNNECESSARY_EXTRACTION_ARTIFACT,NO_IMAGE_ASSET
JA_2026_P2_CHE_Q002,JEE_ADVANCED,2026,Paper 2,Chemistry,False,False,UNNECESSARY_EXTRACTION_ARTIFACT,NO_IMAGE_ASSET
JA_2026_P2_CHE_Q003,JEE_ADVANCED,2026,Paper 2,Chemistry,False,False,UNNECESSARY_EXTRACTION_ARTIFACT,NO_IMAGE_ASSET
JA_2026_P2_CHE_Q004,JEE_ADVANCED,2026,Paper 2,Chemistry,False,False,UNNECESSARY_EXTRACTION_ARTIFACT,NO_IMAGE_ASSET
JA_2026_P2_CHE_Q005,JEE_ADVANCED,2026,Paper 2,Chemistry,False,False,UNNECESSARY_EXTRACTION_ARTIFACT,NO_IMAGE_ASSET
JA_2026_P2_CHE_Q006,JEE_ADVANCED,2026,Paper 2,Chemistry,False,False,UNNECESSARY_EXTRACTION_ARTIFACT,NO_IMAGE_ASSET
JA_2026_P2_CHE_Q007,JEE_ADVANCED,2026,Paper 2,Chemistry,False,False,UNNECESSARY_EXTRACTION_ARTIFACT,NO_IMAGE_ASSET
JA_2026_P2_CHE_Q008,JEE_ADVANCED,2026,Paper 2,Chemistry,False,False,UNNECESSARY_EXTRACTION_ARTIFACT,NO_IMAGE_ASSET
JA_2026_P2_CHE_Q009,JEE_ADVANCED,2026,Paper 2,Chemistry,False,False,UNNECESSARY_EXTRACTION_ARTIFACT,NO_IMAGE_ASSET
JA_2026_P2_CHE_Q010,JEE_ADVANCED,2026,Paper 2,Chemistry,False,False,UNNECESSARY_EXTRACTION_ARTIFACT,NO_IMAGE_ASSET
JA_2026_P2_CHE_Q011,JEE_ADVANCED,2026,Paper 2,Chemistry,False,False,UNNECESSARY_EXTRACTION_ARTIFACT,NO_IMAGE_ASSET
JA_2026_P2_CHE_Q012,JEE_ADVANCED,2026,Paper 2,Chemistry,False,False,UNNECESSARY_EXTRACTION_ARTIFACT,NO_IMAGE_ASSET
JA_2026_P2_CHE_Q013,JEE_ADVANCED,2026,Paper 2,Chemistry,False,False,UNNECESSARY_EXTRACTION_ARTIFACT,NO_IMAGE_ASSET
JA_2026_P2_CHE_Q014,JEE_ADVANCED,2026,Paper 2,Chemistry,False,False,UNNECESSARY_EXTRACTION_ARTIFACT,NO_IMAGE_ASSET
JA_2026_P2_CHE_Q015,JEE_ADVANCED,2026,Paper 2,Chemistry,False,False,UNNECESSARY_EXTRACTION_ARTIFACT,NO_IMAGE_ASSET
JA_2026_P2_CHE_Q016,JEE_ADVANCED,2026,Paper 2,Chemistry,False,False,UNNECESSARY_EXTRACTION_ARTIFACT,NO_IMAGE_ASSET
JA_2026_P2_CHE_Q017,JEE_ADVANCED,2026,Paper 2,Chemistry,False,False,UNNECESSARY_EXTRACTION_ARTIFACT,NO_IMAGE_ASSET
