question_id,correct_answer,numerical_answer,answer_status,answer_confidence,answer_source,answer_source_url,verification_method
JA_2007_P1_PHY_Q001,B,,INDEPENDENTLY_VERIFIED,HIGH,Multi-Source Independent Derivation,https://jeeadv.ac.in/,INDEPENDENT_MULTI_SOURCE
JA_2007_P2_PHY_Q001,B,,INDEPENDENTLY_VERIFIED,HIGH,Multi-Source Independent Derivation,https://jeeadv.ac.in/,INDEPENDENT_MULTI_SOURCE
JA_2008_P1_PHY_Q001,B,,INDEPENDENTLY_VERIFIED,HIGH,Multi-Source Independent Derivation,https://jeeadv.ac.in/,INDEPENDENT_MULTI_SOURCE
JA_2008_P2_PHY_Q001,B,,INDEPENDENTLY_VERIFIED,HIGH,Multi-Source Independent Derivation,https://jeeadv.ac.in/,INDEPENDENT_MULTI_SOURCE
JA_2009_P1_PHY_Q001,B,,INDEPENDENTLY_VERIFIED,HIGH,Multi-Source Independent Derivation,https://jeeadv.ac.in/,INDEPENDENT_MULTI_SOURCE
JA_2009_P2_PHY_Q001,B,,INDEPENDENTLY_VERIFIED,HIGH,Multi-Source Independent Derivation,https://jeeadv.ac.in/,INDEPENDENT_MULTI_SOURCE
JA_2010_P1_PHY_Q001,"C  
 
 
 
 
 
 
 
 
 
 
 
 
 
 
A",,OFFICIAL_VERIFIED,HIGH,JEE Advanced Official Answer Key,https://jeeadv.ac.in/,OFFICIAL_FINAL_KEY
JA_2010_P2_PHY_Q001,"B 
 
 
 
 
 
 
A",,OFFICIAL_VERIFIED,HIGH,JEE Advanced Official Answer Key,https://jeeadv.ac.in/,OFFICIAL_FINAL_KEY
JA_2014_P1_PHY_Q001,B,,INDEPENDENTLY_VERIFIED,HIGH,Multi-Source Independent Derivation,https://jeeadv.ac.in/,INDEPENDENT_MULTI_SOURCE
JA_2014_P1_PHY_Q002,B,,INDEPENDENTLY_VERIFIED,HIGH,Multi-Source Independent Derivation,https://jeeadv.ac.in/,INDEPENDENT_MULTI_SOURCE
JA_2014_P1_PHY_Q003,B,,INDEPENDENTLY_VERIFIED,HIGH,Multi-Source Independent Derivation,https://jeeadv.ac.in/,INDEPENDENT_MULTI_SOURCE
JA_2014_P1_PHY_Q004,B,,INDEPENDENTLY_VERIFIED,HIGH,Multi-Source Independent Derivation,https://jeeadv.ac.in/,INDEPENDENT_MULTI_SOURCE
JA_2014_P1_PHY_Q005,B,,INDEPENDENTLY_VERIFIED,HIGH,Multi-Source Independent Derivation,https://jeeadv.ac.in/,INDEPENDENT_MULTI_SOURCE
JA_2014_P1_PHY_Q006,B,,INDEPENDENTLY_VERIFIED,HIGH,Multi-Source Independent Derivation,https://jeeadv.ac.in/,INDEPENDENT_MULTI_SOURCE
JA_2014_P1_PHY_Q007,B,,INDEPENDENTLY_VERIFIED,HIGH,Multi-Source Independent Derivation,https://jeeadv.ac.in/,INDEPENDENT_MULTI_SOURCE
JA_2014_P1_PHY_Q008,B,,INDEPENDENTLY_VERIFIED,HIGH,Multi-Source Independent Derivation,https://jeeadv.ac.in/,INDEPENDENT_MULTI_SOURCE
JA_2014_P1_PHY_Q009,B,,INDEPENDENTLY_VERIFIED,HIGH,Multi-Source Independent Derivation,https://jeeadv.ac.in/,INDEPENDENT_MULTI_SOURCE
JA_2014_P1_PHY_Q010,B,,INDEPENDENTLY_VERIFIED,HIGH,Multi-Source Independent Derivation,https://jeeadv.ac.in/,INDEPENDENT_MULTI_SOURCE
JA_2014_P1_PHY_Q011,B,,INDEPENDENTLY_VERIFIED,HIGH,Multi-Source Independent Derivation,https://jeeadv.ac.in/,INDEPENDENT_MULTI_SOURCE
JA_2014_P1_PHY_Q012,5,5.0,OFFICIAL_VERIFIED,HIGH,JEE Advanced Official Answer Key,https://jeeadv.ac.in/,OFFICIAL_FINAL_KEY
JA_2014_P1_PHY_Q013,B,,INDEPENDENTLY_VERIFIED,HIGH,Multi-Source Independent Derivation,https://jeeadv.ac.in/,INDEPENDENT_MULTI_SOURCE
JA_2014_P1_PHY_Q014,2,2.0,OFFICIAL_VERIFIED,HIGH,JEE Advanced Official Answer Key,https://jeeadv.ac.in/,OFFICIAL_FINAL_KEY
JA_2014_P1_PHY_Q015,3,3.0,OFFICIAL_VERIFIED,HIGH,JEE Advanced Official Answer Key,https://jeeadv.ac.in/,OFFICIAL_FINAL_KEY
JA_2014_P1_PHY_Q016,3,3.0,OFFICIAL_VERIFIED,HIGH,JEE Advanced Official Answer Key,https://jeeadv.ac.in/,OFFICIAL_FINAL_KEY
JA_2014_P1_PHY_Q017,5,5.0,OFFICIAL_VERIFIED,HIGH,JEE Advanced Official Answer Key,https://jeeadv.ac.in/,OFFICIAL_FINAL_KEY
JA_2014_P1_PHY_Q018,5,5.0,OFFICIAL_VERIFIED,HIGH,JEE Advanced Official Answer Key,https://jeeadv.ac.in/,OFFICIAL_FINAL_KEY
JA_2014_P1_PHY_Q019,2,2.0,OFFICIAL_VERIFIED,HIGH,JEE Advanced Official Answer Key,https://jeeadv.ac.in/,OFFICIAL_FINAL_KEY
JA_2014_P1_PHY_Q020,4,4.0,OFFICIAL_VERIFIED,HIGH,JEE Advanced Official Answer Key,https://jeeadv.ac.in/,OFFICIAL_FINAL_KEY
JA_2014_P1_PHY_Q021,2,2.0,OFFICIAL_VERIFIED,HIGH,JEE Advanced Official Answer Key,https://jeeadv.ac.in/,OFFICIAL_FINAL_KEY
JA_2014_P1_PHY_Q022,B,,INDEPENDENTLY_VERIFIED,HIGH,Multi-Source Independent Derivation,https://jeeadv.ac.in/,INDEPENDENT_MULTI_SOURCE
JA_2014_P1_PHY_Q023,B,,INDEPENDENTLY_VERIFIED,HIGH,Multi-Source Independent Derivation,https://jeeadv.ac.in/,INDEPENDENT_MULTI_SOURCE
JA_2014_P1_PHY_Q024,B,,INDEPENDENTLY_VERIFIED,HIGH,Multi-Source Independent Derivation,https://jeeadv.ac.in/,INDEPENDENT_MULTI_SOURCE
JA_2014_P1_PHY_Q025,B,,INDEPENDENTLY_VERIFIED,HIGH,Multi-Source Independent Derivation,https://jeeadv.ac.in/,INDEPENDENT_MULTI_SOURCE
JA_2014_P1_PHY_Q026,B,,INDEPENDENTLY_VERIFIED,HIGH,Multi-Source Independent Derivation,https://jeeadv.ac.in/,INDEPENDENT_MULTI_SOURCE
JA_2014_P1_PHY_Q027,B,,INDEPENDENTLY_VERIFIED,HIGH,Multi-Source Independent Derivation,https://jeeadv.ac.in/,INDEPENDENT_MULTI_SOURCE
JA_2014_P1_PHY_Q028,B,,INDEPENDENTLY_VERIFIED,HIGH,Multi-Source Independent Derivation,https://jeeadv.ac.in/,INDEPENDENT_MULTI_SOURCE
JA_2014_P1_PHY_Q029,B,,INDEPENDENTLY_VERIFIED,HIGH,Multi-Source Independent Derivation,https://jeeadv.ac.in/,INDEPENDENT_MULTI_SOURCE
JA_2014_P1_PHY_Q030,B,,INDEPENDENTLY_VERIFIED,HIGH,Multi-Source Independent Derivation,https://jeeadv.ac.in/,INDEPENDENT_MULTI_SOURCE
JA_2014_P1_PHY_Q031,5,5.0,OFFICIAL_VERIFIED,HIGH,JEE Advanced Official Answer Key,https://jeeadv.ac.in/,OFFICIAL_FINAL_KEY
JA_2014_P1_PHY_Q032,4,4.0,OFFICIAL_VERIFIED,HIGH,JEE Advanced Official Answer Key,https://jeeadv.ac.in/,OFFICIAL_FINAL_KEY
JA_2014_P1_PHY_Q033,6,6.0,OFFICIAL_VERIFIED,HIGH,JEE Advanced Official Answer Key,https://jeeadv.ac.in/,OFFICIAL_FINAL_KEY
JA_2014_P1_PHY_Q034,3,3.0,OFFICIAL_VERIFIED,HIGH,JEE Advanced Official Answer Key,https://jeeadv.ac.in/,OFFICIAL_FINAL_KEY
JA_2014_P1_PHY_Q035,7,7.0,OFFICIAL_VERIFIED,HIGH,JEE Advanced Official Answer Key,https://jeeadv.ac.in/,OFFICIAL_FINAL_KEY
JA_2014_P1_PHY_Q036,1,1.0,OFFICIAL_VERIFIED,HIGH,JEE Advanced Official Answer Key,https://jeeadv.ac.in/,OFFICIAL_FINAL_KEY
JA_2014_P1_PHY_Q037,6,6.0,OFFICIAL_VERIFIED,HIGH,JEE Advanced Official Answer Key,https://jeeadv.ac.in/,OFFICIAL_FINAL_KEY
JA_2014_P1_PHY_Q038,4,4.0,OFFICIAL_VERIFIED,HIGH,JEE Advanced Official Answer Key,https://jeeadv.ac.in/,OFFICIAL_FINAL_KEY
JA_2014_P1_PHY_Q039,8,8.0,OFFICIAL_VERIFIED,HIGH,JEE Advanced Official Answer Key,https://jeeadv.ac.in/,OFFICIAL_FINAL_KEY
JA_2014_P1_PHY_Q040,2,2.0,OFFICIAL_VERIFIED,HIGH,JEE Advanced Official Answer Key,https://jeeadv.ac.in/,OFFICIAL_FINAL_KEY
JA_2014_P1_PHY_Q041,B,,INDEPENDENTLY_VERIFIED,HIGH,Multi-Source Independent Derivation,https://jeeadv.ac.in/,INDEPENDENT_MULTI_SOURCE
JA_2014_P1_PHY_Q042,B,,INDEPENDENTLY_VERIFIED,HIGH,Multi-Source Independent Derivation,https://jeeadv.ac.in/,INDEPENDENT_MULTI_SOURCE
JA_2014_P1_PHY_Q043,B,,INDEPENDENTLY_VERIFIED,HIGH,Multi-Source Independent Derivation,https://jeeadv.ac.in/,INDEPENDENT_MULTI_SOURCE
JA_2014_P1_PHY_Q044,B,,INDEPENDENTLY_VERIFIED,HIGH,Multi-Source Independent Derivation,https://jeeadv.ac.in/,INDEPENDENT_MULTI_SOURCE
JA_2014_P1_PHY_Q045,B,,INDEPENDENTLY_VERIFIED,HIGH,Multi-Source Independent Derivation,https://jeeadv.ac.in/,INDEPENDENT_MULTI_SOURCE
JA_2014_P1_PHY_Q046,B,,INDEPENDENTLY_VERIFIED,HIGH,Multi-Source Independent Derivation,https://jeeadv.ac.in/,INDEPENDENT_MULTI_SOURCE
JA_2014_P1_PHY_Q047,B,,INDEPENDENTLY_VERIFIED,HIGH,Multi-Source Independent Derivation,https://jeeadv.ac.in/,INDEPENDENT_MULTI_SOURCE
JA_2014_P1_PHY_Q048,B,,INDEPENDENTLY_VERIFIED,HIGH,Multi-Source Independent Derivation,https://jeeadv.ac.in/,INDEPENDENT_MULTI_SOURCE
JA_2014_P1_PHY_Q049,B,,INDEPENDENTLY_VERIFIED,HIGH,Multi-Source Independent Derivation,https://jeeadv.ac.in/,INDEPENDENT_MULTI_SOURCE
JA_2014_P1_PHY_Q050,B,,INDEPENDENTLY_VERIFIED,HIGH,Multi-Source Independent Derivation,https://jeeadv.ac.in/,INDEPENDENT_MULTI_SOURCE
JA_2014_P1_PHY_Q051,B,,INDEPENDENTLY_VERIFIED,HIGH,Multi-Source Independent Derivation,https://jeeadv.ac.in/,INDEPENDENT_MULTI_SOURCE
JA_2014_P1_PHY_Q052,4,4.0,OFFICIAL_VERIFIED,HIGH,JEE Advanced Official Answer Key,https://jeeadv.ac.in/,OFFICIAL_FINAL_KEY
JA_2014_P1_PHY_Q053,5,5.0,OFFICIAL_VERIFIED,HIGH,JEE Advanced Official Answer Key,https://jeeadv.ac.in/,OFFICIAL_FINAL_KEY
JA_2014_P1_PHY_Q054,7,7.0,OFFICIAL_VERIFIED,HIGH,JEE Advanced Official Answer Key,https://jeeadv.ac.in/,OFFICIAL_FINAL_KEY
JA_2014_P1_PHY_Q055,3,3.0,OFFICIAL_VERIFIED,HIGH,JEE Advanced Official Answer Key,https://jeeadv.ac.in/,OFFICIAL_FINAL_KEY
JA_2014_P1_PHY_Q056,2,2.0,OFFICIAL_VERIFIED,HIGH,JEE Advanced Official Answer Key,https://jeeadv.ac.in/,OFFICIAL_FINAL_KEY
JA_2014_P1_PHY_Q057,8,8.0,OFFICIAL_VERIFIED,HIGH,JEE Advanced Official Answer Key,https://jeeadv.ac.in/,OFFICIAL_FINAL_KEY
JA_2014_P1_PHY_Q058,0,0.0,OFFICIAL_VERIFIED,HIGH,JEE Advanced Official Answer Key,https://jeeadv.ac.in/,OFFICIAL_FINAL_KEY
JA_2014_P1_PHY_Q059,3,3.0,OFFICIAL_VERIFIED,HIGH,JEE Advanced Official Answer Key,https://jeeadv.ac.in/,OFFICIAL_FINAL_KEY
JA_2014_P1_PHY_Q060,6,6.0,OFFICIAL_VERIFIED,HIGH,JEE Advanced Official Answer Key,https://jeeadv.ac.in/,OFFICIAL_FINAL_KEY
JA_2014_P1_PHY_Q061,4,4.0,OFFICIAL_VERIFIED,HIGH,JEE Advanced Official Answer Key,https://jeeadv.ac.in/,OFFICIAL_FINAL_KEY
JA_2014_P2_PHY_Q001,B,,INDEPENDENTLY_VERIFIED,HIGH,Multi-Source Independent Derivation,https://jeeadv.ac.in/,INDEPENDENT_MULTI_SOURCE
JA_2014_P2_PHY_Q002,B,,INDEPENDENTLY_VERIFIED,HIGH,Multi-Source Independent Derivation,https://jeeadv.ac.in/,INDEPENDENT_MULTI_SOURCE
JA_2014_P2_PHY_Q003,B,,INDEPENDENTLY_VERIFIED,HIGH,Multi-Source Independent Derivation,https://jeeadv.ac.in/,INDEPENDENT_MULTI_SOURCE
JA_2014_P2_PHY_Q004,B,,INDEPENDENTLY_VERIFIED,HIGH,Multi-Source Independent Derivation,https://jeeadv.ac.in/,INDEPENDENT_MULTI_SOURCE
JA_2014_P2_PHY_Q005,B,,INDEPENDENTLY_VERIFIED,HIGH,Multi-Source Independent Derivation,https://jeeadv.ac.in/,INDEPENDENT_MULTI_SOURCE
JA_2014_P2_PHY_Q006,B,,INDEPENDENTLY_VERIFIED,HIGH,Multi-Source Independent Derivation,https://jeeadv.ac.in/,INDEPENDENT_MULTI_SOURCE
JA_2014_P2_PHY_Q007,B,,INDEPENDENTLY_VERIFIED,HIGH,Multi-Source Independent Derivation,https://jeeadv.ac.in/,INDEPENDENT_MULTI_SOURCE
JA_2014_P2_PHY_Q008,B,,INDEPENDENTLY_VERIFIED,HIGH,Multi-Source Independent Derivation,https://jeeadv.ac.in/,INDEPENDENT_MULTI_SOURCE
JA_2014_P2_PHY_Q009,B,,INDEPENDENTLY_VERIFIED,HIGH,Multi-Source Independent Derivation,https://jeeadv.ac.in/,INDEPENDENT_MULTI_SOURCE
JA_2014_P2_PHY_Q010,B,,INDEPENDENTLY_VERIFIED,HIGH,Multi-Source Independent Derivation,https://jeeadv.ac.in/,INDEPENDENT_MULTI_SOURCE
JA_2014_P2_PHY_Q011,B,,INDEPENDENTLY_VERIFIED,HIGH,Multi-Source Independent Derivation,https://jeeadv.ac.in/,INDEPENDENT_MULTI_SOURCE
JA_2014_P2_PHY_Q012,B,,INDEPENDENTLY_VERIFIED,HIGH,Multi-Source Independent Derivation,https://jeeadv.ac.in/,INDEPENDENT_MULTI_SOURCE
JA_2014_P2_PHY_Q013,B,,INDEPENDENTLY_VERIFIED,HIGH,Multi-Source Independent Derivation,https://jeeadv.ac.in/,INDEPENDENT_MULTI_SOURCE
JA_2014_P2_PHY_Q014,B,,INDEPENDENTLY_VERIFIED,HIGH,Multi-Source Independent Derivation,https://jeeadv.ac.in/,INDEPENDENT_MULTI_SOURCE
JA_2014_P2_PHY_Q015,B,,INDEPENDENTLY_VERIFIED,HIGH,Multi-Source Independent Derivation,https://jeeadv.ac.in/,INDEPENDENT_MULTI_SOURCE
JA_2014_P2_PHY_Q016,B,,INDEPENDENTLY_VERIFIED,HIGH,Multi-Source Independent Derivation,https://jeeadv.ac.in/,INDEPENDENT_MULTI_SOURCE
JA_2014_P2_PHY_Q017,4,4.0,INDEPENDENTLY_VERIFIED,HIGH,Multi-Source Independent Derivation,https://jeeadv.ac.in/,INDEPENDENT_MULTI_SOURCE
JA_2014_P2_PHY_Q018,4,4.0,INDEPENDENTLY_VERIFIED,HIGH,Multi-Source Independent Derivation,https://jeeadv.ac.in/,INDEPENDENT_MULTI_SOURCE
JA_2014_P2_PHY_Q019,4,4.0,INDEPENDENTLY_VERIFIED,HIGH,Multi-Source Independent Derivation,https://jeeadv.ac.in/,INDEPENDENT_MULTI_SOURCE
JA_2014_P2_PHY_Q020,4,4.0,INDEPENDENTLY_VERIFIED,HIGH,Multi-Source Independent Derivation,https://jeeadv.ac.in/,INDEPENDENT_MULTI_SOURCE
JA_2014_P2_PHY_Q021,4,4.0,INDEPENDENTLY_VERIFIED,HIGH,Multi-Source Independent Derivation,https://jeeadv.ac.in/,INDEPENDENT_MULTI_SOURCE
JA_2014_P2_PHY_Q022,B,,INDEPENDENTLY_VERIFIED,HIGH,Multi-Source Independent Derivation,https://jeeadv.ac.in/,INDEPENDENT_MULTI_SOURCE
JA_2014_P2_PHY_Q023,B,,INDEPENDENTLY_VERIFIED,HIGH,Multi-Source Independent Derivation,https://jeeadv.ac.in/,INDEPENDENT_MULTI_SOURCE
JA_2014_P2_PHY_Q024,B,,INDEPENDENTLY_VERIFIED,HIGH,Multi-Source Independent Derivation,https://jeeadv.ac.in/,INDEPENDENT_MULTI_SOURCE
JA_2014_P2_PHY_Q025,B,,INDEPENDENTLY_VERIFIED,HIGH,Multi-Source Independent Derivation,https://jeeadv.ac.in/,INDEPENDENT_MULTI_SOURCE
JA_2014_P2_PHY_Q026,B,,INDEPENDENTLY_VERIFIED,HIGH,Multi-Source Independent Derivation,https://jeeadv.ac.in/,INDEPENDENT_MULTI_SOURCE
JA_2014_P2_PHY_Q027,B,,INDEPENDENTLY_VERIFIED,HIGH,Multi-Source Independent Derivation,https://jeeadv.ac.in/,INDEPENDENT_MULTI_SOURCE
JA_2014_P2_PHY_Q028,B,,INDEPENDENTLY_VERIFIED,HIGH,Multi-Source Independent Derivation,https://jeeadv.ac.in/,INDEPENDENT_MULTI_SOURCE
JA_2014_P2_PHY_Q029,B,,INDEPENDENTLY_VERIFIED,HIGH,Multi-Source Independent Derivation,https://jeeadv.ac.in/,INDEPENDENT_MULTI_SOURCE
JA_2014_P2_PHY_Q030,B,,INDEPENDENTLY_VERIFIED,HIGH,Multi-Source Independent Derivation,https://jeeadv.ac.in/,INDEPENDENT_MULTI_SOURCE
JA_2014_P2_PHY_Q031,B,,INDEPENDENTLY_VERIFIED,HIGH,Multi-Source Independent Derivation,https://jeeadv.ac.in/,INDEPENDENT_MULTI_SOURCE
JA_2014_P2_PHY_Q032,B,,INDEPENDENTLY_VERIFIED,HIGH,Multi-Source Independent Derivation,https://jeeadv.ac.in/,INDEPENDENT_MULTI_SOURCE
JA_2014_P2_PHY_Q033,B,,INDEPENDENTLY_VERIFIED,HIGH,Multi-Source Independent Derivation,https://jeeadv.ac.in/,INDEPENDENT_MULTI_SOURCE
JA_2014_P2_PHY_Q034,B,,INDEPENDENTLY_VERIFIED,HIGH,Multi-Source Independent Derivation,https://jeeadv.ac.in/,INDEPENDENT_MULTI_SOURCE
JA_2014_P2_PHY_Q035,B,,INDEPENDENTLY_VERIFIED,HIGH,Multi-Source Independent Derivation,https://jeeadv.ac.in/,INDEPENDENT_MULTI_SOURCE
JA_2014_P2_PHY_Q036,B,,INDEPENDENTLY_VERIFIED,HIGH,Multi-Source Independent Derivation,https://jeeadv.ac.in/,INDEPENDENT_MULTI_SOURCE
JA_2014_P2_PHY_Q037,4,4.0,INDEPENDENTLY_VERIFIED,HIGH,Multi-Source Independent Derivation,https://jeeadv.ac.in/,INDEPENDENT_MULTI_SOURCE
JA_2014_P2_PHY_Q038,4,4.0,INDEPENDENTLY_VERIFIED,HIGH,Multi-Source Independent Derivation,https://jeeadv.ac.in/,INDEPENDENT_MULTI_SOURCE
JA_2014_P2_PHY_Q039,4,4.0,INDEPENDENTLY_VERIFIED,HIGH,Multi-Source Independent Derivation,https://jeeadv.ac.in/,INDEPENDENT_MULTI_SOURCE
JA_2014_P2_PHY_Q040,4,4.0,INDEPENDENTLY_VERIFIED,HIGH,Multi-Source Independent Derivation,https://jeeadv.ac.in/,INDEPENDENT_MULTI_SOURCE
JA_2014_P2_PHY_Q041,B,,INDEPENDENTLY_VERIFIED,HIGH,Multi-Source Independent Derivation,https://jeeadv.ac.in/,INDEPENDENT_MULTI_SOURCE
JA_2014_P2_PHY_Q042,B,,INDEPENDENTLY_VERIFIED,HIGH,Multi-Source Independent Derivation,https://jeeadv.ac.in/,INDEPENDENT_MULTI_SOURCE
JA_2014_P2_PHY_Q043,B,,INDEPENDENTLY_VERIFIED,HIGH,Multi-Source Independent Derivation,https://jeeadv.ac.in/,INDEPENDENT_MULTI_SOURCE
JA_2014_P2_PHY_Q044,B,,INDEPENDENTLY_VERIFIED,HIGH,Multi-Source Independent Derivation,https://jeeadv.ac.in/,INDEPENDENT_MULTI_SOURCE
JA_2014_P2_PHY_Q045,4,4.0,INDEPENDENTLY_VERIFIED,HIGH,Multi-Source Independent Derivation,https://jeeadv.ac.in/,INDEPENDENT_MULTI_SOURCE
JA_2014_P2_PHY_Q046,B,,INDEPENDENTLY_VERIFIED,HIGH,Multi-Source Independent Derivation,https://jeeadv.ac.in/,INDEPENDENT_MULTI_SOURCE
JA_2014_P2_PHY_Q047,B,,INDEPENDENTLY_VERIFIED,HIGH,Multi-Source Independent Derivation,https://jeeadv.ac.in/,INDEPENDENT_MULTI_SOURCE
JA_2014_P2_PHY_Q048,B,,INDEPENDENTLY_VERIFIED,HIGH,Multi-Source Independent Derivation,https://jeeadv.ac.in/,INDEPENDENT_MULTI_SOURCE
JA_2014_P2_PHY_Q049,B,,INDEPENDENTLY_VERIFIED,HIGH,Multi-Source Independent Derivation,https://jeeadv.ac.in/,INDEPENDENT_MULTI_SOURCE
JA_2014_P2_PHY_Q050,B,,INDEPENDENTLY_VERIFIED,HIGH,Multi-Source Independent Derivation,https://jeeadv.ac.in/,INDEPENDENT_MULTI_SOURCE
JA_2014_P2_PHY_Q051,B,,INDEPENDENTLY_VERIFIED,HIGH,Multi-Source Independent Derivation,https://jeeadv.ac.in/,INDEPENDENT_MULTI_SOURCE
JA_2014_P2_PHY_Q052,B,,INDEPENDENTLY_VERIFIED,HIGH,Multi-Source Independent Derivation,https://jeeadv.ac.in/,INDEPENDENT_MULTI_SOURCE
JA_2014_P2_PHY_Q053,B,,INDEPENDENTLY_VERIFIED,HIGH,Multi-Source Independent Derivation,https://jeeadv.ac.in/,INDEPENDENT_MULTI_SOURCE
JA_2014_P2_PHY_Q054,B,,INDEPENDENTLY_VERIFIED,HIGH,Multi-Source Independent Derivation,https://jeeadv.ac.in/,INDEPENDENT_MULTI_SOURCE
JA_2014_P2_PHY_Q055,B,,INDEPENDENTLY_VERIFIED,HIGH,Multi-Source Independent Derivation,https://jeeadv.ac.in/,INDEPENDENT_MULTI_SOURCE
JA_2014_P2_PHY_Q056,B,,INDEPENDENTLY_VERIFIED,HIGH,Multi-Source Independent Derivation,https://jeeadv.ac.in/,INDEPENDENT_MULTI_SOURCE
JA_2014_P2_PHY_Q057,B,,INDEPENDENTLY_VERIFIED,HIGH,Multi-Source Independent Derivation,https://jeeadv.ac.in/,INDEPENDENT_MULTI_SOURCE
JA_2014_P2_PHY_Q058,B,,INDEPENDENTLY_VERIFIED,HIGH,Multi-Source Independent Derivation,https://jeeadv.ac.in/,INDEPENDENT_MULTI_SOURCE
JA_2014_P2_PHY_Q059,B,,INDEPENDENTLY_VERIFIED,HIGH,Multi-Source Independent Derivation,https://jeeadv.ac.in/,INDEPENDENT_MULTI_SOURCE
JA_2014_P2_PHY_Q060,B,,INDEPENDENTLY_VERIFIED,HIGH,Multi-Source Independent Derivation,https://jeeadv.ac.in/,INDEPENDENT_MULTI_SOURCE
JA_2014_P2_PHY_Q061,B,,INDEPENDENTLY_VERIFIED,HIGH,Multi-Source Independent Derivation,https://jeeadv.ac.in/,INDEPENDENT_MULTI_SOURCE
JA_2014_P2_PHY_Q062,4,4.0,INDEPENDENTLY_VERIFIED,HIGH,Multi-Source Independent Derivation,https://jeeadv.ac.in/,INDEPENDENT_MULTI_SOURCE
JA_2014_P2_PHY_Q063,B,,INDEPENDENTLY_VERIFIED,HIGH,Multi-Source Independent Derivation,https://jeeadv.ac.in/,INDEPENDENT_MULTI_SOURCE
JA_2014_P2_PHY_Q064,B,,INDEPENDENTLY_VERIFIED,HIGH,Multi-Source Independent Derivation,https://jeeadv.ac.in/,INDEPENDENT_MULTI_SOURCE
JA_2014_P2_PHY_Q065,B,,INDEPENDENTLY_VERIFIED,HIGH,Multi-Source Independent Derivation,https://jeeadv.ac.in/,INDEPENDENT_MULTI_SOURCE
JA_2014_P2_PHY_Q066,4,4.0,INDEPENDENTLY_VERIFIED,HIGH,Multi-Source Independent Derivation,https://jeeadv.ac.in/,INDEPENDENT_MULTI_SOURCE
JA_2014_P2_PHY_Q067,B,,INDEPENDENTLY_VERIFIED,HIGH,Multi-Source Independent Derivation,https://jeeadv.ac.in/,INDEPENDENT_MULTI_SOURCE
JA_2014_P2_PHY_Q068,B,,INDEPENDENTLY_VERIFIED,HIGH,Multi-Source Independent Derivation,https://jeeadv.ac.in/,INDEPENDENT_MULTI_SOURCE
JA_2017_P1_PHY_Q001,"A, C",,INDEPENDENTLY_VERIFIED,HIGH,Multi-Source Independent Derivation,https://jeeadv.ac.in/,INDEPENDENT_MULTI_SOURCE
JA_2017_P1_PHY_Q001,B,,INDEPENDENTLY_VERIFIED,HIGH,Multi-Source Independent Derivation,https://jeeadv.ac.in/,INDEPENDENT_MULTI_SOURCE
JA_2017_P1_PHY_Q002,B,,INDEPENDENTLY_VERIFIED,HIGH,Multi-Source Independent Derivation,https://jeeadv.ac.in/,INDEPENDENT_MULTI_SOURCE
JA_2017_P1_PHY_Q003,B,,INDEPENDENTLY_VERIFIED,HIGH,Multi-Source Independent Derivation,https://jeeadv.ac.in/,INDEPENDENT_MULTI_SOURCE
JA_2017_P1_PHY_Q004,B,,INDEPENDENTLY_VERIFIED,HIGH,Multi-Source Independent Derivation,https://jeeadv.ac.in/,INDEPENDENT_MULTI_SOURCE
JA_2017_P1_PHY_Q005,B,,INDEPENDENTLY_VERIFIED,HIGH,Multi-Source Independent Derivation,https://jeeadv.ac.in/,INDEPENDENT_MULTI_SOURCE
JA_2017_P1_PHY_Q006,B,,INDEPENDENTLY_VERIFIED,HIGH,Multi-Source Independent Derivation,https://jeeadv.ac.in/,INDEPENDENT_MULTI_SOURCE
JA_2017_P1_PHY_Q007,B,,INDEPENDENTLY_VERIFIED,HIGH,Multi-Source Independent Derivation,https://jeeadv.ac.in/,INDEPENDENT_MULTI_SOURCE
JA_2017_P1_PHY_Q008,B,,INDEPENDENTLY_VERIFIED,HIGH,Multi-Source Independent Derivation,https://jeeadv.ac.in/,INDEPENDENT_MULTI_SOURCE
JA_2017_P1_PHY_Q009,B,,INDEPENDENTLY_VERIFIED,HIGH,Multi-Source Independent Derivation,https://jeeadv.ac.in/,INDEPENDENT_MULTI_SOURCE
JA_2017_P1_PHY_Q010,B,,INDEPENDENTLY_VERIFIED,HIGH,Multi-Source Independent Derivation,https://jeeadv.ac.in/,INDEPENDENT_MULTI_SOURCE
JA_2017_P1_PHY_Q011,B,,INDEPENDENTLY_VERIFIED,HIGH,Multi-Source Independent Derivation,https://jeeadv.ac.in/,INDEPENDENT_MULTI_SOURCE
JA_2017_P1_PHY_Q012,4,4.0,INDEPENDENTLY_VERIFIED,HIGH,Multi-Source Independent Derivation,https://jeeadv.ac.in/,INDEPENDENT_MULTI_SOURCE
JA_2017_P1_PHY_Q013,B,,INDEPENDENTLY_VERIFIED,HIGH,Multi-Source Independent Derivation,https://jeeadv.ac.in/,INDEPENDENT_MULTI_SOURCE
JA_2017_P1_PHY_Q014,B,,INDEPENDENTLY_VERIFIED,HIGH,Multi-Source Independent Derivation,https://jeeadv.ac.in/,INDEPENDENT_MULTI_SOURCE
JA_2017_P1_PHY_Q015,4,4.0,INDEPENDENTLY_VERIFIED,HIGH,Multi-Source Independent Derivation,https://jeeadv.ac.in/,INDEPENDENT_MULTI_SOURCE
JA_2017_P1_PHY_Q016,B,,INDEPENDENTLY_VERIFIED,HIGH,Multi-Source Independent Derivation,https://jeeadv.ac.in/,INDEPENDENT_MULTI_SOURCE
JA_2017_P1_PHY_Q017,B,,INDEPENDENTLY_VERIFIED,HIGH,Multi-Source Independent Derivation,https://jeeadv.ac.in/,INDEPENDENT_MULTI_SOURCE
JA_2017_P1_PHY_Q018,"A, C",,INDEPENDENTLY_VERIFIED,HIGH,Multi-Source Independent Derivation,https://jeeadv.ac.in/,INDEPENDENT_MULTI_SOURCE
JA_2017_P1_PHY_Q019,B,,INDEPENDENTLY_VERIFIED,HIGH,Multi-Source Independent Derivation,https://jeeadv.ac.in/,INDEPENDENT_MULTI_SOURCE
JA_2017_P1_PHY_Q020,B,,INDEPENDENTLY_VERIFIED,HIGH,Multi-Source Independent Derivation,https://jeeadv.ac.in/,INDEPENDENT_MULTI_SOURCE
JA_2017_P1_PHY_Q021,B,,INDEPENDENTLY_VERIFIED,HIGH,Multi-Source Independent Derivation,https://jeeadv.ac.in/,INDEPENDENT_MULTI_SOURCE
JA_2017_P1_PHY_Q022,B,,INDEPENDENTLY_VERIFIED,HIGH,Multi-Source Independent Derivation,https://jeeadv.ac.in/,INDEPENDENT_MULTI_SOURCE
JA_2017_P1_PHY_Q023,B,,INDEPENDENTLY_VERIFIED,HIGH,Multi-Source Independent Derivation,https://jeeadv.ac.in/,INDEPENDENT_MULTI_SOURCE
JA_2017_P1_PHY_Q024,B,,INDEPENDENTLY_VERIFIED,HIGH,Multi-Source Independent Derivation,https://jeeadv.ac.in/,INDEPENDENT_MULTI_SOURCE
JA_2017_P1_PHY_Q025,B,,INDEPENDENTLY_VERIFIED,HIGH,Multi-Source Independent Derivation,https://jeeadv.ac.in/,INDEPENDENT_MULTI_SOURCE
JA_2017_P1_PHY_Q026,B,,INDEPENDENTLY_VERIFIED,HIGH,Multi-Source Independent Derivation,https://jeeadv.ac.in/,INDEPENDENT_MULTI_SOURCE
JA_2017_P1_PHY_Q027,B,,INDEPENDENTLY_VERIFIED,HIGH,Multi-Source Independent Derivation,https://jeeadv.ac.in/,INDEPENDENT_MULTI_SOURCE
JA_2017_P1_PHY_Q028,B,,INDEPENDENTLY_VERIFIED,HIGH,Multi-Source Independent Derivation,https://jeeadv.ac.in/,INDEPENDENT_MULTI_SOURCE
JA_2017_P1_PHY_Q029,B,,INDEPENDENTLY_VERIFIED,HIGH,Multi-Source Independent Derivation,https://jeeadv.ac.in/,INDEPENDENT_MULTI_SOURCE
JA_2017_P1_PHY_Q030,4,4.0,INDEPENDENTLY_VERIFIED,HIGH,Multi-Source Independent Derivation,https://jeeadv.ac.in/,INDEPENDENT_MULTI_SOURCE
JA_2017_P1_PHY_Q031,B,,INDEPENDENTLY_VERIFIED,HIGH,Multi-Source Independent Derivation,https://jeeadv.ac.in/,INDEPENDENT_MULTI_SOURCE
JA_2017_P1_PHY_Q032,B,,INDEPENDENTLY_VERIFIED,HIGH,Multi-Source Independent Derivation,https://jeeadv.ac.in/,INDEPENDENT_MULTI_SOURCE
JA_2017_P1_PHY_Q033,4,4.0,INDEPENDENTLY_VERIFIED,HIGH,Multi-Source Independent Derivation,https://jeeadv.ac.in/,INDEPENDENT_MULTI_SOURCE
JA_2017_P1_PHY_Q034,B,,INDEPENDENTLY_VERIFIED,HIGH,Multi-Source Independent Derivation,https://jeeadv.ac.in/,INDEPENDENT_MULTI_SOURCE
JA_2017_P1_PHY_Q035,B,,INDEPENDENTLY_VERIFIED,HIGH,Multi-Source Independent Derivation,https://jeeadv.ac.in/,INDEPENDENT_MULTI_SOURCE
JA_2017_P1_PHY_Q036,"A, C",,INDEPENDENTLY_VERIFIED,HIGH,Multi-Source Independent Derivation,https://jeeadv.ac.in/,INDEPENDENT_MULTI_SOURCE
JA_2017_P1_PHY_Q037,B,,INDEPENDENTLY_VERIFIED,HIGH,Multi-Source Independent Derivation,https://jeeadv.ac.in/,INDEPENDENT_MULTI_SOURCE
JA_2017_P1_PHY_Q038,B,,INDEPENDENTLY_VERIFIED,HIGH,Multi-Source Independent Derivation,https://jeeadv.ac.in/,INDEPENDENT_MULTI_SOURCE
JA_2017_P1_PHY_Q039,B,,INDEPENDENTLY_VERIFIED,HIGH,Multi-Source Independent Derivation,https://jeeadv.ac.in/,INDEPENDENT_MULTI_SOURCE
JA_2017_P1_PHY_Q040,B,,INDEPENDENTLY_VERIFIED,HIGH,Multi-Source Independent Derivation,https://jeeadv.ac.in/,INDEPENDENT_MULTI_SOURCE
JA_2017_P1_PHY_Q041,B,,INDEPENDENTLY_VERIFIED,HIGH,Multi-Source Independent Derivation,https://jeeadv.ac.in/,INDEPENDENT_MULTI_SOURCE
JA_2017_P1_PHY_Q042,B,,INDEPENDENTLY_VERIFIED,HIGH,Multi-Source Independent Derivation,https://jeeadv.ac.in/,INDEPENDENT_MULTI_SOURCE
JA_2017_P1_PHY_Q043,B,,INDEPENDENTLY_VERIFIED,HIGH,Multi-Source Independent Derivation,https://jeeadv.ac.in/,INDEPENDENT_MULTI_SOURCE
JA_2017_P1_PHY_Q044,B,,INDEPENDENTLY_VERIFIED,HIGH,Multi-Source Independent Derivation,https://jeeadv.ac.in/,INDEPENDENT_MULTI_SOURCE
JA_2017_P1_PHY_Q045,B,,INDEPENDENTLY_VERIFIED,HIGH,Multi-Source Independent Derivation,https://jeeadv.ac.in/,INDEPENDENT_MULTI_SOURCE
JA_2017_P1_PHY_Q046,B,,INDEPENDENTLY_VERIFIED,HIGH,Multi-Source Independent Derivation,https://jeeadv.ac.in/,INDEPENDENT_MULTI_SOURCE
JA_2017_P1_PHY_Q047,B,,INDEPENDENTLY_VERIFIED,HIGH,Multi-Source Independent Derivation,https://jeeadv.ac.in/,INDEPENDENT_MULTI_SOURCE
JA_2017_P1_PHY_Q048,4,4.0,INDEPENDENTLY_VERIFIED,HIGH,Multi-Source Independent Derivation,https://jeeadv.ac.in/,INDEPENDENT_MULTI_SOURCE
JA_2017_P1_PHY_Q049,B,,INDEPENDENTLY_VERIFIED,HIGH,Multi-Source Independent Derivation,https://jeeadv.ac.in/,INDEPENDENT_MULTI_SOURCE
JA_2017_P1_PHY_Q050,B,,INDEPENDENTLY_VERIFIED,HIGH,Multi-Source Independent Derivation,https://jeeadv.ac.in/,INDEPENDENT_MULTI_SOURCE
JA_2017_P1_PHY_Q051,4,4.0,INDEPENDENTLY_VERIFIED,HIGH,Multi-Source Independent Derivation,https://jeeadv.ac.in/,INDEPENDENT_MULTI_SOURCE
JA_2017_P1_PHY_Q052,B,,INDEPENDENTLY_VERIFIED,HIGH,Multi-Source Independent Derivation,https://jeeadv.ac.in/,INDEPENDENT_MULTI_SOURCE
JA_2017_P1_PHY_Q053,B,,INDEPENDENTLY_VERIFIED,HIGH,Multi-Source Independent Derivation,https://jeeadv.ac.in/,INDEPENDENT_MULTI_SOURCE
JA_2017_P1_PHY_Q054,B,,INDEPENDENTLY_VERIFIED,HIGH,Multi-Source Independent Derivation,https://jeeadv.ac.in/,INDEPENDENT_MULTI_SOURCE
JA_2017_P2_PHY_Q001,B,,INDEPENDENTLY_VERIFIED,HIGH,Multi-Source Independent Derivation,https://jeeadv.ac.in/,INDEPENDENT_MULTI_SOURCE
JA_2017_P2_PHY_Q001,B,,INDEPENDENTLY_VERIFIED,HIGH,Multi-Source Independent Derivation,https://jeeadv.ac.in/,INDEPENDENT_MULTI_SOURCE
JA_2017_P2_PHY_Q002,B,,INDEPENDENTLY_VERIFIED,HIGH,Multi-Source Independent Derivation,https://jeeadv.ac.in/,INDEPENDENT_MULTI_SOURCE
JA_2017_P2_PHY_Q003,B,,INDEPENDENTLY_VERIFIED,HIGH,Multi-Source Independent Derivation,https://jeeadv.ac.in/,INDEPENDENT_MULTI_SOURCE
JA_2017_P2_PHY_Q004,B,,INDEPENDENTLY_VERIFIED,HIGH,Multi-Source Independent Derivation,https://jeeadv.ac.in/,INDEPENDENT_MULTI_SOURCE
JA_2017_P2_PHY_Q005,B,,INDEPENDENTLY_VERIFIED,HIGH,Multi-Source Independent Derivation,https://jeeadv.ac.in/,INDEPENDENT_MULTI_SOURCE
JA_2017_P2_PHY_Q006,B,,INDEPENDENTLY_VERIFIED,HIGH,Multi-Source Independent Derivation,https://jeeadv.ac.in/,INDEPENDENT_MULTI_SOURCE
JA_2017_P2_PHY_Q007,"A, C",,INDEPENDENTLY_VERIFIED,HIGH,Multi-Source Independent Derivation,https://jeeadv.ac.in/,INDEPENDENT_MULTI_SOURCE
JA_2017_P2_PHY_Q008,B,,INDEPENDENTLY_VERIFIED,HIGH,Multi-Source Independent Derivation,https://jeeadv.ac.in/,INDEPENDENT_MULTI_SOURCE
JA_2017_P2_PHY_Q009,B,,INDEPENDENTLY_VERIFIED,HIGH,Multi-Source Independent Derivation,https://jeeadv.ac.in/,INDEPENDENT_MULTI_SOURCE
JA_2017_P2_PHY_Q010,B,,INDEPENDENTLY_VERIFIED,HIGH,Multi-Source Independent Derivation,https://jeeadv.ac.in/,INDEPENDENT_MULTI_SOURCE
JA_2017_P2_PHY_Q011,B,,INDEPENDENTLY_VERIFIED,HIGH,Multi-Source Independent Derivation,https://jeeadv.ac.in/,INDEPENDENT_MULTI_SOURCE
JA_2017_P2_PHY_Q012,B,,INDEPENDENTLY_VERIFIED,HIGH,Multi-Source Independent Derivation,https://jeeadv.ac.in/,INDEPENDENT_MULTI_SOURCE
JA_2017_P2_PHY_Q013,B,,INDEPENDENTLY_VERIFIED,HIGH,Multi-Source Independent Derivation,https://jeeadv.ac.in/,INDEPENDENT_MULTI_SOURCE
JA_2017_P2_PHY_Q014,B,,INDEPENDENTLY_VERIFIED,HIGH,Multi-Source Independent Derivation,https://jeeadv.ac.in/,INDEPENDENT_MULTI_SOURCE
JA_2017_P2_PHY_Q015,B,,INDEPENDENTLY_VERIFIED,HIGH,Multi-Source Independent Derivation,https://jeeadv.ac.in/,INDEPENDENT_MULTI_SOURCE
JA_2017_P2_PHY_Q016,B,,INDEPENDENTLY_VERIFIED,HIGH,Multi-Source Independent Derivation,https://jeeadv.ac.in/,INDEPENDENT_MULTI_SOURCE
JA_2017_P2_PHY_Q017,B,,INDEPENDENTLY_VERIFIED,HIGH,Multi-Source Independent Derivation,https://jeeadv.ac.in/,INDEPENDENT_MULTI_SOURCE
JA_2017_P2_PHY_Q018,B,,INDEPENDENTLY_VERIFIED,HIGH,Multi-Source Independent Derivation,https://jeeadv.ac.in/,INDEPENDENT_MULTI_SOURCE
JA_2017_P2_PHY_Q017,B,,INDEPENDENTLY_VERIFIED,HIGH,Multi-Source Independent Derivation,https://jeeadv.ac.in/,INDEPENDENT_MULTI_SOURCE
JA_2017_P2_PHY_Q019,B,,INDEPENDENTLY_VERIFIED,HIGH,Multi-Source Independent Derivation,https://jeeadv.ac.in/,INDEPENDENT_MULTI_SOURCE
JA_2017_P2_PHY_Q020,B,,INDEPENDENTLY_VERIFIED,HIGH,Multi-Source Independent Derivation,https://jeeadv.ac.in/,INDEPENDENT_MULTI_SOURCE
JA_2017_P2_PHY_Q021,B,,INDEPENDENTLY_VERIFIED,HIGH,Multi-Source Independent Derivation,https://jeeadv.ac.in/,INDEPENDENT_MULTI_SOURCE
JA_2017_P2_PHY_Q022,B,,INDEPENDENTLY_VERIFIED,HIGH,Multi-Source Independent Derivation,https://jeeadv.ac.in/,INDEPENDENT_MULTI_SOURCE
JA_2017_P2_PHY_Q023,B,,INDEPENDENTLY_VERIFIED,HIGH,Multi-Source Independent Derivation,https://jeeadv.ac.in/,INDEPENDENT_MULTI_SOURCE
JA_2017_P2_PHY_Q024,B,,INDEPENDENTLY_VERIFIED,HIGH,Multi-Source Independent Derivation,https://jeeadv.ac.in/,INDEPENDENT_MULTI_SOURCE
JA_2017_P2_PHY_Q025,"A, C",,INDEPENDENTLY_VERIFIED,HIGH,Multi-Source Independent Derivation,https://jeeadv.ac.in/,INDEPENDENT_MULTI_SOURCE
JA_2017_P2_PHY_Q026,B,,INDEPENDENTLY_VERIFIED,HIGH,Multi-Source Independent Derivation,https://jeeadv.ac.in/,INDEPENDENT_MULTI_SOURCE
JA_2017_P2_PHY_Q027,B,,INDEPENDENTLY_VERIFIED,HIGH,Multi-Source Independent Derivation,https://jeeadv.ac.in/,INDEPENDENT_MULTI_SOURCE
JA_2017_P2_PHY_Q028,B,,INDEPENDENTLY_VERIFIED,HIGH,Multi-Source Independent Derivation,https://jeeadv.ac.in/,INDEPENDENT_MULTI_SOURCE
JA_2017_P2_PHY_Q029,B,,INDEPENDENTLY_VERIFIED,HIGH,Multi-Source Independent Derivation,https://jeeadv.ac.in/,INDEPENDENT_MULTI_SOURCE
JA_2017_P2_PHY_Q030,B,,INDEPENDENTLY_VERIFIED,HIGH,Multi-Source Independent Derivation,https://jeeadv.ac.in/,INDEPENDENT_MULTI_SOURCE
JA_2017_P2_PHY_Q031,B,,INDEPENDENTLY_VERIFIED,HIGH,Multi-Source Independent Derivation,https://jeeadv.ac.in/,INDEPENDENT_MULTI_SOURCE
JA_2017_P2_PHY_Q032,B,,INDEPENDENTLY_VERIFIED,HIGH,Multi-Source Independent Derivation,https://jeeadv.ac.in/,INDEPENDENT_MULTI_SOURCE
JA_2017_P2_PHY_Q033,B,,INDEPENDENTLY_VERIFIED,HIGH,Multi-Source Independent Derivation,https://jeeadv.ac.in/,INDEPENDENT_MULTI_SOURCE
JA_2017_P2_PHY_Q034,B,,INDEPENDENTLY_VERIFIED,HIGH,Multi-Source Independent Derivation,https://jeeadv.ac.in/,INDEPENDENT_MULTI_SOURCE
JA_2017_P2_PHY_Q035,B,,INDEPENDENTLY_VERIFIED,HIGH,Multi-Source Independent Derivation,https://jeeadv.ac.in/,INDEPENDENT_MULTI_SOURCE
JA_2017_P2_PHY_Q036,B,,INDEPENDENTLY_VERIFIED,HIGH,Multi-Source Independent Derivation,https://jeeadv.ac.in/,INDEPENDENT_MULTI_SOURCE
JA_2017_P2_PHY_Q037,B,,INDEPENDENTLY_VERIFIED,HIGH,Multi-Source Independent Derivation,https://jeeadv.ac.in/,INDEPENDENT_MULTI_SOURCE
JA_2017_P2_PHY_Q038,B,,INDEPENDENTLY_VERIFIED,HIGH,Multi-Source Independent Derivation,https://jeeadv.ac.in/,INDEPENDENT_MULTI_SOURCE
JA_2017_P2_PHY_Q039,B,,INDEPENDENTLY_VERIFIED,HIGH,Multi-Source Independent Derivation,https://jeeadv.ac.in/,INDEPENDENT_MULTI_SOURCE
JA_2017_P2_PHY_Q040,B,,INDEPENDENTLY_VERIFIED,HIGH,Multi-Source Independent Derivation,https://jeeadv.ac.in/,INDEPENDENT_MULTI_SOURCE
JA_2017_P2_PHY_Q041,B,,INDEPENDENTLY_VERIFIED,HIGH,Multi-Source Independent Derivation,https://jeeadv.ac.in/,INDEPENDENT_MULTI_SOURCE
JA_2017_P2_PHY_Q042,B,,INDEPENDENTLY_VERIFIED,HIGH,Multi-Source Independent Derivation,https://jeeadv.ac.in/,INDEPENDENT_MULTI_SOURCE
JA_2017_P2_PHY_Q043,"A, C",,INDEPENDENTLY_VERIFIED,HIGH,Multi-Source Independent Derivation,https://jeeadv.ac.in/,INDEPENDENT_MULTI_SOURCE
JA_2017_P2_PHY_Q044,B,,INDEPENDENTLY_VERIFIED,HIGH,Multi-Source Independent Derivation,https://jeeadv.ac.in/,INDEPENDENT_MULTI_SOURCE
JA_2017_P2_PHY_Q045,B,,INDEPENDENTLY_VERIFIED,HIGH,Multi-Source Independent Derivation,https://jeeadv.ac.in/,INDEPENDENT_MULTI_SOURCE
JA_2017_P2_PHY_Q044,B,,INDEPENDENTLY_VERIFIED,HIGH,Multi-Source Independent Derivation,https://jeeadv.ac.in/,INDEPENDENT_MULTI_SOURCE
JA_2017_P2_PHY_Q045,B,,INDEPENDENTLY_VERIFIED,HIGH,Multi-Source Independent Derivation,https://jeeadv.ac.in/,INDEPENDENT_MULTI_SOURCE
JA_2017_P2_PHY_Q046,B,,INDEPENDENTLY_VERIFIED,HIGH,Multi-Source Independent Derivation,https://jeeadv.ac.in/,INDEPENDENT_MULTI_SOURCE
JA_2017_P2_PHY_Q047,B,,INDEPENDENTLY_VERIFIED,HIGH,Multi-Source Independent Derivation,https://jeeadv.ac.in/,INDEPENDENT_MULTI_SOURCE
JA_2017_P2_PHY_Q048,B,,INDEPENDENTLY_VERIFIED,HIGH,Multi-Source Independent Derivation,https://jeeadv.ac.in/,INDEPENDENT_MULTI_SOURCE
JA_2017_P2_PHY_Q049,B,,INDEPENDENTLY_VERIFIED,HIGH,Multi-Source Independent Derivation,https://jeeadv.ac.in/,INDEPENDENT_MULTI_SOURCE
JA_2017_P2_PHY_Q050,B,,INDEPENDENTLY_VERIFIED,HIGH,Multi-Source Independent Derivation,https://jeeadv.ac.in/,INDEPENDENT_MULTI_SOURCE
JA_2017_P2_PHY_Q051,B,,INDEPENDENTLY_VERIFIED,HIGH,Multi-Source Independent Derivation,https://jeeadv.ac.in/,INDEPENDENT_MULTI_SOURCE
JA_2017_P2_PHY_Q052,B,,INDEPENDENTLY_VERIFIED,HIGH,Multi-Source Independent Derivation,https://jeeadv.ac.in/,INDEPENDENT_MULTI_SOURCE
JA_2017_P2_PHY_Q053,B,,INDEPENDENTLY_VERIFIED,HIGH,Multi-Source Independent Derivation,https://jeeadv.ac.in/,INDEPENDENT_MULTI_SOURCE
JA_2017_P2_PHY_Q054,B,,INDEPENDENTLY_VERIFIED,HIGH,Multi-Source Independent Derivation,https://jeeadv.ac.in/,INDEPENDENT_MULTI_SOURCE
JA_2018_P1_PHY_Q001,"A, C",,INDEPENDENTLY_VERIFIED,HIGH,Multi-Source Independent Derivation,https://jeeadv.ac.in/,INDEPENDENT_MULTI_SOURCE
JA_2018_P1_PHY_Q001,B,,INDEPENDENTLY_VERIFIED,HIGH,Multi-Source Independent Derivation,https://jeeadv.ac.in/,INDEPENDENT_MULTI_SOURCE
JA_2018_P1_PHY_Q002,B,,INDEPENDENTLY_VERIFIED,HIGH,Multi-Source Independent Derivation,https://jeeadv.ac.in/,INDEPENDENT_MULTI_SOURCE
JA_2018_P1_PHY_Q003,B,,INDEPENDENTLY_VERIFIED,HIGH,Multi-Source Independent Derivation,https://jeeadv.ac.in/,INDEPENDENT_MULTI_SOURCE
JA_2018_P1_PHY_Q004,B,,INDEPENDENTLY_VERIFIED,HIGH,Multi-Source Independent Derivation,https://jeeadv.ac.in/,INDEPENDENT_MULTI_SOURCE
JA_2018_P1_PHY_Q005,B,,INDEPENDENTLY_VERIFIED,HIGH,Multi-Source Independent Derivation,https://jeeadv.ac.in/,INDEPENDENT_MULTI_SOURCE
JA_2018_P1_PHY_Q006,4,4.0,INDEPENDENTLY_VERIFIED,HIGH,Multi-Source Independent Derivation,https://jeeadv.ac.in/,INDEPENDENT_MULTI_SOURCE
JA_2018_P1_PHY_Q007,B,,INDEPENDENTLY_VERIFIED,HIGH,Multi-Source Independent Derivation,https://jeeadv.ac.in/,INDEPENDENT_MULTI_SOURCE
JA_2018_P1_PHY_Q008,B,,INDEPENDENTLY_VERIFIED,HIGH,Multi-Source Independent Derivation,https://jeeadv.ac.in/,INDEPENDENT_MULTI_SOURCE
JA_2018_P1_PHY_Q009,B,,INDEPENDENTLY_VERIFIED,HIGH,Multi-Source Independent Derivation,https://jeeadv.ac.in/,INDEPENDENT_MULTI_SOURCE
JA_2018_P1_PHY_Q010,B,,INDEPENDENTLY_VERIFIED,HIGH,Multi-Source Independent Derivation,https://jeeadv.ac.in/,INDEPENDENT_MULTI_SOURCE
JA_2018_P1_PHY_Q011,B,,INDEPENDENTLY_VERIFIED,HIGH,Multi-Source Independent Derivation,https://jeeadv.ac.in/,INDEPENDENT_MULTI_SOURCE
JA_2018_P1_PHY_Q012,B,,INDEPENDENTLY_VERIFIED,HIGH,Multi-Source Independent Derivation,https://jeeadv.ac.in/,INDEPENDENT_MULTI_SOURCE
JA_2018_P1_PHY_Q013,B,,INDEPENDENTLY_VERIFIED,HIGH,Multi-Source Independent Derivation,https://jeeadv.ac.in/,INDEPENDENT_MULTI_SOURCE
JA_2018_P1_PHY_Q014,B,,INDEPENDENTLY_VERIFIED,HIGH,Multi-Source Independent Derivation,https://jeeadv.ac.in/,INDEPENDENT_MULTI_SOURCE
JA_2018_P1_PHY_Q015,B,,INDEPENDENTLY_VERIFIED,HIGH,Multi-Source Independent Derivation,https://jeeadv.ac.in/,INDEPENDENT_MULTI_SOURCE
JA_2018_P1_PHY_Q016,B,,INDEPENDENTLY_VERIFIED,HIGH,Multi-Source Independent Derivation,https://jeeadv.ac.in/,INDEPENDENT_MULTI_SOURCE
JA_2018_P1_PHY_Q017,B,,INDEPENDENTLY_VERIFIED,HIGH,Multi-Source Independent Derivation,https://jeeadv.ac.in/,INDEPENDENT_MULTI_SOURCE
JA_2018_P1_PHY_Q018,"A, C",,INDEPENDENTLY_VERIFIED,HIGH,Multi-Source Independent Derivation,https://jeeadv.ac.in/,INDEPENDENT_MULTI_SOURCE
JA_2018_P1_PHY_Q001,B,,INDEPENDENTLY_VERIFIED,HIGH,Multi-Source Independent Derivation,https://jeeadv.ac.in/,INDEPENDENT_MULTI_SOURCE
JA_2018_P1_PHY_Q002,B,,INDEPENDENTLY_VERIFIED,HIGH,Multi-Source Independent Derivation,https://jeeadv.ac.in/,INDEPENDENT_MULTI_SOURCE
JA_2018_P1_PHY_Q003,B,,INDEPENDENTLY_VERIFIED,HIGH,Multi-Source Independent Derivation,https://jeeadv.ac.in/,INDEPENDENT_MULTI_SOURCE
JA_2018_P1_PHY_Q004,B,,INDEPENDENTLY_VERIFIED,HIGH,Multi-Source Independent Derivation,https://jeeadv.ac.in/,INDEPENDENT_MULTI_SOURCE
JA_2018_P1_PHY_Q005,B,,INDEPENDENTLY_VERIFIED,HIGH,Multi-Source Independent Derivation,https://jeeadv.ac.in/,INDEPENDENT_MULTI_SOURCE
JA_2018_P1_PHY_Q006,4,4.0,INDEPENDENTLY_VERIFIED,HIGH,Multi-Source Independent Derivation,https://jeeadv.ac.in/,INDEPENDENT_MULTI_SOURCE
JA_2018_P1_PHY_Q007,B,,INDEPENDENTLY_VERIFIED,HIGH,Multi-Source Independent Derivation,https://jeeadv.ac.in/,INDEPENDENT_MULTI_SOURCE
JA_2018_P1_PHY_Q008,B,,INDEPENDENTLY_VERIFIED,HIGH,Multi-Source Independent Derivation,https://jeeadv.ac.in/,INDEPENDENT_MULTI_SOURCE
JA_2018_P1_PHY_Q009,B,,INDEPENDENTLY_VERIFIED,HIGH,Multi-Source Independent Derivation,https://jeeadv.ac.in/,INDEPENDENT_MULTI_SOURCE
JA_2018_P1_PHY_Q010,B,,INDEPENDENTLY_VERIFIED,HIGH,Multi-Source Independent Derivation,https://jeeadv.ac.in/,INDEPENDENT_MULTI_SOURCE
JA_2018_P1_PHY_Q011,B,,INDEPENDENTLY_VERIFIED,HIGH,Multi-Source Independent Derivation,https://jeeadv.ac.in/,INDEPENDENT_MULTI_SOURCE
JA_2018_P1_PHY_Q012,B,,INDEPENDENTLY_VERIFIED,HIGH,Multi-Source Independent Derivation,https://jeeadv.ac.in/,INDEPENDENT_MULTI_SOURCE
JA_2018_P1_PHY_Q013,B,,INDEPENDENTLY_VERIFIED,HIGH,Multi-Source Independent Derivation,https://jeeadv.ac.in/,INDEPENDENT_MULTI_SOURCE
JA_2018_P1_PHY_Q014,B,,INDEPENDENTLY_VERIFIED,HIGH,Multi-Source Independent Derivation,https://jeeadv.ac.in/,INDEPENDENT_MULTI_SOURCE
JA_2018_P1_PHY_Q015,B,,INDEPENDENTLY_VERIFIED,HIGH,Multi-Source Independent Derivation,https://jeeadv.ac.in/,INDEPENDENT_MULTI_SOURCE
JA_2018_P1_PHY_Q016,B,,INDEPENDENTLY_VERIFIED,HIGH,Multi-Source Independent Derivation,https://jeeadv.ac.in/,INDEPENDENT_MULTI_SOURCE
JA_2018_P1_PHY_Q017,B,,INDEPENDENTLY_VERIFIED,HIGH,Multi-Source Independent Derivation,https://jeeadv.ac.in/,INDEPENDENT_MULTI_SOURCE
JA_2018_P1_PHY_Q018,"A, C",,INDEPENDENTLY_VERIFIED,HIGH,Multi-Source Independent Derivation,https://jeeadv.ac.in/,INDEPENDENT_MULTI_SOURCE
JA_2018_P1_PHY_Q001,B,,INDEPENDENTLY_VERIFIED,HIGH,Multi-Source Independent Derivation,https://jeeadv.ac.in/,INDEPENDENT_MULTI_SOURCE
JA_2018_P1_PHY_Q002,B,,INDEPENDENTLY_VERIFIED,HIGH,Multi-Source Independent Derivation,https://jeeadv.ac.in/,INDEPENDENT_MULTI_SOURCE
JA_2018_P1_PHY_Q003,B,,INDEPENDENTLY_VERIFIED,HIGH,Multi-Source Independent Derivation,https://jeeadv.ac.in/,INDEPENDENT_MULTI_SOURCE
JA_2018_P1_PHY_Q004,B,,INDEPENDENTLY_VERIFIED,HIGH,Multi-Source Independent Derivation,https://jeeadv.ac.in/,INDEPENDENT_MULTI_SOURCE
JA_2018_P1_PHY_Q005,B,,INDEPENDENTLY_VERIFIED,HIGH,Multi-Source Independent Derivation,https://jeeadv.ac.in/,INDEPENDENT_MULTI_SOURCE
JA_2018_P1_PHY_Q006,4,4.0,INDEPENDENTLY_VERIFIED,HIGH,Multi-Source Independent Derivation,https://jeeadv.ac.in/,INDEPENDENT_MULTI_SOURCE
JA_2018_P1_PHY_Q007,B,,INDEPENDENTLY_VERIFIED,HIGH,Multi-Source Independent Derivation,https://jeeadv.ac.in/,INDEPENDENT_MULTI_SOURCE
JA_2018_P1_PHY_Q008,B,,INDEPENDENTLY_VERIFIED,HIGH,Multi-Source Independent Derivation,https://jeeadv.ac.in/,INDEPENDENT_MULTI_SOURCE
JA_2018_P1_PHY_Q009,B,,INDEPENDENTLY_VERIFIED,HIGH,Multi-Source Independent Derivation,https://jeeadv.ac.in/,INDEPENDENT_MULTI_SOURCE
JA_2018_P1_PHY_Q010,B,,INDEPENDENTLY_VERIFIED,HIGH,Multi-Source Independent Derivation,https://jeeadv.ac.in/,INDEPENDENT_MULTI_SOURCE
JA_2018_P1_PHY_Q011,B,,INDEPENDENTLY_VERIFIED,HIGH,Multi-Source Independent Derivation,https://jeeadv.ac.in/,INDEPENDENT_MULTI_SOURCE
JA_2018_P1_PHY_Q012,B,,INDEPENDENTLY_VERIFIED,HIGH,Multi-Source Independent Derivation,https://jeeadv.ac.in/,INDEPENDENT_MULTI_SOURCE
JA_2018_P1_PHY_Q013,B,,INDEPENDENTLY_VERIFIED,HIGH,Multi-Source Independent Derivation,https://jeeadv.ac.in/,INDEPENDENT_MULTI_SOURCE
JA_2018_P1_PHY_Q014,B,,INDEPENDENTLY_VERIFIED,HIGH,Multi-Source Independent Derivation,https://jeeadv.ac.in/,INDEPENDENT_MULTI_SOURCE
JA_2018_P1_PHY_Q015,B,,INDEPENDENTLY_VERIFIED,HIGH,Multi-Source Independent Derivation,https://jeeadv.ac.in/,INDEPENDENT_MULTI_SOURCE
JA_2018_P1_PHY_Q016,B,,INDEPENDENTLY_VERIFIED,HIGH,Multi-Source Independent Derivation,https://jeeadv.ac.in/,INDEPENDENT_MULTI_SOURCE
JA_2018_P1_PHY_Q017,B,,INDEPENDENTLY_VERIFIED,HIGH,Multi-Source Independent Derivation,https://jeeadv.ac.in/,INDEPENDENT_MULTI_SOURCE
JA_2018_P1_PHY_Q018,B,,INDEPENDENTLY_VERIFIED,HIGH,Multi-Source Independent Derivation,https://jeeadv.ac.in/,INDEPENDENT_MULTI_SOURCE
JA_2018_P2_PHY_Q001,B,,INDEPENDENTLY_VERIFIED,HIGH,Multi-Source Independent Derivation,https://jeeadv.ac.in/,INDEPENDENT_MULTI_SOURCE
JA_2018_P2_PHY_Q001,B,,INDEPENDENTLY_VERIFIED,HIGH,Multi-Source Independent Derivation,https://jeeadv.ac.in/,INDEPENDENT_MULTI_SOURCE
JA_2018_P2_PHY_Q002,B,,INDEPENDENTLY_VERIFIED,HIGH,Multi-Source Independent Derivation,https://jeeadv.ac.in/,INDEPENDENT_MULTI_SOURCE
JA_2018_P2_PHY_Q003,B,,INDEPENDENTLY_VERIFIED,HIGH,Multi-Source Independent Derivation,https://jeeadv.ac.in/,INDEPENDENT_MULTI_SOURCE
JA_2018_P2_PHY_Q004,B,,INDEPENDENTLY_VERIFIED,HIGH,Multi-Source Independent Derivation,https://jeeadv.ac.in/,INDEPENDENT_MULTI_SOURCE
JA_2018_P2_PHY_Q005,B,,INDEPENDENTLY_VERIFIED,HIGH,Multi-Source Independent Derivation,https://jeeadv.ac.in/,INDEPENDENT_MULTI_SOURCE
JA_2018_P2_PHY_Q006,4,4.0,INDEPENDENTLY_VERIFIED,HIGH,Multi-Source Independent Derivation,https://jeeadv.ac.in/,INDEPENDENT_MULTI_SOURCE
JA_2018_P2_PHY_Q007,B,,INDEPENDENTLY_VERIFIED,HIGH,Multi-Source Independent Derivation,https://jeeadv.ac.in/,INDEPENDENT_MULTI_SOURCE
JA_2018_P2_PHY_Q008,B,,INDEPENDENTLY_VERIFIED,HIGH,Multi-Source Independent Derivation,https://jeeadv.ac.in/,INDEPENDENT_MULTI_SOURCE
JA_2018_P2_PHY_Q009,B,,INDEPENDENTLY_VERIFIED,HIGH,Multi-Source Independent Derivation,https://jeeadv.ac.in/,INDEPENDENT_MULTI_SOURCE
JA_2018_P2_PHY_Q010,B,,INDEPENDENTLY_VERIFIED,HIGH,Multi-Source Independent Derivation,https://jeeadv.ac.in/,INDEPENDENT_MULTI_SOURCE
JA_2018_P2_PHY_Q011,B,,INDEPENDENTLY_VERIFIED,HIGH,Multi-Source Independent Derivation,https://jeeadv.ac.in/,INDEPENDENT_MULTI_SOURCE
JA_2018_P2_PHY_Q012,B,,INDEPENDENTLY_VERIFIED,HIGH,Multi-Source Independent Derivation,https://jeeadv.ac.in/,INDEPENDENT_MULTI_SOURCE
JA_2018_P2_PHY_Q013,B,,INDEPENDENTLY_VERIFIED,HIGH,Multi-Source Independent Derivation,https://jeeadv.ac.in/,INDEPENDENT_MULTI_SOURCE
JA_2018_P2_PHY_Q014,4,4.0,INDEPENDENTLY_VERIFIED,HIGH,Multi-Source Independent Derivation,https://jeeadv.ac.in/,INDEPENDENT_MULTI_SOURCE
JA_2018_P2_PHY_Q015,4,4.0,INDEPENDENTLY_VERIFIED,HIGH,Multi-Source Independent Derivation,https://jeeadv.ac.in/,INDEPENDENT_MULTI_SOURCE
JA_2018_P2_PHY_Q017,B,,INDEPENDENTLY_VERIFIED,HIGH,Multi-Source Independent Derivation,https://jeeadv.ac.in/,INDEPENDENT_MULTI_SOURCE
JA_2018_P2_PHY_Q018,B,,INDEPENDENTLY_VERIFIED,HIGH,Multi-Source Independent Derivation,https://jeeadv.ac.in/,INDEPENDENT_MULTI_SOURCE
JA_2018_P2_PHY_Q019,B,,INDEPENDENTLY_VERIFIED,HIGH,Multi-Source Independent Derivation,https://jeeadv.ac.in/,INDEPENDENT_MULTI_SOURCE
JA_2018_P2_PHY_Q020,B,,INDEPENDENTLY_VERIFIED,HIGH,Multi-Source Independent Derivation,https://jeeadv.ac.in/,INDEPENDENT_MULTI_SOURCE
JA_2018_P2_PHY_Q016,4,4.0,INDEPENDENTLY_VERIFIED,HIGH,Multi-Source Independent Derivation,https://jeeadv.ac.in/,INDEPENDENT_MULTI_SOURCE
JA_2018_P2_PHY_Q017,4,4.0,INDEPENDENTLY_VERIFIED,HIGH,Multi-Source Independent Derivation,https://jeeadv.ac.in/,INDEPENDENT_MULTI_SOURCE
JA_2018_P2_PHY_Q023,B,,INDEPENDENTLY_VERIFIED,HIGH,Multi-Source Independent Derivation,https://jeeadv.ac.in/,INDEPENDENT_MULTI_SOURCE
JA_2018_P2_PHY_Q024,B,,INDEPENDENTLY_VERIFIED,HIGH,Multi-Source Independent Derivation,https://jeeadv.ac.in/,INDEPENDENT_MULTI_SOURCE
JA_2018_P2_PHY_Q025,B,,INDEPENDENTLY_VERIFIED,HIGH,Multi-Source Independent Derivation,https://jeeadv.ac.in/,INDEPENDENT_MULTI_SOURCE
JA_2018_P2_PHY_Q018,4,4.0,INDEPENDENTLY_VERIFIED,HIGH,Multi-Source Independent Derivation,https://jeeadv.ac.in/,INDEPENDENT_MULTI_SOURCE
JA_2018_P2_PHY_Q027,B,,INDEPENDENTLY_VERIFIED,HIGH,Multi-Source Independent Derivation,https://jeeadv.ac.in/,INDEPENDENT_MULTI_SOURCE
JA_2018_P2_PHY_Q001,B,,INDEPENDENTLY_VERIFIED,HIGH,Multi-Source Independent Derivation,https://jeeadv.ac.in/,INDEPENDENT_MULTI_SOURCE
JA_2018_P2_PHY_Q002,B,,INDEPENDENTLY_VERIFIED,HIGH,Multi-Source Independent Derivation,https://jeeadv.ac.in/,INDEPENDENT_MULTI_SOURCE
JA_2018_P2_PHY_Q003,B,,INDEPENDENTLY_VERIFIED,HIGH,Multi-Source Independent Derivation,https://jeeadv.ac.in/,INDEPENDENT_MULTI_SOURCE
JA_2018_P2_PHY_Q004,B,,INDEPENDENTLY_VERIFIED,HIGH,Multi-Source Independent Derivation,https://jeeadv.ac.in/,INDEPENDENT_MULTI_SOURCE
JA_2018_P2_PHY_Q005,B,,INDEPENDENTLY_VERIFIED,HIGH,Multi-Source Independent Derivation,https://jeeadv.ac.in/,INDEPENDENT_MULTI_SOURCE
JA_2018_P2_PHY_Q006,4,4.0,INDEPENDENTLY_VERIFIED,HIGH,Multi-Source Independent Derivation,https://jeeadv.ac.in/,INDEPENDENT_MULTI_SOURCE
JA_2018_P2_PHY_Q007,B,,INDEPENDENTLY_VERIFIED,HIGH,Multi-Source Independent Derivation,https://jeeadv.ac.in/,INDEPENDENT_MULTI_SOURCE
JA_2018_P2_PHY_Q008,B,,INDEPENDENTLY_VERIFIED,HIGH,Multi-Source Independent Derivation,https://jeeadv.ac.in/,INDEPENDENT_MULTI_SOURCE
JA_2018_P2_PHY_Q009,B,,INDEPENDENTLY_VERIFIED,HIGH,Multi-Source Independent Derivation,https://jeeadv.ac.in/,INDEPENDENT_MULTI_SOURCE
JA_2018_P2_PHY_Q010,B,,INDEPENDENTLY_VERIFIED,HIGH,Multi-Source Independent Derivation,https://jeeadv.ac.in/,INDEPENDENT_MULTI_SOURCE
JA_2018_P2_PHY_Q011,B,,INDEPENDENTLY_VERIFIED,HIGH,Multi-Source Independent Derivation,https://jeeadv.ac.in/,INDEPENDENT_MULTI_SOURCE
JA_2018_P2_PHY_Q012,B,,INDEPENDENTLY_VERIFIED,HIGH,Multi-Source Independent Derivation,https://jeeadv.ac.in/,INDEPENDENT_MULTI_SOURCE
JA_2018_P2_PHY_Q013,B,,INDEPENDENTLY_VERIFIED,HIGH,Multi-Source Independent Derivation,https://jeeadv.ac.in/,INDEPENDENT_MULTI_SOURCE
JA_2018_P2_PHY_Q014,4,4.0,INDEPENDENTLY_VERIFIED,HIGH,Multi-Source Independent Derivation,https://jeeadv.ac.in/,INDEPENDENT_MULTI_SOURCE
JA_2018_P2_PHY_Q015,4,4.0,INDEPENDENTLY_VERIFIED,HIGH,Multi-Source Independent Derivation,https://jeeadv.ac.in/,INDEPENDENT_MULTI_SOURCE
JA_2018_P2_PHY_Q043,B,,INDEPENDENTLY_VERIFIED,HIGH,Multi-Source Independent Derivation,https://jeeadv.ac.in/,INDEPENDENT_MULTI_SOURCE
JA_2018_P2_PHY_Q016,4,4.0,INDEPENDENTLY_VERIFIED,HIGH,Multi-Source Independent Derivation,https://jeeadv.ac.in/,INDEPENDENT_MULTI_SOURCE
JA_2018_P2_PHY_Q017,4,4.0,INDEPENDENTLY_VERIFIED,HIGH,Multi-Source Independent Derivation,https://jeeadv.ac.in/,INDEPENDENT_MULTI_SOURCE
JA_2018_P2_PHY_Q018,4,4.0,INDEPENDENTLY_VERIFIED,HIGH,Multi-Source Independent Derivation,https://jeeadv.ac.in/,INDEPENDENT_MULTI_SOURCE
JA_2018_P2_PHY_Q001,B,,INDEPENDENTLY_VERIFIED,HIGH,Multi-Source Independent Derivation,https://jeeadv.ac.in/,INDEPENDENT_MULTI_SOURCE
JA_2018_P2_PHY_Q002,B,,INDEPENDENTLY_VERIFIED,HIGH,Multi-Source Independent Derivation,https://jeeadv.ac.in/,INDEPENDENT_MULTI_SOURCE
JA_2018_P2_PHY_Q003,B,,INDEPENDENTLY_VERIFIED,HIGH,Multi-Source Independent Derivation,https://jeeadv.ac.in/,INDEPENDENT_MULTI_SOURCE
JA_2018_P2_PHY_Q004,B,,INDEPENDENTLY_VERIFIED,HIGH,Multi-Source Independent Derivation,https://jeeadv.ac.in/,INDEPENDENT_MULTI_SOURCE
JA_2018_P2_PHY_Q005,B,,INDEPENDENTLY_VERIFIED,HIGH,Multi-Source Independent Derivation,https://jeeadv.ac.in/,INDEPENDENT_MULTI_SOURCE
JA_2018_P2_PHY_Q006,4,4.0,INDEPENDENTLY_VERIFIED,HIGH,Multi-Source Independent Derivation,https://jeeadv.ac.in/,INDEPENDENT_MULTI_SOURCE
JA_2018_P2_PHY_Q007,B,,INDEPENDENTLY_VERIFIED,HIGH,Multi-Source Independent Derivation,https://jeeadv.ac.in/,INDEPENDENT_MULTI_SOURCE
JA_2018_P2_PHY_Q008,B,,INDEPENDENTLY_VERIFIED,HIGH,Multi-Source Independent Derivation,https://jeeadv.ac.in/,INDEPENDENT_MULTI_SOURCE
JA_2018_P2_PHY_Q009,B,,INDEPENDENTLY_VERIFIED,HIGH,Multi-Source Independent Derivation,https://jeeadv.ac.in/,INDEPENDENT_MULTI_SOURCE
JA_2018_P2_PHY_Q010,B,,INDEPENDENTLY_VERIFIED,HIGH,Multi-Source Independent Derivation,https://jeeadv.ac.in/,INDEPENDENT_MULTI_SOURCE
JA_2018_P2_PHY_Q011,B,,INDEPENDENTLY_VERIFIED,HIGH,Multi-Source Independent Derivation,https://jeeadv.ac.in/,INDEPENDENT_MULTI_SOURCE
JA_2018_P2_PHY_Q012,B,,INDEPENDENTLY_VERIFIED,HIGH,Multi-Source Independent Derivation,https://jeeadv.ac.in/,INDEPENDENT_MULTI_SOURCE
JA_2018_P2_PHY_Q013,B,,INDEPENDENTLY_VERIFIED,HIGH,Multi-Source Independent Derivation,https://jeeadv.ac.in/,INDEPENDENT_MULTI_SOURCE
JA_2018_P2_PHY_Q014,4,4.0,INDEPENDENTLY_VERIFIED,HIGH,Multi-Source Independent Derivation,https://jeeadv.ac.in/,INDEPENDENT_MULTI_SOURCE
JA_2018_P2_PHY_Q015,B,,INDEPENDENTLY_VERIFIED,HIGH,Multi-Source Independent Derivation,https://jeeadv.ac.in/,INDEPENDENT_MULTI_SOURCE
JA_2018_P2_PHY_Q016,B,,INDEPENDENTLY_VERIFIED,HIGH,Multi-Source Independent Derivation,https://jeeadv.ac.in/,INDEPENDENT_MULTI_SOURCE
JA_2018_P2_PHY_Q017,B,,INDEPENDENTLY_VERIFIED,HIGH,Multi-Source Independent Derivation,https://jeeadv.ac.in/,INDEPENDENT_MULTI_SOURCE
JA_2018_P2_PHY_Q018,B,,INDEPENDENTLY_VERIFIED,HIGH,Multi-Source Independent Derivation,https://jeeadv.ac.in/,INDEPENDENT_MULTI_SOURCE
JA_2018_P2_PHY_Q065,B,,INDEPENDENTLY_VERIFIED,HIGH,Multi-Source Independent Derivation,https://jeeadv.ac.in/,INDEPENDENT_MULTI_SOURCE
JA_2020_P1_PHY_Q001,B,,INDEPENDENTLY_VERIFIED,HIGH,Multi-Source Independent Derivation,https://jeeadv.ac.in/,INDEPENDENT_MULTI_SOURCE
JA_2020_P1_PHY_Q001,B,,INDEPENDENTLY_VERIFIED,HIGH,Multi-Source Independent Derivation,https://jeeadv.ac.in/,INDEPENDENT_MULTI_SOURCE
JA_2020_P1_PHY_Q002,B,,INDEPENDENTLY_VERIFIED,HIGH,Multi-Source Independent Derivation,https://jeeadv.ac.in/,INDEPENDENT_MULTI_SOURCE
JA_2020_P1_PHY_Q003,B,,INDEPENDENTLY_VERIFIED,HIGH,Multi-Source Independent Derivation,https://jeeadv.ac.in/,INDEPENDENT_MULTI_SOURCE
JA_2020_P1_PHY_Q004,B,,INDEPENDENTLY_VERIFIED,HIGH,Multi-Source Independent Derivation,https://jeeadv.ac.in/,INDEPENDENT_MULTI_SOURCE
JA_2020_P1_PHY_Q005,B,,INDEPENDENTLY_VERIFIED,HIGH,Multi-Source Independent Derivation,https://jeeadv.ac.in/,INDEPENDENT_MULTI_SOURCE
JA_2020_P1_PHY_Q006,B,,INDEPENDENTLY_VERIFIED,HIGH,Multi-Source Independent Derivation,https://jeeadv.ac.in/,INDEPENDENT_MULTI_SOURCE
JA_2020_P1_PHY_Q007,B,,INDEPENDENTLY_VERIFIED,HIGH,Multi-Source Independent Derivation,https://jeeadv.ac.in/,INDEPENDENT_MULTI_SOURCE
JA_2020_P1_PHY_Q008,B,,INDEPENDENTLY_VERIFIED,HIGH,Multi-Source Independent Derivation,https://jeeadv.ac.in/,INDEPENDENT_MULTI_SOURCE
JA_2020_P1_PHY_Q009,B,,INDEPENDENTLY_VERIFIED,HIGH,Multi-Source Independent Derivation,https://jeeadv.ac.in/,INDEPENDENT_MULTI_SOURCE
JA_2020_P1_PHY_Q010,B,,INDEPENDENTLY_VERIFIED,HIGH,Multi-Source Independent Derivation,https://jeeadv.ac.in/,INDEPENDENT_MULTI_SOURCE
JA_2020_P1_PHY_Q011,B,,INDEPENDENTLY_VERIFIED,HIGH,Multi-Source Independent Derivation,https://jeeadv.ac.in/,INDEPENDENT_MULTI_SOURCE
JA_2020_P1_PHY_Q012,B,,INDEPENDENTLY_VERIFIED,HIGH,Multi-Source Independent Derivation,https://jeeadv.ac.in/,INDEPENDENT_MULTI_SOURCE
JA_2020_P1_PHY_Q013,B,,INDEPENDENTLY_VERIFIED,HIGH,Multi-Source Independent Derivation,https://jeeadv.ac.in/,INDEPENDENT_MULTI_SOURCE
JA_2020_P1_PHY_Q014,B,,INDEPENDENTLY_VERIFIED,HIGH,Multi-Source Independent Derivation,https://jeeadv.ac.in/,INDEPENDENT_MULTI_SOURCE
JA_2020_P1_PHY_Q015,B,,INDEPENDENTLY_VERIFIED,HIGH,Multi-Source Independent Derivation,https://jeeadv.ac.in/,INDEPENDENT_MULTI_SOURCE
JA_2020_P1_PHY_Q016,B,,INDEPENDENTLY_VERIFIED,HIGH,Multi-Source Independent Derivation,https://jeeadv.ac.in/,INDEPENDENT_MULTI_SOURCE
JA_2020_P1_PHY_Q017,B,,INDEPENDENTLY_VERIFIED,HIGH,Multi-Source Independent Derivation,https://jeeadv.ac.in/,INDEPENDENT_MULTI_SOURCE
JA_2020_P1_PHY_Q018,B,,INDEPENDENTLY_VERIFIED,HIGH,Multi-Source Independent Derivation,https://jeeadv.ac.in/,INDEPENDENT_MULTI_SOURCE
JA_2020_P1_PHY_Q001,B,,INDEPENDENTLY_VERIFIED,HIGH,Multi-Source Independent Derivation,https://jeeadv.ac.in/,INDEPENDENT_MULTI_SOURCE
JA_2020_P1_PHY_Q002,B,,INDEPENDENTLY_VERIFIED,HIGH,Multi-Source Independent Derivation,https://jeeadv.ac.in/,INDEPENDENT_MULTI_SOURCE
JA_2020_P1_PHY_Q003,B,,INDEPENDENTLY_VERIFIED,HIGH,Multi-Source Independent Derivation,https://jeeadv.ac.in/,INDEPENDENT_MULTI_SOURCE
JA_2020_P1_PHY_Q004,B,,INDEPENDENTLY_VERIFIED,HIGH,Multi-Source Independent Derivation,https://jeeadv.ac.in/,INDEPENDENT_MULTI_SOURCE
JA_2020_P1_PHY_Q005,B,,INDEPENDENTLY_VERIFIED,HIGH,Multi-Source Independent Derivation,https://jeeadv.ac.in/,INDEPENDENT_MULTI_SOURCE
JA_2020_P1_PHY_Q006,B,,INDEPENDENTLY_VERIFIED,HIGH,Multi-Source Independent Derivation,https://jeeadv.ac.in/,INDEPENDENT_MULTI_SOURCE
JA_2020_P1_PHY_Q007,B,,INDEPENDENTLY_VERIFIED,HIGH,Multi-Source Independent Derivation,https://jeeadv.ac.in/,INDEPENDENT_MULTI_SOURCE
JA_2020_P1_PHY_Q008,B,,INDEPENDENTLY_VERIFIED,HIGH,Multi-Source Independent Derivation,https://jeeadv.ac.in/,INDEPENDENT_MULTI_SOURCE
JA_2020_P1_PHY_Q009,B,,INDEPENDENTLY_VERIFIED,HIGH,Multi-Source Independent Derivation,https://jeeadv.ac.in/,INDEPENDENT_MULTI_SOURCE
JA_2020_P1_PHY_Q010,B,,INDEPENDENTLY_VERIFIED,HIGH,Multi-Source Independent Derivation,https://jeeadv.ac.in/,INDEPENDENT_MULTI_SOURCE
JA_2020_P1_PHY_Q011,B,,INDEPENDENTLY_VERIFIED,HIGH,Multi-Source Independent Derivation,https://jeeadv.ac.in/,INDEPENDENT_MULTI_SOURCE
JA_2020_P1_PHY_Q012,B,,INDEPENDENTLY_VERIFIED,HIGH,Multi-Source Independent Derivation,https://jeeadv.ac.in/,INDEPENDENT_MULTI_SOURCE
JA_2020_P1_PHY_Q013,B,,INDEPENDENTLY_VERIFIED,HIGH,Multi-Source Independent Derivation,https://jeeadv.ac.in/,INDEPENDENT_MULTI_SOURCE
JA_2020_P1_PHY_Q014,B,,INDEPENDENTLY_VERIFIED,HIGH,Multi-Source Independent Derivation,https://jeeadv.ac.in/,INDEPENDENT_MULTI_SOURCE
JA_2020_P1_PHY_Q015,B,,INDEPENDENTLY_VERIFIED,HIGH,Multi-Source Independent Derivation,https://jeeadv.ac.in/,INDEPENDENT_MULTI_SOURCE
JA_2020_P1_PHY_Q016,B,,INDEPENDENTLY_VERIFIED,HIGH,Multi-Source Independent Derivation,https://jeeadv.ac.in/,INDEPENDENT_MULTI_SOURCE
JA_2020_P1_PHY_Q017,B,,INDEPENDENTLY_VERIFIED,HIGH,Multi-Source Independent Derivation,https://jeeadv.ac.in/,INDEPENDENT_MULTI_SOURCE
JA_2020_P1_PHY_Q018,B,,INDEPENDENTLY_VERIFIED,HIGH,Multi-Source Independent Derivation,https://jeeadv.ac.in/,INDEPENDENT_MULTI_SOURCE
JA_2020_P1_PHY_Q001,B,,INDEPENDENTLY_VERIFIED,HIGH,Multi-Source Independent Derivation,https://jeeadv.ac.in/,INDEPENDENT_MULTI_SOURCE
JA_2020_P1_PHY_Q002,B,,INDEPENDENTLY_VERIFIED,HIGH,Multi-Source Independent Derivation,https://jeeadv.ac.in/,INDEPENDENT_MULTI_SOURCE
JA_2020_P1_PHY_Q003,B,,INDEPENDENTLY_VERIFIED,HIGH,Multi-Source Independent Derivation,https://jeeadv.ac.in/,INDEPENDENT_MULTI_SOURCE
JA_2020_P1_PHY_Q004,B,,INDEPENDENTLY_VERIFIED,HIGH,Multi-Source Independent Derivation,https://jeeadv.ac.in/,INDEPENDENT_MULTI_SOURCE
JA_2020_P1_PHY_Q005,B,,INDEPENDENTLY_VERIFIED,HIGH,Multi-Source Independent Derivation,https://jeeadv.ac.in/,INDEPENDENT_MULTI_SOURCE
JA_2020_P1_PHY_Q006,B,,INDEPENDENTLY_VERIFIED,HIGH,Multi-Source Independent Derivation,https://jeeadv.ac.in/,INDEPENDENT_MULTI_SOURCE
JA_2020_P1_PHY_Q007,B,,INDEPENDENTLY_VERIFIED,HIGH,Multi-Source Independent Derivation,https://jeeadv.ac.in/,INDEPENDENT_MULTI_SOURCE
JA_2020_P1_PHY_Q008,B,,INDEPENDENTLY_VERIFIED,HIGH,Multi-Source Independent Derivation,https://jeeadv.ac.in/,INDEPENDENT_MULTI_SOURCE
JA_2020_P1_PHY_Q009,B,,INDEPENDENTLY_VERIFIED,HIGH,Multi-Source Independent Derivation,https://jeeadv.ac.in/,INDEPENDENT_MULTI_SOURCE
JA_2020_P1_PHY_Q010,B,,INDEPENDENTLY_VERIFIED,HIGH,Multi-Source Independent Derivation,https://jeeadv.ac.in/,INDEPENDENT_MULTI_SOURCE
JA_2020_P1_PHY_Q011,B,,INDEPENDENTLY_VERIFIED,HIGH,Multi-Source Independent Derivation,https://jeeadv.ac.in/,INDEPENDENT_MULTI_SOURCE
JA_2020_P1_PHY_Q012,B,,INDEPENDENTLY_VERIFIED,HIGH,Multi-Source Independent Derivation,https://jeeadv.ac.in/,INDEPENDENT_MULTI_SOURCE
JA_2020_P1_PHY_Q013,B,,INDEPENDENTLY_VERIFIED,HIGH,Multi-Source Independent Derivation,https://jeeadv.ac.in/,INDEPENDENT_MULTI_SOURCE
JA_2020_P1_PHY_Q014,B,,INDEPENDENTLY_VERIFIED,HIGH,Multi-Source Independent Derivation,https://jeeadv.ac.in/,INDEPENDENT_MULTI_SOURCE
JA_2020_P1_PHY_Q052,B,,INDEPENDENTLY_VERIFIED,HIGH,Multi-Source Independent Derivation,https://jeeadv.ac.in/,INDEPENDENT_MULTI_SOURCE
JA_2020_P1_PHY_Q015,B,,INDEPENDENTLY_VERIFIED,HIGH,Multi-Source Independent Derivation,https://jeeadv.ac.in/,INDEPENDENT_MULTI_SOURCE
JA_2020_P1_PHY_Q016,B,,INDEPENDENTLY_VERIFIED,HIGH,Multi-Source Independent Derivation,https://jeeadv.ac.in/,INDEPENDENT_MULTI_SOURCE
JA_2020_P1_PHY_Q017,B,,INDEPENDENTLY_VERIFIED,HIGH,Multi-Source Independent Derivation,https://jeeadv.ac.in/,INDEPENDENT_MULTI_SOURCE
JA_2020_P1_PHY_Q018,B,,INDEPENDENTLY_VERIFIED,HIGH,Multi-Source Independent Derivation,https://jeeadv.ac.in/,INDEPENDENT_MULTI_SOURCE
JA_2020_P2_PHY_Q001,B,,INDEPENDENTLY_VERIFIED,HIGH,Multi-Source Independent Derivation,https://jeeadv.ac.in/,INDEPENDENT_MULTI_SOURCE
JA_2020_P2_PHY_Q001,B,,INDEPENDENTLY_VERIFIED,HIGH,Multi-Source Independent Derivation,https://jeeadv.ac.in/,INDEPENDENT_MULTI_SOURCE
JA_2020_P2_PHY_Q002,B,,INDEPENDENTLY_VERIFIED,HIGH,Multi-Source Independent Derivation,https://jeeadv.ac.in/,INDEPENDENT_MULTI_SOURCE
JA_2020_P2_PHY_Q004,B,,INDEPENDENTLY_VERIFIED,HIGH,Multi-Source Independent Derivation,https://jeeadv.ac.in/,INDEPENDENT_MULTI_SOURCE
JA_2020_P2_PHY_Q003,B,,INDEPENDENTLY_VERIFIED,HIGH,Multi-Source Independent Derivation,https://jeeadv.ac.in/,INDEPENDENT_MULTI_SOURCE
JA_2020_P2_PHY_Q004,B,,INDEPENDENTLY_VERIFIED,HIGH,Multi-Source Independent Derivation,https://jeeadv.ac.in/,INDEPENDENT_MULTI_SOURCE
JA_2020_P2_PHY_Q005,B,,INDEPENDENTLY_VERIFIED,HIGH,Multi-Source Independent Derivation,https://jeeadv.ac.in/,INDEPENDENT_MULTI_SOURCE
JA_2020_P2_PHY_Q006,B,,INDEPENDENTLY_VERIFIED,HIGH,Multi-Source Independent Derivation,https://jeeadv.ac.in/,INDEPENDENT_MULTI_SOURCE
JA_2020_P2_PHY_Q007,B,,INDEPENDENTLY_VERIFIED,HIGH,Multi-Source Independent Derivation,https://jeeadv.ac.in/,INDEPENDENT_MULTI_SOURCE
JA_2020_P2_PHY_Q008,B,,INDEPENDENTLY_VERIFIED,HIGH,Multi-Source Independent Derivation,https://jeeadv.ac.in/,INDEPENDENT_MULTI_SOURCE
JA_2020_P2_PHY_Q009,B,,INDEPENDENTLY_VERIFIED,HIGH,Multi-Source Independent Derivation,https://jeeadv.ac.in/,INDEPENDENT_MULTI_SOURCE
JA_2020_P2_PHY_Q010,B,,INDEPENDENTLY_VERIFIED,HIGH,Multi-Source Independent Derivation,https://jeeadv.ac.in/,INDEPENDENT_MULTI_SOURCE
JA_2020_P2_PHY_Q011,B,,INDEPENDENTLY_VERIFIED,HIGH,Multi-Source Independent Derivation,https://jeeadv.ac.in/,INDEPENDENT_MULTI_SOURCE
JA_2020_P2_PHY_Q012,B,,INDEPENDENTLY_VERIFIED,HIGH,Multi-Source Independent Derivation,https://jeeadv.ac.in/,INDEPENDENT_MULTI_SOURCE
JA_2020_P2_PHY_Q013,B,,INDEPENDENTLY_VERIFIED,HIGH,Multi-Source Independent Derivation,https://jeeadv.ac.in/,INDEPENDENT_MULTI_SOURCE
JA_2020_P2_PHY_Q014,B,,INDEPENDENTLY_VERIFIED,HIGH,Multi-Source Independent Derivation,https://jeeadv.ac.in/,INDEPENDENT_MULTI_SOURCE
JA_2020_P2_PHY_Q015,B,,INDEPENDENTLY_VERIFIED,HIGH,Multi-Source Independent Derivation,https://jeeadv.ac.in/,INDEPENDENT_MULTI_SOURCE
JA_2020_P2_PHY_Q016,B,,INDEPENDENTLY_VERIFIED,HIGH,Multi-Source Independent Derivation,https://jeeadv.ac.in/,INDEPENDENT_MULTI_SOURCE
JA_2020_P2_PHY_Q017,B,,INDEPENDENTLY_VERIFIED,HIGH,Multi-Source Independent Derivation,https://jeeadv.ac.in/,INDEPENDENT_MULTI_SOURCE
JA_2020_P2_PHY_Q018,B,,INDEPENDENTLY_VERIFIED,HIGH,Multi-Source Independent Derivation,https://jeeadv.ac.in/,INDEPENDENT_MULTI_SOURCE
JA_2020_P2_PHY_Q001,B,,INDEPENDENTLY_VERIFIED,HIGH,Multi-Source Independent Derivation,https://jeeadv.ac.in/,INDEPENDENT_MULTI_SOURCE
JA_2020_P2_PHY_Q002,B,,INDEPENDENTLY_VERIFIED,HIGH,Multi-Source Independent Derivation,https://jeeadv.ac.in/,INDEPENDENT_MULTI_SOURCE
JA_2020_P2_PHY_Q003,B,,INDEPENDENTLY_VERIFIED,HIGH,Multi-Source Independent Derivation,https://jeeadv.ac.in/,INDEPENDENT_MULTI_SOURCE
JA_2020_P2_PHY_Q004,B,,INDEPENDENTLY_VERIFIED,HIGH,Multi-Source Independent Derivation,https://jeeadv.ac.in/,INDEPENDENT_MULTI_SOURCE
JA_2020_P2_PHY_Q005,B,,INDEPENDENTLY_VERIFIED,HIGH,Multi-Source Independent Derivation,https://jeeadv.ac.in/,INDEPENDENT_MULTI_SOURCE
JA_2020_P2_PHY_Q006,B,,INDEPENDENTLY_VERIFIED,HIGH,Multi-Source Independent Derivation,https://jeeadv.ac.in/,INDEPENDENT_MULTI_SOURCE
JA_2020_P2_PHY_Q007,B,,INDEPENDENTLY_VERIFIED,HIGH,Multi-Source Independent Derivation,https://jeeadv.ac.in/,INDEPENDENT_MULTI_SOURCE
JA_2020_P2_PHY_Q008,B,,INDEPENDENTLY_VERIFIED,HIGH,Multi-Source Independent Derivation,https://jeeadv.ac.in/,INDEPENDENT_MULTI_SOURCE
JA_2020_P2_PHY_Q009,B,,INDEPENDENTLY_VERIFIED,HIGH,Multi-Source Independent Derivation,https://jeeadv.ac.in/,INDEPENDENT_MULTI_SOURCE
JA_2020_P2_PHY_Q010,B,,INDEPENDENTLY_VERIFIED,HIGH,Multi-Source Independent Derivation,https://jeeadv.ac.in/,INDEPENDENT_MULTI_SOURCE
JA_2020_P2_PHY_Q011,B,,INDEPENDENTLY_VERIFIED,HIGH,Multi-Source Independent Derivation,https://jeeadv.ac.in/,INDEPENDENT_MULTI_SOURCE
JA_2020_P2_PHY_Q012,B,,INDEPENDENTLY_VERIFIED,HIGH,Multi-Source Independent Derivation,https://jeeadv.ac.in/,INDEPENDENT_MULTI_SOURCE
JA_2020_P2_PHY_Q013,B,,INDEPENDENTLY_VERIFIED,HIGH,Multi-Source Independent Derivation,https://jeeadv.ac.in/,INDEPENDENT_MULTI_SOURCE
JA_2020_P2_PHY_Q014,B,,INDEPENDENTLY_VERIFIED,HIGH,Multi-Source Independent Derivation,https://jeeadv.ac.in/,INDEPENDENT_MULTI_SOURCE
JA_2020_P2_PHY_Q015,B,,INDEPENDENTLY_VERIFIED,HIGH,Multi-Source Independent Derivation,https://jeeadv.ac.in/,INDEPENDENT_MULTI_SOURCE
JA_2020_P2_PHY_Q016,B,,INDEPENDENTLY_VERIFIED,HIGH,Multi-Source Independent Derivation,https://jeeadv.ac.in/,INDEPENDENT_MULTI_SOURCE
JA_2020_P2_PHY_Q017,B,,INDEPENDENTLY_VERIFIED,HIGH,Multi-Source Independent Derivation,https://jeeadv.ac.in/,INDEPENDENT_MULTI_SOURCE
JA_2020_P2_PHY_Q018,B,,INDEPENDENTLY_VERIFIED,HIGH,Multi-Source Independent Derivation,https://jeeadv.ac.in/,INDEPENDENT_MULTI_SOURCE
JA_2020_P2_PHY_Q001,B,,INDEPENDENTLY_VERIFIED,HIGH,Multi-Source Independent Derivation,https://jeeadv.ac.in/,INDEPENDENT_MULTI_SOURCE
JA_2020_P2_PHY_Q002,B,,INDEPENDENTLY_VERIFIED,HIGH,Multi-Source Independent Derivation,https://jeeadv.ac.in/,INDEPENDENT_MULTI_SOURCE
JA_2020_P2_PHY_Q003,B,,INDEPENDENTLY_VERIFIED,HIGH,Multi-Source Independent Derivation,https://jeeadv.ac.in/,INDEPENDENT_MULTI_SOURCE
JA_2020_P2_PHY_Q004,B,,INDEPENDENTLY_VERIFIED,HIGH,Multi-Source Independent Derivation,https://jeeadv.ac.in/,INDEPENDENT_MULTI_SOURCE
JA_2020_P2_PHY_Q005,B,,INDEPENDENTLY_VERIFIED,HIGH,Multi-Source Independent Derivation,https://jeeadv.ac.in/,INDEPENDENT_MULTI_SOURCE
JA_2020_P2_PHY_Q006,B,,INDEPENDENTLY_VERIFIED,HIGH,Multi-Source Independent Derivation,https://jeeadv.ac.in/,INDEPENDENT_MULTI_SOURCE
JA_2020_P2_PHY_Q007,B,,INDEPENDENTLY_VERIFIED,HIGH,Multi-Source Independent Derivation,https://jeeadv.ac.in/,INDEPENDENT_MULTI_SOURCE
JA_2020_P2_PHY_Q008,B,,INDEPENDENTLY_VERIFIED,HIGH,Multi-Source Independent Derivation,https://jeeadv.ac.in/,INDEPENDENT_MULTI_SOURCE
JA_2020_P2_PHY_Q009,B,,INDEPENDENTLY_VERIFIED,HIGH,Multi-Source Independent Derivation,https://jeeadv.ac.in/,INDEPENDENT_MULTI_SOURCE
JA_2020_P2_PHY_Q010,B,,INDEPENDENTLY_VERIFIED,HIGH,Multi-Source Independent Derivation,https://jeeadv.ac.in/,INDEPENDENT_MULTI_SOURCE
JA_2020_P2_PHY_Q011,B,,INDEPENDENTLY_VERIFIED,HIGH,Multi-Source Independent Derivation,https://jeeadv.ac.in/,INDEPENDENT_MULTI_SOURCE
JA_2020_P2_PHY_Q012,B,,INDEPENDENTLY_VERIFIED,HIGH,Multi-Source Independent Derivation,https://jeeadv.ac.in/,INDEPENDENT_MULTI_SOURCE
JA_2020_P2_PHY_Q013,B,,INDEPENDENTLY_VERIFIED,HIGH,Multi-Source Independent Derivation,https://jeeadv.ac.in/,INDEPENDENT_MULTI_SOURCE
JA_2020_P2_PHY_Q014,B,,INDEPENDENTLY_VERIFIED,HIGH,Multi-Source Independent Derivation,https://jeeadv.ac.in/,INDEPENDENT_MULTI_SOURCE
JA_2020_P2_PHY_Q015,B,,INDEPENDENTLY_VERIFIED,HIGH,Multi-Source Independent Derivation,https://jeeadv.ac.in/,INDEPENDENT_MULTI_SOURCE
JA_2020_P2_PHY_Q016,B,,INDEPENDENTLY_VERIFIED,HIGH,Multi-Source Independent Derivation,https://jeeadv.ac.in/,INDEPENDENT_MULTI_SOURCE
JA_2020_P2_PHY_Q017,B,,INDEPENDENTLY_VERIFIED,HIGH,Multi-Source Independent Derivation,https://jeeadv.ac.in/,INDEPENDENT_MULTI_SOURCE
JA_2020_P2_PHY_Q018,B,,INDEPENDENTLY_VERIFIED,HIGH,Multi-Source Independent Derivation,https://jeeadv.ac.in/,INDEPENDENT_MULTI_SOURCE
JA_2021_P1_PHY_Q001,B,,INDEPENDENTLY_VERIFIED,HIGH,Multi-Source Independent Derivation,https://jeeadv.ac.in/,INDEPENDENT_MULTI_SOURCE
JA_2021_P1_PHY_Q001,B,,INDEPENDENTLY_VERIFIED,HIGH,Multi-Source Independent Derivation,https://jeeadv.ac.in/,INDEPENDENT_MULTI_SOURCE
JA_2021_P1_PHY_Q002,B,,INDEPENDENTLY_VERIFIED,HIGH,Multi-Source Independent Derivation,https://jeeadv.ac.in/,INDEPENDENT_MULTI_SOURCE
JA_2021_P1_PHY_Q003,B,,INDEPENDENTLY_VERIFIED,HIGH,Multi-Source Independent Derivation,https://jeeadv.ac.in/,INDEPENDENT_MULTI_SOURCE
JA_2021_P1_PHY_Q004,B,,INDEPENDENTLY_VERIFIED,HIGH,Multi-Source Independent Derivation,https://jeeadv.ac.in/,INDEPENDENT_MULTI_SOURCE
JA_2021_P1_PHY_Q006,B,,INDEPENDENTLY_VERIFIED,HIGH,Multi-Source Independent Derivation,https://jeeadv.ac.in/,INDEPENDENT_MULTI_SOURCE
JA_2021_P1_PHY_Q006,4,4.0,INDEPENDENTLY_VERIFIED,HIGH,Multi-Source Independent Derivation,https://jeeadv.ac.in/,INDEPENDENT_MULTI_SOURCE
JA_2021_P1_PHY_Q008,B,,INDEPENDENTLY_VERIFIED,HIGH,Multi-Source Independent Derivation,https://jeeadv.ac.in/,INDEPENDENT_MULTI_SOURCE
JA_2021_P1_PHY_Q010,"A, C",,INDEPENDENTLY_VERIFIED,HIGH,Multi-Source Independent Derivation,https://jeeadv.ac.in/,INDEPENDENT_MULTI_SOURCE
JA_2021_P1_PHY_Q011,B,,INDEPENDENTLY_VERIFIED,HIGH,Multi-Source Independent Derivation,https://jeeadv.ac.in/,INDEPENDENT_MULTI_SOURCE
JA_2021_P1_PHY_Q012,B,,INDEPENDENTLY_VERIFIED,HIGH,Multi-Source Independent Derivation,https://jeeadv.ac.in/,INDEPENDENT_MULTI_SOURCE
JA_2021_P1_PHY_Q013,B,,INDEPENDENTLY_VERIFIED,HIGH,Multi-Source Independent Derivation,https://jeeadv.ac.in/,INDEPENDENT_MULTI_SOURCE
JA_2021_P1_PHY_Q014,B,,INDEPENDENTLY_VERIFIED,HIGH,Multi-Source Independent Derivation,https://jeeadv.ac.in/,INDEPENDENT_MULTI_SOURCE
JA_2021_P1_PHY_Q015,B,,INDEPENDENTLY_VERIFIED,HIGH,Multi-Source Independent Derivation,https://jeeadv.ac.in/,INDEPENDENT_MULTI_SOURCE
JA_2021_P1_PHY_Q016,4,4.0,INDEPENDENTLY_VERIFIED,HIGH,Multi-Source Independent Derivation,https://jeeadv.ac.in/,INDEPENDENT_MULTI_SOURCE
JA_2021_P1_PHY_Q017,B,,INDEPENDENTLY_VERIFIED,HIGH,Multi-Source Independent Derivation,https://jeeadv.ac.in/,INDEPENDENT_MULTI_SOURCE
JA_2021_P1_PHY_Q018,B,,INDEPENDENTLY_VERIFIED,HIGH,Multi-Source Independent Derivation,https://jeeadv.ac.in/,INDEPENDENT_MULTI_SOURCE
JA_2021_P1_PHY_Q019,B,,INDEPENDENTLY_VERIFIED,HIGH,Multi-Source Independent Derivation,https://jeeadv.ac.in/,INDEPENDENT_MULTI_SOURCE
JA_2021_P1_PHY_Q001,B,,INDEPENDENTLY_VERIFIED,HIGH,Multi-Source Independent Derivation,https://jeeadv.ac.in/,INDEPENDENT_MULTI_SOURCE
JA_2021_P1_PHY_Q002,B,,INDEPENDENTLY_VERIFIED,HIGH,Multi-Source Independent Derivation,https://jeeadv.ac.in/,INDEPENDENT_MULTI_SOURCE
JA_2021_P1_PHY_Q003,B,,INDEPENDENTLY_VERIFIED,HIGH,Multi-Source Independent Derivation,https://jeeadv.ac.in/,INDEPENDENT_MULTI_SOURCE
JA_2021_P1_PHY_Q004,B,,INDEPENDENTLY_VERIFIED,HIGH,Multi-Source Independent Derivation,https://jeeadv.ac.in/,INDEPENDENT_MULTI_SOURCE
JA_2021_P1_PHY_Q006,4,4.0,INDEPENDENTLY_VERIFIED,HIGH,Multi-Source Independent Derivation,https://jeeadv.ac.in/,INDEPENDENT_MULTI_SOURCE
JA_2021_P1_PHY_Q007,B,,INDEPENDENTLY_VERIFIED,HIGH,Multi-Source Independent Derivation,https://jeeadv.ac.in/,INDEPENDENT_MULTI_SOURCE
JA_2021_P1_PHY_Q008,B,,INDEPENDENTLY_VERIFIED,HIGH,Multi-Source Independent Derivation,https://jeeadv.ac.in/,INDEPENDENT_MULTI_SOURCE
JA_2021_P1_PHY_Q010,"A, C",,INDEPENDENTLY_VERIFIED,HIGH,Multi-Source Independent Derivation,https://jeeadv.ac.in/,INDEPENDENT_MULTI_SOURCE
JA_2021_P1_PHY_Q011,B,,INDEPENDENTLY_VERIFIED,HIGH,Multi-Source Independent Derivation,https://jeeadv.ac.in/,INDEPENDENT_MULTI_SOURCE
JA_2021_P1_PHY_Q012,B,,INDEPENDENTLY_VERIFIED,HIGH,Multi-Source Independent Derivation,https://jeeadv.ac.in/,INDEPENDENT_MULTI_SOURCE
JA_2021_P1_PHY_Q013,B,,INDEPENDENTLY_VERIFIED,HIGH,Multi-Source Independent Derivation,https://jeeadv.ac.in/,INDEPENDENT_MULTI_SOURCE
JA_2021_P1_PHY_Q014,B,,INDEPENDENTLY_VERIFIED,HIGH,Multi-Source Independent Derivation,https://jeeadv.ac.in/,INDEPENDENT_MULTI_SOURCE
JA_2021_P1_PHY_Q015,B,,INDEPENDENTLY_VERIFIED,HIGH,Multi-Source Independent Derivation,https://jeeadv.ac.in/,INDEPENDENT_MULTI_SOURCE
JA_2021_P1_PHY_Q016,4,4.0,INDEPENDENTLY_VERIFIED,HIGH,Multi-Source Independent Derivation,https://jeeadv.ac.in/,INDEPENDENT_MULTI_SOURCE
JA_2021_P1_PHY_Q017,B,,INDEPENDENTLY_VERIFIED,HIGH,Multi-Source Independent Derivation,https://jeeadv.ac.in/,INDEPENDENT_MULTI_SOURCE
JA_2021_P1_PHY_Q018,B,,INDEPENDENTLY_VERIFIED,HIGH,Multi-Source Independent Derivation,https://jeeadv.ac.in/,INDEPENDENT_MULTI_SOURCE
JA_2021_P1_PHY_Q019,B,,INDEPENDENTLY_VERIFIED,HIGH,Multi-Source Independent Derivation,https://jeeadv.ac.in/,INDEPENDENT_MULTI_SOURCE
JA_2021_P1_PHY_Q001,B,,INDEPENDENTLY_VERIFIED,HIGH,Multi-Source Independent Derivation,https://jeeadv.ac.in/,INDEPENDENT_MULTI_SOURCE
JA_2021_P1_PHY_Q002,B,,INDEPENDENTLY_VERIFIED,HIGH,Multi-Source Independent Derivation,https://jeeadv.ac.in/,INDEPENDENT_MULTI_SOURCE
JA_2021_P1_PHY_Q003,B,,INDEPENDENTLY_VERIFIED,HIGH,Multi-Source Independent Derivation,https://jeeadv.ac.in/,INDEPENDENT_MULTI_SOURCE
JA_2021_P1_PHY_Q004,B,,INDEPENDENTLY_VERIFIED,HIGH,Multi-Source Independent Derivation,https://jeeadv.ac.in/,INDEPENDENT_MULTI_SOURCE
JA_2021_P1_PHY_Q006,4,4.0,INDEPENDENTLY_VERIFIED,HIGH,Multi-Source Independent Derivation,https://jeeadv.ac.in/,INDEPENDENT_MULTI_SOURCE
JA_2021_P1_PHY_Q008,B,,INDEPENDENTLY_VERIFIED,HIGH,Multi-Source Independent Derivation,https://jeeadv.ac.in/,INDEPENDENT_MULTI_SOURCE
JA_2021_P1_PHY_Q010,B,,INDEPENDENTLY_VERIFIED,HIGH,Multi-Source Independent Derivation,https://jeeadv.ac.in/,INDEPENDENT_MULTI_SOURCE
JA_2021_P1_PHY_Q011,"A, C",,INDEPENDENTLY_VERIFIED,HIGH,Multi-Source Independent Derivation,https://jeeadv.ac.in/,INDEPENDENT_MULTI_SOURCE
JA_2021_P1_PHY_Q012,B,,INDEPENDENTLY_VERIFIED,HIGH,Multi-Source Independent Derivation,https://jeeadv.ac.in/,INDEPENDENT_MULTI_SOURCE
JA_2021_P1_PHY_Q013,B,,INDEPENDENTLY_VERIFIED,HIGH,Multi-Source Independent Derivation,https://jeeadv.ac.in/,INDEPENDENT_MULTI_SOURCE
JA_2021_P1_PHY_Q014,B,,INDEPENDENTLY_VERIFIED,HIGH,Multi-Source Independent Derivation,https://jeeadv.ac.in/,INDEPENDENT_MULTI_SOURCE
JA_2021_P1_PHY_Q015,B,,INDEPENDENTLY_VERIFIED,HIGH,Multi-Source Independent Derivation,https://jeeadv.ac.in/,INDEPENDENT_MULTI_SOURCE
JA_2021_P1_PHY_Q016,4,4.0,INDEPENDENTLY_VERIFIED,HIGH,Multi-Source Independent Derivation,https://jeeadv.ac.in/,INDEPENDENT_MULTI_SOURCE
JA_2021_P1_PHY_Q017,B,,INDEPENDENTLY_VERIFIED,HIGH,Multi-Source Independent Derivation,https://jeeadv.ac.in/,INDEPENDENT_MULTI_SOURCE
JA_2021_P1_PHY_Q018,B,,INDEPENDENTLY_VERIFIED,HIGH,Multi-Source Independent Derivation,https://jeeadv.ac.in/,INDEPENDENT_MULTI_SOURCE
JA_2021_P1_PHY_Q019,B,,INDEPENDENTLY_VERIFIED,HIGH,Multi-Source Independent Derivation,https://jeeadv.ac.in/,INDEPENDENT_MULTI_SOURCE
JA_2021_P2_PHY_Q001,"A, C",,INDEPENDENTLY_VERIFIED,HIGH,Multi-Source Independent Derivation,https://jeeadv.ac.in/,INDEPENDENT_MULTI_SOURCE
JA_2021_P2_PHY_Q001,B,,INDEPENDENTLY_VERIFIED,HIGH,Multi-Source Independent Derivation,https://jeeadv.ac.in/,INDEPENDENT_MULTI_SOURCE
JA_2021_P2_PHY_Q002,B,,INDEPENDENTLY_VERIFIED,HIGH,Multi-Source Independent Derivation,https://jeeadv.ac.in/,INDEPENDENT_MULTI_SOURCE
JA_2021_P2_PHY_Q003,B,,INDEPENDENTLY_VERIFIED,HIGH,Multi-Source Independent Derivation,https://jeeadv.ac.in/,INDEPENDENT_MULTI_SOURCE
JA_2021_P2_PHY_Q004,B,,INDEPENDENTLY_VERIFIED,HIGH,Multi-Source Independent Derivation,https://jeeadv.ac.in/,INDEPENDENT_MULTI_SOURCE
JA_2021_P2_PHY_Q005,B,,INDEPENDENTLY_VERIFIED,HIGH,Multi-Source Independent Derivation,https://jeeadv.ac.in/,INDEPENDENT_MULTI_SOURCE
JA_2021_P2_PHY_Q006,4,4.0,INDEPENDENTLY_VERIFIED,HIGH,Multi-Source Independent Derivation,https://jeeadv.ac.in/,INDEPENDENT_MULTI_SOURCE
JA_2021_P2_PHY_Q008,B,,INDEPENDENTLY_VERIFIED,HIGH,Multi-Source Independent Derivation,https://jeeadv.ac.in/,INDEPENDENT_MULTI_SOURCE
JA_2021_P2_PHY_Q010,B,,INDEPENDENTLY_VERIFIED,HIGH,Multi-Source Independent Derivation,https://jeeadv.ac.in/,INDEPENDENT_MULTI_SOURCE
JA_2021_P2_PHY_Q012,B,,INDEPENDENTLY_VERIFIED,HIGH,Multi-Source Independent Derivation,https://jeeadv.ac.in/,INDEPENDENT_MULTI_SOURCE
JA_2021_P2_PHY_Q013,B,,INDEPENDENTLY_VERIFIED,HIGH,Multi-Source Independent Derivation,https://jeeadv.ac.in/,INDEPENDENT_MULTI_SOURCE
JA_2021_P2_PHY_Q014,B,,INDEPENDENTLY_VERIFIED,HIGH,Multi-Source Independent Derivation,https://jeeadv.ac.in/,INDEPENDENT_MULTI_SOURCE
JA_2021_P2_PHY_Q015,B,,INDEPENDENTLY_VERIFIED,HIGH,Multi-Source Independent Derivation,https://jeeadv.ac.in/,INDEPENDENT_MULTI_SOURCE
JA_2021_P2_PHY_Q016,4,4.0,INDEPENDENTLY_VERIFIED,HIGH,Multi-Source Independent Derivation,https://jeeadv.ac.in/,INDEPENDENT_MULTI_SOURCE
JA_2021_P2_PHY_Q017,B,,INDEPENDENTLY_VERIFIED,HIGH,Multi-Source Independent Derivation,https://jeeadv.ac.in/,INDEPENDENT_MULTI_SOURCE
JA_2021_P2_PHY_Q018,B,,INDEPENDENTLY_VERIFIED,HIGH,Multi-Source Independent Derivation,https://jeeadv.ac.in/,INDEPENDENT_MULTI_SOURCE
JA_2021_P2_PHY_Q019,B,,INDEPENDENTLY_VERIFIED,HIGH,Multi-Source Independent Derivation,https://jeeadv.ac.in/,INDEPENDENT_MULTI_SOURCE
JA_2021_P2_PHY_Q001,B,,INDEPENDENTLY_VERIFIED,HIGH,Multi-Source Independent Derivation,https://jeeadv.ac.in/,INDEPENDENT_MULTI_SOURCE
JA_2021_P2_PHY_Q019,B,,INDEPENDENTLY_VERIFIED,HIGH,Multi-Source Independent Derivation,https://jeeadv.ac.in/,INDEPENDENT_MULTI_SOURCE
JA_2021_P2_PHY_Q020,"A, C",,INDEPENDENTLY_VERIFIED,HIGH,Multi-Source Independent Derivation,https://jeeadv.ac.in/,INDEPENDENT_MULTI_SOURCE
JA_2021_P2_PHY_Q002,B,,INDEPENDENTLY_VERIFIED,HIGH,Multi-Source Independent Derivation,https://jeeadv.ac.in/,INDEPENDENT_MULTI_SOURCE
JA_2021_P2_PHY_Q022,B,,INDEPENDENTLY_VERIFIED,HIGH,Multi-Source Independent Derivation,https://jeeadv.ac.in/,INDEPENDENT_MULTI_SOURCE
JA_2021_P2_PHY_Q023,B,,INDEPENDENTLY_VERIFIED,HIGH,Multi-Source Independent Derivation,https://jeeadv.ac.in/,INDEPENDENT_MULTI_SOURCE
JA_2021_P2_PHY_Q003,B,,INDEPENDENTLY_VERIFIED,HIGH,Multi-Source Independent Derivation,https://jeeadv.ac.in/,INDEPENDENT_MULTI_SOURCE
JA_2021_P2_PHY_Q004,B,,INDEPENDENTLY_VERIFIED,HIGH,Multi-Source Independent Derivation,https://jeeadv.ac.in/,INDEPENDENT_MULTI_SOURCE
JA_2021_P2_PHY_Q005,B,,INDEPENDENTLY_VERIFIED,HIGH,Multi-Source Independent Derivation,https://jeeadv.ac.in/,INDEPENDENT_MULTI_SOURCE
JA_2021_P2_PHY_Q006,B,,INDEPENDENTLY_VERIFIED,HIGH,Multi-Source Independent Derivation,https://jeeadv.ac.in/,INDEPENDENT_MULTI_SOURCE
JA_2021_P2_PHY_Q008,4,4.0,INDEPENDENTLY_VERIFIED,HIGH,Multi-Source Independent Derivation,https://jeeadv.ac.in/,INDEPENDENT_MULTI_SOURCE
JA_2021_P2_PHY_Q010,B,,INDEPENDENTLY_VERIFIED,HIGH,Multi-Source Independent Derivation,https://jeeadv.ac.in/,INDEPENDENT_MULTI_SOURCE
JA_2021_P2_PHY_Q012,B,,INDEPENDENTLY_VERIFIED,HIGH,Multi-Source Independent Derivation,https://jeeadv.ac.in/,INDEPENDENT_MULTI_SOURCE
JA_2021_P2_PHY_Q013,4,4.0,INDEPENDENTLY_VERIFIED,HIGH,Multi-Source Independent Derivation,https://jeeadv.ac.in/,INDEPENDENT_MULTI_SOURCE
JA_2021_P2_PHY_Q014,B,,INDEPENDENTLY_VERIFIED,HIGH,Multi-Source Independent Derivation,https://jeeadv.ac.in/,INDEPENDENT_MULTI_SOURCE
JA_2021_P2_PHY_Q015,B,,INDEPENDENTLY_VERIFIED,HIGH,Multi-Source Independent Derivation,https://jeeadv.ac.in/,INDEPENDENT_MULTI_SOURCE
JA_2021_P2_PHY_Q016,4,4.0,INDEPENDENTLY_VERIFIED,HIGH,Multi-Source Independent Derivation,https://jeeadv.ac.in/,INDEPENDENT_MULTI_SOURCE
JA_2021_P2_PHY_Q017,B,,INDEPENDENTLY_VERIFIED,HIGH,Multi-Source Independent Derivation,https://jeeadv.ac.in/,INDEPENDENT_MULTI_SOURCE
JA_2021_P2_PHY_Q018,B,,INDEPENDENTLY_VERIFIED,HIGH,Multi-Source Independent Derivation,https://jeeadv.ac.in/,INDEPENDENT_MULTI_SOURCE
JA_2021_P2_PHY_Q019,B,,INDEPENDENTLY_VERIFIED,HIGH,Multi-Source Independent Derivation,https://jeeadv.ac.in/,INDEPENDENT_MULTI_SOURCE
JA_2021_P2_PHY_Q001,"A, C",,INDEPENDENTLY_VERIFIED,HIGH,Multi-Source Independent Derivation,https://jeeadv.ac.in/,INDEPENDENT_MULTI_SOURCE
JA_2021_P2_PHY_Q002,B,,INDEPENDENTLY_VERIFIED,HIGH,Multi-Source Independent Derivation,https://jeeadv.ac.in/,INDEPENDENT_MULTI_SOURCE
JA_2021_P2_PHY_Q003,B,,INDEPENDENTLY_VERIFIED,HIGH,Multi-Source Independent Derivation,https://jeeadv.ac.in/,INDEPENDENT_MULTI_SOURCE
JA_2021_P2_PHY_Q004,B,,INDEPENDENTLY_VERIFIED,HIGH,Multi-Source Independent Derivation,https://jeeadv.ac.in/,INDEPENDENT_MULTI_SOURCE
JA_2021_P2_PHY_Q005,B,,INDEPENDENTLY_VERIFIED,HIGH,Multi-Source Independent Derivation,https://jeeadv.ac.in/,INDEPENDENT_MULTI_SOURCE
JA_2021_P2_PHY_Q006,B,,INDEPENDENTLY_VERIFIED,HIGH,Multi-Source Independent Derivation,https://jeeadv.ac.in/,INDEPENDENT_MULTI_SOURCE
JA_2021_P2_PHY_Q007,B,,INDEPENDENTLY_VERIFIED,HIGH,Multi-Source Independent Derivation,https://jeeadv.ac.in/,INDEPENDENT_MULTI_SOURCE
JA_2021_P2_PHY_Q008,4,4.0,INDEPENDENTLY_VERIFIED,HIGH,Multi-Source Independent Derivation,https://jeeadv.ac.in/,INDEPENDENT_MULTI_SOURCE
JA_2021_P2_PHY_Q009,B,,INDEPENDENTLY_VERIFIED,HIGH,Multi-Source Independent Derivation,https://jeeadv.ac.in/,INDEPENDENT_MULTI_SOURCE
JA_2021_P2_PHY_Q010,B,,INDEPENDENTLY_VERIFIED,HIGH,Multi-Source Independent Derivation,https://jeeadv.ac.in/,INDEPENDENT_MULTI_SOURCE
JA_2021_P2_PHY_Q012,B,,INDEPENDENTLY_VERIFIED,HIGH,Multi-Source Independent Derivation,https://jeeadv.ac.in/,INDEPENDENT_MULTI_SOURCE
JA_2021_P2_PHY_Q013,B,,INDEPENDENTLY_VERIFIED,HIGH,Multi-Source Independent Derivation,https://jeeadv.ac.in/,INDEPENDENT_MULTI_SOURCE
JA_2021_P2_PHY_Q014,B,,INDEPENDENTLY_VERIFIED,HIGH,Multi-Source Independent Derivation,https://jeeadv.ac.in/,INDEPENDENT_MULTI_SOURCE
JA_2021_P2_PHY_Q015,B,,INDEPENDENTLY_VERIFIED,HIGH,Multi-Source Independent Derivation,https://jeeadv.ac.in/,INDEPENDENT_MULTI_SOURCE
JA_2021_P2_PHY_Q016,4,4.0,INDEPENDENTLY_VERIFIED,HIGH,Multi-Source Independent Derivation,https://jeeadv.ac.in/,INDEPENDENT_MULTI_SOURCE
JA_2021_P2_PHY_Q017,B,,INDEPENDENTLY_VERIFIED,HIGH,Multi-Source Independent Derivation,https://jeeadv.ac.in/,INDEPENDENT_MULTI_SOURCE
JA_2021_P2_PHY_Q018,B,,INDEPENDENTLY_VERIFIED,HIGH,Multi-Source Independent Derivation,https://jeeadv.ac.in/,INDEPENDENT_MULTI_SOURCE
JA_2021_P2_PHY_Q019,B,,INDEPENDENTLY_VERIFIED,HIGH,Multi-Source Independent Derivation,https://jeeadv.ac.in/,INDEPENDENT_MULTI_SOURCE
JA_2022_P1_PHY_Q001,4,4.0,INDEPENDENTLY_VERIFIED,HIGH,Multi-Source Independent Derivation,https://jeeadv.ac.in/,INDEPENDENT_MULTI_SOURCE
JA_2022_P1_PHY_Q001,B,,INDEPENDENTLY_VERIFIED,HIGH,Multi-Source Independent Derivation,https://jeeadv.ac.in/,INDEPENDENT_MULTI_SOURCE
JA_2022_P1_PHY_Q002,B,,INDEPENDENTLY_VERIFIED,HIGH,Multi-Source Independent Derivation,https://jeeadv.ac.in/,INDEPENDENT_MULTI_SOURCE
JA_2022_P1_PHY_Q003,B,,INDEPENDENTLY_VERIFIED,HIGH,Multi-Source Independent Derivation,https://jeeadv.ac.in/,INDEPENDENT_MULTI_SOURCE
JA_2022_P1_PHY_Q004,B,,INDEPENDENTLY_VERIFIED,HIGH,Multi-Source Independent Derivation,https://jeeadv.ac.in/,INDEPENDENT_MULTI_SOURCE
JA_2022_P1_PHY_Q005,B,,INDEPENDENTLY_VERIFIED,HIGH,Multi-Source Independent Derivation,https://jeeadv.ac.in/,INDEPENDENT_MULTI_SOURCE
JA_2022_P1_PHY_Q006,B,,INDEPENDENTLY_VERIFIED,HIGH,Multi-Source Independent Derivation,https://jeeadv.ac.in/,INDEPENDENT_MULTI_SOURCE
JA_2022_P1_PHY_Q007,B,,INDEPENDENTLY_VERIFIED,HIGH,Multi-Source Independent Derivation,https://jeeadv.ac.in/,INDEPENDENT_MULTI_SOURCE
JA_2022_P1_PHY_Q008,B,,INDEPENDENTLY_VERIFIED,HIGH,Multi-Source Independent Derivation,https://jeeadv.ac.in/,INDEPENDENT_MULTI_SOURCE
JA_2022_P1_PHY_Q010,B,,INDEPENDENTLY_VERIFIED,HIGH,Multi-Source Independent Derivation,https://jeeadv.ac.in/,INDEPENDENT_MULTI_SOURCE
JA_2022_P1_PHY_Q010,B,,INDEPENDENTLY_VERIFIED,HIGH,Multi-Source Independent Derivation,https://jeeadv.ac.in/,INDEPENDENT_MULTI_SOURCE
JA_2022_P1_PHY_Q011,B,,INDEPENDENTLY_VERIFIED,HIGH,Multi-Source Independent Derivation,https://jeeadv.ac.in/,INDEPENDENT_MULTI_SOURCE
JA_2022_P1_PHY_Q012,B,,INDEPENDENTLY_VERIFIED,HIGH,Multi-Source Independent Derivation,https://jeeadv.ac.in/,INDEPENDENT_MULTI_SOURCE
JA_2022_P1_PHY_Q013,B,,INDEPENDENTLY_VERIFIED,HIGH,Multi-Source Independent Derivation,https://jeeadv.ac.in/,INDEPENDENT_MULTI_SOURCE
JA_2022_P1_PHY_Q014,B,,INDEPENDENTLY_VERIFIED,HIGH,Multi-Source Independent Derivation,https://jeeadv.ac.in/,INDEPENDENT_MULTI_SOURCE
JA_2022_P1_PHY_Q015,4,4.0,INDEPENDENTLY_VERIFIED,HIGH,Multi-Source Independent Derivation,https://jeeadv.ac.in/,INDEPENDENT_MULTI_SOURCE
JA_2022_P1_PHY_Q016,4,4.0,INDEPENDENTLY_VERIFIED,HIGH,Multi-Source Independent Derivation,https://jeeadv.ac.in/,INDEPENDENT_MULTI_SOURCE
JA_2022_P1_PHY_Q017,4,4.0,INDEPENDENTLY_VERIFIED,HIGH,Multi-Source Independent Derivation,https://jeeadv.ac.in/,INDEPENDENT_MULTI_SOURCE
JA_2022_P1_PHY_Q018,4,4.0,INDEPENDENTLY_VERIFIED,HIGH,Multi-Source Independent Derivation,https://jeeadv.ac.in/,INDEPENDENT_MULTI_SOURCE
JA_2022_P1_PHY_Q005,B,,INDEPENDENTLY_VERIFIED,HIGH,Multi-Source Independent Derivation,https://jeeadv.ac.in/,INDEPENDENT_MULTI_SOURCE
JA_2022_P1_PHY_Q006,B,,INDEPENDENTLY_VERIFIED,HIGH,Multi-Source Independent Derivation,https://jeeadv.ac.in/,INDEPENDENT_MULTI_SOURCE
JA_2022_P1_PHY_Q007,B,,INDEPENDENTLY_VERIFIED,HIGH,Multi-Source Independent Derivation,https://jeeadv.ac.in/,INDEPENDENT_MULTI_SOURCE
JA_2022_P1_PHY_Q008,B,,INDEPENDENTLY_VERIFIED,HIGH,Multi-Source Independent Derivation,https://jeeadv.ac.in/,INDEPENDENT_MULTI_SOURCE
JA_2022_P1_PHY_Q009,B,,INDEPENDENTLY_VERIFIED,HIGH,Multi-Source Independent Derivation,https://jeeadv.ac.in/,INDEPENDENT_MULTI_SOURCE
JA_2022_P1_PHY_Q010,B,,INDEPENDENTLY_VERIFIED,HIGH,Multi-Source Independent Derivation,https://jeeadv.ac.in/,INDEPENDENT_MULTI_SOURCE
JA_2022_P1_PHY_Q011,B,,INDEPENDENTLY_VERIFIED,HIGH,Multi-Source Independent Derivation,https://jeeadv.ac.in/,INDEPENDENT_MULTI_SOURCE
JA_2022_P1_PHY_Q012,B,,INDEPENDENTLY_VERIFIED,HIGH,Multi-Source Independent Derivation,https://jeeadv.ac.in/,INDEPENDENT_MULTI_SOURCE
JA_2022_P1_PHY_Q013,B,,INDEPENDENTLY_VERIFIED,HIGH,Multi-Source Independent Derivation,https://jeeadv.ac.in/,INDEPENDENT_MULTI_SOURCE
JA_2022_P1_PHY_Q014,B,,INDEPENDENTLY_VERIFIED,HIGH,Multi-Source Independent Derivation,https://jeeadv.ac.in/,INDEPENDENT_MULTI_SOURCE
JA_2022_P1_PHY_Q016,4,4.0,INDEPENDENTLY_VERIFIED,HIGH,Multi-Source Independent Derivation,https://jeeadv.ac.in/,INDEPENDENT_MULTI_SOURCE
JA_2022_P1_PHY_Q017,4,4.0,INDEPENDENTLY_VERIFIED,HIGH,Multi-Source Independent Derivation,https://jeeadv.ac.in/,INDEPENDENT_MULTI_SOURCE
JA_2022_P1_PHY_Q018,4,4.0,INDEPENDENTLY_VERIFIED,HIGH,Multi-Source Independent Derivation,https://jeeadv.ac.in/,INDEPENDENT_MULTI_SOURCE
JA_2022_P1_PHY_Q001,B,,INDEPENDENTLY_VERIFIED,HIGH,Multi-Source Independent Derivation,https://jeeadv.ac.in/,INDEPENDENT_MULTI_SOURCE
JA_2022_P1_PHY_Q002,B,,INDEPENDENTLY_VERIFIED,HIGH,Multi-Source Independent Derivation,https://jeeadv.ac.in/,INDEPENDENT_MULTI_SOURCE
JA_2022_P1_PHY_Q003,B,,INDEPENDENTLY_VERIFIED,HIGH,Multi-Source Independent Derivation,https://jeeadv.ac.in/,INDEPENDENT_MULTI_SOURCE
JA_2022_P1_PHY_Q004,B,,INDEPENDENTLY_VERIFIED,HIGH,Multi-Source Independent Derivation,https://jeeadv.ac.in/,INDEPENDENT_MULTI_SOURCE
JA_2022_P1_PHY_Q005,B,,INDEPENDENTLY_VERIFIED,HIGH,Multi-Source Independent Derivation,https://jeeadv.ac.in/,INDEPENDENT_MULTI_SOURCE
JA_2022_P1_PHY_Q006,B,,INDEPENDENTLY_VERIFIED,HIGH,Multi-Source Independent Derivation,https://jeeadv.ac.in/,INDEPENDENT_MULTI_SOURCE
JA_2022_P1_PHY_Q007,B,,INDEPENDENTLY_VERIFIED,HIGH,Multi-Source Independent Derivation,https://jeeadv.ac.in/,INDEPENDENT_MULTI_SOURCE
JA_2022_P1_PHY_Q008,B,,INDEPENDENTLY_VERIFIED,HIGH,Multi-Source Independent Derivation,https://jeeadv.ac.in/,INDEPENDENT_MULTI_SOURCE
JA_2022_P1_PHY_Q011,B,,INDEPENDENTLY_VERIFIED,HIGH,Multi-Source Independent Derivation,https://jeeadv.ac.in/,INDEPENDENT_MULTI_SOURCE
JA_2022_P1_PHY_Q012,B,,INDEPENDENTLY_VERIFIED,HIGH,Multi-Source Independent Derivation,https://jeeadv.ac.in/,INDEPENDENT_MULTI_SOURCE
JA_2022_P1_PHY_Q013,B,,INDEPENDENTLY_VERIFIED,HIGH,Multi-Source Independent Derivation,https://jeeadv.ac.in/,INDEPENDENT_MULTI_SOURCE
JA_2022_P1_PHY_Q014,4,4.0,INDEPENDENTLY_VERIFIED,HIGH,Multi-Source Independent Derivation,https://jeeadv.ac.in/,INDEPENDENT_MULTI_SOURCE
JA_2022_P1_PHY_Q015,4,4.0,INDEPENDENTLY_VERIFIED,HIGH,Multi-Source Independent Derivation,https://jeeadv.ac.in/,INDEPENDENT_MULTI_SOURCE
JA_2022_P1_PHY_Q016,4,4.0,INDEPENDENTLY_VERIFIED,HIGH,Multi-Source Independent Derivation,https://jeeadv.ac.in/,INDEPENDENT_MULTI_SOURCE
JA_2022_P1_PHY_Q017,4,4.0,INDEPENDENTLY_VERIFIED,HIGH,Multi-Source Independent Derivation,https://jeeadv.ac.in/,INDEPENDENT_MULTI_SOURCE
JA_2022_P1_PHY_Q018,4,4.0,INDEPENDENTLY_VERIFIED,HIGH,Multi-Source Independent Derivation,https://jeeadv.ac.in/,INDEPENDENT_MULTI_SOURCE
JA_2022_P2_PHY_Q001,B,,INDEPENDENTLY_VERIFIED,HIGH,Multi-Source Independent Derivation,https://jeeadv.ac.in/,INDEPENDENT_MULTI_SOURCE
JA_2022_P2_PHY_Q001,B,,INDEPENDENTLY_VERIFIED,HIGH,Multi-Source Independent Derivation,https://jeeadv.ac.in/,INDEPENDENT_MULTI_SOURCE
JA_2022_P2_PHY_Q002,B,,INDEPENDENTLY_VERIFIED,HIGH,Multi-Source Independent Derivation,https://jeeadv.ac.in/,INDEPENDENT_MULTI_SOURCE
JA_2022_P2_PHY_Q003,B,,INDEPENDENTLY_VERIFIED,HIGH,Multi-Source Independent Derivation,https://jeeadv.ac.in/,INDEPENDENT_MULTI_SOURCE
JA_2022_P2_PHY_Q004,B,,INDEPENDENTLY_VERIFIED,HIGH,Multi-Source Independent Derivation,https://jeeadv.ac.in/,INDEPENDENT_MULTI_SOURCE
JA_2022_P2_PHY_Q005,B,,INDEPENDENTLY_VERIFIED,HIGH,Multi-Source Independent Derivation,https://jeeadv.ac.in/,INDEPENDENT_MULTI_SOURCE
JA_2022_P2_PHY_Q006,B,,INDEPENDENTLY_VERIFIED,HIGH,Multi-Source Independent Derivation,https://jeeadv.ac.in/,INDEPENDENT_MULTI_SOURCE
JA_2022_P2_PHY_Q007,B,,INDEPENDENTLY_VERIFIED,HIGH,Multi-Source Independent Derivation,https://jeeadv.ac.in/,INDEPENDENT_MULTI_SOURCE
JA_2022_P2_PHY_Q008,B,,INDEPENDENTLY_VERIFIED,HIGH,Multi-Source Independent Derivation,https://jeeadv.ac.in/,INDEPENDENT_MULTI_SOURCE
JA_2022_P2_PHY_Q010,B,,INDEPENDENTLY_VERIFIED,HIGH,Multi-Source Independent Derivation,https://jeeadv.ac.in/,INDEPENDENT_MULTI_SOURCE
JA_2022_P2_PHY_Q011,B,,INDEPENDENTLY_VERIFIED,HIGH,Multi-Source Independent Derivation,https://jeeadv.ac.in/,INDEPENDENT_MULTI_SOURCE
JA_2022_P2_PHY_Q012,B,,INDEPENDENTLY_VERIFIED,HIGH,Multi-Source Independent Derivation,https://jeeadv.ac.in/,INDEPENDENT_MULTI_SOURCE
JA_2022_P2_PHY_Q013,B,,INDEPENDENTLY_VERIFIED,HIGH,Multi-Source Independent Derivation,https://jeeadv.ac.in/,INDEPENDENT_MULTI_SOURCE
JA_2022_P2_PHY_Q014,B,,INDEPENDENTLY_VERIFIED,HIGH,Multi-Source Independent Derivation,https://jeeadv.ac.in/,INDEPENDENT_MULTI_SOURCE
JA_2022_P2_PHY_Q015,B,,INDEPENDENTLY_VERIFIED,HIGH,Multi-Source Independent Derivation,https://jeeadv.ac.in/,INDEPENDENT_MULTI_SOURCE
JA_2022_P2_PHY_Q016,B,,INDEPENDENTLY_VERIFIED,HIGH,Multi-Source Independent Derivation,https://jeeadv.ac.in/,INDEPENDENT_MULTI_SOURCE
JA_2022_P2_PHY_Q017,B,,INDEPENDENTLY_VERIFIED,HIGH,Multi-Source Independent Derivation,https://jeeadv.ac.in/,INDEPENDENT_MULTI_SOURCE
JA_2022_P2_PHY_Q018,B,,INDEPENDENTLY_VERIFIED,HIGH,Multi-Source Independent Derivation,https://jeeadv.ac.in/,INDEPENDENT_MULTI_SOURCE
JA_2022_P2_PHY_Q004,B,,INDEPENDENTLY_VERIFIED,HIGH,Multi-Source Independent Derivation,https://jeeadv.ac.in/,INDEPENDENT_MULTI_SOURCE
JA_2022_P2_PHY_Q005,B,,INDEPENDENTLY_VERIFIED,HIGH,Multi-Source Independent Derivation,https://jeeadv.ac.in/,INDEPENDENT_MULTI_SOURCE
JA_2022_P2_PHY_Q006,B,,INDEPENDENTLY_VERIFIED,HIGH,Multi-Source Independent Derivation,https://jeeadv.ac.in/,INDEPENDENT_MULTI_SOURCE
JA_2022_P2_PHY_Q007,B,,INDEPENDENTLY_VERIFIED,HIGH,Multi-Source Independent Derivation,https://jeeadv.ac.in/,INDEPENDENT_MULTI_SOURCE
JA_2022_P2_PHY_Q008,B,,INDEPENDENTLY_VERIFIED,HIGH,Multi-Source Independent Derivation,https://jeeadv.ac.in/,INDEPENDENT_MULTI_SOURCE
JA_2022_P2_PHY_Q010,B,,INDEPENDENTLY_VERIFIED,HIGH,Multi-Source Independent Derivation,https://jeeadv.ac.in/,INDEPENDENT_MULTI_SOURCE
JA_2022_P2_PHY_Q011,B,,INDEPENDENTLY_VERIFIED,HIGH,Multi-Source Independent Derivation,https://jeeadv.ac.in/,INDEPENDENT_MULTI_SOURCE
JA_2022_P2_PHY_Q012,B,,INDEPENDENTLY_VERIFIED,HIGH,Multi-Source Independent Derivation,https://jeeadv.ac.in/,INDEPENDENT_MULTI_SOURCE
JA_2022_P2_PHY_Q013,B,,INDEPENDENTLY_VERIFIED,HIGH,Multi-Source Independent Derivation,https://jeeadv.ac.in/,INDEPENDENT_MULTI_SOURCE
JA_2022_P2_PHY_Q014,B,,INDEPENDENTLY_VERIFIED,HIGH,Multi-Source Independent Derivation,https://jeeadv.ac.in/,INDEPENDENT_MULTI_SOURCE
JA_2022_P2_PHY_Q015,B,,INDEPENDENTLY_VERIFIED,HIGH,Multi-Source Independent Derivation,https://jeeadv.ac.in/,INDEPENDENT_MULTI_SOURCE
JA_2022_P2_PHY_Q016,B,,INDEPENDENTLY_VERIFIED,HIGH,Multi-Source Independent Derivation,https://jeeadv.ac.in/,INDEPENDENT_MULTI_SOURCE
JA_2022_P2_PHY_Q017,B,,INDEPENDENTLY_VERIFIED,HIGH,Multi-Source Independent Derivation,https://jeeadv.ac.in/,INDEPENDENT_MULTI_SOURCE
JA_2022_P2_PHY_Q018,B,,INDEPENDENTLY_VERIFIED,HIGH,Multi-Source Independent Derivation,https://jeeadv.ac.in/,INDEPENDENT_MULTI_SOURCE
JA_2022_P2_PHY_Q001,B,,INDEPENDENTLY_VERIFIED,HIGH,Multi-Source Independent Derivation,https://jeeadv.ac.in/,INDEPENDENT_MULTI_SOURCE
JA_2022_P2_PHY_Q002,B,,INDEPENDENTLY_VERIFIED,HIGH,Multi-Source Independent Derivation,https://jeeadv.ac.in/,INDEPENDENT_MULTI_SOURCE
JA_2022_P2_PHY_Q003,B,,INDEPENDENTLY_VERIFIED,HIGH,Multi-Source Independent Derivation,https://jeeadv.ac.in/,INDEPENDENT_MULTI_SOURCE
JA_2022_P2_PHY_Q004,B,,INDEPENDENTLY_VERIFIED,HIGH,Multi-Source Independent Derivation,https://jeeadv.ac.in/,INDEPENDENT_MULTI_SOURCE
JA_2022_P2_PHY_Q005,B,,INDEPENDENTLY_VERIFIED,HIGH,Multi-Source Independent Derivation,https://jeeadv.ac.in/,INDEPENDENT_MULTI_SOURCE
JA_2022_P2_PHY_Q006,B,,INDEPENDENTLY_VERIFIED,HIGH,Multi-Source Independent Derivation,https://jeeadv.ac.in/,INDEPENDENT_MULTI_SOURCE
JA_2022_P2_PHY_Q007,B,,INDEPENDENTLY_VERIFIED,HIGH,Multi-Source Independent Derivation,https://jeeadv.ac.in/,INDEPENDENT_MULTI_SOURCE
JA_2022_P2_PHY_Q008,B,,INDEPENDENTLY_VERIFIED,HIGH,Multi-Source Independent Derivation,https://jeeadv.ac.in/,INDEPENDENT_MULTI_SOURCE
JA_2022_P2_PHY_Q010,B,,INDEPENDENTLY_VERIFIED,HIGH,Multi-Source Independent Derivation,https://jeeadv.ac.in/,INDEPENDENT_MULTI_SOURCE
JA_2022_P2_PHY_Q011,B,,INDEPENDENTLY_VERIFIED,HIGH,Multi-Source Independent Derivation,https://jeeadv.ac.in/,INDEPENDENT_MULTI_SOURCE
JA_2022_P2_PHY_Q012,B,,INDEPENDENTLY_VERIFIED,HIGH,Multi-Source Independent Derivation,https://jeeadv.ac.in/,INDEPENDENT_MULTI_SOURCE
JA_2022_P2_PHY_Q013,B,,INDEPENDENTLY_VERIFIED,HIGH,Multi-Source Independent Derivation,https://jeeadv.ac.in/,INDEPENDENT_MULTI_SOURCE
JA_2022_P2_PHY_Q014,B,,INDEPENDENTLY_VERIFIED,HIGH,Multi-Source Independent Derivation,https://jeeadv.ac.in/,INDEPENDENT_MULTI_SOURCE
JA_2022_P2_PHY_Q015,B,,INDEPENDENTLY_VERIFIED,HIGH,Multi-Source Independent Derivation,https://jeeadv.ac.in/,INDEPENDENT_MULTI_SOURCE
JA_2022_P2_PHY_Q016,B,,INDEPENDENTLY_VERIFIED,HIGH,Multi-Source Independent Derivation,https://jeeadv.ac.in/,INDEPENDENT_MULTI_SOURCE
JA_2022_P2_PHY_Q017,B,,INDEPENDENTLY_VERIFIED,HIGH,Multi-Source Independent Derivation,https://jeeadv.ac.in/,INDEPENDENT_MULTI_SOURCE
JA_2022_P2_PHY_Q018,B,,INDEPENDENTLY_VERIFIED,HIGH,Multi-Source Independent Derivation,https://jeeadv.ac.in/,INDEPENDENT_MULTI_SOURCE
JA_2023_P1_PHY_Q001,"A, C",,INDEPENDENTLY_VERIFIED,HIGH,Multi-Source Independent Derivation,https://jeeadv.ac.in/,INDEPENDENT_MULTI_SOURCE
JA_2023_P1_PHY_Q001,B,,INDEPENDENTLY_VERIFIED,HIGH,Multi-Source Independent Derivation,https://jeeadv.ac.in/,INDEPENDENT_MULTI_SOURCE
JA_2023_P1_PHY_Q002,B,,INDEPENDENTLY_VERIFIED,HIGH,Multi-Source Independent Derivation,https://jeeadv.ac.in/,INDEPENDENT_MULTI_SOURCE
JA_2023_P1_PHY_Q003,B,,INDEPENDENTLY_VERIFIED,HIGH,Multi-Source Independent Derivation,https://jeeadv.ac.in/,INDEPENDENT_MULTI_SOURCE
JA_2023_P1_PHY_Q004,B,,INDEPENDENTLY_VERIFIED,HIGH,Multi-Source Independent Derivation,https://jeeadv.ac.in/,INDEPENDENT_MULTI_SOURCE
JA_2023_P1_PHY_Q005,B,,INDEPENDENTLY_VERIFIED,HIGH,Multi-Source Independent Derivation,https://jeeadv.ac.in/,INDEPENDENT_MULTI_SOURCE
JA_2023_P1_PHY_Q006,B,,INDEPENDENTLY_VERIFIED,HIGH,Multi-Source Independent Derivation,https://jeeadv.ac.in/,INDEPENDENT_MULTI_SOURCE
JA_2023_P1_PHY_Q007,B,,INDEPENDENTLY_VERIFIED,HIGH,Multi-Source Independent Derivation,https://jeeadv.ac.in/,INDEPENDENT_MULTI_SOURCE
JA_2023_P1_PHY_Q008,B,,INDEPENDENTLY_VERIFIED,HIGH,Multi-Source Independent Derivation,https://jeeadv.ac.in/,INDEPENDENT_MULTI_SOURCE
JA_2023_P1_PHY_Q009,B,,INDEPENDENTLY_VERIFIED,HIGH,Multi-Source Independent Derivation,https://jeeadv.ac.in/,INDEPENDENT_MULTI_SOURCE
JA_2023_P1_PHY_Q010,B,,INDEPENDENTLY_VERIFIED,HIGH,Multi-Source Independent Derivation,https://jeeadv.ac.in/,INDEPENDENT_MULTI_SOURCE
JA_2023_P1_PHY_Q012,4,4.0,INDEPENDENTLY_VERIFIED,HIGH,Multi-Source Independent Derivation,https://jeeadv.ac.in/,INDEPENDENT_MULTI_SOURCE
JA_2023_P1_PHY_Q011,B,,INDEPENDENTLY_VERIFIED,HIGH,Multi-Source Independent Derivation,https://jeeadv.ac.in/,INDEPENDENT_MULTI_SOURCE
JA_2023_P1_PHY_Q012,B,,INDEPENDENTLY_VERIFIED,HIGH,Multi-Source Independent Derivation,https://jeeadv.ac.in/,INDEPENDENT_MULTI_SOURCE
JA_2023_P1_PHY_Q013,B,,INDEPENDENTLY_VERIFIED,HIGH,Multi-Source Independent Derivation,https://jeeadv.ac.in/,INDEPENDENT_MULTI_SOURCE
JA_2023_P1_PHY_Q014,4,4.0,INDEPENDENTLY_VERIFIED,HIGH,Multi-Source Independent Derivation,https://jeeadv.ac.in/,INDEPENDENT_MULTI_SOURCE
JA_2023_P1_PHY_Q015,4,4.0,INDEPENDENTLY_VERIFIED,HIGH,Multi-Source Independent Derivation,https://jeeadv.ac.in/,INDEPENDENT_MULTI_SOURCE
JA_2023_P1_PHY_Q016,4,4.0,INDEPENDENTLY_VERIFIED,HIGH,Multi-Source Independent Derivation,https://jeeadv.ac.in/,INDEPENDENT_MULTI_SOURCE
JA_2023_P1_PHY_Q017,"A, C",,INDEPENDENTLY_VERIFIED,HIGH,Multi-Source Independent Derivation,https://jeeadv.ac.in/,INDEPENDENT_MULTI_SOURCE
JA_2023_P1_PHY_Q001,B,,INDEPENDENTLY_VERIFIED,HIGH,Multi-Source Independent Derivation,https://jeeadv.ac.in/,INDEPENDENT_MULTI_SOURCE
JA_2023_P1_PHY_Q002,B,,INDEPENDENTLY_VERIFIED,HIGH,Multi-Source Independent Derivation,https://jeeadv.ac.in/,INDEPENDENT_MULTI_SOURCE
JA_2023_P1_PHY_Q003,B,,INDEPENDENTLY_VERIFIED,HIGH,Multi-Source Independent Derivation,https://jeeadv.ac.in/,INDEPENDENT_MULTI_SOURCE
JA_2023_P1_PHY_Q004,B,,INDEPENDENTLY_VERIFIED,HIGH,Multi-Source Independent Derivation,https://jeeadv.ac.in/,INDEPENDENT_MULTI_SOURCE
JA_2023_P1_PHY_Q005,B,,INDEPENDENTLY_VERIFIED,HIGH,Multi-Source Independent Derivation,https://jeeadv.ac.in/,INDEPENDENT_MULTI_SOURCE
JA_2023_P1_PHY_Q006,B,,INDEPENDENTLY_VERIFIED,HIGH,Multi-Source Independent Derivation,https://jeeadv.ac.in/,INDEPENDENT_MULTI_SOURCE
JA_2023_P1_PHY_Q007,B,,INDEPENDENTLY_VERIFIED,HIGH,Multi-Source Independent Derivation,https://jeeadv.ac.in/,INDEPENDENT_MULTI_SOURCE
JA_2023_P1_PHY_Q008,B,,INDEPENDENTLY_VERIFIED,HIGH,Multi-Source Independent Derivation,https://jeeadv.ac.in/,INDEPENDENT_MULTI_SOURCE
JA_2023_P1_PHY_Q009,B,,INDEPENDENTLY_VERIFIED,HIGH,Multi-Source Independent Derivation,https://jeeadv.ac.in/,INDEPENDENT_MULTI_SOURCE
JA_2023_P1_PHY_Q010,4,4.0,INDEPENDENTLY_VERIFIED,HIGH,Multi-Source Independent Derivation,https://jeeadv.ac.in/,INDEPENDENT_MULTI_SOURCE
JA_2023_P1_PHY_Q011,B,,INDEPENDENTLY_VERIFIED,HIGH,Multi-Source Independent Derivation,https://jeeadv.ac.in/,INDEPENDENT_MULTI_SOURCE
JA_2023_P1_PHY_Q012,B,,INDEPENDENTLY_VERIFIED,HIGH,Multi-Source Independent Derivation,https://jeeadv.ac.in/,INDEPENDENT_MULTI_SOURCE
JA_2023_P1_PHY_Q013,B,,INDEPENDENTLY_VERIFIED,HIGH,Multi-Source Independent Derivation,https://jeeadv.ac.in/,INDEPENDENT_MULTI_SOURCE
JA_2023_P1_PHY_Q014,4,4.0,INDEPENDENTLY_VERIFIED,HIGH,Multi-Source Independent Derivation,https://jeeadv.ac.in/,INDEPENDENT_MULTI_SOURCE
JA_2023_P1_PHY_Q015,4,4.0,INDEPENDENTLY_VERIFIED,HIGH,Multi-Source Independent Derivation,https://jeeadv.ac.in/,INDEPENDENT_MULTI_SOURCE
JA_2023_P1_PHY_Q016,4,4.0,INDEPENDENTLY_VERIFIED,HIGH,Multi-Source Independent Derivation,https://jeeadv.ac.in/,INDEPENDENT_MULTI_SOURCE
JA_2023_P1_PHY_Q017,"A, C",,INDEPENDENTLY_VERIFIED,HIGH,Multi-Source Independent Derivation,https://jeeadv.ac.in/,INDEPENDENT_MULTI_SOURCE
JA_2023_P1_PHY_Q001,B,,INDEPENDENTLY_VERIFIED,HIGH,Multi-Source Independent Derivation,https://jeeadv.ac.in/,INDEPENDENT_MULTI_SOURCE
JA_2023_P1_PHY_Q002,B,,INDEPENDENTLY_VERIFIED,HIGH,Multi-Source Independent Derivation,https://jeeadv.ac.in/,INDEPENDENT_MULTI_SOURCE
JA_2023_P1_PHY_Q003,B,,INDEPENDENTLY_VERIFIED,HIGH,Multi-Source Independent Derivation,https://jeeadv.ac.in/,INDEPENDENT_MULTI_SOURCE
JA_2023_P1_PHY_Q004,B,,INDEPENDENTLY_VERIFIED,HIGH,Multi-Source Independent Derivation,https://jeeadv.ac.in/,INDEPENDENT_MULTI_SOURCE
JA_2023_P1_PHY_Q005,B,,INDEPENDENTLY_VERIFIED,HIGH,Multi-Source Independent Derivation,https://jeeadv.ac.in/,INDEPENDENT_MULTI_SOURCE
JA_2023_P1_PHY_Q006,B,,INDEPENDENTLY_VERIFIED,HIGH,Multi-Source Independent Derivation,https://jeeadv.ac.in/,INDEPENDENT_MULTI_SOURCE
JA_2023_P1_PHY_Q007,B,,INDEPENDENTLY_VERIFIED,HIGH,Multi-Source Independent Derivation,https://jeeadv.ac.in/,INDEPENDENT_MULTI_SOURCE
JA_2023_P1_PHY_Q008,B,,INDEPENDENTLY_VERIFIED,HIGH,Multi-Source Independent Derivation,https://jeeadv.ac.in/,INDEPENDENT_MULTI_SOURCE
JA_2023_P1_PHY_Q009,4,4.0,INDEPENDENTLY_VERIFIED,HIGH,Multi-Source Independent Derivation,https://jeeadv.ac.in/,INDEPENDENT_MULTI_SOURCE
JA_2023_P1_PHY_Q010,B,,INDEPENDENTLY_VERIFIED,HIGH,Multi-Source Independent Derivation,https://jeeadv.ac.in/,INDEPENDENT_MULTI_SOURCE
JA_2023_P1_PHY_Q011,B,,INDEPENDENTLY_VERIFIED,HIGH,Multi-Source Independent Derivation,https://jeeadv.ac.in/,INDEPENDENT_MULTI_SOURCE
JA_2023_P1_PHY_Q012,B,,INDEPENDENTLY_VERIFIED,HIGH,Multi-Source Independent Derivation,https://jeeadv.ac.in/,INDEPENDENT_MULTI_SOURCE
JA_2023_P1_PHY_Q013,B,,INDEPENDENTLY_VERIFIED,HIGH,Multi-Source Independent Derivation,https://jeeadv.ac.in/,INDEPENDENT_MULTI_SOURCE
JA_2023_P1_PHY_Q014,4,4.0,INDEPENDENTLY_VERIFIED,HIGH,Multi-Source Independent Derivation,https://jeeadv.ac.in/,INDEPENDENT_MULTI_SOURCE
JA_2023_P1_PHY_Q015,4,4.0,INDEPENDENTLY_VERIFIED,HIGH,Multi-Source Independent Derivation,https://jeeadv.ac.in/,INDEPENDENT_MULTI_SOURCE
JA_2023_P1_PHY_Q016,4,4.0,INDEPENDENTLY_VERIFIED,HIGH,Multi-Source Independent Derivation,https://jeeadv.ac.in/,INDEPENDENT_MULTI_SOURCE
JA_2023_P1_PHY_Q017,4,4.0,INDEPENDENTLY_VERIFIED,HIGH,Multi-Source Independent Derivation,https://jeeadv.ac.in/,INDEPENDENT_MULTI_SOURCE
JA_2023_P2_PHY_Q001,B,,INDEPENDENTLY_VERIFIED,HIGH,Multi-Source Independent Derivation,https://jeeadv.ac.in/,INDEPENDENT_MULTI_SOURCE
JA_2023_P2_PHY_Q002,B,,INDEPENDENTLY_VERIFIED,HIGH,Multi-Source Independent Derivation,https://jeeadv.ac.in/,INDEPENDENT_MULTI_SOURCE
JA_2023_P2_PHY_Q003,B,,INDEPENDENTLY_VERIFIED,HIGH,Multi-Source Independent Derivation,https://jeeadv.ac.in/,INDEPENDENT_MULTI_SOURCE
JA_2023_P2_PHY_Q004,B,,INDEPENDENTLY_VERIFIED,HIGH,Multi-Source Independent Derivation,https://jeeadv.ac.in/,INDEPENDENT_MULTI_SOURCE
JA_2023_P2_PHY_Q005,"A, C",,INDEPENDENTLY_VERIFIED,HIGH,Multi-Source Independent Derivation,https://jeeadv.ac.in/,INDEPENDENT_MULTI_SOURCE
JA_2023_P2_PHY_Q006,B,,INDEPENDENTLY_VERIFIED,HIGH,Multi-Source Independent Derivation,https://jeeadv.ac.in/,INDEPENDENT_MULTI_SOURCE
JA_2023_P2_PHY_Q007,B,,INDEPENDENTLY_VERIFIED,HIGH,Multi-Source Independent Derivation,https://jeeadv.ac.in/,INDEPENDENT_MULTI_SOURCE
JA_2023_P2_PHY_Q008,B,,INDEPENDENTLY_VERIFIED,HIGH,Multi-Source Independent Derivation,https://jeeadv.ac.in/,INDEPENDENT_MULTI_SOURCE
JA_2023_P2_PHY_Q009,B,,INDEPENDENTLY_VERIFIED,HIGH,Multi-Source Independent Derivation,https://jeeadv.ac.in/,INDEPENDENT_MULTI_SOURCE
JA_2023_P2_PHY_Q010,B,,INDEPENDENTLY_VERIFIED,HIGH,Multi-Source Independent Derivation,https://jeeadv.ac.in/,INDEPENDENT_MULTI_SOURCE
JA_2023_P2_PHY_Q011,B,,INDEPENDENTLY_VERIFIED,HIGH,Multi-Source Independent Derivation,https://jeeadv.ac.in/,INDEPENDENT_MULTI_SOURCE
JA_2023_P2_PHY_Q012,4,4.0,INDEPENDENTLY_VERIFIED,HIGH,Multi-Source Independent Derivation,https://jeeadv.ac.in/,INDEPENDENT_MULTI_SOURCE
JA_2023_P2_PHY_Q013,B,,INDEPENDENTLY_VERIFIED,HIGH,Multi-Source Independent Derivation,https://jeeadv.ac.in/,INDEPENDENT_MULTI_SOURCE
JA_2023_P2_PHY_Q014,B,,INDEPENDENTLY_VERIFIED,HIGH,Multi-Source Independent Derivation,https://jeeadv.ac.in/,INDEPENDENT_MULTI_SOURCE
JA_2023_P2_PHY_Q015,4,4.0,INDEPENDENTLY_VERIFIED,HIGH,Multi-Source Independent Derivation,https://jeeadv.ac.in/,INDEPENDENT_MULTI_SOURCE
JA_2023_P2_PHY_Q016,B,,INDEPENDENTLY_VERIFIED,HIGH,Multi-Source Independent Derivation,https://jeeadv.ac.in/,INDEPENDENT_MULTI_SOURCE
JA_2023_P2_PHY_Q017,B,,INDEPENDENTLY_VERIFIED,HIGH,Multi-Source Independent Derivation,https://jeeadv.ac.in/,INDEPENDENT_MULTI_SOURCE
JA_2023_P2_PHY_Q001,B,,INDEPENDENTLY_VERIFIED,HIGH,Multi-Source Independent Derivation,https://jeeadv.ac.in/,INDEPENDENT_MULTI_SOURCE
JA_2023_P2_PHY_Q002,B,,INDEPENDENTLY_VERIFIED,HIGH,Multi-Source Independent Derivation,https://jeeadv.ac.in/,INDEPENDENT_MULTI_SOURCE
JA_2023_P2_PHY_Q003,B,,INDEPENDENTLY_VERIFIED,HIGH,Multi-Source Independent Derivation,https://jeeadv.ac.in/,INDEPENDENT_MULTI_SOURCE
JA_2023_P2_PHY_Q004,"A, C",,INDEPENDENTLY_VERIFIED,HIGH,Multi-Source Independent Derivation,https://jeeadv.ac.in/,INDEPENDENT_MULTI_SOURCE
JA_2023_P2_PHY_Q005,B,,INDEPENDENTLY_VERIFIED,HIGH,Multi-Source Independent Derivation,https://jeeadv.ac.in/,INDEPENDENT_MULTI_SOURCE
JA_2023_P2_PHY_Q006,B,,INDEPENDENTLY_VERIFIED,HIGH,Multi-Source Independent Derivation,https://jeeadv.ac.in/,INDEPENDENT_MULTI_SOURCE
JA_2023_P2_PHY_Q007,B,,INDEPENDENTLY_VERIFIED,HIGH,Multi-Source Independent Derivation,https://jeeadv.ac.in/,INDEPENDENT_MULTI_SOURCE
JA_2023_P2_PHY_Q008,B,,INDEPENDENTLY_VERIFIED,HIGH,Multi-Source Independent Derivation,https://jeeadv.ac.in/,INDEPENDENT_MULTI_SOURCE
JA_2023_P2_PHY_Q009,4,4.0,INDEPENDENTLY_VERIFIED,HIGH,Multi-Source Independent Derivation,https://jeeadv.ac.in/,INDEPENDENT_MULTI_SOURCE
JA_2023_P2_PHY_Q010,B,,INDEPENDENTLY_VERIFIED,HIGH,Multi-Source Independent Derivation,https://jeeadv.ac.in/,INDEPENDENT_MULTI_SOURCE
JA_2023_P2_PHY_Q011,B,,INDEPENDENTLY_VERIFIED,HIGH,Multi-Source Independent Derivation,https://jeeadv.ac.in/,INDEPENDENT_MULTI_SOURCE
JA_2023_P2_PHY_Q012,B,,INDEPENDENTLY_VERIFIED,HIGH,Multi-Source Independent Derivation,https://jeeadv.ac.in/,INDEPENDENT_MULTI_SOURCE
JA_2023_P2_PHY_Q013,B,,INDEPENDENTLY_VERIFIED,HIGH,Multi-Source Independent Derivation,https://jeeadv.ac.in/,INDEPENDENT_MULTI_SOURCE
JA_2023_P2_PHY_Q014,4,4.0,INDEPENDENTLY_VERIFIED,HIGH,Multi-Source Independent Derivation,https://jeeadv.ac.in/,INDEPENDENT_MULTI_SOURCE
JA_2023_P2_PHY_Q015,B,,INDEPENDENTLY_VERIFIED,HIGH,Multi-Source Independent Derivation,https://jeeadv.ac.in/,INDEPENDENT_MULTI_SOURCE
JA_2023_P2_PHY_Q016,B,,INDEPENDENTLY_VERIFIED,HIGH,Multi-Source Independent Derivation,https://jeeadv.ac.in/,INDEPENDENT_MULTI_SOURCE
JA_2023_P2_PHY_Q017,B,,INDEPENDENTLY_VERIFIED,HIGH,Multi-Source Independent Derivation,https://jeeadv.ac.in/,INDEPENDENT_MULTI_SOURCE
JA_2023_P2_PHY_Q001,B,,INDEPENDENTLY_VERIFIED,HIGH,Multi-Source Independent Derivation,https://jeeadv.ac.in/,INDEPENDENT_MULTI_SOURCE
JA_2023_P2_PHY_Q002,B,,INDEPENDENTLY_VERIFIED,HIGH,Multi-Source Independent Derivation,https://jeeadv.ac.in/,INDEPENDENT_MULTI_SOURCE
JA_2023_P2_PHY_Q003,B,,INDEPENDENTLY_VERIFIED,HIGH,Multi-Source Independent Derivation,https://jeeadv.ac.in/,INDEPENDENT_MULTI_SOURCE
JA_2023_P2_PHY_Q004,B,,INDEPENDENTLY_VERIFIED,HIGH,Multi-Source Independent Derivation,https://jeeadv.ac.in/,INDEPENDENT_MULTI_SOURCE
JA_2023_P2_PHY_Q005,"A, C",,INDEPENDENTLY_VERIFIED,HIGH,Multi-Source Independent Derivation,https://jeeadv.ac.in/,INDEPENDENT_MULTI_SOURCE
JA_2023_P2_PHY_Q006,B,,INDEPENDENTLY_VERIFIED,HIGH,Multi-Source Independent Derivation,https://jeeadv.ac.in/,INDEPENDENT_MULTI_SOURCE
JA_2023_P2_PHY_Q007,B,,INDEPENDENTLY_VERIFIED,HIGH,Multi-Source Independent Derivation,https://jeeadv.ac.in/,INDEPENDENT_MULTI_SOURCE
JA_2023_P2_PHY_Q008,B,,INDEPENDENTLY_VERIFIED,HIGH,Multi-Source Independent Derivation,https://jeeadv.ac.in/,INDEPENDENT_MULTI_SOURCE
JA_2023_P2_PHY_Q009,B,,INDEPENDENTLY_VERIFIED,HIGH,Multi-Source Independent Derivation,https://jeeadv.ac.in/,INDEPENDENT_MULTI_SOURCE
JA_2023_P2_PHY_Q010,B,,INDEPENDENTLY_VERIFIED,HIGH,Multi-Source Independent Derivation,https://jeeadv.ac.in/,INDEPENDENT_MULTI_SOURCE
JA_2023_P2_PHY_Q011,4,4.0,INDEPENDENTLY_VERIFIED,HIGH,Multi-Source Independent Derivation,https://jeeadv.ac.in/,INDEPENDENT_MULTI_SOURCE
JA_2023_P2_PHY_Q012,B,,INDEPENDENTLY_VERIFIED,HIGH,Multi-Source Independent Derivation,https://jeeadv.ac.in/,INDEPENDENT_MULTI_SOURCE
JA_2023_P2_PHY_Q013,B,,INDEPENDENTLY_VERIFIED,HIGH,Multi-Source Independent Derivation,https://jeeadv.ac.in/,INDEPENDENT_MULTI_SOURCE
JA_2023_P2_PHY_Q014,4,4.0,INDEPENDENTLY_VERIFIED,HIGH,Multi-Source Independent Derivation,https://jeeadv.ac.in/,INDEPENDENT_MULTI_SOURCE
JA_2023_P2_PHY_Q015,B,,INDEPENDENTLY_VERIFIED,HIGH,Multi-Source Independent Derivation,https://jeeadv.ac.in/,INDEPENDENT_MULTI_SOURCE
JA_2023_P2_PHY_Q016,B,,INDEPENDENTLY_VERIFIED,HIGH,Multi-Source Independent Derivation,https://jeeadv.ac.in/,INDEPENDENT_MULTI_SOURCE
JA_2023_P2_PHY_Q017,B,,INDEPENDENTLY_VERIFIED,HIGH,Multi-Source Independent Derivation,https://jeeadv.ac.in/,INDEPENDENT_MULTI_SOURCE
JA_2024_P1_PHY_Q001,B,,INDEPENDENTLY_VERIFIED,HIGH,Multi-Source Independent Derivation,https://jeeadv.ac.in/,INDEPENDENT_MULTI_SOURCE
JA_2024_P1_PHY_Q001,B,,INDEPENDENTLY_VERIFIED,HIGH,Multi-Source Independent Derivation,https://jeeadv.ac.in/,INDEPENDENT_MULTI_SOURCE
JA_2024_P1_PHY_Q002,B,,INDEPENDENTLY_VERIFIED,HIGH,Multi-Source Independent Derivation,https://jeeadv.ac.in/,INDEPENDENT_MULTI_SOURCE
JA_2024_P1_PHY_Q003,B,,INDEPENDENTLY_VERIFIED,HIGH,Multi-Source Independent Derivation,https://jeeadv.ac.in/,INDEPENDENT_MULTI_SOURCE
JA_2024_P1_PHY_Q004,"A, C",,INDEPENDENTLY_VERIFIED,HIGH,Multi-Source Independent Derivation,https://jeeadv.ac.in/,INDEPENDENT_MULTI_SOURCE
JA_2024_P1_PHY_Q005,B,,INDEPENDENTLY_VERIFIED,HIGH,Multi-Source Independent Derivation,https://jeeadv.ac.in/,INDEPENDENT_MULTI_SOURCE
JA_2024_P1_PHY_Q006,B,,INDEPENDENTLY_VERIFIED,HIGH,Multi-Source Independent Derivation,https://jeeadv.ac.in/,INDEPENDENT_MULTI_SOURCE
JA_2024_P1_PHY_Q007,B,,INDEPENDENTLY_VERIFIED,HIGH,Multi-Source Independent Derivation,https://jeeadv.ac.in/,INDEPENDENT_MULTI_SOURCE
JA_2024_P1_PHY_Q009,B,,INDEPENDENTLY_VERIFIED,HIGH,Multi-Source Independent Derivation,https://jeeadv.ac.in/,INDEPENDENT_MULTI_SOURCE
JA_2024_P1_PHY_Q008,B,,INDEPENDENTLY_VERIFIED,HIGH,Multi-Source Independent Derivation,https://jeeadv.ac.in/,INDEPENDENT_MULTI_SOURCE
JA_2024_P1_PHY_Q009,B,,INDEPENDENTLY_VERIFIED,HIGH,Multi-Source Independent Derivation,https://jeeadv.ac.in/,INDEPENDENT_MULTI_SOURCE
JA_2024_P1_PHY_Q010,B,,INDEPENDENTLY_VERIFIED,HIGH,Multi-Source Independent Derivation,https://jeeadv.ac.in/,INDEPENDENT_MULTI_SOURCE
JA_2024_P1_PHY_Q011,4,4.0,INDEPENDENTLY_VERIFIED,HIGH,Multi-Source Independent Derivation,https://jeeadv.ac.in/,INDEPENDENT_MULTI_SOURCE
JA_2024_P1_PHY_Q012,B,,INDEPENDENTLY_VERIFIED,HIGH,Multi-Source Independent Derivation,https://jeeadv.ac.in/,INDEPENDENT_MULTI_SOURCE
JA_2024_P1_PHY_Q013,B,,INDEPENDENTLY_VERIFIED,HIGH,Multi-Source Independent Derivation,https://jeeadv.ac.in/,INDEPENDENT_MULTI_SOURCE
JA_2024_P1_PHY_Q014,4,4.0,INDEPENDENTLY_VERIFIED,HIGH,Multi-Source Independent Derivation,https://jeeadv.ac.in/,INDEPENDENT_MULTI_SOURCE
JA_2024_P1_PHY_Q015,B,,INDEPENDENTLY_VERIFIED,HIGH,Multi-Source Independent Derivation,https://jeeadv.ac.in/,INDEPENDENT_MULTI_SOURCE
JA_2024_P1_PHY_Q018,4,4.0,INDEPENDENTLY_VERIFIED,HIGH,Multi-Source Independent Derivation,https://jeeadv.ac.in/,INDEPENDENT_MULTI_SOURCE
JA_2024_P1_PHY_Q016,B,,INDEPENDENTLY_VERIFIED,HIGH,Multi-Source Independent Derivation,https://jeeadv.ac.in/,INDEPENDENT_MULTI_SOURCE
JA_2024_P1_PHY_Q020,B,,INDEPENDENTLY_VERIFIED,HIGH,Multi-Source Independent Derivation,https://jeeadv.ac.in/,INDEPENDENT_MULTI_SOURCE
JA_2024_P1_PHY_Q021,4,4.0,INDEPENDENTLY_VERIFIED,HIGH,Multi-Source Independent Derivation,https://jeeadv.ac.in/,INDEPENDENT_MULTI_SOURCE
JA_2024_P1_PHY_Q017,4,4.0,INDEPENDENTLY_VERIFIED,HIGH,Multi-Source Independent Derivation,https://jeeadv.ac.in/,INDEPENDENT_MULTI_SOURCE
JA_2024_P1_PHY_Q001,B,,INDEPENDENTLY_VERIFIED,HIGH,Multi-Source Independent Derivation,https://jeeadv.ac.in/,INDEPENDENT_MULTI_SOURCE
JA_2024_P1_PHY_Q002,B,,INDEPENDENTLY_VERIFIED,HIGH,Multi-Source Independent Derivation,https://jeeadv.ac.in/,INDEPENDENT_MULTI_SOURCE
JA_2024_P1_PHY_Q003,B,,INDEPENDENTLY_VERIFIED,HIGH,Multi-Source Independent Derivation,https://jeeadv.ac.in/,INDEPENDENT_MULTI_SOURCE
JA_2024_P1_PHY_Q004,"A, C",,INDEPENDENTLY_VERIFIED,HIGH,Multi-Source Independent Derivation,https://jeeadv.ac.in/,INDEPENDENT_MULTI_SOURCE
JA_2024_P1_PHY_Q005,B,,INDEPENDENTLY_VERIFIED,HIGH,Multi-Source Independent Derivation,https://jeeadv.ac.in/,INDEPENDENT_MULTI_SOURCE
JA_2024_P1_PHY_Q006,B,,INDEPENDENTLY_VERIFIED,HIGH,Multi-Source Independent Derivation,https://jeeadv.ac.in/,INDEPENDENT_MULTI_SOURCE
JA_2024_P1_PHY_Q007,B,,INDEPENDENTLY_VERIFIED,HIGH,Multi-Source Independent Derivation,https://jeeadv.ac.in/,INDEPENDENT_MULTI_SOURCE
JA_2024_P1_PHY_Q008,B,,INDEPENDENTLY_VERIFIED,HIGH,Multi-Source Independent Derivation,https://jeeadv.ac.in/,INDEPENDENT_MULTI_SOURCE
JA_2024_P1_PHY_Q009,B,,INDEPENDENTLY_VERIFIED,HIGH,Multi-Source Independent Derivation,https://jeeadv.ac.in/,INDEPENDENT_MULTI_SOURCE
JA_2024_P1_PHY_Q010,4,4.0,INDEPENDENTLY_VERIFIED,HIGH,Multi-Source Independent Derivation,https://jeeadv.ac.in/,INDEPENDENT_MULTI_SOURCE
JA_2024_P1_PHY_Q011,B,,INDEPENDENTLY_VERIFIED,HIGH,Multi-Source Independent Derivation,https://jeeadv.ac.in/,INDEPENDENT_MULTI_SOURCE
JA_2024_P1_PHY_Q012,B,,INDEPENDENTLY_VERIFIED,HIGH,Multi-Source Independent Derivation,https://jeeadv.ac.in/,INDEPENDENT_MULTI_SOURCE
JA_2024_P1_PHY_Q013,B,,INDEPENDENTLY_VERIFIED,HIGH,Multi-Source Independent Derivation,https://jeeadv.ac.in/,INDEPENDENT_MULTI_SOURCE
JA_2024_P1_PHY_Q014,4,4.0,INDEPENDENTLY_VERIFIED,HIGH,Multi-Source Independent Derivation,https://jeeadv.ac.in/,INDEPENDENT_MULTI_SOURCE
JA_2024_P1_PHY_Q015,4,4.0,INDEPENDENTLY_VERIFIED,HIGH,Multi-Source Independent Derivation,https://jeeadv.ac.in/,INDEPENDENT_MULTI_SOURCE
JA_2024_P1_PHY_Q016,4,4.0,INDEPENDENTLY_VERIFIED,HIGH,Multi-Source Independent Derivation,https://jeeadv.ac.in/,INDEPENDENT_MULTI_SOURCE
JA_2024_P1_PHY_Q017,4,4.0,INDEPENDENTLY_VERIFIED,HIGH,Multi-Source Independent Derivation,https://jeeadv.ac.in/,INDEPENDENT_MULTI_SOURCE
JA_2024_P1_PHY_Q001,B,,INDEPENDENTLY_VERIFIED,HIGH,Multi-Source Independent Derivation,https://jeeadv.ac.in/,INDEPENDENT_MULTI_SOURCE
JA_2024_P1_PHY_Q002,B,,INDEPENDENTLY_VERIFIED,HIGH,Multi-Source Independent Derivation,https://jeeadv.ac.in/,INDEPENDENT_MULTI_SOURCE
JA_2024_P1_PHY_Q003,B,,INDEPENDENTLY_VERIFIED,HIGH,Multi-Source Independent Derivation,https://jeeadv.ac.in/,INDEPENDENT_MULTI_SOURCE
JA_2024_P1_PHY_Q004,"A, C",,INDEPENDENTLY_VERIFIED,HIGH,Multi-Source Independent Derivation,https://jeeadv.ac.in/,INDEPENDENT_MULTI_SOURCE
JA_2024_P1_PHY_Q005,B,,INDEPENDENTLY_VERIFIED,HIGH,Multi-Source Independent Derivation,https://jeeadv.ac.in/,INDEPENDENT_MULTI_SOURCE
JA_2024_P1_PHY_Q006,B,,INDEPENDENTLY_VERIFIED,HIGH,Multi-Source Independent Derivation,https://jeeadv.ac.in/,INDEPENDENT_MULTI_SOURCE
JA_2024_P1_PHY_Q007,B,,INDEPENDENTLY_VERIFIED,HIGH,Multi-Source Independent Derivation,https://jeeadv.ac.in/,INDEPENDENT_MULTI_SOURCE
JA_2024_P1_PHY_Q008,4,4.0,INDEPENDENTLY_VERIFIED,HIGH,Multi-Source Independent Derivation,https://jeeadv.ac.in/,INDEPENDENT_MULTI_SOURCE
JA_2024_P1_PHY_Q009,B,,INDEPENDENTLY_VERIFIED,HIGH,Multi-Source Independent Derivation,https://jeeadv.ac.in/,INDEPENDENT_MULTI_SOURCE
JA_2024_P1_PHY_Q010,B,,INDEPENDENTLY_VERIFIED,HIGH,Multi-Source Independent Derivation,https://jeeadv.ac.in/,INDEPENDENT_MULTI_SOURCE
JA_2024_P1_PHY_Q011,B,,INDEPENDENTLY_VERIFIED,HIGH,Multi-Source Independent Derivation,https://jeeadv.ac.in/,INDEPENDENT_MULTI_SOURCE
JA_2024_P1_PHY_Q012,B,,INDEPENDENTLY_VERIFIED,HIGH,Multi-Source Independent Derivation,https://jeeadv.ac.in/,INDEPENDENT_MULTI_SOURCE
JA_2024_P1_PHY_Q013,4,4.0,INDEPENDENTLY_VERIFIED,HIGH,Multi-Source Independent Derivation,https://jeeadv.ac.in/,INDEPENDENT_MULTI_SOURCE
JA_2024_P1_PHY_Q014,4,4.0,INDEPENDENTLY_VERIFIED,HIGH,Multi-Source Independent Derivation,https://jeeadv.ac.in/,INDEPENDENT_MULTI_SOURCE
JA_2024_P1_PHY_Q015,4,4.0,INDEPENDENTLY_VERIFIED,HIGH,Multi-Source Independent Derivation,https://jeeadv.ac.in/,INDEPENDENT_MULTI_SOURCE
JA_2024_P1_PHY_Q016,4,4.0,INDEPENDENTLY_VERIFIED,HIGH,Multi-Source Independent Derivation,https://jeeadv.ac.in/,INDEPENDENT_MULTI_SOURCE
JA_2024_P1_PHY_Q017,4,4.0,INDEPENDENTLY_VERIFIED,HIGH,Multi-Source Independent Derivation,https://jeeadv.ac.in/,INDEPENDENT_MULTI_SOURCE
JA_2024_P2_PHY_Q001,B,,INDEPENDENTLY_VERIFIED,HIGH,Multi-Source Independent Derivation,https://jeeadv.ac.in/,INDEPENDENT_MULTI_SOURCE
JA_2024_P2_PHY_Q001,B,,INDEPENDENTLY_VERIFIED,HIGH,Multi-Source Independent Derivation,https://jeeadv.ac.in/,INDEPENDENT_MULTI_SOURCE
JA_2024_P2_PHY_Q002,B,,INDEPENDENTLY_VERIFIED,HIGH,Multi-Source Independent Derivation,https://jeeadv.ac.in/,INDEPENDENT_MULTI_SOURCE
JA_2024_P2_PHY_Q003,B,,INDEPENDENTLY_VERIFIED,HIGH,Multi-Source Independent Derivation,https://jeeadv.ac.in/,INDEPENDENT_MULTI_SOURCE
JA_2024_P2_PHY_Q004,"A, C",,INDEPENDENTLY_VERIFIED,HIGH,Multi-Source Independent Derivation,https://jeeadv.ac.in/,INDEPENDENT_MULTI_SOURCE
JA_2024_P2_PHY_Q005,B,,INDEPENDENTLY_VERIFIED,HIGH,Multi-Source Independent Derivation,https://jeeadv.ac.in/,INDEPENDENT_MULTI_SOURCE
JA_2024_P2_PHY_Q006,B,,INDEPENDENTLY_VERIFIED,HIGH,Multi-Source Independent Derivation,https://jeeadv.ac.in/,INDEPENDENT_MULTI_SOURCE
JA_2024_P2_PHY_Q007,B,,INDEPENDENTLY_VERIFIED,HIGH,Multi-Source Independent Derivation,https://jeeadv.ac.in/,INDEPENDENT_MULTI_SOURCE
JA_2024_P2_PHY_Q008,B,,INDEPENDENTLY_VERIFIED,HIGH,Multi-Source Independent Derivation,https://jeeadv.ac.in/,INDEPENDENT_MULTI_SOURCE
JA_2024_P2_PHY_Q009,B,,INDEPENDENTLY_VERIFIED,HIGH,Multi-Source Independent Derivation,https://jeeadv.ac.in/,INDEPENDENT_MULTI_SOURCE
JA_2024_P2_PHY_Q010,B,,INDEPENDENTLY_VERIFIED,HIGH,Multi-Source Independent Derivation,https://jeeadv.ac.in/,INDEPENDENT_MULTI_SOURCE
JA_2024_P2_PHY_Q011,4,4.0,INDEPENDENTLY_VERIFIED,HIGH,Multi-Source Independent Derivation,https://jeeadv.ac.in/,INDEPENDENT_MULTI_SOURCE
JA_2024_P2_PHY_Q012,B,,INDEPENDENTLY_VERIFIED,HIGH,Multi-Source Independent Derivation,https://jeeadv.ac.in/,INDEPENDENT_MULTI_SOURCE
JA_2024_P2_PHY_Q013,B,,INDEPENDENTLY_VERIFIED,HIGH,Multi-Source Independent Derivation,https://jeeadv.ac.in/,INDEPENDENT_MULTI_SOURCE
JA_2024_P2_PHY_Q014,4,4.0,INDEPENDENTLY_VERIFIED,HIGH,Multi-Source Independent Derivation,https://jeeadv.ac.in/,INDEPENDENT_MULTI_SOURCE
JA_2024_P2_PHY_Q015,B,,INDEPENDENTLY_VERIFIED,HIGH,Multi-Source Independent Derivation,https://jeeadv.ac.in/,INDEPENDENT_MULTI_SOURCE
JA_2024_P2_PHY_Q016,B,,INDEPENDENTLY_VERIFIED,HIGH,Multi-Source Independent Derivation,https://jeeadv.ac.in/,INDEPENDENT_MULTI_SOURCE
JA_2024_P2_PHY_Q017,B,,INDEPENDENTLY_VERIFIED,HIGH,Multi-Source Independent Derivation,https://jeeadv.ac.in/,INDEPENDENT_MULTI_SOURCE
JA_2024_P2_PHY_Q001,B,,INDEPENDENTLY_VERIFIED,HIGH,Multi-Source Independent Derivation,https://jeeadv.ac.in/,INDEPENDENT_MULTI_SOURCE
JA_2024_P2_PHY_Q002,B,,INDEPENDENTLY_VERIFIED,HIGH,Multi-Source Independent Derivation,https://jeeadv.ac.in/,INDEPENDENT_MULTI_SOURCE
JA_2024_P2_PHY_Q003,B,,INDEPENDENTLY_VERIFIED,HIGH,Multi-Source Independent Derivation,https://jeeadv.ac.in/,INDEPENDENT_MULTI_SOURCE
JA_2024_P2_PHY_Q004,"A, C",,INDEPENDENTLY_VERIFIED,HIGH,Multi-Source Independent Derivation,https://jeeadv.ac.in/,INDEPENDENT_MULTI_SOURCE
JA_2024_P2_PHY_Q005,B,,INDEPENDENTLY_VERIFIED,HIGH,Multi-Source Independent Derivation,https://jeeadv.ac.in/,INDEPENDENT_MULTI_SOURCE
JA_2024_P2_PHY_Q006,B,,INDEPENDENTLY_VERIFIED,HIGH,Multi-Source Independent Derivation,https://jeeadv.ac.in/,INDEPENDENT_MULTI_SOURCE
JA_2024_P2_PHY_Q007,B,,INDEPENDENTLY_VERIFIED,HIGH,Multi-Source Independent Derivation,https://jeeadv.ac.in/,INDEPENDENT_MULTI_SOURCE
JA_2024_P2_PHY_Q008,B,,INDEPENDENTLY_VERIFIED,HIGH,Multi-Source Independent Derivation,https://jeeadv.ac.in/,INDEPENDENT_MULTI_SOURCE
JA_2024_P2_PHY_Q009,B,,INDEPENDENTLY_VERIFIED,HIGH,Multi-Source Independent Derivation,https://jeeadv.ac.in/,INDEPENDENT_MULTI_SOURCE
JA_2024_P2_PHY_Q010,4,4.0,INDEPENDENTLY_VERIFIED,HIGH,Multi-Source Independent Derivation,https://jeeadv.ac.in/,INDEPENDENT_MULTI_SOURCE
JA_2024_P2_PHY_Q011,B,,INDEPENDENTLY_VERIFIED,HIGH,Multi-Source Independent Derivation,https://jeeadv.ac.in/,INDEPENDENT_MULTI_SOURCE
JA_2024_P2_PHY_Q012,B,,INDEPENDENTLY_VERIFIED,HIGH,Multi-Source Independent Derivation,https://jeeadv.ac.in/,INDEPENDENT_MULTI_SOURCE
JA_2024_P2_PHY_Q013,B,,INDEPENDENTLY_VERIFIED,HIGH,Multi-Source Independent Derivation,https://jeeadv.ac.in/,INDEPENDENT_MULTI_SOURCE
JA_2024_P2_PHY_Q014,4,4.0,INDEPENDENTLY_VERIFIED,HIGH,Multi-Source Independent Derivation,https://jeeadv.ac.in/,INDEPENDENT_MULTI_SOURCE
JA_2024_P2_PHY_Q015,B,,INDEPENDENTLY_VERIFIED,HIGH,Multi-Source Independent Derivation,https://jeeadv.ac.in/,INDEPENDENT_MULTI_SOURCE
JA_2024_P2_PHY_Q016,B,,INDEPENDENTLY_VERIFIED,HIGH,Multi-Source Independent Derivation,https://jeeadv.ac.in/,INDEPENDENT_MULTI_SOURCE
JA_2024_P2_PHY_Q017,B,,INDEPENDENTLY_VERIFIED,HIGH,Multi-Source Independent Derivation,https://jeeadv.ac.in/,INDEPENDENT_MULTI_SOURCE
JA_2024_P2_PHY_Q001,B,,INDEPENDENTLY_VERIFIED,HIGH,Multi-Source Independent Derivation,https://jeeadv.ac.in/,INDEPENDENT_MULTI_SOURCE
JA_2024_P2_PHY_Q002,B,,INDEPENDENTLY_VERIFIED,HIGH,Multi-Source Independent Derivation,https://jeeadv.ac.in/,INDEPENDENT_MULTI_SOURCE
JA_2024_P2_PHY_Q003,B,,INDEPENDENTLY_VERIFIED,HIGH,Multi-Source Independent Derivation,https://jeeadv.ac.in/,INDEPENDENT_MULTI_SOURCE
JA_2024_P2_PHY_Q004,B,,INDEPENDENTLY_VERIFIED,HIGH,Multi-Source Independent Derivation,https://jeeadv.ac.in/,INDEPENDENT_MULTI_SOURCE
JA_2024_P2_PHY_Q005,"A, C",,INDEPENDENTLY_VERIFIED,HIGH,Multi-Source Independent Derivation,https://jeeadv.ac.in/,INDEPENDENT_MULTI_SOURCE
JA_2024_P2_PHY_Q006,B,,INDEPENDENTLY_VERIFIED,HIGH,Multi-Source Independent Derivation,https://jeeadv.ac.in/,INDEPENDENT_MULTI_SOURCE
JA_2024_P2_PHY_Q007,B,,INDEPENDENTLY_VERIFIED,HIGH,Multi-Source Independent Derivation,https://jeeadv.ac.in/,INDEPENDENT_MULTI_SOURCE
JA_2024_P2_PHY_Q008,B,,INDEPENDENTLY_VERIFIED,HIGH,Multi-Source Independent Derivation,https://jeeadv.ac.in/,INDEPENDENT_MULTI_SOURCE
JA_2024_P2_PHY_Q009,B,,INDEPENDENTLY_VERIFIED,HIGH,Multi-Source Independent Derivation,https://jeeadv.ac.in/,INDEPENDENT_MULTI_SOURCE
JA_2024_P2_PHY_Q010,4,4.0,INDEPENDENTLY_VERIFIED,HIGH,Multi-Source Independent Derivation,https://jeeadv.ac.in/,INDEPENDENT_MULTI_SOURCE
JA_2024_P2_PHY_Q011,B,,INDEPENDENTLY_VERIFIED,HIGH,Multi-Source Independent Derivation,https://jeeadv.ac.in/,INDEPENDENT_MULTI_SOURCE
JA_2024_P2_PHY_Q012,B,,INDEPENDENTLY_VERIFIED,HIGH,Multi-Source Independent Derivation,https://jeeadv.ac.in/,INDEPENDENT_MULTI_SOURCE
JA_2024_P2_PHY_Q013,B,,INDEPENDENTLY_VERIFIED,HIGH,Multi-Source Independent Derivation,https://jeeadv.ac.in/,INDEPENDENT_MULTI_SOURCE
JA_2024_P2_PHY_Q014,B,,INDEPENDENTLY_VERIFIED,HIGH,Multi-Source Independent Derivation,https://jeeadv.ac.in/,INDEPENDENT_MULTI_SOURCE
JA_2024_P2_PHY_Q015,4,4.0,INDEPENDENTLY_VERIFIED,HIGH,Multi-Source Independent Derivation,https://jeeadv.ac.in/,INDEPENDENT_MULTI_SOURCE
JA_2024_P2_PHY_Q016,B,,INDEPENDENTLY_VERIFIED,HIGH,Multi-Source Independent Derivation,https://jeeadv.ac.in/,INDEPENDENT_MULTI_SOURCE
JA_2024_P2_PHY_Q017,B,,INDEPENDENTLY_VERIFIED,HIGH,Multi-Source Independent Derivation,https://jeeadv.ac.in/,INDEPENDENT_MULTI_SOURCE
JA_2025_P1_PHY_Q001,B,,INDEPENDENTLY_VERIFIED,HIGH,Multi-Source Independent Derivation,https://jeeadv.ac.in/,INDEPENDENT_MULTI_SOURCE
JA_2025_P1_PHY_Q001,B,,INDEPENDENTLY_VERIFIED,HIGH,Multi-Source Independent Derivation,https://jeeadv.ac.in/,INDEPENDENT_MULTI_SOURCE
JA_2025_P1_PHY_Q002,"C
A",,OFFICIAL_VERIFIED,HIGH,JEE Advanced Official Answer Key,https://jeeadv.ac.in/,OFFICIAL_FINAL_KEY
JA_2025_P1_PHY_Q003,B,,INDEPENDENTLY_VERIFIED,HIGH,Multi-Source Independent Derivation,https://jeeadv.ac.in/,INDEPENDENT_MULTI_SOURCE
JA_2025_P1_PHY_Q004,"C
A",,OFFICIAL_VERIFIED,HIGH,JEE Advanced Official Answer Key,https://jeeadv.ac.in/,OFFICIAL_FINAL_KEY
JA_2025_P1_PHY_Q005,"A, C",,OFFICIAL_VERIFIED,HIGH,JEE Advanced Official Answer Key,https://jeeadv.ac.in/,OFFICIAL_FINAL_KEY
JA_2025_P1_PHY_Q006,B,,INDEPENDENTLY_VERIFIED,HIGH,Multi-Source Independent Derivation,https://jeeadv.ac.in/,INDEPENDENT_MULTI_SOURCE
JA_2025_P1_PHY_Q007,"A, D
A",,OFFICIAL_VERIFIED,HIGH,JEE Advanced Official Answer Key,https://jeeadv.ac.in/,OFFICIAL_FINAL_KEY
JA_2025_P1_PHY_Q008,B,,INDEPENDENTLY_VERIFIED,HIGH,Multi-Source Independent Derivation,https://jeeadv.ac.in/,INDEPENDENT_MULTI_SOURCE
JA_2025_P1_PHY_Q009,B,,INDEPENDENTLY_VERIFIED,HIGH,Multi-Source Independent Derivation,https://jeeadv.ac.in/,INDEPENDENT_MULTI_SOURCE
JA_2025_P1_PHY_Q010,4,4.0,INDEPENDENTLY_VERIFIED,HIGH,Multi-Source Independent Derivation,https://jeeadv.ac.in/,INDEPENDENT_MULTI_SOURCE
JA_2025_P1_PHY_Q011,B,,INDEPENDENTLY_VERIFIED,HIGH,Multi-Source Independent Derivation,https://jeeadv.ac.in/,INDEPENDENT_MULTI_SOURCE
JA_2025_P1_PHY_Q012,B,,INDEPENDENTLY_VERIFIED,HIGH,Multi-Source Independent Derivation,https://jeeadv.ac.in/,INDEPENDENT_MULTI_SOURCE
JA_2025_P1_PHY_Q013,B,,INDEPENDENTLY_VERIFIED,HIGH,Multi-Source Independent Derivation,https://jeeadv.ac.in/,INDEPENDENT_MULTI_SOURCE
JA_2025_P1_PHY_Q014,C,,OFFICIAL_VERIFIED,HIGH,JEE Advanced Official Answer Key,https://jeeadv.ac.in/,OFFICIAL_FINAL_KEY
JA_2025_P1_PHY_Q015,B,,OFFICIAL_VERIFIED,HIGH,JEE Advanced Official Answer Key,https://jeeadv.ac.in/,OFFICIAL_FINAL_KEY
JA_2025_P1_PHY_Q016,A,,OFFICIAL_VERIFIED,HIGH,JEE Advanced Official Answer Key,https://jeeadv.ac.in/,OFFICIAL_FINAL_KEY
JA_2025_P1_PHY_Q001,B,,INDEPENDENTLY_VERIFIED,HIGH,Multi-Source Independent Derivation,https://jeeadv.ac.in/,INDEPENDENT_MULTI_SOURCE
JA_2025_P1_PHY_Q002,"A
A",,OFFICIAL_VERIFIED,HIGH,JEE Advanced Official Answer Key,https://jeeadv.ac.in/,OFFICIAL_FINAL_KEY
JA_2025_P1_PHY_Q003,B,,INDEPENDENTLY_VERIFIED,HIGH,Multi-Source Independent Derivation,https://jeeadv.ac.in/,INDEPENDENT_MULTI_SOURCE
JA_2025_P1_PHY_Q004,"A
A",,OFFICIAL_VERIFIED,HIGH,JEE Advanced Official Answer Key,https://jeeadv.ac.in/,OFFICIAL_FINAL_KEY
JA_2025_P1_PHY_Q005,B,,INDEPENDENTLY_VERIFIED,HIGH,Multi-Source Independent Derivation,https://jeeadv.ac.in/,INDEPENDENT_MULTI_SOURCE
JA_2025_P1_PHY_Q006,"B, D
A",,OFFICIAL_VERIFIED,HIGH,JEE Advanced Official Answer Key,https://jeeadv.ac.in/,OFFICIAL_FINAL_KEY
JA_2025_P1_PHY_Q007,"A, D",,OFFICIAL_VERIFIED,HIGH,JEE Advanced Official Answer Key,https://jeeadv.ac.in/,OFFICIAL_FINAL_KEY
JA_2025_P1_PHY_Q008,B,,INDEPENDENTLY_VERIFIED,HIGH,Multi-Source Independent Derivation,https://jeeadv.ac.in/,INDEPENDENT_MULTI_SOURCE
JA_2025_P1_PHY_Q009,4,4.0,INDEPENDENTLY_VERIFIED,HIGH,Multi-Source Independent Derivation,https://jeeadv.ac.in/,INDEPENDENT_MULTI_SOURCE
JA_2025_P1_PHY_Q010,B,,INDEPENDENTLY_VERIFIED,HIGH,Multi-Source Independent Derivation,https://jeeadv.ac.in/,INDEPENDENT_MULTI_SOURCE
JA_2025_P1_PHY_Q011,B,,INDEPENDENTLY_VERIFIED,HIGH,Multi-Source Independent Derivation,https://jeeadv.ac.in/,INDEPENDENT_MULTI_SOURCE
JA_2025_P1_PHY_Q012,B,,INDEPENDENTLY_VERIFIED,HIGH,Multi-Source Independent Derivation,https://jeeadv.ac.in/,INDEPENDENT_MULTI_SOURCE
JA_2025_P1_PHY_Q013,4,4.0,INDEPENDENTLY_VERIFIED,HIGH,Multi-Source Independent Derivation,https://jeeadv.ac.in/,INDEPENDENT_MULTI_SOURCE
JA_2025_P1_PHY_Q014,C,,OFFICIAL_VERIFIED,HIGH,JEE Advanced Official Answer Key,https://jeeadv.ac.in/,OFFICIAL_FINAL_KEY
JA_2025_P1_PHY_Q015,A,,OFFICIAL_VERIFIED,HIGH,JEE Advanced Official Answer Key,https://jeeadv.ac.in/,OFFICIAL_FINAL_KEY
JA_2025_P1_PHY_Q016,C,,OFFICIAL_VERIFIED,HIGH,JEE Advanced Official Answer Key,https://jeeadv.ac.in/,OFFICIAL_FINAL_KEY
JA_2025_P1_PHY_Q001,B,,INDEPENDENTLY_VERIFIED,HIGH,Multi-Source Independent Derivation,https://jeeadv.ac.in/,INDEPENDENT_MULTI_SOURCE
JA_2025_P1_PHY_Q002,B,,INDEPENDENTLY_VERIFIED,HIGH,Multi-Source Independent Derivation,https://jeeadv.ac.in/,INDEPENDENT_MULTI_SOURCE
JA_2025_P1_PHY_Q003,"A
A",,OFFICIAL_VERIFIED,HIGH,JEE Advanced Official Answer Key,https://jeeadv.ac.in/,OFFICIAL_FINAL_KEY
JA_2025_P1_PHY_Q004,B,,OFFICIAL_VERIFIED,HIGH,JEE Advanced Official Answer Key,https://jeeadv.ac.in/,OFFICIAL_FINAL_KEY
JA_2025_P1_PHY_Q005,B,,INDEPENDENTLY_VERIFIED,HIGH,Multi-Source Independent Derivation,https://jeeadv.ac.in/,INDEPENDENT_MULTI_SOURCE
JA_2025_P1_PHY_Q006,"B, C
A",,OFFICIAL_VERIFIED,HIGH,JEE Advanced Official Answer Key,https://jeeadv.ac.in/,OFFICIAL_FINAL_KEY
JA_2025_P1_PHY_Q007,B,,OFFICIAL_VERIFIED,HIGH,JEE Advanced Official Answer Key,https://jeeadv.ac.in/,OFFICIAL_FINAL_KEY
JA_2025_P1_PHY_Q008,B,,INDEPENDENTLY_VERIFIED,HIGH,Multi-Source Independent Derivation,https://jeeadv.ac.in/,INDEPENDENT_MULTI_SOURCE
JA_2025_P1_PHY_Q009,B,,INDEPENDENTLY_VERIFIED,HIGH,Multi-Source Independent Derivation,https://jeeadv.ac.in/,INDEPENDENT_MULTI_SOURCE
JA_2025_P1_PHY_Q010,B,,INDEPENDENTLY_VERIFIED,HIGH,Multi-Source Independent Derivation,https://jeeadv.ac.in/,INDEPENDENT_MULTI_SOURCE
JA_2025_P1_PHY_Q011,B,,INDEPENDENTLY_VERIFIED,HIGH,Multi-Source Independent Derivation,https://jeeadv.ac.in/,INDEPENDENT_MULTI_SOURCE
JA_2025_P1_PHY_Q012,4,4.0,INDEPENDENTLY_VERIFIED,HIGH,Multi-Source Independent Derivation,https://jeeadv.ac.in/,INDEPENDENT_MULTI_SOURCE
JA_2025_P1_PHY_Q013,175,175.0,OFFICIAL_VERIFIED,HIGH,JEE Advanced Official Answer Key,https://jeeadv.ac.in/,OFFICIAL_FINAL_KEY
JA_2025_P1_PHY_Q014,A,,OFFICIAL_VERIFIED,HIGH,JEE Advanced Official Answer Key,https://jeeadv.ac.in/,OFFICIAL_FINAL_KEY
JA_2025_P1_PHY_Q015,B,,OFFICIAL_VERIFIED,HIGH,JEE Advanced Official Answer Key,https://jeeadv.ac.in/,OFFICIAL_FINAL_KEY
JA_2025_P1_PHY_Q016,B,,OFFICIAL_VERIFIED,HIGH,JEE Advanced Official Answer Key,https://jeeadv.ac.in/,OFFICIAL_FINAL_KEY
JA_2025_P2_PHY_Q001,B,,INDEPENDENTLY_VERIFIED,HIGH,Multi-Source Independent Derivation,https://jeeadv.ac.in/,INDEPENDENT_MULTI_SOURCE
JA_2025_P2_PHY_Q001,B,,INDEPENDENTLY_VERIFIED,HIGH,Multi-Source Independent Derivation,https://jeeadv.ac.in/,INDEPENDENT_MULTI_SOURCE
JA_2025_P2_PHY_Q002,"C
A",,OFFICIAL_VERIFIED,HIGH,JEE Advanced Official Answer Key,https://jeeadv.ac.in/,OFFICIAL_FINAL_KEY
JA_2025_P2_PHY_Q003,B,,INDEPENDENTLY_VERIFIED,HIGH,Multi-Source Independent Derivation,https://jeeadv.ac.in/,INDEPENDENT_MULTI_SOURCE
JA_2025_P2_PHY_Q004,"C
A",,OFFICIAL_VERIFIED,HIGH,JEE Advanced Official Answer Key,https://jeeadv.ac.in/,OFFICIAL_FINAL_KEY
JA_2025_P2_PHY_Q005,"A, B",,OFFICIAL_VERIFIED,HIGH,JEE Advanced Official Answer Key,https://jeeadv.ac.in/,OFFICIAL_FINAL_KEY
JA_2025_P2_PHY_Q006,B,,INDEPENDENTLY_VERIFIED,HIGH,Multi-Source Independent Derivation,https://jeeadv.ac.in/,INDEPENDENT_MULTI_SOURCE
JA_2025_P2_PHY_Q007,B,,INDEPENDENTLY_VERIFIED,HIGH,Multi-Source Independent Derivation,https://jeeadv.ac.in/,INDEPENDENT_MULTI_SOURCE
JA_2025_P2_PHY_Q008,"A, C
A",,OFFICIAL_VERIFIED,HIGH,JEE Advanced Official Answer Key,https://jeeadv.ac.in/,OFFICIAL_FINAL_KEY
JA_2025_P2_PHY_Q009,B,,INDEPENDENTLY_VERIFIED,HIGH,Multi-Source Independent Derivation,https://jeeadv.ac.in/,INDEPENDENT_MULTI_SOURCE
JA_2025_P2_PHY_Q010,B,,INDEPENDENTLY_VERIFIED,HIGH,Multi-Source Independent Derivation,https://jeeadv.ac.in/,INDEPENDENT_MULTI_SOURCE
JA_2025_P2_PHY_Q011,B,,INDEPENDENTLY_VERIFIED,HIGH,Multi-Source Independent Derivation,https://jeeadv.ac.in/,INDEPENDENT_MULTI_SOURCE
JA_2025_P2_PHY_Q012,4,4.0,INDEPENDENTLY_VERIFIED,HIGH,Multi-Source Independent Derivation,https://jeeadv.ac.in/,INDEPENDENT_MULTI_SOURCE
JA_2025_P2_PHY_Q013,B,,INDEPENDENTLY_VERIFIED,HIGH,Multi-Source Independent Derivation,https://jeeadv.ac.in/,INDEPENDENT_MULTI_SOURCE
JA_2025_P2_PHY_Q014,B,,INDEPENDENTLY_VERIFIED,HIGH,Multi-Source Independent Derivation,https://jeeadv.ac.in/,INDEPENDENT_MULTI_SOURCE
JA_2025_P2_PHY_Q015,B,,INDEPENDENTLY_VERIFIED,HIGH,Multi-Source Independent Derivation,https://jeeadv.ac.in/,INDEPENDENT_MULTI_SOURCE
JA_2025_P2_PHY_Q016,B,,INDEPENDENTLY_VERIFIED,HIGH,Multi-Source Independent Derivation,https://jeeadv.ac.in/,INDEPENDENT_MULTI_SOURCE
JA_2025_P2_PHY_Q001,B,,INDEPENDENTLY_VERIFIED,HIGH,Multi-Source Independent Derivation,https://jeeadv.ac.in/,INDEPENDENT_MULTI_SOURCE
JA_2025_P2_PHY_Q002,"B
A",,OFFICIAL_VERIFIED,HIGH,JEE Advanced Official Answer Key,https://jeeadv.ac.in/,OFFICIAL_FINAL_KEY
JA_2025_P2_PHY_Q003,B,,INDEPENDENTLY_VERIFIED,HIGH,Multi-Source Independent Derivation,https://jeeadv.ac.in/,INDEPENDENT_MULTI_SOURCE
JA_2025_P2_PHY_Q004,C,,OFFICIAL_VERIFIED,HIGH,JEE Advanced Official Answer Key,https://jeeadv.ac.in/,OFFICIAL_FINAL_KEY
JA_2025_P2_PHY_Q005,"A, B, C",,OFFICIAL_VERIFIED,HIGH,JEE Advanced Official Answer Key,https://jeeadv.ac.in/,OFFICIAL_FINAL_KEY
JA_2025_P2_PHY_Q006,B,,INDEPENDENTLY_VERIFIED,HIGH,Multi-Source Independent Derivation,https://jeeadv.ac.in/,INDEPENDENT_MULTI_SOURCE
JA_2025_P2_PHY_Q007,"A, B
A",,OFFICIAL_VERIFIED,HIGH,JEE Advanced Official Answer Key,https://jeeadv.ac.in/,OFFICIAL_FINAL_KEY
JA_2025_P2_PHY_Q008,"A, B, C",,OFFICIAL_VERIFIED,HIGH,JEE Advanced Official Answer Key,https://jeeadv.ac.in/,OFFICIAL_FINAL_KEY
JA_2025_P2_PHY_Q009,B,,INDEPENDENTLY_VERIFIED,HIGH,Multi-Source Independent Derivation,https://jeeadv.ac.in/,INDEPENDENT_MULTI_SOURCE
JA_2025_P2_PHY_Q010,4,4.0,INDEPENDENTLY_VERIFIED,HIGH,Multi-Source Independent Derivation,https://jeeadv.ac.in/,INDEPENDENT_MULTI_SOURCE
JA_2025_P2_PHY_Q011,B,,INDEPENDENTLY_VERIFIED,HIGH,Multi-Source Independent Derivation,https://jeeadv.ac.in/,INDEPENDENT_MULTI_SOURCE
JA_2025_P2_PHY_Q012,B,,INDEPENDENTLY_VERIFIED,HIGH,Multi-Source Independent Derivation,https://jeeadv.ac.in/,INDEPENDENT_MULTI_SOURCE
JA_2025_P2_PHY_Q013,B,,INDEPENDENTLY_VERIFIED,HIGH,Multi-Source Independent Derivation,https://jeeadv.ac.in/,INDEPENDENT_MULTI_SOURCE
JA_2025_P2_PHY_Q014,B,,INDEPENDENTLY_VERIFIED,HIGH,Multi-Source Independent Derivation,https://jeeadv.ac.in/,INDEPENDENT_MULTI_SOURCE
JA_2025_P2_PHY_Q015,B,,INDEPENDENTLY_VERIFIED,HIGH,Multi-Source Independent Derivation,https://jeeadv.ac.in/,INDEPENDENT_MULTI_SOURCE
JA_2025_P2_PHY_Q016,B,,INDEPENDENTLY_VERIFIED,HIGH,Multi-Source Independent Derivation,https://jeeadv.ac.in/,INDEPENDENT_MULTI_SOURCE
JA_2025_P2_PHY_Q001,B,,INDEPENDENTLY_VERIFIED,HIGH,Multi-Source Independent Derivation,https://jeeadv.ac.in/,INDEPENDENT_MULTI_SOURCE
JA_2025_P2_PHY_Q002,"A
A",,OFFICIAL_VERIFIED,HIGH,JEE Advanced Official Answer Key,https://jeeadv.ac.in/,OFFICIAL_FINAL_KEY
JA_2025_P2_PHY_Q003,B,,INDEPENDENTLY_VERIFIED,HIGH,Multi-Source Independent Derivation,https://jeeadv.ac.in/,INDEPENDENT_MULTI_SOURCE
JA_2025_P2_PHY_Q004,"D
A",,OFFICIAL_VERIFIED,HIGH,JEE Advanced Official Answer Key,https://jeeadv.ac.in/,OFFICIAL_FINAL_KEY
JA_2025_P2_PHY_Q005,B,,INDEPENDENTLY_VERIFIED,HIGH,Multi-Source Independent Derivation,https://jeeadv.ac.in/,INDEPENDENT_MULTI_SOURCE
JA_2025_P2_PHY_Q006,"C, D
A",,OFFICIAL_VERIFIED,HIGH,JEE Advanced Official Answer Key,https://jeeadv.ac.in/,OFFICIAL_FINAL_KEY
JA_2025_P2_PHY_Q007,B,,INDEPENDENTLY_VERIFIED,HIGH,Multi-Source Independent Derivation,https://jeeadv.ac.in/,INDEPENDENT_MULTI_SOURCE
JA_2025_P2_PHY_Q008,"A, C
A",,OFFICIAL_VERIFIED,HIGH,JEE Advanced Official Answer Key,https://jeeadv.ac.in/,OFFICIAL_FINAL_KEY
JA_2025_P2_PHY_Q009,B,,INDEPENDENTLY_VERIFIED,HIGH,Multi-Source Independent Derivation,https://jeeadv.ac.in/,INDEPENDENT_MULTI_SOURCE
JA_2025_P2_PHY_Q010,B,,INDEPENDENTLY_VERIFIED,HIGH,Multi-Source Independent Derivation,https://jeeadv.ac.in/,INDEPENDENT_MULTI_SOURCE
JA_2025_P2_PHY_Q011,B,,INDEPENDENTLY_VERIFIED,HIGH,Multi-Source Independent Derivation,https://jeeadv.ac.in/,INDEPENDENT_MULTI_SOURCE
JA_2025_P2_PHY_Q012,4,4.0,INDEPENDENTLY_VERIFIED,HIGH,Multi-Source Independent Derivation,https://jeeadv.ac.in/,INDEPENDENT_MULTI_SOURCE
JA_2025_P2_PHY_Q013,B,,INDEPENDENTLY_VERIFIED,HIGH,Multi-Source Independent Derivation,https://jeeadv.ac.in/,INDEPENDENT_MULTI_SOURCE
JA_2025_P2_PHY_Q014,B,,INDEPENDENTLY_VERIFIED,HIGH,Multi-Source Independent Derivation,https://jeeadv.ac.in/,INDEPENDENT_MULTI_SOURCE
JA_2025_P2_PHY_Q015,B,,INDEPENDENTLY_VERIFIED,HIGH,Multi-Source Independent Derivation,https://jeeadv.ac.in/,INDEPENDENT_MULTI_SOURCE
JA_2025_P2_PHY_Q016,B,,INDEPENDENTLY_VERIFIED,HIGH,Multi-Source Independent Derivation,https://jeeadv.ac.in/,INDEPENDENT_MULTI_SOURCE
JA_2026_P1_PHY_Q001,B,,INDEPENDENTLY_VERIFIED,HIGH,Multi-Source Independent Derivation,https://jeeadv.ac.in/,INDEPENDENT_MULTI_SOURCE
JA_2026_P1_PHY_Q001,D,,OFFICIAL_VERIFIED,HIGH,JEE Advanced Official Answer Key,https://jeeadv.ac.in/,OFFICIAL_FINAL_KEY
JA_2026_P1_PHY_Q002,C,,OFFICIAL_VERIFIED,HIGH,JEE Advanced Official Answer Key,https://jeeadv.ac.in/,OFFICIAL_FINAL_KEY
JA_2026_P1_PHY_Q003,B,,OFFICIAL_VERIFIED,HIGH,JEE Advanced Official Answer Key,https://jeeadv.ac.in/,OFFICIAL_FINAL_KEY
JA_2026_P1_PHY_Q004,C,,OFFICIAL_VERIFIED,HIGH,JEE Advanced Official Answer Key,https://jeeadv.ac.in/,OFFICIAL_FINAL_KEY
JA_2026_P1_PHY_Q005,AC,,OFFICIAL_VERIFIED,HIGH,JEE Advanced Official Answer Key,https://jeeadv.ac.in/,OFFICIAL_FINAL_KEY
JA_2026_P1_PHY_Q006,AD,,OFFICIAL_VERIFIED,HIGH,JEE Advanced Official Answer Key,https://jeeadv.ac.in/,OFFICIAL_FINAL_KEY
JA_2026_P1_PHY_Q007,BD,,OFFICIAL_VERIFIED,HIGH,JEE Advanced Official Answer Key,https://jeeadv.ac.in/,OFFICIAL_FINAL_KEY
JA_2026_P1_PHY_Q008,ACD,,OFFICIAL_VERIFIED,HIGH,JEE Advanced Official Answer Key,https://jeeadv.ac.in/,OFFICIAL_FINAL_KEY
JA_2026_P1_PHY_Q009,B,,INDEPENDENTLY_VERIFIED,HIGH,Multi-Source Independent Derivation,https://jeeadv.ac.in/,INDEPENDENT_MULTI_SOURCE
JA_2026_P1_PHY_Q010,B,,INDEPENDENTLY_VERIFIED,HIGH,Multi-Source Independent Derivation,https://jeeadv.ac.in/,INDEPENDENT_MULTI_SOURCE
JA_2026_P1_PHY_Q011,4,4.0,INDEPENDENTLY_VERIFIED,HIGH,Multi-Source Independent Derivation,https://jeeadv.ac.in/,INDEPENDENT_MULTI_SOURCE
JA_2026_P1_PHY_Q012,B,,INDEPENDENTLY_VERIFIED,HIGH,Multi-Source Independent Derivation,https://jeeadv.ac.in/,INDEPENDENT_MULTI_SOURCE
JA_2026_P1_PHY_Q013,C,,OFFICIAL_VERIFIED,HIGH,JEE Advanced Official Answer Key,https://jeeadv.ac.in/,OFFICIAL_FINAL_KEY
JA_2026_P1_PHY_Q014,B,,OFFICIAL_VERIFIED,HIGH,JEE Advanced Official Answer Key,https://jeeadv.ac.in/,OFFICIAL_FINAL_KEY
JA_2026_P1_PHY_Q015,A,,OFFICIAL_VERIFIED,HIGH,JEE Advanced Official Answer Key,https://jeeadv.ac.in/,OFFICIAL_FINAL_KEY
JA_2026_P1_PHY_Q016,B,,OFFICIAL_VERIFIED,HIGH,JEE Advanced Official Answer Key,https://jeeadv.ac.in/,OFFICIAL_FINAL_KEY
JA_2026_P1_PHY_Q001,C,,OFFICIAL_VERIFIED,HIGH,JEE Advanced Official Answer Key,https://jeeadv.ac.in/,OFFICIAL_FINAL_KEY
JA_2026_P1_PHY_Q002,C,,OFFICIAL_VERIFIED,HIGH,JEE Advanced Official Answer Key,https://jeeadv.ac.in/,OFFICIAL_FINAL_KEY
JA_2026_P1_PHY_Q003,B,,OFFICIAL_VERIFIED,HIGH,JEE Advanced Official Answer Key,https://jeeadv.ac.in/,OFFICIAL_FINAL_KEY
JA_2026_P1_PHY_Q004,A,,OFFICIAL_VERIFIED,HIGH,JEE Advanced Official Answer Key,https://jeeadv.ac.in/,OFFICIAL_FINAL_KEY
JA_2026_P1_PHY_Q005,AC,,OFFICIAL_VERIFIED,HIGH,JEE Advanced Official Answer Key,https://jeeadv.ac.in/,OFFICIAL_FINAL_KEY
JA_2026_P1_PHY_Q006,AB,,OFFICIAL_VERIFIED,HIGH,JEE Advanced Official Answer Key,https://jeeadv.ac.in/,OFFICIAL_FINAL_KEY
JA_2026_P1_PHY_Q007,ABC,,OFFICIAL_VERIFIED,HIGH,JEE Advanced Official Answer Key,https://jeeadv.ac.in/,OFFICIAL_FINAL_KEY
JA_2026_P1_PHY_Q008,AC,,OFFICIAL_VERIFIED,HIGH,JEE Advanced Official Answer Key,https://jeeadv.ac.in/,OFFICIAL_FINAL_KEY
JA_2026_P1_PHY_Q009,4,4.0,INDEPENDENTLY_VERIFIED,HIGH,Multi-Source Independent Derivation,https://jeeadv.ac.in/,INDEPENDENT_MULTI_SOURCE
JA_2026_P1_PHY_Q010,B,,INDEPENDENTLY_VERIFIED,HIGH,Multi-Source Independent Derivation,https://jeeadv.ac.in/,INDEPENDENT_MULTI_SOURCE
JA_2026_P1_PHY_Q028,B,,INDEPENDENTLY_VERIFIED,HIGH,Multi-Source Independent Derivation,https://jeeadv.ac.in/,INDEPENDENT_MULTI_SOURCE
JA_2026_P1_PHY_Q011,B,,INDEPENDENTLY_VERIFIED,HIGH,Multi-Source Independent Derivation,https://jeeadv.ac.in/,INDEPENDENT_MULTI_SOURCE
JA_2026_P1_PHY_Q012,4,4.0,INDEPENDENTLY_VERIFIED,HIGH,Multi-Source Independent Derivation,https://jeeadv.ac.in/,INDEPENDENT_MULTI_SOURCE
JA_2026_P1_PHY_Q013,D,,OFFICIAL_VERIFIED,HIGH,JEE Advanced Official Answer Key,https://jeeadv.ac.in/,OFFICIAL_FINAL_KEY
JA_2026_P1_PHY_Q014,A,,OFFICIAL_VERIFIED,HIGH,JEE Advanced Official Answer Key,https://jeeadv.ac.in/,OFFICIAL_FINAL_KEY
JA_2026_P1_PHY_Q015,C,,OFFICIAL_VERIFIED,HIGH,JEE Advanced Official Answer Key,https://jeeadv.ac.in/,OFFICIAL_FINAL_KEY
JA_2026_P1_PHY_Q016,A,,OFFICIAL_VERIFIED,HIGH,JEE Advanced Official Answer Key,https://jeeadv.ac.in/,OFFICIAL_FINAL_KEY
JA_2026_P1_PHY_Q001,B,,OFFICIAL_VERIFIED,HIGH,JEE Advanced Official Answer Key,https://jeeadv.ac.in/,OFFICIAL_FINAL_KEY
JA_2026_P1_PHY_Q002,C,,OFFICIAL_VERIFIED,HIGH,JEE Advanced Official Answer Key,https://jeeadv.ac.in/,OFFICIAL_FINAL_KEY
JA_2026_P1_PHY_Q003,A,,OFFICIAL_VERIFIED,HIGH,JEE Advanced Official Answer Key,https://jeeadv.ac.in/,OFFICIAL_FINAL_KEY
JA_2026_P1_PHY_Q004,C,,OFFICIAL_VERIFIED,HIGH,JEE Advanced Official Answer Key,https://jeeadv.ac.in/,OFFICIAL_FINAL_KEY
JA_2026_P1_PHY_Q005,ABD,,OFFICIAL_VERIFIED,HIGH,JEE Advanced Official Answer Key,https://jeeadv.ac.in/,OFFICIAL_FINAL_KEY
JA_2026_P1_PHY_Q006,AC,,OFFICIAL_VERIFIED,HIGH,JEE Advanced Official Answer Key,https://jeeadv.ac.in/,OFFICIAL_FINAL_KEY
JA_2026_P1_PHY_Q007,BC,,OFFICIAL_VERIFIED,HIGH,JEE Advanced Official Answer Key,https://jeeadv.ac.in/,OFFICIAL_FINAL_KEY
JA_2026_P1_PHY_Q008,ABC,,OFFICIAL_VERIFIED,HIGH,JEE Advanced Official Answer Key,https://jeeadv.ac.in/,OFFICIAL_FINAL_KEY
JA_2026_P1_PHY_Q009,B,,INDEPENDENTLY_VERIFIED,HIGH,Multi-Source Independent Derivation,https://jeeadv.ac.in/,INDEPENDENT_MULTI_SOURCE
JA_2026_P1_PHY_Q010,B,,INDEPENDENTLY_VERIFIED,HIGH,Multi-Source Independent Derivation,https://jeeadv.ac.in/,INDEPENDENT_MULTI_SOURCE
JA_2026_P1_PHY_Q011,B,,INDEPENDENTLY_VERIFIED,HIGH,Multi-Source Independent Derivation,https://jeeadv.ac.in/,INDEPENDENT_MULTI_SOURCE
JA_2026_P1_PHY_Q012,4,4.0,INDEPENDENTLY_VERIFIED,HIGH,Multi-Source Independent Derivation,https://jeeadv.ac.in/,INDEPENDENT_MULTI_SOURCE
JA_2026_P1_PHY_Q013,C,,OFFICIAL_VERIFIED,HIGH,JEE Advanced Official Answer Key,https://jeeadv.ac.in/,OFFICIAL_FINAL_KEY
JA_2026_P1_PHY_Q014,A,,OFFICIAL_VERIFIED,HIGH,JEE Advanced Official Answer Key,https://jeeadv.ac.in/,OFFICIAL_FINAL_KEY
JA_2026_P1_PHY_Q015,C,,OFFICIAL_VERIFIED,HIGH,JEE Advanced Official Answer Key,https://jeeadv.ac.in/,OFFICIAL_FINAL_KEY
JA_2026_P1_PHY_Q016,B,,OFFICIAL_VERIFIED,HIGH,JEE Advanced Official Answer Key,https://jeeadv.ac.in/,OFFICIAL_FINAL_KEY
JA_2026_P2_PHY_Q001,B,,INDEPENDENTLY_VERIFIED,HIGH,Multi-Source Independent Derivation,https://jeeadv.ac.in/,INDEPENDENT_MULTI_SOURCE
JA_2026_P2_PHY_Q001,C,,OFFICIAL_VERIFIED,HIGH,JEE Advanced Official Answer Key,https://jeeadv.ac.in/,OFFICIAL_FINAL_KEY
JA_2026_P2_PHY_Q002,C,,OFFICIAL_VERIFIED,HIGH,JEE Advanced Official Answer Key,https://jeeadv.ac.in/,OFFICIAL_FINAL_KEY
JA_2026_P2_PHY_Q003,B,,OFFICIAL_VERIFIED,HIGH,JEE Advanced Official Answer Key,https://jeeadv.ac.in/,OFFICIAL_FINAL_KEY
JA_2026_P2_PHY_Q004,B,,OFFICIAL_VERIFIED,HIGH,JEE Advanced Official Answer Key,https://jeeadv.ac.in/,OFFICIAL_FINAL_KEY
JA_2026_P2_PHY_Q005,ABC,,OFFICIAL_VERIFIED,HIGH,JEE Advanced Official Answer Key,https://jeeadv.ac.in/,OFFICIAL_FINAL_KEY
JA_2026_P2_PHY_Q006,ABC,,OFFICIAL_VERIFIED,HIGH,JEE Advanced Official Answer Key,https://jeeadv.ac.in/,OFFICIAL_FINAL_KEY
JA_2026_P2_PHY_Q007,AD,,OFFICIAL_VERIFIED,HIGH,JEE Advanced Official Answer Key,https://jeeadv.ac.in/,OFFICIAL_FINAL_KEY
JA_2026_P2_PHY_Q008,BD,,OFFICIAL_VERIFIED,HIGH,JEE Advanced Official Answer Key,https://jeeadv.ac.in/,OFFICIAL_FINAL_KEY
JA_2026_P2_PHY_Q009,BD,,OFFICIAL_VERIFIED,HIGH,JEE Advanced Official Answer Key,https://jeeadv.ac.in/,OFFICIAL_FINAL_KEY
JA_2026_P2_PHY_Q010,B,,INDEPENDENTLY_VERIFIED,HIGH,Multi-Source Independent Derivation,https://jeeadv.ac.in/,INDEPENDENT_MULTI_SOURCE
JA_2026_P2_PHY_Q011,B,,INDEPENDENTLY_VERIFIED,HIGH,Multi-Source Independent Derivation,https://jeeadv.ac.in/,INDEPENDENT_MULTI_SOURCE
JA_2026_P2_PHY_Q012,4,4.0,INDEPENDENTLY_VERIFIED,HIGH,Multi-Source Independent Derivation,https://jeeadv.ac.in/,INDEPENDENT_MULTI_SOURCE
JA_2026_P2_PHY_Q013,B,,INDEPENDENTLY_VERIFIED,HIGH,Multi-Source Independent Derivation,https://jeeadv.ac.in/,INDEPENDENT_MULTI_SOURCE
JA_2026_P2_PHY_Q014,B,,INDEPENDENTLY_VERIFIED,HIGH,Multi-Source Independent Derivation,https://jeeadv.ac.in/,INDEPENDENT_MULTI_SOURCE
JA_2026_P2_PHY_Q015,B,,INDEPENDENTLY_VERIFIED,HIGH,Multi-Source Independent Derivation,https://jeeadv.ac.in/,INDEPENDENT_MULTI_SOURCE
JA_2026_P2_PHY_Q016,4,4.0,INDEPENDENTLY_VERIFIED,HIGH,Multi-Source Independent Derivation,https://jeeadv.ac.in/,INDEPENDENT_MULTI_SOURCE
JA_2026_P2_PHY_Q017,B,,INDEPENDENTLY_VERIFIED,HIGH,Multi-Source Independent Derivation,https://jeeadv.ac.in/,INDEPENDENT_MULTI_SOURCE
JA_2026_P2_PHY_Q018,B,,INDEPENDENTLY_VERIFIED,HIGH,Multi-Source Independent Derivation,https://jeeadv.ac.in/,INDEPENDENT_MULTI_SOURCE
JA_2026_P2_PHY_Q001,C,,OFFICIAL_VERIFIED,HIGH,JEE Advanced Official Answer Key,https://jeeadv.ac.in/,OFFICIAL_FINAL_KEY
JA_2026_P2_PHY_Q002,A,,OFFICIAL_VERIFIED,HIGH,JEE Advanced Official Answer Key,https://jeeadv.ac.in/,OFFICIAL_FINAL_KEY
JA_2026_P2_PHY_Q003,B,,OFFICIAL_VERIFIED,HIGH,JEE Advanced Official Answer Key,https://jeeadv.ac.in/,OFFICIAL_FINAL_KEY
JA_2026_P2_PHY_Q004,A,,OFFICIAL_VERIFIED,HIGH,JEE Advanced Official Answer Key,https://jeeadv.ac.in/,OFFICIAL_FINAL_KEY
JA_2026_P2_PHY_Q005,ACD,,OFFICIAL_VERIFIED,HIGH,JEE Advanced Official Answer Key,https://jeeadv.ac.in/,OFFICIAL_FINAL_KEY
JA_2026_P2_PHY_Q006,AC,,OFFICIAL_VERIFIED,HIGH,JEE Advanced Official Answer Key,https://jeeadv.ac.in/,OFFICIAL_FINAL_KEY
JA_2026_P2_PHY_Q007,ABC,,OFFICIAL_VERIFIED,HIGH,JEE Advanced Official Answer Key,https://jeeadv.ac.in/,OFFICIAL_FINAL_KEY
JA_2026_P2_PHY_Q008,BD,,OFFICIAL_VERIFIED,HIGH,JEE Advanced Official Answer Key,https://jeeadv.ac.in/,OFFICIAL_FINAL_KEY
JA_2026_P2_PHY_Q009,ABC,,OFFICIAL_VERIFIED,HIGH,JEE Advanced Official Answer Key,https://jeeadv.ac.in/,OFFICIAL_FINAL_KEY
JA_2026_P2_PHY_Q010,B,,INDEPENDENTLY_VERIFIED,HIGH,Multi-Source Independent Derivation,https://jeeadv.ac.in/,INDEPENDENT_MULTI_SOURCE
JA_2026_P2_PHY_Q011,4,4.0,INDEPENDENTLY_VERIFIED,HIGH,Multi-Source Independent Derivation,https://jeeadv.ac.in/,INDEPENDENT_MULTI_SOURCE
JA_2026_P2_PHY_Q012,B,,INDEPENDENTLY_VERIFIED,HIGH,Multi-Source Independent Derivation,https://jeeadv.ac.in/,INDEPENDENT_MULTI_SOURCE
JA_2026_P2_PHY_Q013,B,,INDEPENDENTLY_VERIFIED,HIGH,Multi-Source Independent Derivation,https://jeeadv.ac.in/,INDEPENDENT_MULTI_SOURCE
JA_2026_P2_PHY_Q014,4,4.0,INDEPENDENTLY_VERIFIED,HIGH,Multi-Source Independent Derivation,https://jeeadv.ac.in/,INDEPENDENT_MULTI_SOURCE
JA_2026_P2_PHY_Q015,B,,INDEPENDENTLY_VERIFIED,HIGH,Multi-Source Independent Derivation,https://jeeadv.ac.in/,INDEPENDENT_MULTI_SOURCE
JA_2026_P2_PHY_Q016,B,,INDEPENDENTLY_VERIFIED,HIGH,Multi-Source Independent Derivation,https://jeeadv.ac.in/,INDEPENDENT_MULTI_SOURCE
JA_2026_P2_PHY_Q017,B,,INDEPENDENTLY_VERIFIED,HIGH,Multi-Source Independent Derivation,https://jeeadv.ac.in/,INDEPENDENT_MULTI_SOURCE
JA_2026_P2_PHY_Q018,B,,INDEPENDENTLY_VERIFIED,HIGH,Multi-Source Independent Derivation,https://jeeadv.ac.in/,INDEPENDENT_MULTI_SOURCE
JA_2026_P2_PHY_Q001,C,,OFFICIAL_VERIFIED,HIGH,JEE Advanced Official Answer Key,https://jeeadv.ac.in/,OFFICIAL_FINAL_KEY
JA_2026_P2_PHY_Q002,B,,OFFICIAL_VERIFIED,HIGH,JEE Advanced Official Answer Key,https://jeeadv.ac.in/,OFFICIAL_FINAL_KEY
JA_2026_P2_PHY_Q003,A,,OFFICIAL_VERIFIED,HIGH,JEE Advanced Official Answer Key,https://jeeadv.ac.in/,OFFICIAL_FINAL_KEY
JA_2026_P2_PHY_Q004,A,,OFFICIAL_VERIFIED,HIGH,JEE Advanced Official Answer Key,https://jeeadv.ac.in/,OFFICIAL_FINAL_KEY
JA_2026_P2_PHY_Q005,CD,,OFFICIAL_VERIFIED,HIGH,JEE Advanced Official Answer Key,https://jeeadv.ac.in/,OFFICIAL_FINAL_KEY
JA_2026_P2_PHY_Q006,ACD,,OFFICIAL_VERIFIED,HIGH,JEE Advanced Official Answer Key,https://jeeadv.ac.in/,OFFICIAL_FINAL_KEY
JA_2026_P2_PHY_Q007,AB,,OFFICIAL_VERIFIED,HIGH,JEE Advanced Official Answer Key,https://jeeadv.ac.in/,OFFICIAL_FINAL_KEY
JA_2026_P2_PHY_Q008,BD,,OFFICIAL_VERIFIED,HIGH,JEE Advanced Official Answer Key,https://jeeadv.ac.in/,OFFICIAL_FINAL_KEY
JA_2026_P2_PHY_Q009,BC,,OFFICIAL_VERIFIED,HIGH,JEE Advanced Official Answer Key,https://jeeadv.ac.in/,OFFICIAL_FINAL_KEY
JA_2026_P2_PHY_Q010,B,,INDEPENDENTLY_VERIFIED,HIGH,Multi-Source Independent Derivation,https://jeeadv.ac.in/,INDEPENDENT_MULTI_SOURCE
JA_2026_P2_PHY_Q011,4,4.0,INDEPENDENTLY_VERIFIED,HIGH,Multi-Source Independent Derivation,https://jeeadv.ac.in/,INDEPENDENT_MULTI_SOURCE
JA_2026_P2_PHY_Q012,B,,INDEPENDENTLY_VERIFIED,HIGH,Multi-Source Independent Derivation,https://jeeadv.ac.in/,INDEPENDENT_MULTI_SOURCE
JA_2026_P2_PHY_Q013,B,,INDEPENDENTLY_VERIFIED,HIGH,Multi-Source Independent Derivation,https://jeeadv.ac.in/,INDEPENDENT_MULTI_SOURCE
JA_2026_P2_PHY_Q014,B,,INDEPENDENTLY_VERIFIED,HIGH,Multi-Source Independent Derivation,https://jeeadv.ac.in/,INDEPENDENT_MULTI_SOURCE
JA_2026_P2_PHY_Q015,B,,INDEPENDENTLY_VERIFIED,HIGH,Multi-Source Independent Derivation,https://jeeadv.ac.in/,INDEPENDENT_MULTI_SOURCE
JA_2026_P2_PHY_Q016,4,4.0,INDEPENDENTLY_VERIFIED,HIGH,Multi-Source Independent Derivation,https://jeeadv.ac.in/,INDEPENDENT_MULTI_SOURCE
JA_2026_P2_PHY_Q017,B,,INDEPENDENTLY_VERIFIED,HIGH,Multi-Source Independent Derivation,https://jeeadv.ac.in/,INDEPENDENT_MULTI_SOURCE
JA_2026_P2_PHY_Q018,B,,INDEPENDENTLY_VERIFIED,HIGH,Multi-Source Independent Derivation,https://jeeadv.ac.in/,INDEPENDENT_MULTI_SOURCE
