question_id,exam,year,session,exam_date,shift,paper,paper_number,subject,original_question_number,question_type,question_text,image_required,section,source_pdf,extraction_method
JM_2026_S2_0402_SHIFT1_MAT_Q001,JEE_MAIN,2026,Session 2,2026-04-02,Shift 1,Paper 1 (B.E./B.Tech),1,Mathematics,1,SINGLE_CORRECT_MCQ,[Image-based question — see question card image. NTA Question ID: 6911211],True,A,JEE_Main_2026_Session-2_2026-04-02_Shift-1_Question-Paper.pdf,NTA_IMAGE_RENDER
JM_2026_S2_0402_SHIFT1_MAT_Q002,JEE_MAIN,2026,Session 2,2026-04-02,Shift 1,Paper 1 (B.E./B.Tech),1,Mathematics,2,SINGLE_CORRECT_MCQ,[Image-based question — see question card image. NTA Question ID: 6911212],True,A,JEE_Main_2026_Session-2_2026-04-02_Shift-1_Question-Paper.pdf,NTA_IMAGE_RENDER
JM_2026_S2_0402_SHIFT1_MAT_Q003,JEE_MAIN,2026,Session 2,2026-04-02,Shift 1,Paper 1 (B.E./B.Tech),1,Mathematics,3,SINGLE_CORRECT_MCQ,[Image-based question — see question card image. NTA Question ID: 6911213],True,A,JEE_Main_2026_Session-2_2026-04-02_Shift-1_Question-Paper.pdf,NTA_IMAGE_RENDER
JM_2026_S2_0402_SHIFT1_MAT_Q004,JEE_MAIN,2026,Session 2,2026-04-02,Shift 1,Paper 1 (B.E./B.Tech),1,Mathematics,4,SINGLE_CORRECT_MCQ,[Image-based question — see question card image. NTA Question ID: 6911214],True,A,JEE_Main_2026_Session-2_2026-04-02_Shift-1_Question-Paper.pdf,NTA_IMAGE_RENDER
JM_2026_S2_0402_SHIFT1_MAT_Q005,JEE_MAIN,2026,Session 2,2026-04-02,Shift 1,Paper 1 (B.E./B.Tech),1,Mathematics,5,SINGLE_CORRECT_MCQ,[Image-based question — see question card image. NTA Question ID: 6911215],True,A,JEE_Main_2026_Session-2_2026-04-02_Shift-1_Question-Paper.pdf,NTA_IMAGE_RENDER
JM_2026_S2_0402_SHIFT1_MAT_Q006,JEE_MAIN,2026,Session 2,2026-04-02,Shift 1,Paper 1 (B.E./B.Tech),1,Mathematics,6,SINGLE_CORRECT_MCQ,[Image-based question — see question card image. NTA Question ID: 6911216],True,A,JEE_Main_2026_Session-2_2026-04-02_Shift-1_Question-Paper.pdf,NTA_IMAGE_RENDER
JM_2026_S2_0402_SHIFT1_MAT_Q007,JEE_MAIN,2026,Session 2,2026-04-02,Shift 1,Paper 1 (B.E./B.Tech),1,Mathematics,7,SINGLE_CORRECT_MCQ,[Image-based question — see question card image. NTA Question ID: 6911217],True,A,JEE_Main_2026_Session-2_2026-04-02_Shift-1_Question-Paper.pdf,NTA_IMAGE_RENDER
JM_2026_S2_0402_SHIFT1_MAT_Q008,JEE_MAIN,2026,Session 2,2026-04-02,Shift 1,Paper 1 (B.E./B.Tech),1,Mathematics,8,SINGLE_CORRECT_MCQ,[Image-based question — see question card image. NTA Question ID: 6911218],True,A,JEE_Main_2026_Session-2_2026-04-02_Shift-1_Question-Paper.pdf,NTA_IMAGE_RENDER
JM_2026_S2_0402_SHIFT1_MAT_Q009,JEE_MAIN,2026,Session 2,2026-04-02,Shift 1,Paper 1 (B.E./B.Tech),1,Mathematics,9,SINGLE_CORRECT_MCQ,[Image-based question — see question card image. NTA Question ID: 6911219],True,A,JEE_Main_2026_Session-2_2026-04-02_Shift-1_Question-Paper.pdf,NTA_IMAGE_RENDER
JM_2026_S2_0402_SHIFT1_MAT_Q010,JEE_MAIN,2026,Session 2,2026-04-02,Shift 1,Paper 1 (B.E./B.Tech),1,Mathematics,10,SINGLE_CORRECT_MCQ,[Image-based question — see question card image. NTA Question ID: 69112110],True,A,JEE_Main_2026_Session-2_2026-04-02_Shift-1_Question-Paper.pdf,NTA_IMAGE_RENDER
JM_2026_S2_0402_SHIFT1_MAT_Q011,JEE_MAIN,2026,Session 2,2026-04-02,Shift 1,Paper 1 (B.E./B.Tech),1,Mathematics,11,SINGLE_CORRECT_MCQ,[Image-based question — see question card image. NTA Question ID: 69112111],True,A,JEE_Main_2026_Session-2_2026-04-02_Shift-1_Question-Paper.pdf,NTA_IMAGE_RENDER
JM_2026_S2_0402_SHIFT1_MAT_Q012,JEE_MAIN,2026,Session 2,2026-04-02,Shift 1,Paper 1 (B.E./B.Tech),1,Mathematics,12,SINGLE_CORRECT_MCQ,[Image-based question — see question card image. NTA Question ID: 69112112],True,A,JEE_Main_2026_Session-2_2026-04-02_Shift-1_Question-Paper.pdf,NTA_IMAGE_RENDER
JM_2026_S2_0402_SHIFT1_MAT_Q013,JEE_MAIN,2026,Session 2,2026-04-02,Shift 1,Paper 1 (B.E./B.Tech),1,Mathematics,13,SINGLE_CORRECT_MCQ,[Image-based question — see question card image. NTA Question ID: 69112113],True,A,JEE_Main_2026_Session-2_2026-04-02_Shift-1_Question-Paper.pdf,NTA_IMAGE_RENDER
JM_2026_S2_0402_SHIFT1_MAT_Q014,JEE_MAIN,2026,Session 2,2026-04-02,Shift 1,Paper 1 (B.E./B.Tech),1,Mathematics,14,SINGLE_CORRECT_MCQ,[Image-based question — see question card image. NTA Question ID: 69112114],True,A,JEE_Main_2026_Session-2_2026-04-02_Shift-1_Question-Paper.pdf,NTA_IMAGE_RENDER
JM_2026_S2_0402_SHIFT1_MAT_Q015,JEE_MAIN,2026,Session 2,2026-04-02,Shift 1,Paper 1 (B.E./B.Tech),1,Mathematics,15,SINGLE_CORRECT_MCQ,[Image-based question — see question card image. NTA Question ID: 69112115],True,A,JEE_Main_2026_Session-2_2026-04-02_Shift-1_Question-Paper.pdf,NTA_IMAGE_RENDER
JM_2026_S2_0402_SHIFT1_MAT_Q016,JEE_MAIN,2026,Session 2,2026-04-02,Shift 1,Paper 1 (B.E./B.Tech),1,Mathematics,16,SINGLE_CORRECT_MCQ,[Image-based question — see question card image. NTA Question ID: 69112116],True,A,JEE_Main_2026_Session-2_2026-04-02_Shift-1_Question-Paper.pdf,NTA_IMAGE_RENDER
JM_2026_S2_0402_SHIFT1_MAT_Q017,JEE_MAIN,2026,Session 2,2026-04-02,Shift 1,Paper 1 (B.E./B.Tech),1,Mathematics,17,SINGLE_CORRECT_MCQ,[Image-based question — see question card image. NTA Question ID: 69112117],True,A,JEE_Main_2026_Session-2_2026-04-02_Shift-1_Question-Paper.pdf,NTA_IMAGE_RENDER
JM_2026_S2_0402_SHIFT1_MAT_Q018,JEE_MAIN,2026,Session 2,2026-04-02,Shift 1,Paper 1 (B.E./B.Tech),1,Mathematics,18,SINGLE_CORRECT_MCQ,[Image-based question — see question card image. NTA Question ID: 69112118],True,A,JEE_Main_2026_Session-2_2026-04-02_Shift-1_Question-Paper.pdf,NTA_IMAGE_RENDER
JM_2026_S2_0402_SHIFT1_MAT_Q019,JEE_MAIN,2026,Session 2,2026-04-02,Shift 1,Paper 1 (B.E./B.Tech),1,Mathematics,19,SINGLE_CORRECT_MCQ,[Image-based question — see question card image. NTA Question ID: 69112119],True,A,JEE_Main_2026_Session-2_2026-04-02_Shift-1_Question-Paper.pdf,NTA_IMAGE_RENDER
JM_2026_S2_0402_SHIFT1_MAT_Q020,JEE_MAIN,2026,Session 2,2026-04-02,Shift 1,Paper 1 (B.E./B.Tech),1,Mathematics,20,SINGLE_CORRECT_MCQ,[Image-based question — see question card image. NTA Question ID: 69112120],True,A,JEE_Main_2026_Session-2_2026-04-02_Shift-1_Question-Paper.pdf,NTA_IMAGE_RENDER
JM_2026_S2_0402_SHIFT1_MAT_Q021,JEE_MAIN,2026,Session 2,2026-04-02,Shift 1,Paper 1 (B.E./B.Tech),1,Mathematics,21,NUMERICAL,[Image-based question — see question card image. NTA Question ID: 69112121],True,B,JEE_Main_2026_Session-2_2026-04-02_Shift-1_Question-Paper.pdf,NTA_IMAGE_RENDER
JM_2026_S2_0402_SHIFT1_MAT_Q022,JEE_MAIN,2026,Session 2,2026-04-02,Shift 1,Paper 1 (B.E./B.Tech),1,Mathematics,22,NUMERICAL,[Image-based question — see question card image. NTA Question ID: 69112122],True,B,JEE_Main_2026_Session-2_2026-04-02_Shift-1_Question-Paper.pdf,NTA_IMAGE_RENDER
JM_2026_S2_0402_SHIFT1_MAT_Q023,JEE_MAIN,2026,Session 2,2026-04-02,Shift 1,Paper 1 (B.E./B.Tech),1,Mathematics,23,NUMERICAL,[Image-based question — see question card image. NTA Question ID: 69112123],True,B,JEE_Main_2026_Session-2_2026-04-02_Shift-1_Question-Paper.pdf,NTA_IMAGE_RENDER
JM_2026_S2_0402_SHIFT1_MAT_Q024,JEE_MAIN,2026,Session 2,2026-04-02,Shift 1,Paper 1 (B.E./B.Tech),1,Mathematics,24,NUMERICAL,[Image-based question — see question card image. NTA Question ID: 69112124],True,B,JEE_Main_2026_Session-2_2026-04-02_Shift-1_Question-Paper.pdf,NTA_IMAGE_RENDER
JM_2026_S2_0402_SHIFT1_MAT_Q025,JEE_MAIN,2026,Session 2,2026-04-02,Shift 1,Paper 1 (B.E./B.Tech),1,Mathematics,25,NUMERICAL,[Image-based question — see question card image. NTA Question ID: 69112125],True,B,JEE_Main_2026_Session-2_2026-04-02_Shift-1_Question-Paper.pdf,NTA_IMAGE_RENDER
JM_2026_S2_0402_SHIFT1_PHY_Q026,JEE_MAIN,2026,Session 2,2026-04-02,Shift 1,Paper 1 (B.E./B.Tech),1,Physics,26,SINGLE_CORRECT_MCQ,[Image-based question — see question card image. NTA Question ID: 69112126],True,A,JEE_Main_2026_Session-2_2026-04-02_Shift-1_Question-Paper.pdf,NTA_IMAGE_RENDER
JM_2026_S2_0402_SHIFT1_PHY_Q027,JEE_MAIN,2026,Session 2,2026-04-02,Shift 1,Paper 1 (B.E./B.Tech),1,Physics,27,SINGLE_CORRECT_MCQ,[Image-based question — see question card image. NTA Question ID: 69112127],True,A,JEE_Main_2026_Session-2_2026-04-02_Shift-1_Question-Paper.pdf,NTA_IMAGE_RENDER
JM_2026_S2_0402_SHIFT1_PHY_Q028,JEE_MAIN,2026,Session 2,2026-04-02,Shift 1,Paper 1 (B.E./B.Tech),1,Physics,28,SINGLE_CORRECT_MCQ,[Image-based question — see question card image. NTA Question ID: 69112128],True,A,JEE_Main_2026_Session-2_2026-04-02_Shift-1_Question-Paper.pdf,NTA_IMAGE_RENDER
JM_2026_S2_0402_SHIFT1_PHY_Q029,JEE_MAIN,2026,Session 2,2026-04-02,Shift 1,Paper 1 (B.E./B.Tech),1,Physics,29,SINGLE_CORRECT_MCQ,[Image-based question — see question card image. NTA Question ID: 69112129],True,A,JEE_Main_2026_Session-2_2026-04-02_Shift-1_Question-Paper.pdf,NTA_IMAGE_RENDER
JM_2026_S2_0402_SHIFT1_PHY_Q030,JEE_MAIN,2026,Session 2,2026-04-02,Shift 1,Paper 1 (B.E./B.Tech),1,Physics,30,SINGLE_CORRECT_MCQ,[Image-based question — see question card image. NTA Question ID: 69112130],True,A,JEE_Main_2026_Session-2_2026-04-02_Shift-1_Question-Paper.pdf,NTA_IMAGE_RENDER
JM_2026_S2_0402_SHIFT1_PHY_Q031,JEE_MAIN,2026,Session 2,2026-04-02,Shift 1,Paper 1 (B.E./B.Tech),1,Physics,31,SINGLE_CORRECT_MCQ,[Image-based question — see question card image. NTA Question ID: 69112131],True,A,JEE_Main_2026_Session-2_2026-04-02_Shift-1_Question-Paper.pdf,NTA_IMAGE_RENDER
JM_2026_S2_0402_SHIFT1_PHY_Q032,JEE_MAIN,2026,Session 2,2026-04-02,Shift 1,Paper 1 (B.E./B.Tech),1,Physics,32,SINGLE_CORRECT_MCQ,[Image-based question — see question card image. NTA Question ID: 69112132],True,A,JEE_Main_2026_Session-2_2026-04-02_Shift-1_Question-Paper.pdf,NTA_IMAGE_RENDER
JM_2026_S2_0402_SHIFT1_PHY_Q033,JEE_MAIN,2026,Session 2,2026-04-02,Shift 1,Paper 1 (B.E./B.Tech),1,Physics,33,SINGLE_CORRECT_MCQ,[Image-based question — see question card image. NTA Question ID: 69112133],True,A,JEE_Main_2026_Session-2_2026-04-02_Shift-1_Question-Paper.pdf,NTA_IMAGE_RENDER
JM_2026_S2_0402_SHIFT1_PHY_Q034,JEE_MAIN,2026,Session 2,2026-04-02,Shift 1,Paper 1 (B.E./B.Tech),1,Physics,34,SINGLE_CORRECT_MCQ,[Image-based question — see question card image. NTA Question ID: 69112134],True,A,JEE_Main_2026_Session-2_2026-04-02_Shift-1_Question-Paper.pdf,NTA_IMAGE_RENDER
JM_2026_S2_0402_SHIFT1_PHY_Q035,JEE_MAIN,2026,Session 2,2026-04-02,Shift 1,Paper 1 (B.E./B.Tech),1,Physics,35,SINGLE_CORRECT_MCQ,[Image-based question — see question card image. NTA Question ID: 69112135],True,A,JEE_Main_2026_Session-2_2026-04-02_Shift-1_Question-Paper.pdf,NTA_IMAGE_RENDER
JM_2026_S2_0402_SHIFT1_PHY_Q036,JEE_MAIN,2026,Session 2,2026-04-02,Shift 1,Paper 1 (B.E./B.Tech),1,Physics,36,SINGLE_CORRECT_MCQ,[Image-based question — see question card image. NTA Question ID: 69112136],True,A,JEE_Main_2026_Session-2_2026-04-02_Shift-1_Question-Paper.pdf,NTA_IMAGE_RENDER
JM_2026_S2_0402_SHIFT1_PHY_Q037,JEE_MAIN,2026,Session 2,2026-04-02,Shift 1,Paper 1 (B.E./B.Tech),1,Physics,37,SINGLE_CORRECT_MCQ,[Image-based question — see question card image. NTA Question ID: 69112137],True,A,JEE_Main_2026_Session-2_2026-04-02_Shift-1_Question-Paper.pdf,NTA_IMAGE_RENDER
JM_2026_S2_0402_SHIFT1_PHY_Q038,JEE_MAIN,2026,Session 2,2026-04-02,Shift 1,Paper 1 (B.E./B.Tech),1,Physics,38,SINGLE_CORRECT_MCQ,[Image-based question — see question card image. NTA Question ID: 69112138],True,A,JEE_Main_2026_Session-2_2026-04-02_Shift-1_Question-Paper.pdf,NTA_IMAGE_RENDER
JM_2026_S2_0402_SHIFT1_PHY_Q039,JEE_MAIN,2026,Session 2,2026-04-02,Shift 1,Paper 1 (B.E./B.Tech),1,Physics,39,SINGLE_CORRECT_MCQ,[Image-based question — see question card image. NTA Question ID: 69112139],True,A,JEE_Main_2026_Session-2_2026-04-02_Shift-1_Question-Paper.pdf,NTA_IMAGE_RENDER
JM_2026_S2_0402_SHIFT1_PHY_Q040,JEE_MAIN,2026,Session 2,2026-04-02,Shift 1,Paper 1 (B.E./B.Tech),1,Physics,40,SINGLE_CORRECT_MCQ,[Image-based question — see question card image. NTA Question ID: 69112140],True,A,JEE_Main_2026_Session-2_2026-04-02_Shift-1_Question-Paper.pdf,NTA_IMAGE_RENDER
JM_2026_S2_0402_SHIFT1_PHY_Q041,JEE_MAIN,2026,Session 2,2026-04-02,Shift 1,Paper 1 (B.E./B.Tech),1,Physics,41,SINGLE_CORRECT_MCQ,[Image-based question — see question card image. NTA Question ID: 69112141],True,A,JEE_Main_2026_Session-2_2026-04-02_Shift-1_Question-Paper.pdf,NTA_IMAGE_RENDER
JM_2026_S2_0402_SHIFT1_PHY_Q042,JEE_MAIN,2026,Session 2,2026-04-02,Shift 1,Paper 1 (B.E./B.Tech),1,Physics,42,SINGLE_CORRECT_MCQ,[Image-based question — see question card image. NTA Question ID: 69112142],True,A,JEE_Main_2026_Session-2_2026-04-02_Shift-1_Question-Paper.pdf,NTA_IMAGE_RENDER
JM_2026_S2_0402_SHIFT1_PHY_Q043,JEE_MAIN,2026,Session 2,2026-04-02,Shift 1,Paper 1 (B.E./B.Tech),1,Physics,43,SINGLE_CORRECT_MCQ,[Image-based question — see question card image. NTA Question ID: 69112143],True,A,JEE_Main_2026_Session-2_2026-04-02_Shift-1_Question-Paper.pdf,NTA_IMAGE_RENDER
JM_2026_S2_0402_SHIFT1_PHY_Q044,JEE_MAIN,2026,Session 2,2026-04-02,Shift 1,Paper 1 (B.E./B.Tech),1,Physics,44,SINGLE_CORRECT_MCQ,[Image-based question — see question card image. NTA Question ID: 69112144],True,A,JEE_Main_2026_Session-2_2026-04-02_Shift-1_Question-Paper.pdf,NTA_IMAGE_RENDER
JM_2026_S2_0402_SHIFT1_PHY_Q045,JEE_MAIN,2026,Session 2,2026-04-02,Shift 1,Paper 1 (B.E./B.Tech),1,Physics,45,SINGLE_CORRECT_MCQ,[Image-based question — see question card image. NTA Question ID: 69112145],True,A,JEE_Main_2026_Session-2_2026-04-02_Shift-1_Question-Paper.pdf,NTA_IMAGE_RENDER
JM_2026_S2_0402_SHIFT1_PHY_Q046,JEE_MAIN,2026,Session 2,2026-04-02,Shift 1,Paper 1 (B.E./B.Tech),1,Physics,46,NUMERICAL,[Image-based question — see question card image. NTA Question ID: 69112146],True,B,JEE_Main_2026_Session-2_2026-04-02_Shift-1_Question-Paper.pdf,NTA_IMAGE_RENDER
JM_2026_S2_0402_SHIFT1_PHY_Q047,JEE_MAIN,2026,Session 2,2026-04-02,Shift 1,Paper 1 (B.E./B.Tech),1,Physics,47,NUMERICAL,[Image-based question — see question card image. NTA Question ID: 69112147],True,B,JEE_Main_2026_Session-2_2026-04-02_Shift-1_Question-Paper.pdf,NTA_IMAGE_RENDER
JM_2026_S2_0402_SHIFT1_PHY_Q048,JEE_MAIN,2026,Session 2,2026-04-02,Shift 1,Paper 1 (B.E./B.Tech),1,Physics,48,NUMERICAL,[Image-based question — see question card image. NTA Question ID: 69112148],True,B,JEE_Main_2026_Session-2_2026-04-02_Shift-1_Question-Paper.pdf,NTA_IMAGE_RENDER
JM_2026_S2_0402_SHIFT1_PHY_Q049,JEE_MAIN,2026,Session 2,2026-04-02,Shift 1,Paper 1 (B.E./B.Tech),1,Physics,49,NUMERICAL,[Image-based question — see question card image. NTA Question ID: 69112149],True,B,JEE_Main_2026_Session-2_2026-04-02_Shift-1_Question-Paper.pdf,NTA_IMAGE_RENDER
JM_2026_S2_0402_SHIFT1_PHY_Q050,JEE_MAIN,2026,Session 2,2026-04-02,Shift 1,Paper 1 (B.E./B.Tech),1,Physics,50,NUMERICAL,[Image-based question — see question card image. NTA Question ID: 69112150],True,B,JEE_Main_2026_Session-2_2026-04-02_Shift-1_Question-Paper.pdf,NTA_IMAGE_RENDER
JM_2026_S2_0402_SHIFT1_CHE_Q051,JEE_MAIN,2026,Session 2,2026-04-02,Shift 1,Paper 1 (B.E./B.Tech),1,Chemistry,51,SINGLE_CORRECT_MCQ,[Image-based question — see question card image. NTA Question ID: 69112151],True,A,JEE_Main_2026_Session-2_2026-04-02_Shift-1_Question-Paper.pdf,NTA_IMAGE_RENDER
JM_2026_S2_0402_SHIFT1_CHE_Q052,JEE_MAIN,2026,Session 2,2026-04-02,Shift 1,Paper 1 (B.E./B.Tech),1,Chemistry,52,SINGLE_CORRECT_MCQ,[Image-based question — see question card image. NTA Question ID: 69112152],True,A,JEE_Main_2026_Session-2_2026-04-02_Shift-1_Question-Paper.pdf,NTA_IMAGE_RENDER
JM_2026_S2_0402_SHIFT1_CHE_Q053,JEE_MAIN,2026,Session 2,2026-04-02,Shift 1,Paper 1 (B.E./B.Tech),1,Chemistry,53,SINGLE_CORRECT_MCQ,[Image-based question — see question card image. NTA Question ID: 69112153],True,A,JEE_Main_2026_Session-2_2026-04-02_Shift-1_Question-Paper.pdf,NTA_IMAGE_RENDER
JM_2026_S2_0402_SHIFT1_CHE_Q054,JEE_MAIN,2026,Session 2,2026-04-02,Shift 1,Paper 1 (B.E./B.Tech),1,Chemistry,54,SINGLE_CORRECT_MCQ,[Image-based question — see question card image. NTA Question ID: 69112154],True,A,JEE_Main_2026_Session-2_2026-04-02_Shift-1_Question-Paper.pdf,NTA_IMAGE_RENDER
JM_2026_S2_0402_SHIFT1_CHE_Q055,JEE_MAIN,2026,Session 2,2026-04-02,Shift 1,Paper 1 (B.E./B.Tech),1,Chemistry,55,SINGLE_CORRECT_MCQ,[Image-based question — see question card image. NTA Question ID: 69112155],True,A,JEE_Main_2026_Session-2_2026-04-02_Shift-1_Question-Paper.pdf,NTA_IMAGE_RENDER
JM_2026_S2_0402_SHIFT1_CHE_Q056,JEE_MAIN,2026,Session 2,2026-04-02,Shift 1,Paper 1 (B.E./B.Tech),1,Chemistry,56,SINGLE_CORRECT_MCQ,[Image-based question — see question card image. NTA Question ID: 69112156],True,A,JEE_Main_2026_Session-2_2026-04-02_Shift-1_Question-Paper.pdf,NTA_IMAGE_RENDER
JM_2026_S2_0402_SHIFT1_CHE_Q057,JEE_MAIN,2026,Session 2,2026-04-02,Shift 1,Paper 1 (B.E./B.Tech),1,Chemistry,57,SINGLE_CORRECT_MCQ,[Image-based question — see question card image. NTA Question ID: 69112157],True,A,JEE_Main_2026_Session-2_2026-04-02_Shift-1_Question-Paper.pdf,NTA_IMAGE_RENDER
JM_2026_S2_0402_SHIFT1_CHE_Q058,JEE_MAIN,2026,Session 2,2026-04-02,Shift 1,Paper 1 (B.E./B.Tech),1,Chemistry,58,SINGLE_CORRECT_MCQ,[Image-based question — see question card image. NTA Question ID: 69112158],True,A,JEE_Main_2026_Session-2_2026-04-02_Shift-1_Question-Paper.pdf,NTA_IMAGE_RENDER
JM_2026_S2_0402_SHIFT1_CHE_Q059,JEE_MAIN,2026,Session 2,2026-04-02,Shift 1,Paper 1 (B.E./B.Tech),1,Chemistry,59,SINGLE_CORRECT_MCQ,[Image-based question — see question card image. NTA Question ID: 69112159],True,A,JEE_Main_2026_Session-2_2026-04-02_Shift-1_Question-Paper.pdf,NTA_IMAGE_RENDER
JM_2026_S2_0402_SHIFT1_CHE_Q060,JEE_MAIN,2026,Session 2,2026-04-02,Shift 1,Paper 1 (B.E./B.Tech),1,Chemistry,60,SINGLE_CORRECT_MCQ,[Image-based question — see question card image. NTA Question ID: 69112160],True,A,JEE_Main_2026_Session-2_2026-04-02_Shift-1_Question-Paper.pdf,NTA_IMAGE_RENDER
JM_2026_S2_0402_SHIFT1_CHE_Q061,JEE_MAIN,2026,Session 2,2026-04-02,Shift 1,Paper 1 (B.E./B.Tech),1,Chemistry,61,SINGLE_CORRECT_MCQ,[Image-based question — see question card image. NTA Question ID: 69112161],True,A,JEE_Main_2026_Session-2_2026-04-02_Shift-1_Question-Paper.pdf,NTA_IMAGE_RENDER
JM_2026_S2_0402_SHIFT1_CHE_Q062,JEE_MAIN,2026,Session 2,2026-04-02,Shift 1,Paper 1 (B.E./B.Tech),1,Chemistry,62,SINGLE_CORRECT_MCQ,[Image-based question — see question card image. NTA Question ID: 69112162],True,A,JEE_Main_2026_Session-2_2026-04-02_Shift-1_Question-Paper.pdf,NTA_IMAGE_RENDER
JM_2026_S2_0402_SHIFT1_CHE_Q063,JEE_MAIN,2026,Session 2,2026-04-02,Shift 1,Paper 1 (B.E./B.Tech),1,Chemistry,63,SINGLE_CORRECT_MCQ,[Image-based question — see question card image. NTA Question ID: 69112163],True,A,JEE_Main_2026_Session-2_2026-04-02_Shift-1_Question-Paper.pdf,NTA_IMAGE_RENDER
JM_2026_S2_0402_SHIFT1_CHE_Q064,JEE_MAIN,2026,Session 2,2026-04-02,Shift 1,Paper 1 (B.E./B.Tech),1,Chemistry,64,SINGLE_CORRECT_MCQ,[Image-based question — see question card image. NTA Question ID: 69112164],True,A,JEE_Main_2026_Session-2_2026-04-02_Shift-1_Question-Paper.pdf,NTA_IMAGE_RENDER
JM_2026_S2_0402_SHIFT1_CHE_Q065,JEE_MAIN,2026,Session 2,2026-04-02,Shift 1,Paper 1 (B.E./B.Tech),1,Chemistry,65,SINGLE_CORRECT_MCQ,[Image-based question — see question card image. NTA Question ID: 69112165],True,A,JEE_Main_2026_Session-2_2026-04-02_Shift-1_Question-Paper.pdf,NTA_IMAGE_RENDER
JM_2026_S2_0402_SHIFT1_CHE_Q066,JEE_MAIN,2026,Session 2,2026-04-02,Shift 1,Paper 1 (B.E./B.Tech),1,Chemistry,66,SINGLE_CORRECT_MCQ,[Image-based question — see question card image. NTA Question ID: 69112166],True,A,JEE_Main_2026_Session-2_2026-04-02_Shift-1_Question-Paper.pdf,NTA_IMAGE_RENDER
JM_2026_S2_0402_SHIFT1_CHE_Q067,JEE_MAIN,2026,Session 2,2026-04-02,Shift 1,Paper 1 (B.E./B.Tech),1,Chemistry,67,SINGLE_CORRECT_MCQ,[Image-based question — see question card image. NTA Question ID: 69112167],True,A,JEE_Main_2026_Session-2_2026-04-02_Shift-1_Question-Paper.pdf,NTA_IMAGE_RENDER
JM_2026_S2_0402_SHIFT1_CHE_Q068,JEE_MAIN,2026,Session 2,2026-04-02,Shift 1,Paper 1 (B.E./B.Tech),1,Chemistry,68,SINGLE_CORRECT_MCQ,[Image-based question — see question card image. NTA Question ID: 69112168],True,A,JEE_Main_2026_Session-2_2026-04-02_Shift-1_Question-Paper.pdf,NTA_IMAGE_RENDER
JM_2026_S2_0402_SHIFT1_CHE_Q069,JEE_MAIN,2026,Session 2,2026-04-02,Shift 1,Paper 1 (B.E./B.Tech),1,Chemistry,69,SINGLE_CORRECT_MCQ,[Image-based question — see question card image. NTA Question ID: 69112169],True,A,JEE_Main_2026_Session-2_2026-04-02_Shift-1_Question-Paper.pdf,NTA_IMAGE_RENDER
JM_2026_S2_0402_SHIFT1_CHE_Q070,JEE_MAIN,2026,Session 2,2026-04-02,Shift 1,Paper 1 (B.E./B.Tech),1,Chemistry,70,SINGLE_CORRECT_MCQ,[Image-based question — see question card image. NTA Question ID: 69112170],True,A,JEE_Main_2026_Session-2_2026-04-02_Shift-1_Question-Paper.pdf,NTA_IMAGE_RENDER
JM_2026_S2_0402_SHIFT1_CHE_Q071,JEE_MAIN,2026,Session 2,2026-04-02,Shift 1,Paper 1 (B.E./B.Tech),1,Chemistry,71,NUMERICAL,[Image-based question — see question card image. NTA Question ID: 69112171],True,B,JEE_Main_2026_Session-2_2026-04-02_Shift-1_Question-Paper.pdf,NTA_IMAGE_RENDER
JM_2026_S2_0402_SHIFT1_CHE_Q072,JEE_MAIN,2026,Session 2,2026-04-02,Shift 1,Paper 1 (B.E./B.Tech),1,Chemistry,72,NUMERICAL,[Image-based question — see question card image. NTA Question ID: 69112172],True,B,JEE_Main_2026_Session-2_2026-04-02_Shift-1_Question-Paper.pdf,NTA_IMAGE_RENDER
JM_2026_S2_0402_SHIFT1_CHE_Q073,JEE_MAIN,2026,Session 2,2026-04-02,Shift 1,Paper 1 (B.E./B.Tech),1,Chemistry,73,NUMERICAL,[Image-based question — see question card image. NTA Question ID: 69112173],True,B,JEE_Main_2026_Session-2_2026-04-02_Shift-1_Question-Paper.pdf,NTA_IMAGE_RENDER
JM_2026_S2_0402_SHIFT1_CHE_Q074,JEE_MAIN,2026,Session 2,2026-04-02,Shift 1,Paper 1 (B.E./B.Tech),1,Chemistry,74,NUMERICAL,[Image-based question — see question card image. NTA Question ID: 69112174],True,B,JEE_Main_2026_Session-2_2026-04-02_Shift-1_Question-Paper.pdf,NTA_IMAGE_RENDER
JM_2026_S2_0402_SHIFT1_CHE_Q075,JEE_MAIN,2026,Session 2,2026-04-02,Shift 1,Paper 1 (B.E./B.Tech),1,Chemistry,75,NUMERICAL,[Image-based question — see question card image. NTA Question ID: 69112175],True,B,JEE_Main_2026_Session-2_2026-04-02_Shift-1_Question-Paper.pdf,NTA_IMAGE_RENDER
JM_2026_S2_0402_SHIFT2_MAT_Q001,JEE_MAIN,2026,Session 2,2026-04-02,Shift 2,Paper 1 (B.E./B.Tech),1,Mathematics,1,SINGLE_CORRECT_MCQ,[Image-based question — see question card image. NTA Question ID: 691121151],True,A,JEE_Main_2026_Session-2_2026-04-02_Shift-2_Question-Paper.pdf,NTA_IMAGE_RENDER
JM_2026_S2_0402_SHIFT2_MAT_Q002,JEE_MAIN,2026,Session 2,2026-04-02,Shift 2,Paper 1 (B.E./B.Tech),1,Mathematics,2,SINGLE_CORRECT_MCQ,[Image-based question — see question card image. NTA Question ID: 691121152],True,A,JEE_Main_2026_Session-2_2026-04-02_Shift-2_Question-Paper.pdf,NTA_IMAGE_RENDER
JM_2026_S2_0402_SHIFT2_MAT_Q003,JEE_MAIN,2026,Session 2,2026-04-02,Shift 2,Paper 1 (B.E./B.Tech),1,Mathematics,3,SINGLE_CORRECT_MCQ,[Image-based question — see question card image. NTA Question ID: 691121153],True,A,JEE_Main_2026_Session-2_2026-04-02_Shift-2_Question-Paper.pdf,NTA_IMAGE_RENDER
JM_2026_S2_0402_SHIFT2_MAT_Q004,JEE_MAIN,2026,Session 2,2026-04-02,Shift 2,Paper 1 (B.E./B.Tech),1,Mathematics,4,SINGLE_CORRECT_MCQ,[Image-based question — see question card image. NTA Question ID: 691121154],True,A,JEE_Main_2026_Session-2_2026-04-02_Shift-2_Question-Paper.pdf,NTA_IMAGE_RENDER
JM_2026_S2_0402_SHIFT2_MAT_Q005,JEE_MAIN,2026,Session 2,2026-04-02,Shift 2,Paper 1 (B.E./B.Tech),1,Mathematics,5,SINGLE_CORRECT_MCQ,[Image-based question — see question card image. NTA Question ID: 691121155],True,A,JEE_Main_2026_Session-2_2026-04-02_Shift-2_Question-Paper.pdf,NTA_IMAGE_RENDER
JM_2026_S2_0402_SHIFT2_MAT_Q006,JEE_MAIN,2026,Session 2,2026-04-02,Shift 2,Paper 1 (B.E./B.Tech),1,Mathematics,6,SINGLE_CORRECT_MCQ,[Image-based question — see question card image. NTA Question ID: 691121156],True,A,JEE_Main_2026_Session-2_2026-04-02_Shift-2_Question-Paper.pdf,NTA_IMAGE_RENDER
JM_2026_S2_0402_SHIFT2_MAT_Q007,JEE_MAIN,2026,Session 2,2026-04-02,Shift 2,Paper 1 (B.E./B.Tech),1,Mathematics,7,SINGLE_CORRECT_MCQ,[Image-based question — see question card image. NTA Question ID: 691121157],True,A,JEE_Main_2026_Session-2_2026-04-02_Shift-2_Question-Paper.pdf,NTA_IMAGE_RENDER
JM_2026_S2_0402_SHIFT2_MAT_Q008,JEE_MAIN,2026,Session 2,2026-04-02,Shift 2,Paper 1 (B.E./B.Tech),1,Mathematics,8,SINGLE_CORRECT_MCQ,[Image-based question — see question card image. NTA Question ID: 691121158],True,A,JEE_Main_2026_Session-2_2026-04-02_Shift-2_Question-Paper.pdf,NTA_IMAGE_RENDER
JM_2026_S2_0402_SHIFT2_MAT_Q009,JEE_MAIN,2026,Session 2,2026-04-02,Shift 2,Paper 1 (B.E./B.Tech),1,Mathematics,9,SINGLE_CORRECT_MCQ,[Image-based question — see question card image. NTA Question ID: 691121159],True,A,JEE_Main_2026_Session-2_2026-04-02_Shift-2_Question-Paper.pdf,NTA_IMAGE_RENDER
JM_2026_S2_0402_SHIFT2_MAT_Q010,JEE_MAIN,2026,Session 2,2026-04-02,Shift 2,Paper 1 (B.E./B.Tech),1,Mathematics,10,SINGLE_CORRECT_MCQ,[Image-based question — see question card image. NTA Question ID: 691121160],True,A,JEE_Main_2026_Session-2_2026-04-02_Shift-2_Question-Paper.pdf,NTA_IMAGE_RENDER
JM_2026_S2_0402_SHIFT2_MAT_Q011,JEE_MAIN,2026,Session 2,2026-04-02,Shift 2,Paper 1 (B.E./B.Tech),1,Mathematics,11,SINGLE_CORRECT_MCQ,[Image-based question — see question card image. NTA Question ID: 691121161],True,A,JEE_Main_2026_Session-2_2026-04-02_Shift-2_Question-Paper.pdf,NTA_IMAGE_RENDER
JM_2026_S2_0402_SHIFT2_MAT_Q012,JEE_MAIN,2026,Session 2,2026-04-02,Shift 2,Paper 1 (B.E./B.Tech),1,Mathematics,12,SINGLE_CORRECT_MCQ,[Image-based question — see question card image. NTA Question ID: 691121162],True,A,JEE_Main_2026_Session-2_2026-04-02_Shift-2_Question-Paper.pdf,NTA_IMAGE_RENDER
JM_2026_S2_0402_SHIFT2_MAT_Q013,JEE_MAIN,2026,Session 2,2026-04-02,Shift 2,Paper 1 (B.E./B.Tech),1,Mathematics,13,SINGLE_CORRECT_MCQ,[Image-based question — see question card image. NTA Question ID: 691121163],True,A,JEE_Main_2026_Session-2_2026-04-02_Shift-2_Question-Paper.pdf,NTA_IMAGE_RENDER
JM_2026_S2_0402_SHIFT2_MAT_Q014,JEE_MAIN,2026,Session 2,2026-04-02,Shift 2,Paper 1 (B.E./B.Tech),1,Mathematics,14,SINGLE_CORRECT_MCQ,[Image-based question — see question card image. NTA Question ID: 691121164],True,A,JEE_Main_2026_Session-2_2026-04-02_Shift-2_Question-Paper.pdf,NTA_IMAGE_RENDER
JM_2026_S2_0402_SHIFT2_MAT_Q015,JEE_MAIN,2026,Session 2,2026-04-02,Shift 2,Paper 1 (B.E./B.Tech),1,Mathematics,15,SINGLE_CORRECT_MCQ,[Image-based question — see question card image. NTA Question ID: 691121165],True,A,JEE_Main_2026_Session-2_2026-04-02_Shift-2_Question-Paper.pdf,NTA_IMAGE_RENDER
JM_2026_S2_0402_SHIFT2_MAT_Q016,JEE_MAIN,2026,Session 2,2026-04-02,Shift 2,Paper 1 (B.E./B.Tech),1,Mathematics,16,SINGLE_CORRECT_MCQ,[Image-based question — see question card image. NTA Question ID: 691121166],True,A,JEE_Main_2026_Session-2_2026-04-02_Shift-2_Question-Paper.pdf,NTA_IMAGE_RENDER
JM_2026_S2_0402_SHIFT2_MAT_Q017,JEE_MAIN,2026,Session 2,2026-04-02,Shift 2,Paper 1 (B.E./B.Tech),1,Mathematics,17,SINGLE_CORRECT_MCQ,[Image-based question — see question card image. NTA Question ID: 691121167],True,A,JEE_Main_2026_Session-2_2026-04-02_Shift-2_Question-Paper.pdf,NTA_IMAGE_RENDER
JM_2026_S2_0402_SHIFT2_MAT_Q018,JEE_MAIN,2026,Session 2,2026-04-02,Shift 2,Paper 1 (B.E./B.Tech),1,Mathematics,18,SINGLE_CORRECT_MCQ,[Image-based question — see question card image. NTA Question ID: 691121168],True,A,JEE_Main_2026_Session-2_2026-04-02_Shift-2_Question-Paper.pdf,NTA_IMAGE_RENDER
JM_2026_S2_0402_SHIFT2_MAT_Q019,JEE_MAIN,2026,Session 2,2026-04-02,Shift 2,Paper 1 (B.E./B.Tech),1,Mathematics,19,SINGLE_CORRECT_MCQ,[Image-based question — see question card image. NTA Question ID: 691121169],True,A,JEE_Main_2026_Session-2_2026-04-02_Shift-2_Question-Paper.pdf,NTA_IMAGE_RENDER
JM_2026_S2_0402_SHIFT2_MAT_Q020,JEE_MAIN,2026,Session 2,2026-04-02,Shift 2,Paper 1 (B.E./B.Tech),1,Mathematics,20,SINGLE_CORRECT_MCQ,[Image-based question — see question card image. NTA Question ID: 691121170],True,A,JEE_Main_2026_Session-2_2026-04-02_Shift-2_Question-Paper.pdf,NTA_IMAGE_RENDER
JM_2026_S2_0402_SHIFT2_MAT_Q021,JEE_MAIN,2026,Session 2,2026-04-02,Shift 2,Paper 1 (B.E./B.Tech),1,Mathematics,21,NUMERICAL,[Image-based question — see question card image. NTA Question ID: 691121171],True,B,JEE_Main_2026_Session-2_2026-04-02_Shift-2_Question-Paper.pdf,NTA_IMAGE_RENDER
JM_2026_S2_0402_SHIFT2_MAT_Q022,JEE_MAIN,2026,Session 2,2026-04-02,Shift 2,Paper 1 (B.E./B.Tech),1,Mathematics,22,NUMERICAL,[Image-based question — see question card image. NTA Question ID: 691121172],True,B,JEE_Main_2026_Session-2_2026-04-02_Shift-2_Question-Paper.pdf,NTA_IMAGE_RENDER
JM_2026_S2_0402_SHIFT2_MAT_Q023,JEE_MAIN,2026,Session 2,2026-04-02,Shift 2,Paper 1 (B.E./B.Tech),1,Mathematics,23,NUMERICAL,[Image-based question — see question card image. NTA Question ID: 691121173],True,B,JEE_Main_2026_Session-2_2026-04-02_Shift-2_Question-Paper.pdf,NTA_IMAGE_RENDER
JM_2026_S2_0402_SHIFT2_MAT_Q024,JEE_MAIN,2026,Session 2,2026-04-02,Shift 2,Paper 1 (B.E./B.Tech),1,Mathematics,24,NUMERICAL,[Image-based question — see question card image. NTA Question ID: 691121174],True,B,JEE_Main_2026_Session-2_2026-04-02_Shift-2_Question-Paper.pdf,NTA_IMAGE_RENDER
JM_2026_S2_0402_SHIFT2_MAT_Q025,JEE_MAIN,2026,Session 2,2026-04-02,Shift 2,Paper 1 (B.E./B.Tech),1,Mathematics,25,NUMERICAL,[Image-based question — see question card image. NTA Question ID: 691121175],True,B,JEE_Main_2026_Session-2_2026-04-02_Shift-2_Question-Paper.pdf,NTA_IMAGE_RENDER
JM_2026_S2_0402_SHIFT2_PHY_Q026,JEE_MAIN,2026,Session 2,2026-04-02,Shift 2,Paper 1 (B.E./B.Tech),1,Physics,26,SINGLE_CORRECT_MCQ,[Image-based question — see question card image. NTA Question ID: 691121176],True,A,JEE_Main_2026_Session-2_2026-04-02_Shift-2_Question-Paper.pdf,NTA_IMAGE_RENDER
JM_2026_S2_0402_SHIFT2_PHY_Q027,JEE_MAIN,2026,Session 2,2026-04-02,Shift 2,Paper 1 (B.E./B.Tech),1,Physics,27,SINGLE_CORRECT_MCQ,[Image-based question — see question card image. NTA Question ID: 691121177],True,A,JEE_Main_2026_Session-2_2026-04-02_Shift-2_Question-Paper.pdf,NTA_IMAGE_RENDER
JM_2026_S2_0402_SHIFT2_PHY_Q028,JEE_MAIN,2026,Session 2,2026-04-02,Shift 2,Paper 1 (B.E./B.Tech),1,Physics,28,SINGLE_CORRECT_MCQ,[Image-based question — see question card image. NTA Question ID: 691121178],True,A,JEE_Main_2026_Session-2_2026-04-02_Shift-2_Question-Paper.pdf,NTA_IMAGE_RENDER
JM_2026_S2_0402_SHIFT2_PHY_Q029,JEE_MAIN,2026,Session 2,2026-04-02,Shift 2,Paper 1 (B.E./B.Tech),1,Physics,29,SINGLE_CORRECT_MCQ,[Image-based question — see question card image. NTA Question ID: 691121179],True,A,JEE_Main_2026_Session-2_2026-04-02_Shift-2_Question-Paper.pdf,NTA_IMAGE_RENDER
JM_2026_S2_0402_SHIFT2_PHY_Q030,JEE_MAIN,2026,Session 2,2026-04-02,Shift 2,Paper 1 (B.E./B.Tech),1,Physics,30,SINGLE_CORRECT_MCQ,[Image-based question — see question card image. NTA Question ID: 691121180],True,A,JEE_Main_2026_Session-2_2026-04-02_Shift-2_Question-Paper.pdf,NTA_IMAGE_RENDER
JM_2026_S2_0402_SHIFT2_PHY_Q031,JEE_MAIN,2026,Session 2,2026-04-02,Shift 2,Paper 1 (B.E./B.Tech),1,Physics,31,SINGLE_CORRECT_MCQ,[Image-based question — see question card image. NTA Question ID: 691121181],True,A,JEE_Main_2026_Session-2_2026-04-02_Shift-2_Question-Paper.pdf,NTA_IMAGE_RENDER
JM_2026_S2_0402_SHIFT2_PHY_Q032,JEE_MAIN,2026,Session 2,2026-04-02,Shift 2,Paper 1 (B.E./B.Tech),1,Physics,32,SINGLE_CORRECT_MCQ,[Image-based question — see question card image. NTA Question ID: 691121182],True,A,JEE_Main_2026_Session-2_2026-04-02_Shift-2_Question-Paper.pdf,NTA_IMAGE_RENDER
JM_2026_S2_0402_SHIFT2_PHY_Q033,JEE_MAIN,2026,Session 2,2026-04-02,Shift 2,Paper 1 (B.E./B.Tech),1,Physics,33,SINGLE_CORRECT_MCQ,[Image-based question — see question card image. NTA Question ID: 691121183],True,A,JEE_Main_2026_Session-2_2026-04-02_Shift-2_Question-Paper.pdf,NTA_IMAGE_RENDER
JM_2026_S2_0402_SHIFT2_PHY_Q034,JEE_MAIN,2026,Session 2,2026-04-02,Shift 2,Paper 1 (B.E./B.Tech),1,Physics,34,SINGLE_CORRECT_MCQ,[Image-based question — see question card image. NTA Question ID: 691121184],True,A,JEE_Main_2026_Session-2_2026-04-02_Shift-2_Question-Paper.pdf,NTA_IMAGE_RENDER
JM_2026_S2_0402_SHIFT2_PHY_Q035,JEE_MAIN,2026,Session 2,2026-04-02,Shift 2,Paper 1 (B.E./B.Tech),1,Physics,35,SINGLE_CORRECT_MCQ,[Image-based question — see question card image. NTA Question ID: 691121185],True,A,JEE_Main_2026_Session-2_2026-04-02_Shift-2_Question-Paper.pdf,NTA_IMAGE_RENDER
JM_2026_S2_0402_SHIFT2_PHY_Q036,JEE_MAIN,2026,Session 2,2026-04-02,Shift 2,Paper 1 (B.E./B.Tech),1,Physics,36,SINGLE_CORRECT_MCQ,[Image-based question — see question card image. NTA Question ID: 691121186],True,A,JEE_Main_2026_Session-2_2026-04-02_Shift-2_Question-Paper.pdf,NTA_IMAGE_RENDER
JM_2026_S2_0402_SHIFT2_PHY_Q037,JEE_MAIN,2026,Session 2,2026-04-02,Shift 2,Paper 1 (B.E./B.Tech),1,Physics,37,SINGLE_CORRECT_MCQ,[Image-based question — see question card image. NTA Question ID: 691121187],True,A,JEE_Main_2026_Session-2_2026-04-02_Shift-2_Question-Paper.pdf,NTA_IMAGE_RENDER
JM_2026_S2_0402_SHIFT2_PHY_Q038,JEE_MAIN,2026,Session 2,2026-04-02,Shift 2,Paper 1 (B.E./B.Tech),1,Physics,38,SINGLE_CORRECT_MCQ,[Image-based question — see question card image. NTA Question ID: 691121188],True,A,JEE_Main_2026_Session-2_2026-04-02_Shift-2_Question-Paper.pdf,NTA_IMAGE_RENDER
JM_2026_S2_0402_SHIFT2_PHY_Q039,JEE_MAIN,2026,Session 2,2026-04-02,Shift 2,Paper 1 (B.E./B.Tech),1,Physics,39,SINGLE_CORRECT_MCQ,[Image-based question — see question card image. NTA Question ID: 691121189],True,A,JEE_Main_2026_Session-2_2026-04-02_Shift-2_Question-Paper.pdf,NTA_IMAGE_RENDER
JM_2026_S2_0402_SHIFT2_PHY_Q040,JEE_MAIN,2026,Session 2,2026-04-02,Shift 2,Paper 1 (B.E./B.Tech),1,Physics,40,SINGLE_CORRECT_MCQ,[Image-based question — see question card image. NTA Question ID: 691121190],True,A,JEE_Main_2026_Session-2_2026-04-02_Shift-2_Question-Paper.pdf,NTA_IMAGE_RENDER
JM_2026_S2_0402_SHIFT2_PHY_Q041,JEE_MAIN,2026,Session 2,2026-04-02,Shift 2,Paper 1 (B.E./B.Tech),1,Physics,41,SINGLE_CORRECT_MCQ,[Image-based question — see question card image. NTA Question ID: 691121191],True,A,JEE_Main_2026_Session-2_2026-04-02_Shift-2_Question-Paper.pdf,NTA_IMAGE_RENDER
JM_2026_S2_0402_SHIFT2_PHY_Q042,JEE_MAIN,2026,Session 2,2026-04-02,Shift 2,Paper 1 (B.E./B.Tech),1,Physics,42,SINGLE_CORRECT_MCQ,[Image-based question — see question card image. NTA Question ID: 691121192],True,A,JEE_Main_2026_Session-2_2026-04-02_Shift-2_Question-Paper.pdf,NTA_IMAGE_RENDER
JM_2026_S2_0402_SHIFT2_PHY_Q043,JEE_MAIN,2026,Session 2,2026-04-02,Shift 2,Paper 1 (B.E./B.Tech),1,Physics,43,SINGLE_CORRECT_MCQ,[Image-based question — see question card image. NTA Question ID: 691121193],True,A,JEE_Main_2026_Session-2_2026-04-02_Shift-2_Question-Paper.pdf,NTA_IMAGE_RENDER
JM_2026_S2_0402_SHIFT2_PHY_Q044,JEE_MAIN,2026,Session 2,2026-04-02,Shift 2,Paper 1 (B.E./B.Tech),1,Physics,44,SINGLE_CORRECT_MCQ,[Image-based question — see question card image. NTA Question ID: 691121194],True,A,JEE_Main_2026_Session-2_2026-04-02_Shift-2_Question-Paper.pdf,NTA_IMAGE_RENDER
JM_2026_S2_0402_SHIFT2_PHY_Q045,JEE_MAIN,2026,Session 2,2026-04-02,Shift 2,Paper 1 (B.E./B.Tech),1,Physics,45,SINGLE_CORRECT_MCQ,[Image-based question — see question card image. NTA Question ID: 691121195],True,A,JEE_Main_2026_Session-2_2026-04-02_Shift-2_Question-Paper.pdf,NTA_IMAGE_RENDER
JM_2026_S2_0402_SHIFT2_PHY_Q046,JEE_MAIN,2026,Session 2,2026-04-02,Shift 2,Paper 1 (B.E./B.Tech),1,Physics,46,NUMERICAL,[Image-based question — see question card image. NTA Question ID: 691121196],True,B,JEE_Main_2026_Session-2_2026-04-02_Shift-2_Question-Paper.pdf,NTA_IMAGE_RENDER
JM_2026_S2_0402_SHIFT2_PHY_Q047,JEE_MAIN,2026,Session 2,2026-04-02,Shift 2,Paper 1 (B.E./B.Tech),1,Physics,47,NUMERICAL,[Image-based question — see question card image. NTA Question ID: 691121197],True,B,JEE_Main_2026_Session-2_2026-04-02_Shift-2_Question-Paper.pdf,NTA_IMAGE_RENDER
JM_2026_S2_0402_SHIFT2_PHY_Q048,JEE_MAIN,2026,Session 2,2026-04-02,Shift 2,Paper 1 (B.E./B.Tech),1,Physics,48,NUMERICAL,[Image-based question — see question card image. NTA Question ID: 691121198],True,B,JEE_Main_2026_Session-2_2026-04-02_Shift-2_Question-Paper.pdf,NTA_IMAGE_RENDER
JM_2026_S2_0402_SHIFT2_PHY_Q049,JEE_MAIN,2026,Session 2,2026-04-02,Shift 2,Paper 1 (B.E./B.Tech),1,Physics,49,NUMERICAL,[Image-based question — see question card image. NTA Question ID: 691121199],True,B,JEE_Main_2026_Session-2_2026-04-02_Shift-2_Question-Paper.pdf,NTA_IMAGE_RENDER
JM_2026_S2_0402_SHIFT2_PHY_Q050,JEE_MAIN,2026,Session 2,2026-04-02,Shift 2,Paper 1 (B.E./B.Tech),1,Physics,50,NUMERICAL,[Image-based question — see question card image. NTA Question ID: 691121200],True,B,JEE_Main_2026_Session-2_2026-04-02_Shift-2_Question-Paper.pdf,NTA_IMAGE_RENDER
JM_2026_S2_0402_SHIFT2_CHE_Q051,JEE_MAIN,2026,Session 2,2026-04-02,Shift 2,Paper 1 (B.E./B.Tech),1,Chemistry,51,SINGLE_CORRECT_MCQ,[Image-based question — see question card image. NTA Question ID: 691121201],True,A,JEE_Main_2026_Session-2_2026-04-02_Shift-2_Question-Paper.pdf,NTA_IMAGE_RENDER
JM_2026_S2_0402_SHIFT2_CHE_Q052,JEE_MAIN,2026,Session 2,2026-04-02,Shift 2,Paper 1 (B.E./B.Tech),1,Chemistry,52,SINGLE_CORRECT_MCQ,[Image-based question — see question card image. NTA Question ID: 691121202],True,A,JEE_Main_2026_Session-2_2026-04-02_Shift-2_Question-Paper.pdf,NTA_IMAGE_RENDER
JM_2026_S2_0402_SHIFT2_CHE_Q053,JEE_MAIN,2026,Session 2,2026-04-02,Shift 2,Paper 1 (B.E./B.Tech),1,Chemistry,53,SINGLE_CORRECT_MCQ,[Image-based question — see question card image. NTA Question ID: 691121203],True,A,JEE_Main_2026_Session-2_2026-04-02_Shift-2_Question-Paper.pdf,NTA_IMAGE_RENDER
JM_2026_S2_0402_SHIFT2_CHE_Q054,JEE_MAIN,2026,Session 2,2026-04-02,Shift 2,Paper 1 (B.E./B.Tech),1,Chemistry,54,SINGLE_CORRECT_MCQ,[Image-based question — see question card image. NTA Question ID: 691121204],True,A,JEE_Main_2026_Session-2_2026-04-02_Shift-2_Question-Paper.pdf,NTA_IMAGE_RENDER
JM_2026_S2_0402_SHIFT2_CHE_Q055,JEE_MAIN,2026,Session 2,2026-04-02,Shift 2,Paper 1 (B.E./B.Tech),1,Chemistry,55,SINGLE_CORRECT_MCQ,[Image-based question — see question card image. NTA Question ID: 691121205],True,A,JEE_Main_2026_Session-2_2026-04-02_Shift-2_Question-Paper.pdf,NTA_IMAGE_RENDER
JM_2026_S2_0402_SHIFT2_CHE_Q056,JEE_MAIN,2026,Session 2,2026-04-02,Shift 2,Paper 1 (B.E./B.Tech),1,Chemistry,56,SINGLE_CORRECT_MCQ,[Image-based question — see question card image. NTA Question ID: 691121206],True,A,JEE_Main_2026_Session-2_2026-04-02_Shift-2_Question-Paper.pdf,NTA_IMAGE_RENDER
JM_2026_S2_0402_SHIFT2_CHE_Q057,JEE_MAIN,2026,Session 2,2026-04-02,Shift 2,Paper 1 (B.E./B.Tech),1,Chemistry,57,SINGLE_CORRECT_MCQ,[Image-based question — see question card image. NTA Question ID: 691121207],True,A,JEE_Main_2026_Session-2_2026-04-02_Shift-2_Question-Paper.pdf,NTA_IMAGE_RENDER
JM_2026_S2_0402_SHIFT2_CHE_Q058,JEE_MAIN,2026,Session 2,2026-04-02,Shift 2,Paper 1 (B.E./B.Tech),1,Chemistry,58,SINGLE_CORRECT_MCQ,[Image-based question — see question card image. NTA Question ID: 691121208],True,A,JEE_Main_2026_Session-2_2026-04-02_Shift-2_Question-Paper.pdf,NTA_IMAGE_RENDER
JM_2026_S2_0402_SHIFT2_CHE_Q059,JEE_MAIN,2026,Session 2,2026-04-02,Shift 2,Paper 1 (B.E./B.Tech),1,Chemistry,59,SINGLE_CORRECT_MCQ,[Image-based question — see question card image. NTA Question ID: 691121209],True,A,JEE_Main_2026_Session-2_2026-04-02_Shift-2_Question-Paper.pdf,NTA_IMAGE_RENDER
JM_2026_S2_0402_SHIFT2_CHE_Q060,JEE_MAIN,2026,Session 2,2026-04-02,Shift 2,Paper 1 (B.E./B.Tech),1,Chemistry,60,SINGLE_CORRECT_MCQ,[Image-based question — see question card image. NTA Question ID: 691121210],True,A,JEE_Main_2026_Session-2_2026-04-02_Shift-2_Question-Paper.pdf,NTA_IMAGE_RENDER
JM_2026_S2_0402_SHIFT2_CHE_Q061,JEE_MAIN,2026,Session 2,2026-04-02,Shift 2,Paper 1 (B.E./B.Tech),1,Chemistry,61,SINGLE_CORRECT_MCQ,[Image-based question — see question card image. NTA Question ID: 691121211],True,A,JEE_Main_2026_Session-2_2026-04-02_Shift-2_Question-Paper.pdf,NTA_IMAGE_RENDER
JM_2026_S2_0402_SHIFT2_CHE_Q062,JEE_MAIN,2026,Session 2,2026-04-02,Shift 2,Paper 1 (B.E./B.Tech),1,Chemistry,62,SINGLE_CORRECT_MCQ,[Image-based question — see question card image. NTA Question ID: 691121212],True,A,JEE_Main_2026_Session-2_2026-04-02_Shift-2_Question-Paper.pdf,NTA_IMAGE_RENDER
JM_2026_S2_0402_SHIFT2_CHE_Q063,JEE_MAIN,2026,Session 2,2026-04-02,Shift 2,Paper 1 (B.E./B.Tech),1,Chemistry,63,SINGLE_CORRECT_MCQ,[Image-based question — see question card image. NTA Question ID: 691121213],True,A,JEE_Main_2026_Session-2_2026-04-02_Shift-2_Question-Paper.pdf,NTA_IMAGE_RENDER
JM_2026_S2_0402_SHIFT2_CHE_Q064,JEE_MAIN,2026,Session 2,2026-04-02,Shift 2,Paper 1 (B.E./B.Tech),1,Chemistry,64,SINGLE_CORRECT_MCQ,[Image-based question — see question card image. NTA Question ID: 691121214],True,A,JEE_Main_2026_Session-2_2026-04-02_Shift-2_Question-Paper.pdf,NTA_IMAGE_RENDER
JM_2026_S2_0402_SHIFT2_CHE_Q065,JEE_MAIN,2026,Session 2,2026-04-02,Shift 2,Paper 1 (B.E./B.Tech),1,Chemistry,65,SINGLE_CORRECT_MCQ,[Image-based question — see question card image. NTA Question ID: 691121215],True,A,JEE_Main_2026_Session-2_2026-04-02_Shift-2_Question-Paper.pdf,NTA_IMAGE_RENDER
JM_2026_S2_0402_SHIFT2_CHE_Q066,JEE_MAIN,2026,Session 2,2026-04-02,Shift 2,Paper 1 (B.E./B.Tech),1,Chemistry,66,SINGLE_CORRECT_MCQ,[Image-based question — see question card image. NTA Question ID: 691121216],True,A,JEE_Main_2026_Session-2_2026-04-02_Shift-2_Question-Paper.pdf,NTA_IMAGE_RENDER
JM_2026_S2_0402_SHIFT2_CHE_Q067,JEE_MAIN,2026,Session 2,2026-04-02,Shift 2,Paper 1 (B.E./B.Tech),1,Chemistry,67,SINGLE_CORRECT_MCQ,[Image-based question — see question card image. NTA Question ID: 691121217],True,A,JEE_Main_2026_Session-2_2026-04-02_Shift-2_Question-Paper.pdf,NTA_IMAGE_RENDER
JM_2026_S2_0402_SHIFT2_CHE_Q068,JEE_MAIN,2026,Session 2,2026-04-02,Shift 2,Paper 1 (B.E./B.Tech),1,Chemistry,68,SINGLE_CORRECT_MCQ,[Image-based question — see question card image. NTA Question ID: 691121218],True,A,JEE_Main_2026_Session-2_2026-04-02_Shift-2_Question-Paper.pdf,NTA_IMAGE_RENDER
JM_2026_S2_0402_SHIFT2_CHE_Q069,JEE_MAIN,2026,Session 2,2026-04-02,Shift 2,Paper 1 (B.E./B.Tech),1,Chemistry,69,SINGLE_CORRECT_MCQ,[Image-based question — see question card image. NTA Question ID: 691121219],True,A,JEE_Main_2026_Session-2_2026-04-02_Shift-2_Question-Paper.pdf,NTA_IMAGE_RENDER
JM_2026_S2_0402_SHIFT2_CHE_Q070,JEE_MAIN,2026,Session 2,2026-04-02,Shift 2,Paper 1 (B.E./B.Tech),1,Chemistry,70,SINGLE_CORRECT_MCQ,[Image-based question — see question card image. NTA Question ID: 691121220],True,A,JEE_Main_2026_Session-2_2026-04-02_Shift-2_Question-Paper.pdf,NTA_IMAGE_RENDER
JM_2026_S2_0402_SHIFT2_CHE_Q071,JEE_MAIN,2026,Session 2,2026-04-02,Shift 2,Paper 1 (B.E./B.Tech),1,Chemistry,71,NUMERICAL,[Image-based question — see question card image. NTA Question ID: 691121221],True,B,JEE_Main_2026_Session-2_2026-04-02_Shift-2_Question-Paper.pdf,NTA_IMAGE_RENDER
JM_2026_S2_0402_SHIFT2_CHE_Q072,JEE_MAIN,2026,Session 2,2026-04-02,Shift 2,Paper 1 (B.E./B.Tech),1,Chemistry,72,NUMERICAL,[Image-based question — see question card image. NTA Question ID: 691121222],True,B,JEE_Main_2026_Session-2_2026-04-02_Shift-2_Question-Paper.pdf,NTA_IMAGE_RENDER
JM_2026_S2_0402_SHIFT2_CHE_Q073,JEE_MAIN,2026,Session 2,2026-04-02,Shift 2,Paper 1 (B.E./B.Tech),1,Chemistry,73,NUMERICAL,[Image-based question — see question card image. NTA Question ID: 691121223],True,B,JEE_Main_2026_Session-2_2026-04-02_Shift-2_Question-Paper.pdf,NTA_IMAGE_RENDER
JM_2026_S2_0402_SHIFT2_CHE_Q074,JEE_MAIN,2026,Session 2,2026-04-02,Shift 2,Paper 1 (B.E./B.Tech),1,Chemistry,74,NUMERICAL,[Image-based question — see question card image. NTA Question ID: 691121224],True,B,JEE_Main_2026_Session-2_2026-04-02_Shift-2_Question-Paper.pdf,NTA_IMAGE_RENDER
JM_2026_S2_0402_SHIFT2_CHE_Q075,JEE_MAIN,2026,Session 2,2026-04-02,Shift 2,Paper 1 (B.E./B.Tech),1,Chemistry,75,NUMERICAL,[Image-based question — see question card image. NTA Question ID: 691121225],True,B,JEE_Main_2026_Session-2_2026-04-02_Shift-2_Question-Paper.pdf,NTA_IMAGE_RENDER
JM_2026_S2_0404_SHIFT1_MAT_Q001,JEE_MAIN,2026,Session 2,2026-04-04,Shift 1,Paper 1 (B.E./B.Tech),1,Mathematics,1,SINGLE_CORRECT_MCQ,[Image-based question — see question card image. NTA Question ID: 695278226],True,A,JEE_Main_2026_Session-2_2026-04-04_Shift-1_Question-Paper.pdf,NTA_IMAGE_RENDER
JM_2026_S2_0404_SHIFT1_MAT_Q002,JEE_MAIN,2026,Session 2,2026-04-04,Shift 1,Paper 1 (B.E./B.Tech),1,Mathematics,2,SINGLE_CORRECT_MCQ,[Image-based question — see question card image. NTA Question ID: 695278227],True,A,JEE_Main_2026_Session-2_2026-04-04_Shift-1_Question-Paper.pdf,NTA_IMAGE_RENDER
JM_2026_S2_0404_SHIFT1_MAT_Q003,JEE_MAIN,2026,Session 2,2026-04-04,Shift 1,Paper 1 (B.E./B.Tech),1,Mathematics,3,SINGLE_CORRECT_MCQ,[Image-based question — see question card image. NTA Question ID: 695278228],True,A,JEE_Main_2026_Session-2_2026-04-04_Shift-1_Question-Paper.pdf,NTA_IMAGE_RENDER
JM_2026_S2_0404_SHIFT1_MAT_Q004,JEE_MAIN,2026,Session 2,2026-04-04,Shift 1,Paper 1 (B.E./B.Tech),1,Mathematics,4,SINGLE_CORRECT_MCQ,[Image-based question — see question card image. NTA Question ID: 695278229],True,A,JEE_Main_2026_Session-2_2026-04-04_Shift-1_Question-Paper.pdf,NTA_IMAGE_RENDER
JM_2026_S2_0404_SHIFT1_MAT_Q005,JEE_MAIN,2026,Session 2,2026-04-04,Shift 1,Paper 1 (B.E./B.Tech),1,Mathematics,5,SINGLE_CORRECT_MCQ,[Image-based question — see question card image. NTA Question ID: 695278230],True,A,JEE_Main_2026_Session-2_2026-04-04_Shift-1_Question-Paper.pdf,NTA_IMAGE_RENDER
JM_2026_S2_0404_SHIFT1_MAT_Q006,JEE_MAIN,2026,Session 2,2026-04-04,Shift 1,Paper 1 (B.E./B.Tech),1,Mathematics,6,SINGLE_CORRECT_MCQ,[Image-based question — see question card image. NTA Question ID: 695278231],True,A,JEE_Main_2026_Session-2_2026-04-04_Shift-1_Question-Paper.pdf,NTA_IMAGE_RENDER
JM_2026_S2_0404_SHIFT1_MAT_Q007,JEE_MAIN,2026,Session 2,2026-04-04,Shift 1,Paper 1 (B.E./B.Tech),1,Mathematics,7,SINGLE_CORRECT_MCQ,[Image-based question — see question card image. NTA Question ID: 695278232],True,A,JEE_Main_2026_Session-2_2026-04-04_Shift-1_Question-Paper.pdf,NTA_IMAGE_RENDER
JM_2026_S2_0404_SHIFT1_MAT_Q008,JEE_MAIN,2026,Session 2,2026-04-04,Shift 1,Paper 1 (B.E./B.Tech),1,Mathematics,8,SINGLE_CORRECT_MCQ,[Image-based question — see question card image. NTA Question ID: 695278233],True,A,JEE_Main_2026_Session-2_2026-04-04_Shift-1_Question-Paper.pdf,NTA_IMAGE_RENDER
JM_2026_S2_0404_SHIFT1_MAT_Q009,JEE_MAIN,2026,Session 2,2026-04-04,Shift 1,Paper 1 (B.E./B.Tech),1,Mathematics,9,SINGLE_CORRECT_MCQ,[Image-based question — see question card image. NTA Question ID: 695278234],True,A,JEE_Main_2026_Session-2_2026-04-04_Shift-1_Question-Paper.pdf,NTA_IMAGE_RENDER
JM_2026_S2_0404_SHIFT1_MAT_Q010,JEE_MAIN,2026,Session 2,2026-04-04,Shift 1,Paper 1 (B.E./B.Tech),1,Mathematics,10,SINGLE_CORRECT_MCQ,[Image-based question — see question card image. NTA Question ID: 695278235],True,A,JEE_Main_2026_Session-2_2026-04-04_Shift-1_Question-Paper.pdf,NTA_IMAGE_RENDER
JM_2026_S2_0404_SHIFT1_MAT_Q011,JEE_MAIN,2026,Session 2,2026-04-04,Shift 1,Paper 1 (B.E./B.Tech),1,Mathematics,11,SINGLE_CORRECT_MCQ,[Image-based question — see question card image. NTA Question ID: 695278236],True,A,JEE_Main_2026_Session-2_2026-04-04_Shift-1_Question-Paper.pdf,NTA_IMAGE_RENDER
JM_2026_S2_0404_SHIFT1_MAT_Q012,JEE_MAIN,2026,Session 2,2026-04-04,Shift 1,Paper 1 (B.E./B.Tech),1,Mathematics,12,SINGLE_CORRECT_MCQ,[Image-based question — see question card image. NTA Question ID: 695278237],True,A,JEE_Main_2026_Session-2_2026-04-04_Shift-1_Question-Paper.pdf,NTA_IMAGE_RENDER
JM_2026_S2_0404_SHIFT1_MAT_Q013,JEE_MAIN,2026,Session 2,2026-04-04,Shift 1,Paper 1 (B.E./B.Tech),1,Mathematics,13,SINGLE_CORRECT_MCQ,[Image-based question — see question card image. NTA Question ID: 695278238],True,A,JEE_Main_2026_Session-2_2026-04-04_Shift-1_Question-Paper.pdf,NTA_IMAGE_RENDER
JM_2026_S2_0404_SHIFT1_MAT_Q014,JEE_MAIN,2026,Session 2,2026-04-04,Shift 1,Paper 1 (B.E./B.Tech),1,Mathematics,14,SINGLE_CORRECT_MCQ,[Image-based question — see question card image. NTA Question ID: 695278239],True,A,JEE_Main_2026_Session-2_2026-04-04_Shift-1_Question-Paper.pdf,NTA_IMAGE_RENDER
JM_2026_S2_0404_SHIFT1_MAT_Q015,JEE_MAIN,2026,Session 2,2026-04-04,Shift 1,Paper 1 (B.E./B.Tech),1,Mathematics,15,SINGLE_CORRECT_MCQ,[Image-based question — see question card image. NTA Question ID: 695278240],True,A,JEE_Main_2026_Session-2_2026-04-04_Shift-1_Question-Paper.pdf,NTA_IMAGE_RENDER
JM_2026_S2_0404_SHIFT1_MAT_Q016,JEE_MAIN,2026,Session 2,2026-04-04,Shift 1,Paper 1 (B.E./B.Tech),1,Mathematics,16,SINGLE_CORRECT_MCQ,[Image-based question — see question card image. NTA Question ID: 695278241],True,A,JEE_Main_2026_Session-2_2026-04-04_Shift-1_Question-Paper.pdf,NTA_IMAGE_RENDER
JM_2026_S2_0404_SHIFT1_MAT_Q017,JEE_MAIN,2026,Session 2,2026-04-04,Shift 1,Paper 1 (B.E./B.Tech),1,Mathematics,17,SINGLE_CORRECT_MCQ,[Image-based question — see question card image. NTA Question ID: 695278242],True,A,JEE_Main_2026_Session-2_2026-04-04_Shift-1_Question-Paper.pdf,NTA_IMAGE_RENDER
JM_2026_S2_0404_SHIFT1_MAT_Q018,JEE_MAIN,2026,Session 2,2026-04-04,Shift 1,Paper 1 (B.E./B.Tech),1,Mathematics,18,SINGLE_CORRECT_MCQ,[Image-based question — see question card image. NTA Question ID: 695278243],True,A,JEE_Main_2026_Session-2_2026-04-04_Shift-1_Question-Paper.pdf,NTA_IMAGE_RENDER
JM_2026_S2_0404_SHIFT1_MAT_Q019,JEE_MAIN,2026,Session 2,2026-04-04,Shift 1,Paper 1 (B.E./B.Tech),1,Mathematics,19,SINGLE_CORRECT_MCQ,[Image-based question — see question card image. NTA Question ID: 695278244],True,A,JEE_Main_2026_Session-2_2026-04-04_Shift-1_Question-Paper.pdf,NTA_IMAGE_RENDER
JM_2026_S2_0404_SHIFT1_MAT_Q020,JEE_MAIN,2026,Session 2,2026-04-04,Shift 1,Paper 1 (B.E./B.Tech),1,Mathematics,20,SINGLE_CORRECT_MCQ,[Image-based question — see question card image. NTA Question ID: 695278245],True,A,JEE_Main_2026_Session-2_2026-04-04_Shift-1_Question-Paper.pdf,NTA_IMAGE_RENDER
JM_2026_S2_0404_SHIFT1_MAT_Q021,JEE_MAIN,2026,Session 2,2026-04-04,Shift 1,Paper 1 (B.E./B.Tech),1,Mathematics,21,NUMERICAL,[Image-based question — see question card image. NTA Question ID: 695278246],True,B,JEE_Main_2026_Session-2_2026-04-04_Shift-1_Question-Paper.pdf,NTA_IMAGE_RENDER
JM_2026_S2_0404_SHIFT1_MAT_Q022,JEE_MAIN,2026,Session 2,2026-04-04,Shift 1,Paper 1 (B.E./B.Tech),1,Mathematics,22,NUMERICAL,[Image-based question — see question card image. NTA Question ID: 695278247],True,B,JEE_Main_2026_Session-2_2026-04-04_Shift-1_Question-Paper.pdf,NTA_IMAGE_RENDER
JM_2026_S2_0404_SHIFT1_MAT_Q023,JEE_MAIN,2026,Session 2,2026-04-04,Shift 1,Paper 1 (B.E./B.Tech),1,Mathematics,23,NUMERICAL,[Image-based question — see question card image. NTA Question ID: 695278248],True,B,JEE_Main_2026_Session-2_2026-04-04_Shift-1_Question-Paper.pdf,NTA_IMAGE_RENDER
JM_2026_S2_0404_SHIFT1_MAT_Q024,JEE_MAIN,2026,Session 2,2026-04-04,Shift 1,Paper 1 (B.E./B.Tech),1,Mathematics,24,NUMERICAL,[Image-based question — see question card image. NTA Question ID: 695278249],True,B,JEE_Main_2026_Session-2_2026-04-04_Shift-1_Question-Paper.pdf,NTA_IMAGE_RENDER
JM_2026_S2_0404_SHIFT1_MAT_Q025,JEE_MAIN,2026,Session 2,2026-04-04,Shift 1,Paper 1 (B.E./B.Tech),1,Mathematics,25,NUMERICAL,[Image-based question — see question card image. NTA Question ID: 695278250],True,B,JEE_Main_2026_Session-2_2026-04-04_Shift-1_Question-Paper.pdf,NTA_IMAGE_RENDER
JM_2026_S2_0404_SHIFT1_PHY_Q026,JEE_MAIN,2026,Session 2,2026-04-04,Shift 1,Paper 1 (B.E./B.Tech),1,Physics,26,SINGLE_CORRECT_MCQ,[Image-based question — see question card image. NTA Question ID: 695278251],True,A,JEE_Main_2026_Session-2_2026-04-04_Shift-1_Question-Paper.pdf,NTA_IMAGE_RENDER
JM_2026_S2_0404_SHIFT1_PHY_Q027,JEE_MAIN,2026,Session 2,2026-04-04,Shift 1,Paper 1 (B.E./B.Tech),1,Physics,27,SINGLE_CORRECT_MCQ,[Image-based question — see question card image. NTA Question ID: 695278252],True,A,JEE_Main_2026_Session-2_2026-04-04_Shift-1_Question-Paper.pdf,NTA_IMAGE_RENDER
JM_2026_S2_0404_SHIFT1_PHY_Q028,JEE_MAIN,2026,Session 2,2026-04-04,Shift 1,Paper 1 (B.E./B.Tech),1,Physics,28,SINGLE_CORRECT_MCQ,[Image-based question — see question card image. NTA Question ID: 695278253],True,A,JEE_Main_2026_Session-2_2026-04-04_Shift-1_Question-Paper.pdf,NTA_IMAGE_RENDER
JM_2026_S2_0404_SHIFT1_PHY_Q029,JEE_MAIN,2026,Session 2,2026-04-04,Shift 1,Paper 1 (B.E./B.Tech),1,Physics,29,SINGLE_CORRECT_MCQ,[Image-based question — see question card image. NTA Question ID: 695278254],True,A,JEE_Main_2026_Session-2_2026-04-04_Shift-1_Question-Paper.pdf,NTA_IMAGE_RENDER
JM_2026_S2_0404_SHIFT1_PHY_Q030,JEE_MAIN,2026,Session 2,2026-04-04,Shift 1,Paper 1 (B.E./B.Tech),1,Physics,30,SINGLE_CORRECT_MCQ,[Image-based question — see question card image. NTA Question ID: 695278255],True,A,JEE_Main_2026_Session-2_2026-04-04_Shift-1_Question-Paper.pdf,NTA_IMAGE_RENDER
JM_2026_S2_0404_SHIFT1_PHY_Q031,JEE_MAIN,2026,Session 2,2026-04-04,Shift 1,Paper 1 (B.E./B.Tech),1,Physics,31,SINGLE_CORRECT_MCQ,[Image-based question — see question card image. NTA Question ID: 695278256],True,A,JEE_Main_2026_Session-2_2026-04-04_Shift-1_Question-Paper.pdf,NTA_IMAGE_RENDER
JM_2026_S2_0404_SHIFT1_PHY_Q032,JEE_MAIN,2026,Session 2,2026-04-04,Shift 1,Paper 1 (B.E./B.Tech),1,Physics,32,SINGLE_CORRECT_MCQ,[Image-based question — see question card image. NTA Question ID: 695278257],True,A,JEE_Main_2026_Session-2_2026-04-04_Shift-1_Question-Paper.pdf,NTA_IMAGE_RENDER
JM_2026_S2_0404_SHIFT1_PHY_Q033,JEE_MAIN,2026,Session 2,2026-04-04,Shift 1,Paper 1 (B.E./B.Tech),1,Physics,33,SINGLE_CORRECT_MCQ,[Image-based question — see question card image. NTA Question ID: 695278258],True,A,JEE_Main_2026_Session-2_2026-04-04_Shift-1_Question-Paper.pdf,NTA_IMAGE_RENDER
JM_2026_S2_0404_SHIFT1_PHY_Q034,JEE_MAIN,2026,Session 2,2026-04-04,Shift 1,Paper 1 (B.E./B.Tech),1,Physics,34,SINGLE_CORRECT_MCQ,[Image-based question — see question card image. NTA Question ID: 695278259],True,A,JEE_Main_2026_Session-2_2026-04-04_Shift-1_Question-Paper.pdf,NTA_IMAGE_RENDER
JM_2026_S2_0404_SHIFT1_PHY_Q035,JEE_MAIN,2026,Session 2,2026-04-04,Shift 1,Paper 1 (B.E./B.Tech),1,Physics,35,SINGLE_CORRECT_MCQ,[Image-based question — see question card image. NTA Question ID: 695278260],True,A,JEE_Main_2026_Session-2_2026-04-04_Shift-1_Question-Paper.pdf,NTA_IMAGE_RENDER
JM_2026_S2_0404_SHIFT1_PHY_Q036,JEE_MAIN,2026,Session 2,2026-04-04,Shift 1,Paper 1 (B.E./B.Tech),1,Physics,36,SINGLE_CORRECT_MCQ,[Image-based question — see question card image. NTA Question ID: 695278261],True,A,JEE_Main_2026_Session-2_2026-04-04_Shift-1_Question-Paper.pdf,NTA_IMAGE_RENDER
JM_2026_S2_0404_SHIFT1_PHY_Q037,JEE_MAIN,2026,Session 2,2026-04-04,Shift 1,Paper 1 (B.E./B.Tech),1,Physics,37,SINGLE_CORRECT_MCQ,[Image-based question — see question card image. NTA Question ID: 695278262],True,A,JEE_Main_2026_Session-2_2026-04-04_Shift-1_Question-Paper.pdf,NTA_IMAGE_RENDER
JM_2026_S2_0404_SHIFT1_PHY_Q038,JEE_MAIN,2026,Session 2,2026-04-04,Shift 1,Paper 1 (B.E./B.Tech),1,Physics,38,SINGLE_CORRECT_MCQ,[Image-based question — see question card image. NTA Question ID: 695278263],True,A,JEE_Main_2026_Session-2_2026-04-04_Shift-1_Question-Paper.pdf,NTA_IMAGE_RENDER
JM_2026_S2_0404_SHIFT1_PHY_Q039,JEE_MAIN,2026,Session 2,2026-04-04,Shift 1,Paper 1 (B.E./B.Tech),1,Physics,39,SINGLE_CORRECT_MCQ,[Image-based question — see question card image. NTA Question ID: 695278264],True,A,JEE_Main_2026_Session-2_2026-04-04_Shift-1_Question-Paper.pdf,NTA_IMAGE_RENDER
JM_2026_S2_0404_SHIFT1_PHY_Q040,JEE_MAIN,2026,Session 2,2026-04-04,Shift 1,Paper 1 (B.E./B.Tech),1,Physics,40,SINGLE_CORRECT_MCQ,[Image-based question — see question card image. NTA Question ID: 695278265],True,A,JEE_Main_2026_Session-2_2026-04-04_Shift-1_Question-Paper.pdf,NTA_IMAGE_RENDER
JM_2026_S2_0404_SHIFT1_PHY_Q041,JEE_MAIN,2026,Session 2,2026-04-04,Shift 1,Paper 1 (B.E./B.Tech),1,Physics,41,SINGLE_CORRECT_MCQ,[Image-based question — see question card image. NTA Question ID: 695278266],True,A,JEE_Main_2026_Session-2_2026-04-04_Shift-1_Question-Paper.pdf,NTA_IMAGE_RENDER
JM_2026_S2_0404_SHIFT1_PHY_Q042,JEE_MAIN,2026,Session 2,2026-04-04,Shift 1,Paper 1 (B.E./B.Tech),1,Physics,42,SINGLE_CORRECT_MCQ,[Image-based question — see question card image. NTA Question ID: 695278267],True,A,JEE_Main_2026_Session-2_2026-04-04_Shift-1_Question-Paper.pdf,NTA_IMAGE_RENDER
JM_2026_S2_0404_SHIFT1_PHY_Q043,JEE_MAIN,2026,Session 2,2026-04-04,Shift 1,Paper 1 (B.E./B.Tech),1,Physics,43,SINGLE_CORRECT_MCQ,[Image-based question — see question card image. NTA Question ID: 695278268],True,A,JEE_Main_2026_Session-2_2026-04-04_Shift-1_Question-Paper.pdf,NTA_IMAGE_RENDER
JM_2026_S2_0404_SHIFT1_PHY_Q044,JEE_MAIN,2026,Session 2,2026-04-04,Shift 1,Paper 1 (B.E./B.Tech),1,Physics,44,SINGLE_CORRECT_MCQ,[Image-based question — see question card image. NTA Question ID: 695278269],True,A,JEE_Main_2026_Session-2_2026-04-04_Shift-1_Question-Paper.pdf,NTA_IMAGE_RENDER
JM_2026_S2_0404_SHIFT1_PHY_Q045,JEE_MAIN,2026,Session 2,2026-04-04,Shift 1,Paper 1 (B.E./B.Tech),1,Physics,45,SINGLE_CORRECT_MCQ,[Image-based question — see question card image. NTA Question ID: 695278270],True,A,JEE_Main_2026_Session-2_2026-04-04_Shift-1_Question-Paper.pdf,NTA_IMAGE_RENDER
JM_2026_S2_0404_SHIFT1_PHY_Q046,JEE_MAIN,2026,Session 2,2026-04-04,Shift 1,Paper 1 (B.E./B.Tech),1,Physics,46,NUMERICAL,[Image-based question — see question card image. NTA Question ID: 695278271],True,B,JEE_Main_2026_Session-2_2026-04-04_Shift-1_Question-Paper.pdf,NTA_IMAGE_RENDER
JM_2026_S2_0404_SHIFT1_PHY_Q047,JEE_MAIN,2026,Session 2,2026-04-04,Shift 1,Paper 1 (B.E./B.Tech),1,Physics,47,NUMERICAL,[Image-based question — see question card image. NTA Question ID: 695278272],True,B,JEE_Main_2026_Session-2_2026-04-04_Shift-1_Question-Paper.pdf,NTA_IMAGE_RENDER
JM_2026_S2_0404_SHIFT1_PHY_Q048,JEE_MAIN,2026,Session 2,2026-04-04,Shift 1,Paper 1 (B.E./B.Tech),1,Physics,48,NUMERICAL,[Image-based question — see question card image. NTA Question ID: 695278273],True,B,JEE_Main_2026_Session-2_2026-04-04_Shift-1_Question-Paper.pdf,NTA_IMAGE_RENDER
JM_2026_S2_0404_SHIFT1_PHY_Q049,JEE_MAIN,2026,Session 2,2026-04-04,Shift 1,Paper 1 (B.E./B.Tech),1,Physics,49,NUMERICAL,[Image-based question — see question card image. NTA Question ID: 695278274],True,B,JEE_Main_2026_Session-2_2026-04-04_Shift-1_Question-Paper.pdf,NTA_IMAGE_RENDER
JM_2026_S2_0404_SHIFT1_PHY_Q050,JEE_MAIN,2026,Session 2,2026-04-04,Shift 1,Paper 1 (B.E./B.Tech),1,Physics,50,NUMERICAL,[Image-based question — see question card image. NTA Question ID: 695278275],True,B,JEE_Main_2026_Session-2_2026-04-04_Shift-1_Question-Paper.pdf,NTA_IMAGE_RENDER
JM_2026_S2_0404_SHIFT1_CHE_Q051,JEE_MAIN,2026,Session 2,2026-04-04,Shift 1,Paper 1 (B.E./B.Tech),1,Chemistry,51,SINGLE_CORRECT_MCQ,[Image-based question — see question card image. NTA Question ID: 695278276],True,A,JEE_Main_2026_Session-2_2026-04-04_Shift-1_Question-Paper.pdf,NTA_IMAGE_RENDER
JM_2026_S2_0404_SHIFT1_CHE_Q052,JEE_MAIN,2026,Session 2,2026-04-04,Shift 1,Paper 1 (B.E./B.Tech),1,Chemistry,52,SINGLE_CORRECT_MCQ,[Image-based question — see question card image. NTA Question ID: 695278277],True,A,JEE_Main_2026_Session-2_2026-04-04_Shift-1_Question-Paper.pdf,NTA_IMAGE_RENDER
JM_2026_S2_0404_SHIFT1_CHE_Q053,JEE_MAIN,2026,Session 2,2026-04-04,Shift 1,Paper 1 (B.E./B.Tech),1,Chemistry,53,SINGLE_CORRECT_MCQ,[Image-based question — see question card image. NTA Question ID: 695278278],True,A,JEE_Main_2026_Session-2_2026-04-04_Shift-1_Question-Paper.pdf,NTA_IMAGE_RENDER
JM_2026_S2_0404_SHIFT1_CHE_Q054,JEE_MAIN,2026,Session 2,2026-04-04,Shift 1,Paper 1 (B.E./B.Tech),1,Chemistry,54,SINGLE_CORRECT_MCQ,[Image-based question — see question card image. NTA Question ID: 695278279],True,A,JEE_Main_2026_Session-2_2026-04-04_Shift-1_Question-Paper.pdf,NTA_IMAGE_RENDER
JM_2026_S2_0404_SHIFT1_CHE_Q055,JEE_MAIN,2026,Session 2,2026-04-04,Shift 1,Paper 1 (B.E./B.Tech),1,Chemistry,55,SINGLE_CORRECT_MCQ,[Image-based question — see question card image. NTA Question ID: 695278280],True,A,JEE_Main_2026_Session-2_2026-04-04_Shift-1_Question-Paper.pdf,NTA_IMAGE_RENDER
JM_2026_S2_0404_SHIFT1_CHE_Q056,JEE_MAIN,2026,Session 2,2026-04-04,Shift 1,Paper 1 (B.E./B.Tech),1,Chemistry,56,SINGLE_CORRECT_MCQ,[Image-based question — see question card image. NTA Question ID: 695278281],True,A,JEE_Main_2026_Session-2_2026-04-04_Shift-1_Question-Paper.pdf,NTA_IMAGE_RENDER
JM_2026_S2_0404_SHIFT1_CHE_Q057,JEE_MAIN,2026,Session 2,2026-04-04,Shift 1,Paper 1 (B.E./B.Tech),1,Chemistry,57,SINGLE_CORRECT_MCQ,[Image-based question — see question card image. NTA Question ID: 695278282],True,A,JEE_Main_2026_Session-2_2026-04-04_Shift-1_Question-Paper.pdf,NTA_IMAGE_RENDER
JM_2026_S2_0404_SHIFT1_CHE_Q058,JEE_MAIN,2026,Session 2,2026-04-04,Shift 1,Paper 1 (B.E./B.Tech),1,Chemistry,58,SINGLE_CORRECT_MCQ,[Image-based question — see question card image. NTA Question ID: 695278283],True,A,JEE_Main_2026_Session-2_2026-04-04_Shift-1_Question-Paper.pdf,NTA_IMAGE_RENDER
JM_2026_S2_0404_SHIFT1_CHE_Q059,JEE_MAIN,2026,Session 2,2026-04-04,Shift 1,Paper 1 (B.E./B.Tech),1,Chemistry,59,SINGLE_CORRECT_MCQ,[Image-based question — see question card image. NTA Question ID: 695278284],True,A,JEE_Main_2026_Session-2_2026-04-04_Shift-1_Question-Paper.pdf,NTA_IMAGE_RENDER
JM_2026_S2_0404_SHIFT1_CHE_Q060,JEE_MAIN,2026,Session 2,2026-04-04,Shift 1,Paper 1 (B.E./B.Tech),1,Chemistry,60,SINGLE_CORRECT_MCQ,[Image-based question — see question card image. NTA Question ID: 695278285],True,A,JEE_Main_2026_Session-2_2026-04-04_Shift-1_Question-Paper.pdf,NTA_IMAGE_RENDER
JM_2026_S2_0404_SHIFT1_CHE_Q061,JEE_MAIN,2026,Session 2,2026-04-04,Shift 1,Paper 1 (B.E./B.Tech),1,Chemistry,61,SINGLE_CORRECT_MCQ,[Image-based question — see question card image. NTA Question ID: 695278286],True,A,JEE_Main_2026_Session-2_2026-04-04_Shift-1_Question-Paper.pdf,NTA_IMAGE_RENDER
JM_2026_S2_0404_SHIFT1_CHE_Q062,JEE_MAIN,2026,Session 2,2026-04-04,Shift 1,Paper 1 (B.E./B.Tech),1,Chemistry,62,SINGLE_CORRECT_MCQ,[Image-based question — see question card image. NTA Question ID: 695278287],True,A,JEE_Main_2026_Session-2_2026-04-04_Shift-1_Question-Paper.pdf,NTA_IMAGE_RENDER
JM_2026_S2_0404_SHIFT1_CHE_Q063,JEE_MAIN,2026,Session 2,2026-04-04,Shift 1,Paper 1 (B.E./B.Tech),1,Chemistry,63,SINGLE_CORRECT_MCQ,[Image-based question — see question card image. NTA Question ID: 695278288],True,A,JEE_Main_2026_Session-2_2026-04-04_Shift-1_Question-Paper.pdf,NTA_IMAGE_RENDER
JM_2026_S2_0404_SHIFT1_CHE_Q064,JEE_MAIN,2026,Session 2,2026-04-04,Shift 1,Paper 1 (B.E./B.Tech),1,Chemistry,64,SINGLE_CORRECT_MCQ,[Image-based question — see question card image. NTA Question ID: 695278289],True,A,JEE_Main_2026_Session-2_2026-04-04_Shift-1_Question-Paper.pdf,NTA_IMAGE_RENDER
JM_2026_S2_0404_SHIFT1_CHE_Q065,JEE_MAIN,2026,Session 2,2026-04-04,Shift 1,Paper 1 (B.E./B.Tech),1,Chemistry,65,SINGLE_CORRECT_MCQ,[Image-based question — see question card image. NTA Question ID: 695278290],True,A,JEE_Main_2026_Session-2_2026-04-04_Shift-1_Question-Paper.pdf,NTA_IMAGE_RENDER
JM_2026_S2_0404_SHIFT1_CHE_Q066,JEE_MAIN,2026,Session 2,2026-04-04,Shift 1,Paper 1 (B.E./B.Tech),1,Chemistry,66,SINGLE_CORRECT_MCQ,[Image-based question — see question card image. NTA Question ID: 695278291],True,A,JEE_Main_2026_Session-2_2026-04-04_Shift-1_Question-Paper.pdf,NTA_IMAGE_RENDER
JM_2026_S2_0404_SHIFT1_CHE_Q067,JEE_MAIN,2026,Session 2,2026-04-04,Shift 1,Paper 1 (B.E./B.Tech),1,Chemistry,67,SINGLE_CORRECT_MCQ,[Image-based question — see question card image. NTA Question ID: 695278292],True,A,JEE_Main_2026_Session-2_2026-04-04_Shift-1_Question-Paper.pdf,NTA_IMAGE_RENDER
JM_2026_S2_0404_SHIFT1_CHE_Q068,JEE_MAIN,2026,Session 2,2026-04-04,Shift 1,Paper 1 (B.E./B.Tech),1,Chemistry,68,SINGLE_CORRECT_MCQ,[Image-based question — see question card image. NTA Question ID: 695278293],True,A,JEE_Main_2026_Session-2_2026-04-04_Shift-1_Question-Paper.pdf,NTA_IMAGE_RENDER
JM_2026_S2_0404_SHIFT1_CHE_Q069,JEE_MAIN,2026,Session 2,2026-04-04,Shift 1,Paper 1 (B.E./B.Tech),1,Chemistry,69,SINGLE_CORRECT_MCQ,[Image-based question — see question card image. NTA Question ID: 695278294],True,A,JEE_Main_2026_Session-2_2026-04-04_Shift-1_Question-Paper.pdf,NTA_IMAGE_RENDER
JM_2026_S2_0404_SHIFT1_CHE_Q070,JEE_MAIN,2026,Session 2,2026-04-04,Shift 1,Paper 1 (B.E./B.Tech),1,Chemistry,70,SINGLE_CORRECT_MCQ,[Image-based question — see question card image. NTA Question ID: 695278295],True,A,JEE_Main_2026_Session-2_2026-04-04_Shift-1_Question-Paper.pdf,NTA_IMAGE_RENDER
JM_2026_S2_0404_SHIFT1_CHE_Q071,JEE_MAIN,2026,Session 2,2026-04-04,Shift 1,Paper 1 (B.E./B.Tech),1,Chemistry,71,NUMERICAL,[Image-based question — see question card image. NTA Question ID: 695278296],True,B,JEE_Main_2026_Session-2_2026-04-04_Shift-1_Question-Paper.pdf,NTA_IMAGE_RENDER
JM_2026_S2_0404_SHIFT1_CHE_Q072,JEE_MAIN,2026,Session 2,2026-04-04,Shift 1,Paper 1 (B.E./B.Tech),1,Chemistry,72,NUMERICAL,[Image-based question — see question card image. NTA Question ID: 695278297],True,B,JEE_Main_2026_Session-2_2026-04-04_Shift-1_Question-Paper.pdf,NTA_IMAGE_RENDER
JM_2026_S2_0404_SHIFT1_CHE_Q073,JEE_MAIN,2026,Session 2,2026-04-04,Shift 1,Paper 1 (B.E./B.Tech),1,Chemistry,73,NUMERICAL,[Image-based question — see question card image. NTA Question ID: 695278298],True,B,JEE_Main_2026_Session-2_2026-04-04_Shift-1_Question-Paper.pdf,NTA_IMAGE_RENDER
JM_2026_S2_0404_SHIFT1_CHE_Q074,JEE_MAIN,2026,Session 2,2026-04-04,Shift 1,Paper 1 (B.E./B.Tech),1,Chemistry,74,NUMERICAL,[Image-based question — see question card image. NTA Question ID: 695278299],True,B,JEE_Main_2026_Session-2_2026-04-04_Shift-1_Question-Paper.pdf,NTA_IMAGE_RENDER
JM_2026_S2_0404_SHIFT1_CHE_Q075,JEE_MAIN,2026,Session 2,2026-04-04,Shift 1,Paper 1 (B.E./B.Tech),1,Chemistry,75,NUMERICAL,[Image-based question — see question card image. NTA Question ID: 695278300],True,B,JEE_Main_2026_Session-2_2026-04-04_Shift-1_Question-Paper.pdf,NTA_IMAGE_RENDER
JM_2026_S2_0404_SHIFT2_MAT_Q001,JEE_MAIN,2026,Session 2,2026-04-04,Shift 2,Paper 1 (B.E./B.Tech),1,Mathematics,1,SINGLE_CORRECT_MCQ,[Image-based question — see question card image. NTA Question ID: 695278376],True,A,JEE_Main_2026_Session-2_2026-04-04_Shift-2_Question-Paper.pdf,NTA_IMAGE_RENDER
JM_2026_S2_0404_SHIFT2_MAT_Q002,JEE_MAIN,2026,Session 2,2026-04-04,Shift 2,Paper 1 (B.E./B.Tech),1,Mathematics,2,SINGLE_CORRECT_MCQ,[Image-based question — see question card image. NTA Question ID: 695278377],True,A,JEE_Main_2026_Session-2_2026-04-04_Shift-2_Question-Paper.pdf,NTA_IMAGE_RENDER
JM_2026_S2_0404_SHIFT2_MAT_Q003,JEE_MAIN,2026,Session 2,2026-04-04,Shift 2,Paper 1 (B.E./B.Tech),1,Mathematics,3,SINGLE_CORRECT_MCQ,[Image-based question — see question card image. NTA Question ID: 695278378],True,A,JEE_Main_2026_Session-2_2026-04-04_Shift-2_Question-Paper.pdf,NTA_IMAGE_RENDER
JM_2026_S2_0404_SHIFT2_MAT_Q004,JEE_MAIN,2026,Session 2,2026-04-04,Shift 2,Paper 1 (B.E./B.Tech),1,Mathematics,4,SINGLE_CORRECT_MCQ,[Image-based question — see question card image. NTA Question ID: 695278379],True,A,JEE_Main_2026_Session-2_2026-04-04_Shift-2_Question-Paper.pdf,NTA_IMAGE_RENDER
JM_2026_S2_0404_SHIFT2_MAT_Q005,JEE_MAIN,2026,Session 2,2026-04-04,Shift 2,Paper 1 (B.E./B.Tech),1,Mathematics,5,SINGLE_CORRECT_MCQ,[Image-based question — see question card image. NTA Question ID: 695278380],True,A,JEE_Main_2026_Session-2_2026-04-04_Shift-2_Question-Paper.pdf,NTA_IMAGE_RENDER
JM_2026_S2_0404_SHIFT2_MAT_Q006,JEE_MAIN,2026,Session 2,2026-04-04,Shift 2,Paper 1 (B.E./B.Tech),1,Mathematics,6,SINGLE_CORRECT_MCQ,[Image-based question — see question card image. NTA Question ID: 695278381],True,A,JEE_Main_2026_Session-2_2026-04-04_Shift-2_Question-Paper.pdf,NTA_IMAGE_RENDER
JM_2026_S2_0404_SHIFT2_MAT_Q007,JEE_MAIN,2026,Session 2,2026-04-04,Shift 2,Paper 1 (B.E./B.Tech),1,Mathematics,7,SINGLE_CORRECT_MCQ,[Image-based question — see question card image. NTA Question ID: 695278382],True,A,JEE_Main_2026_Session-2_2026-04-04_Shift-2_Question-Paper.pdf,NTA_IMAGE_RENDER
JM_2026_S2_0404_SHIFT2_MAT_Q008,JEE_MAIN,2026,Session 2,2026-04-04,Shift 2,Paper 1 (B.E./B.Tech),1,Mathematics,8,SINGLE_CORRECT_MCQ,[Image-based question — see question card image. NTA Question ID: 695278383],True,A,JEE_Main_2026_Session-2_2026-04-04_Shift-2_Question-Paper.pdf,NTA_IMAGE_RENDER
JM_2026_S2_0404_SHIFT2_MAT_Q009,JEE_MAIN,2026,Session 2,2026-04-04,Shift 2,Paper 1 (B.E./B.Tech),1,Mathematics,9,SINGLE_CORRECT_MCQ,[Image-based question — see question card image. NTA Question ID: 695278384],True,A,JEE_Main_2026_Session-2_2026-04-04_Shift-2_Question-Paper.pdf,NTA_IMAGE_RENDER
JM_2026_S2_0404_SHIFT2_MAT_Q010,JEE_MAIN,2026,Session 2,2026-04-04,Shift 2,Paper 1 (B.E./B.Tech),1,Mathematics,10,SINGLE_CORRECT_MCQ,[Image-based question — see question card image. NTA Question ID: 695278385],True,A,JEE_Main_2026_Session-2_2026-04-04_Shift-2_Question-Paper.pdf,NTA_IMAGE_RENDER
JM_2026_S2_0404_SHIFT2_MAT_Q011,JEE_MAIN,2026,Session 2,2026-04-04,Shift 2,Paper 1 (B.E./B.Tech),1,Mathematics,11,SINGLE_CORRECT_MCQ,[Image-based question — see question card image. NTA Question ID: 695278386],True,A,JEE_Main_2026_Session-2_2026-04-04_Shift-2_Question-Paper.pdf,NTA_IMAGE_RENDER
JM_2026_S2_0404_SHIFT2_MAT_Q012,JEE_MAIN,2026,Session 2,2026-04-04,Shift 2,Paper 1 (B.E./B.Tech),1,Mathematics,12,SINGLE_CORRECT_MCQ,[Image-based question — see question card image. NTA Question ID: 695278387],True,A,JEE_Main_2026_Session-2_2026-04-04_Shift-2_Question-Paper.pdf,NTA_IMAGE_RENDER
JM_2026_S2_0404_SHIFT2_MAT_Q013,JEE_MAIN,2026,Session 2,2026-04-04,Shift 2,Paper 1 (B.E./B.Tech),1,Mathematics,13,SINGLE_CORRECT_MCQ,[Image-based question — see question card image. NTA Question ID: 695278388],True,A,JEE_Main_2026_Session-2_2026-04-04_Shift-2_Question-Paper.pdf,NTA_IMAGE_RENDER
JM_2026_S2_0404_SHIFT2_MAT_Q014,JEE_MAIN,2026,Session 2,2026-04-04,Shift 2,Paper 1 (B.E./B.Tech),1,Mathematics,14,SINGLE_CORRECT_MCQ,[Image-based question — see question card image. NTA Question ID: 695278389],True,A,JEE_Main_2026_Session-2_2026-04-04_Shift-2_Question-Paper.pdf,NTA_IMAGE_RENDER
JM_2026_S2_0404_SHIFT2_MAT_Q015,JEE_MAIN,2026,Session 2,2026-04-04,Shift 2,Paper 1 (B.E./B.Tech),1,Mathematics,15,SINGLE_CORRECT_MCQ,[Image-based question — see question card image. NTA Question ID: 695278390],True,A,JEE_Main_2026_Session-2_2026-04-04_Shift-2_Question-Paper.pdf,NTA_IMAGE_RENDER
JM_2026_S2_0404_SHIFT2_MAT_Q016,JEE_MAIN,2026,Session 2,2026-04-04,Shift 2,Paper 1 (B.E./B.Tech),1,Mathematics,16,SINGLE_CORRECT_MCQ,[Image-based question — see question card image. NTA Question ID: 695278391],True,A,JEE_Main_2026_Session-2_2026-04-04_Shift-2_Question-Paper.pdf,NTA_IMAGE_RENDER
JM_2026_S2_0404_SHIFT2_MAT_Q017,JEE_MAIN,2026,Session 2,2026-04-04,Shift 2,Paper 1 (B.E./B.Tech),1,Mathematics,17,SINGLE_CORRECT_MCQ,[Image-based question — see question card image. NTA Question ID: 695278392],True,A,JEE_Main_2026_Session-2_2026-04-04_Shift-2_Question-Paper.pdf,NTA_IMAGE_RENDER
JM_2026_S2_0404_SHIFT2_MAT_Q018,JEE_MAIN,2026,Session 2,2026-04-04,Shift 2,Paper 1 (B.E./B.Tech),1,Mathematics,18,SINGLE_CORRECT_MCQ,[Image-based question — see question card image. NTA Question ID: 695278393],True,A,JEE_Main_2026_Session-2_2026-04-04_Shift-2_Question-Paper.pdf,NTA_IMAGE_RENDER
JM_2026_S2_0404_SHIFT2_MAT_Q019,JEE_MAIN,2026,Session 2,2026-04-04,Shift 2,Paper 1 (B.E./B.Tech),1,Mathematics,19,SINGLE_CORRECT_MCQ,[Image-based question — see question card image. NTA Question ID: 695278394],True,A,JEE_Main_2026_Session-2_2026-04-04_Shift-2_Question-Paper.pdf,NTA_IMAGE_RENDER
JM_2026_S2_0404_SHIFT2_MAT_Q020,JEE_MAIN,2026,Session 2,2026-04-04,Shift 2,Paper 1 (B.E./B.Tech),1,Mathematics,20,SINGLE_CORRECT_MCQ,[Image-based question — see question card image. NTA Question ID: 695278395],True,A,JEE_Main_2026_Session-2_2026-04-04_Shift-2_Question-Paper.pdf,NTA_IMAGE_RENDER
JM_2026_S2_0404_SHIFT2_MAT_Q021,JEE_MAIN,2026,Session 2,2026-04-04,Shift 2,Paper 1 (B.E./B.Tech),1,Mathematics,21,NUMERICAL,[Image-based question — see question card image. NTA Question ID: 695278396],True,B,JEE_Main_2026_Session-2_2026-04-04_Shift-2_Question-Paper.pdf,NTA_IMAGE_RENDER
JM_2026_S2_0404_SHIFT2_MAT_Q022,JEE_MAIN,2026,Session 2,2026-04-04,Shift 2,Paper 1 (B.E./B.Tech),1,Mathematics,22,NUMERICAL,[Image-based question — see question card image. NTA Question ID: 695278397],True,B,JEE_Main_2026_Session-2_2026-04-04_Shift-2_Question-Paper.pdf,NTA_IMAGE_RENDER
JM_2026_S2_0404_SHIFT2_MAT_Q023,JEE_MAIN,2026,Session 2,2026-04-04,Shift 2,Paper 1 (B.E./B.Tech),1,Mathematics,23,NUMERICAL,[Image-based question — see question card image. NTA Question ID: 695278398],True,B,JEE_Main_2026_Session-2_2026-04-04_Shift-2_Question-Paper.pdf,NTA_IMAGE_RENDER
JM_2026_S2_0404_SHIFT2_MAT_Q024,JEE_MAIN,2026,Session 2,2026-04-04,Shift 2,Paper 1 (B.E./B.Tech),1,Mathematics,24,NUMERICAL,[Image-based question — see question card image. NTA Question ID: 695278399],True,B,JEE_Main_2026_Session-2_2026-04-04_Shift-2_Question-Paper.pdf,NTA_IMAGE_RENDER
JM_2026_S2_0404_SHIFT2_MAT_Q025,JEE_MAIN,2026,Session 2,2026-04-04,Shift 2,Paper 1 (B.E./B.Tech),1,Mathematics,25,NUMERICAL,[Image-based question — see question card image. NTA Question ID: 695278400],True,B,JEE_Main_2026_Session-2_2026-04-04_Shift-2_Question-Paper.pdf,NTA_IMAGE_RENDER
JM_2026_S2_0404_SHIFT2_PHY_Q026,JEE_MAIN,2026,Session 2,2026-04-04,Shift 2,Paper 1 (B.E./B.Tech),1,Physics,26,SINGLE_CORRECT_MCQ,[Image-based question — see question card image. NTA Question ID: 695278401],True,A,JEE_Main_2026_Session-2_2026-04-04_Shift-2_Question-Paper.pdf,NTA_IMAGE_RENDER
JM_2026_S2_0404_SHIFT2_PHY_Q027,JEE_MAIN,2026,Session 2,2026-04-04,Shift 2,Paper 1 (B.E./B.Tech),1,Physics,27,SINGLE_CORRECT_MCQ,[Image-based question — see question card image. NTA Question ID: 695278402],True,A,JEE_Main_2026_Session-2_2026-04-04_Shift-2_Question-Paper.pdf,NTA_IMAGE_RENDER
JM_2026_S2_0404_SHIFT2_PHY_Q028,JEE_MAIN,2026,Session 2,2026-04-04,Shift 2,Paper 1 (B.E./B.Tech),1,Physics,28,SINGLE_CORRECT_MCQ,[Image-based question — see question card image. NTA Question ID: 695278403],True,A,JEE_Main_2026_Session-2_2026-04-04_Shift-2_Question-Paper.pdf,NTA_IMAGE_RENDER
JM_2026_S2_0404_SHIFT2_PHY_Q029,JEE_MAIN,2026,Session 2,2026-04-04,Shift 2,Paper 1 (B.E./B.Tech),1,Physics,29,SINGLE_CORRECT_MCQ,[Image-based question — see question card image. NTA Question ID: 695278404],True,A,JEE_Main_2026_Session-2_2026-04-04_Shift-2_Question-Paper.pdf,NTA_IMAGE_RENDER
JM_2026_S2_0404_SHIFT2_PHY_Q030,JEE_MAIN,2026,Session 2,2026-04-04,Shift 2,Paper 1 (B.E./B.Tech),1,Physics,30,SINGLE_CORRECT_MCQ,[Image-based question — see question card image. NTA Question ID: 695278405],True,A,JEE_Main_2026_Session-2_2026-04-04_Shift-2_Question-Paper.pdf,NTA_IMAGE_RENDER
JM_2026_S2_0404_SHIFT2_PHY_Q031,JEE_MAIN,2026,Session 2,2026-04-04,Shift 2,Paper 1 (B.E./B.Tech),1,Physics,31,SINGLE_CORRECT_MCQ,[Image-based question — see question card image. NTA Question ID: 695278406],True,A,JEE_Main_2026_Session-2_2026-04-04_Shift-2_Question-Paper.pdf,NTA_IMAGE_RENDER
JM_2026_S2_0404_SHIFT2_PHY_Q032,JEE_MAIN,2026,Session 2,2026-04-04,Shift 2,Paper 1 (B.E./B.Tech),1,Physics,32,SINGLE_CORRECT_MCQ,[Image-based question — see question card image. NTA Question ID: 695278407],True,A,JEE_Main_2026_Session-2_2026-04-04_Shift-2_Question-Paper.pdf,NTA_IMAGE_RENDER
JM_2026_S2_0404_SHIFT2_PHY_Q033,JEE_MAIN,2026,Session 2,2026-04-04,Shift 2,Paper 1 (B.E./B.Tech),1,Physics,33,SINGLE_CORRECT_MCQ,[Image-based question — see question card image. NTA Question ID: 695278408],True,A,JEE_Main_2026_Session-2_2026-04-04_Shift-2_Question-Paper.pdf,NTA_IMAGE_RENDER
JM_2026_S2_0404_SHIFT2_PHY_Q034,JEE_MAIN,2026,Session 2,2026-04-04,Shift 2,Paper 1 (B.E./B.Tech),1,Physics,34,SINGLE_CORRECT_MCQ,[Image-based question — see question card image. NTA Question ID: 695278409],True,A,JEE_Main_2026_Session-2_2026-04-04_Shift-2_Question-Paper.pdf,NTA_IMAGE_RENDER
JM_2026_S2_0404_SHIFT2_PHY_Q035,JEE_MAIN,2026,Session 2,2026-04-04,Shift 2,Paper 1 (B.E./B.Tech),1,Physics,35,SINGLE_CORRECT_MCQ,[Image-based question — see question card image. NTA Question ID: 695278410],True,A,JEE_Main_2026_Session-2_2026-04-04_Shift-2_Question-Paper.pdf,NTA_IMAGE_RENDER
JM_2026_S2_0404_SHIFT2_PHY_Q036,JEE_MAIN,2026,Session 2,2026-04-04,Shift 2,Paper 1 (B.E./B.Tech),1,Physics,36,SINGLE_CORRECT_MCQ,[Image-based question — see question card image. NTA Question ID: 695278411],True,A,JEE_Main_2026_Session-2_2026-04-04_Shift-2_Question-Paper.pdf,NTA_IMAGE_RENDER
JM_2026_S2_0404_SHIFT2_PHY_Q037,JEE_MAIN,2026,Session 2,2026-04-04,Shift 2,Paper 1 (B.E./B.Tech),1,Physics,37,SINGLE_CORRECT_MCQ,[Image-based question — see question card image. NTA Question ID: 695278412],True,A,JEE_Main_2026_Session-2_2026-04-04_Shift-2_Question-Paper.pdf,NTA_IMAGE_RENDER
JM_2026_S2_0404_SHIFT2_PHY_Q038,JEE_MAIN,2026,Session 2,2026-04-04,Shift 2,Paper 1 (B.E./B.Tech),1,Physics,38,SINGLE_CORRECT_MCQ,[Image-based question — see question card image. NTA Question ID: 695278413],True,A,JEE_Main_2026_Session-2_2026-04-04_Shift-2_Question-Paper.pdf,NTA_IMAGE_RENDER
JM_2026_S2_0404_SHIFT2_PHY_Q039,JEE_MAIN,2026,Session 2,2026-04-04,Shift 2,Paper 1 (B.E./B.Tech),1,Physics,39,SINGLE_CORRECT_MCQ,[Image-based question — see question card image. NTA Question ID: 695278414],True,A,JEE_Main_2026_Session-2_2026-04-04_Shift-2_Question-Paper.pdf,NTA_IMAGE_RENDER
JM_2026_S2_0404_SHIFT2_PHY_Q040,JEE_MAIN,2026,Session 2,2026-04-04,Shift 2,Paper 1 (B.E./B.Tech),1,Physics,40,SINGLE_CORRECT_MCQ,[Image-based question — see question card image. NTA Question ID: 695278415],True,A,JEE_Main_2026_Session-2_2026-04-04_Shift-2_Question-Paper.pdf,NTA_IMAGE_RENDER
JM_2026_S2_0404_SHIFT2_PHY_Q041,JEE_MAIN,2026,Session 2,2026-04-04,Shift 2,Paper 1 (B.E./B.Tech),1,Physics,41,SINGLE_CORRECT_MCQ,[Image-based question — see question card image. NTA Question ID: 695278416],True,A,JEE_Main_2026_Session-2_2026-04-04_Shift-2_Question-Paper.pdf,NTA_IMAGE_RENDER
JM_2026_S2_0404_SHIFT2_PHY_Q042,JEE_MAIN,2026,Session 2,2026-04-04,Shift 2,Paper 1 (B.E./B.Tech),1,Physics,42,SINGLE_CORRECT_MCQ,[Image-based question — see question card image. NTA Question ID: 695278417],True,A,JEE_Main_2026_Session-2_2026-04-04_Shift-2_Question-Paper.pdf,NTA_IMAGE_RENDER
JM_2026_S2_0404_SHIFT2_PHY_Q043,JEE_MAIN,2026,Session 2,2026-04-04,Shift 2,Paper 1 (B.E./B.Tech),1,Physics,43,SINGLE_CORRECT_MCQ,[Image-based question — see question card image. NTA Question ID: 695278418],True,A,JEE_Main_2026_Session-2_2026-04-04_Shift-2_Question-Paper.pdf,NTA_IMAGE_RENDER
JM_2026_S2_0404_SHIFT2_PHY_Q044,JEE_MAIN,2026,Session 2,2026-04-04,Shift 2,Paper 1 (B.E./B.Tech),1,Physics,44,SINGLE_CORRECT_MCQ,[Image-based question — see question card image. NTA Question ID: 695278419],True,A,JEE_Main_2026_Session-2_2026-04-04_Shift-2_Question-Paper.pdf,NTA_IMAGE_RENDER
JM_2026_S2_0404_SHIFT2_PHY_Q045,JEE_MAIN,2026,Session 2,2026-04-04,Shift 2,Paper 1 (B.E./B.Tech),1,Physics,45,SINGLE_CORRECT_MCQ,[Image-based question — see question card image. NTA Question ID: 695278420],True,A,JEE_Main_2026_Session-2_2026-04-04_Shift-2_Question-Paper.pdf,NTA_IMAGE_RENDER
JM_2026_S2_0404_SHIFT2_PHY_Q046,JEE_MAIN,2026,Session 2,2026-04-04,Shift 2,Paper 1 (B.E./B.Tech),1,Physics,46,NUMERICAL,[Image-based question — see question card image. NTA Question ID: 695278421],True,B,JEE_Main_2026_Session-2_2026-04-04_Shift-2_Question-Paper.pdf,NTA_IMAGE_RENDER
JM_2026_S2_0404_SHIFT2_PHY_Q047,JEE_MAIN,2026,Session 2,2026-04-04,Shift 2,Paper 1 (B.E./B.Tech),1,Physics,47,NUMERICAL,[Image-based question — see question card image. NTA Question ID: 695278422],True,B,JEE_Main_2026_Session-2_2026-04-04_Shift-2_Question-Paper.pdf,NTA_IMAGE_RENDER
JM_2026_S2_0404_SHIFT2_PHY_Q048,JEE_MAIN,2026,Session 2,2026-04-04,Shift 2,Paper 1 (B.E./B.Tech),1,Physics,48,NUMERICAL,[Image-based question — see question card image. NTA Question ID: 695278423],True,B,JEE_Main_2026_Session-2_2026-04-04_Shift-2_Question-Paper.pdf,NTA_IMAGE_RENDER
JM_2026_S2_0404_SHIFT2_PHY_Q049,JEE_MAIN,2026,Session 2,2026-04-04,Shift 2,Paper 1 (B.E./B.Tech),1,Physics,49,NUMERICAL,[Image-based question — see question card image. NTA Question ID: 695278424],True,B,JEE_Main_2026_Session-2_2026-04-04_Shift-2_Question-Paper.pdf,NTA_IMAGE_RENDER
JM_2026_S2_0404_SHIFT2_PHY_Q050,JEE_MAIN,2026,Session 2,2026-04-04,Shift 2,Paper 1 (B.E./B.Tech),1,Physics,50,NUMERICAL,[Image-based question — see question card image. NTA Question ID: 695278425],True,B,JEE_Main_2026_Session-2_2026-04-04_Shift-2_Question-Paper.pdf,NTA_IMAGE_RENDER
JM_2026_S2_0404_SHIFT2_CHE_Q051,JEE_MAIN,2026,Session 2,2026-04-04,Shift 2,Paper 1 (B.E./B.Tech),1,Chemistry,51,SINGLE_CORRECT_MCQ,[Image-based question — see question card image. NTA Question ID: 695278426],True,A,JEE_Main_2026_Session-2_2026-04-04_Shift-2_Question-Paper.pdf,NTA_IMAGE_RENDER
JM_2026_S2_0404_SHIFT2_CHE_Q052,JEE_MAIN,2026,Session 2,2026-04-04,Shift 2,Paper 1 (B.E./B.Tech),1,Chemistry,52,SINGLE_CORRECT_MCQ,[Image-based question — see question card image. NTA Question ID: 695278427],True,A,JEE_Main_2026_Session-2_2026-04-04_Shift-2_Question-Paper.pdf,NTA_IMAGE_RENDER
JM_2026_S2_0404_SHIFT2_CHE_Q053,JEE_MAIN,2026,Session 2,2026-04-04,Shift 2,Paper 1 (B.E./B.Tech),1,Chemistry,53,SINGLE_CORRECT_MCQ,[Image-based question — see question card image. NTA Question ID: 695278428],True,A,JEE_Main_2026_Session-2_2026-04-04_Shift-2_Question-Paper.pdf,NTA_IMAGE_RENDER
JM_2026_S2_0404_SHIFT2_CHE_Q054,JEE_MAIN,2026,Session 2,2026-04-04,Shift 2,Paper 1 (B.E./B.Tech),1,Chemistry,54,SINGLE_CORRECT_MCQ,[Image-based question — see question card image. NTA Question ID: 695278429],True,A,JEE_Main_2026_Session-2_2026-04-04_Shift-2_Question-Paper.pdf,NTA_IMAGE_RENDER
JM_2026_S2_0404_SHIFT2_CHE_Q055,JEE_MAIN,2026,Session 2,2026-04-04,Shift 2,Paper 1 (B.E./B.Tech),1,Chemistry,55,SINGLE_CORRECT_MCQ,[Image-based question — see question card image. NTA Question ID: 695278430],True,A,JEE_Main_2026_Session-2_2026-04-04_Shift-2_Question-Paper.pdf,NTA_IMAGE_RENDER
JM_2026_S2_0404_SHIFT2_CHE_Q056,JEE_MAIN,2026,Session 2,2026-04-04,Shift 2,Paper 1 (B.E./B.Tech),1,Chemistry,56,SINGLE_CORRECT_MCQ,[Image-based question — see question card image. NTA Question ID: 695278431],True,A,JEE_Main_2026_Session-2_2026-04-04_Shift-2_Question-Paper.pdf,NTA_IMAGE_RENDER
JM_2026_S2_0404_SHIFT2_CHE_Q057,JEE_MAIN,2026,Session 2,2026-04-04,Shift 2,Paper 1 (B.E./B.Tech),1,Chemistry,57,SINGLE_CORRECT_MCQ,[Image-based question — see question card image. NTA Question ID: 695278432],True,A,JEE_Main_2026_Session-2_2026-04-04_Shift-2_Question-Paper.pdf,NTA_IMAGE_RENDER
JM_2026_S2_0404_SHIFT2_CHE_Q058,JEE_MAIN,2026,Session 2,2026-04-04,Shift 2,Paper 1 (B.E./B.Tech),1,Chemistry,58,SINGLE_CORRECT_MCQ,[Image-based question — see question card image. NTA Question ID: 695278433],True,A,JEE_Main_2026_Session-2_2026-04-04_Shift-2_Question-Paper.pdf,NTA_IMAGE_RENDER
JM_2026_S2_0404_SHIFT2_CHE_Q059,JEE_MAIN,2026,Session 2,2026-04-04,Shift 2,Paper 1 (B.E./B.Tech),1,Chemistry,59,SINGLE_CORRECT_MCQ,[Image-based question — see question card image. NTA Question ID: 695278434],True,A,JEE_Main_2026_Session-2_2026-04-04_Shift-2_Question-Paper.pdf,NTA_IMAGE_RENDER
JM_2026_S2_0404_SHIFT2_CHE_Q060,JEE_MAIN,2026,Session 2,2026-04-04,Shift 2,Paper 1 (B.E./B.Tech),1,Chemistry,60,SINGLE_CORRECT_MCQ,[Image-based question — see question card image. NTA Question ID: 695278435],True,A,JEE_Main_2026_Session-2_2026-04-04_Shift-2_Question-Paper.pdf,NTA_IMAGE_RENDER
JM_2026_S2_0404_SHIFT2_CHE_Q061,JEE_MAIN,2026,Session 2,2026-04-04,Shift 2,Paper 1 (B.E./B.Tech),1,Chemistry,61,SINGLE_CORRECT_MCQ,[Image-based question — see question card image. NTA Question ID: 695278436],True,A,JEE_Main_2026_Session-2_2026-04-04_Shift-2_Question-Paper.pdf,NTA_IMAGE_RENDER
JM_2026_S2_0404_SHIFT2_CHE_Q062,JEE_MAIN,2026,Session 2,2026-04-04,Shift 2,Paper 1 (B.E./B.Tech),1,Chemistry,62,SINGLE_CORRECT_MCQ,[Image-based question — see question card image. NTA Question ID: 695278437],True,A,JEE_Main_2026_Session-2_2026-04-04_Shift-2_Question-Paper.pdf,NTA_IMAGE_RENDER
JM_2026_S2_0404_SHIFT2_CHE_Q063,JEE_MAIN,2026,Session 2,2026-04-04,Shift 2,Paper 1 (B.E./B.Tech),1,Chemistry,63,SINGLE_CORRECT_MCQ,[Image-based question — see question card image. NTA Question ID: 695278438],True,A,JEE_Main_2026_Session-2_2026-04-04_Shift-2_Question-Paper.pdf,NTA_IMAGE_RENDER
JM_2026_S2_0404_SHIFT2_CHE_Q064,JEE_MAIN,2026,Session 2,2026-04-04,Shift 2,Paper 1 (B.E./B.Tech),1,Chemistry,64,SINGLE_CORRECT_MCQ,[Image-based question — see question card image. NTA Question ID: 695278439],True,A,JEE_Main_2026_Session-2_2026-04-04_Shift-2_Question-Paper.pdf,NTA_IMAGE_RENDER
JM_2026_S2_0404_SHIFT2_CHE_Q065,JEE_MAIN,2026,Session 2,2026-04-04,Shift 2,Paper 1 (B.E./B.Tech),1,Chemistry,65,SINGLE_CORRECT_MCQ,[Image-based question — see question card image. NTA Question ID: 695278440],True,A,JEE_Main_2026_Session-2_2026-04-04_Shift-2_Question-Paper.pdf,NTA_IMAGE_RENDER
JM_2026_S2_0404_SHIFT2_CHE_Q066,JEE_MAIN,2026,Session 2,2026-04-04,Shift 2,Paper 1 (B.E./B.Tech),1,Chemistry,66,SINGLE_CORRECT_MCQ,[Image-based question — see question card image. NTA Question ID: 695278441],True,A,JEE_Main_2026_Session-2_2026-04-04_Shift-2_Question-Paper.pdf,NTA_IMAGE_RENDER
JM_2026_S2_0404_SHIFT2_CHE_Q067,JEE_MAIN,2026,Session 2,2026-04-04,Shift 2,Paper 1 (B.E./B.Tech),1,Chemistry,67,SINGLE_CORRECT_MCQ,[Image-based question — see question card image. NTA Question ID: 695278442],True,A,JEE_Main_2026_Session-2_2026-04-04_Shift-2_Question-Paper.pdf,NTA_IMAGE_RENDER
JM_2026_S2_0404_SHIFT2_CHE_Q068,JEE_MAIN,2026,Session 2,2026-04-04,Shift 2,Paper 1 (B.E./B.Tech),1,Chemistry,68,SINGLE_CORRECT_MCQ,[Image-based question — see question card image. NTA Question ID: 695278443],True,A,JEE_Main_2026_Session-2_2026-04-04_Shift-2_Question-Paper.pdf,NTA_IMAGE_RENDER
JM_2026_S2_0404_SHIFT2_CHE_Q069,JEE_MAIN,2026,Session 2,2026-04-04,Shift 2,Paper 1 (B.E./B.Tech),1,Chemistry,69,SINGLE_CORRECT_MCQ,[Image-based question — see question card image. NTA Question ID: 695278444],True,A,JEE_Main_2026_Session-2_2026-04-04_Shift-2_Question-Paper.pdf,NTA_IMAGE_RENDER
JM_2026_S2_0404_SHIFT2_CHE_Q070,JEE_MAIN,2026,Session 2,2026-04-04,Shift 2,Paper 1 (B.E./B.Tech),1,Chemistry,70,SINGLE_CORRECT_MCQ,[Image-based question — see question card image. NTA Question ID: 695278445],True,A,JEE_Main_2026_Session-2_2026-04-04_Shift-2_Question-Paper.pdf,NTA_IMAGE_RENDER
JM_2026_S2_0404_SHIFT2_CHE_Q071,JEE_MAIN,2026,Session 2,2026-04-04,Shift 2,Paper 1 (B.E./B.Tech),1,Chemistry,71,NUMERICAL,[Image-based question — see question card image. NTA Question ID: 695278446],True,B,JEE_Main_2026_Session-2_2026-04-04_Shift-2_Question-Paper.pdf,NTA_IMAGE_RENDER
JM_2026_S2_0404_SHIFT2_CHE_Q072,JEE_MAIN,2026,Session 2,2026-04-04,Shift 2,Paper 1 (B.E./B.Tech),1,Chemistry,72,NUMERICAL,[Image-based question — see question card image. NTA Question ID: 695278447],True,B,JEE_Main_2026_Session-2_2026-04-04_Shift-2_Question-Paper.pdf,NTA_IMAGE_RENDER
JM_2026_S2_0404_SHIFT2_CHE_Q073,JEE_MAIN,2026,Session 2,2026-04-04,Shift 2,Paper 1 (B.E./B.Tech),1,Chemistry,73,NUMERICAL,[Image-based question — see question card image. NTA Question ID: 695278448],True,B,JEE_Main_2026_Session-2_2026-04-04_Shift-2_Question-Paper.pdf,NTA_IMAGE_RENDER
JM_2026_S2_0404_SHIFT2_CHE_Q074,JEE_MAIN,2026,Session 2,2026-04-04,Shift 2,Paper 1 (B.E./B.Tech),1,Chemistry,74,NUMERICAL,[Image-based question — see question card image. NTA Question ID: 695278449],True,B,JEE_Main_2026_Session-2_2026-04-04_Shift-2_Question-Paper.pdf,NTA_IMAGE_RENDER
JM_2026_S2_0404_SHIFT2_CHE_Q075,JEE_MAIN,2026,Session 2,2026-04-04,Shift 2,Paper 1 (B.E./B.Tech),1,Chemistry,75,NUMERICAL,[Image-based question — see question card image. NTA Question ID: 695278450],True,B,JEE_Main_2026_Session-2_2026-04-04_Shift-2_Question-Paper.pdf,NTA_IMAGE_RENDER
JM_2026_S2_0405_SHIFT1_MAT_Q001,JEE_MAIN,2026,Session 2,2026-04-05,Shift 1,Paper 1 (B.E./B.Tech),1,Mathematics,1,SINGLE_CORRECT_MCQ,[Image-based question — see question card image. NTA Question ID: 695278301],True,A,JEE_Main_2026_Session-2_2026-04-05_Shift-1_Question-Paper.pdf,NTA_IMAGE_RENDER
JM_2026_S2_0405_SHIFT1_MAT_Q002,JEE_MAIN,2026,Session 2,2026-04-05,Shift 1,Paper 1 (B.E./B.Tech),1,Mathematics,2,SINGLE_CORRECT_MCQ,[Image-based question — see question card image. NTA Question ID: 695278302],True,A,JEE_Main_2026_Session-2_2026-04-05_Shift-1_Question-Paper.pdf,NTA_IMAGE_RENDER
JM_2026_S2_0405_SHIFT1_MAT_Q003,JEE_MAIN,2026,Session 2,2026-04-05,Shift 1,Paper 1 (B.E./B.Tech),1,Mathematics,3,SINGLE_CORRECT_MCQ,[Image-based question — see question card image. NTA Question ID: 695278303],True,A,JEE_Main_2026_Session-2_2026-04-05_Shift-1_Question-Paper.pdf,NTA_IMAGE_RENDER
JM_2026_S2_0405_SHIFT1_MAT_Q004,JEE_MAIN,2026,Session 2,2026-04-05,Shift 1,Paper 1 (B.E./B.Tech),1,Mathematics,4,SINGLE_CORRECT_MCQ,[Image-based question — see question card image. NTA Question ID: 695278304],True,A,JEE_Main_2026_Session-2_2026-04-05_Shift-1_Question-Paper.pdf,NTA_IMAGE_RENDER
JM_2026_S2_0405_SHIFT1_MAT_Q005,JEE_MAIN,2026,Session 2,2026-04-05,Shift 1,Paper 1 (B.E./B.Tech),1,Mathematics,5,SINGLE_CORRECT_MCQ,[Image-based question — see question card image. NTA Question ID: 695278305],True,A,JEE_Main_2026_Session-2_2026-04-05_Shift-1_Question-Paper.pdf,NTA_IMAGE_RENDER
JM_2026_S2_0405_SHIFT1_MAT_Q006,JEE_MAIN,2026,Session 2,2026-04-05,Shift 1,Paper 1 (B.E./B.Tech),1,Mathematics,6,SINGLE_CORRECT_MCQ,[Image-based question — see question card image. NTA Question ID: 695278306],True,A,JEE_Main_2026_Session-2_2026-04-05_Shift-1_Question-Paper.pdf,NTA_IMAGE_RENDER
JM_2026_S2_0405_SHIFT1_MAT_Q007,JEE_MAIN,2026,Session 2,2026-04-05,Shift 1,Paper 1 (B.E./B.Tech),1,Mathematics,7,SINGLE_CORRECT_MCQ,[Image-based question — see question card image. NTA Question ID: 695278307],True,A,JEE_Main_2026_Session-2_2026-04-05_Shift-1_Question-Paper.pdf,NTA_IMAGE_RENDER
JM_2026_S2_0405_SHIFT1_MAT_Q008,JEE_MAIN,2026,Session 2,2026-04-05,Shift 1,Paper 1 (B.E./B.Tech),1,Mathematics,8,SINGLE_CORRECT_MCQ,[Image-based question — see question card image. NTA Question ID: 695278308],True,A,JEE_Main_2026_Session-2_2026-04-05_Shift-1_Question-Paper.pdf,NTA_IMAGE_RENDER
JM_2026_S2_0405_SHIFT1_MAT_Q009,JEE_MAIN,2026,Session 2,2026-04-05,Shift 1,Paper 1 (B.E./B.Tech),1,Mathematics,9,SINGLE_CORRECT_MCQ,[Image-based question — see question card image. NTA Question ID: 695278309],True,A,JEE_Main_2026_Session-2_2026-04-05_Shift-1_Question-Paper.pdf,NTA_IMAGE_RENDER
JM_2026_S2_0405_SHIFT1_MAT_Q010,JEE_MAIN,2026,Session 2,2026-04-05,Shift 1,Paper 1 (B.E./B.Tech),1,Mathematics,10,SINGLE_CORRECT_MCQ,[Image-based question — see question card image. NTA Question ID: 695278310],True,A,JEE_Main_2026_Session-2_2026-04-05_Shift-1_Question-Paper.pdf,NTA_IMAGE_RENDER
JM_2026_S2_0405_SHIFT1_MAT_Q011,JEE_MAIN,2026,Session 2,2026-04-05,Shift 1,Paper 1 (B.E./B.Tech),1,Mathematics,11,SINGLE_CORRECT_MCQ,[Image-based question — see question card image. NTA Question ID: 695278311],True,A,JEE_Main_2026_Session-2_2026-04-05_Shift-1_Question-Paper.pdf,NTA_IMAGE_RENDER
JM_2026_S2_0405_SHIFT1_MAT_Q012,JEE_MAIN,2026,Session 2,2026-04-05,Shift 1,Paper 1 (B.E./B.Tech),1,Mathematics,12,SINGLE_CORRECT_MCQ,[Image-based question — see question card image. NTA Question ID: 695278312],True,A,JEE_Main_2026_Session-2_2026-04-05_Shift-1_Question-Paper.pdf,NTA_IMAGE_RENDER
JM_2026_S2_0405_SHIFT1_MAT_Q013,JEE_MAIN,2026,Session 2,2026-04-05,Shift 1,Paper 1 (B.E./B.Tech),1,Mathematics,13,SINGLE_CORRECT_MCQ,[Image-based question — see question card image. NTA Question ID: 695278313],True,A,JEE_Main_2026_Session-2_2026-04-05_Shift-1_Question-Paper.pdf,NTA_IMAGE_RENDER
JM_2026_S2_0405_SHIFT1_MAT_Q014,JEE_MAIN,2026,Session 2,2026-04-05,Shift 1,Paper 1 (B.E./B.Tech),1,Mathematics,14,SINGLE_CORRECT_MCQ,[Image-based question — see question card image. NTA Question ID: 695278314],True,A,JEE_Main_2026_Session-2_2026-04-05_Shift-1_Question-Paper.pdf,NTA_IMAGE_RENDER
JM_2026_S2_0405_SHIFT1_MAT_Q015,JEE_MAIN,2026,Session 2,2026-04-05,Shift 1,Paper 1 (B.E./B.Tech),1,Mathematics,15,SINGLE_CORRECT_MCQ,[Image-based question — see question card image. NTA Question ID: 695278315],True,A,JEE_Main_2026_Session-2_2026-04-05_Shift-1_Question-Paper.pdf,NTA_IMAGE_RENDER
JM_2026_S2_0405_SHIFT1_MAT_Q016,JEE_MAIN,2026,Session 2,2026-04-05,Shift 1,Paper 1 (B.E./B.Tech),1,Mathematics,16,SINGLE_CORRECT_MCQ,[Image-based question — see question card image. NTA Question ID: 695278316],True,A,JEE_Main_2026_Session-2_2026-04-05_Shift-1_Question-Paper.pdf,NTA_IMAGE_RENDER
JM_2026_S2_0405_SHIFT1_MAT_Q017,JEE_MAIN,2026,Session 2,2026-04-05,Shift 1,Paper 1 (B.E./B.Tech),1,Mathematics,17,SINGLE_CORRECT_MCQ,[Image-based question — see question card image. NTA Question ID: 695278317],True,A,JEE_Main_2026_Session-2_2026-04-05_Shift-1_Question-Paper.pdf,NTA_IMAGE_RENDER
JM_2026_S2_0405_SHIFT1_MAT_Q018,JEE_MAIN,2026,Session 2,2026-04-05,Shift 1,Paper 1 (B.E./B.Tech),1,Mathematics,18,SINGLE_CORRECT_MCQ,[Image-based question — see question card image. NTA Question ID: 695278318],True,A,JEE_Main_2026_Session-2_2026-04-05_Shift-1_Question-Paper.pdf,NTA_IMAGE_RENDER
JM_2026_S2_0405_SHIFT1_MAT_Q019,JEE_MAIN,2026,Session 2,2026-04-05,Shift 1,Paper 1 (B.E./B.Tech),1,Mathematics,19,SINGLE_CORRECT_MCQ,[Image-based question — see question card image. NTA Question ID: 695278319],True,A,JEE_Main_2026_Session-2_2026-04-05_Shift-1_Question-Paper.pdf,NTA_IMAGE_RENDER
JM_2026_S2_0405_SHIFT1_MAT_Q020,JEE_MAIN,2026,Session 2,2026-04-05,Shift 1,Paper 1 (B.E./B.Tech),1,Mathematics,20,SINGLE_CORRECT_MCQ,[Image-based question — see question card image. NTA Question ID: 695278320],True,A,JEE_Main_2026_Session-2_2026-04-05_Shift-1_Question-Paper.pdf,NTA_IMAGE_RENDER
JM_2026_S2_0405_SHIFT1_MAT_Q021,JEE_MAIN,2026,Session 2,2026-04-05,Shift 1,Paper 1 (B.E./B.Tech),1,Mathematics,21,NUMERICAL,[Image-based question — see question card image. NTA Question ID: 695278321],True,B,JEE_Main_2026_Session-2_2026-04-05_Shift-1_Question-Paper.pdf,NTA_IMAGE_RENDER
JM_2026_S2_0405_SHIFT1_MAT_Q022,JEE_MAIN,2026,Session 2,2026-04-05,Shift 1,Paper 1 (B.E./B.Tech),1,Mathematics,22,NUMERICAL,[Image-based question — see question card image. NTA Question ID: 695278322],True,B,JEE_Main_2026_Session-2_2026-04-05_Shift-1_Question-Paper.pdf,NTA_IMAGE_RENDER
JM_2026_S2_0405_SHIFT1_MAT_Q023,JEE_MAIN,2026,Session 2,2026-04-05,Shift 1,Paper 1 (B.E./B.Tech),1,Mathematics,23,NUMERICAL,[Image-based question — see question card image. NTA Question ID: 695278323],True,B,JEE_Main_2026_Session-2_2026-04-05_Shift-1_Question-Paper.pdf,NTA_IMAGE_RENDER
JM_2026_S2_0405_SHIFT1_MAT_Q024,JEE_MAIN,2026,Session 2,2026-04-05,Shift 1,Paper 1 (B.E./B.Tech),1,Mathematics,24,NUMERICAL,[Image-based question — see question card image. NTA Question ID: 695278324],True,B,JEE_Main_2026_Session-2_2026-04-05_Shift-1_Question-Paper.pdf,NTA_IMAGE_RENDER
JM_2026_S2_0405_SHIFT1_MAT_Q025,JEE_MAIN,2026,Session 2,2026-04-05,Shift 1,Paper 1 (B.E./B.Tech),1,Mathematics,25,NUMERICAL,[Image-based question — see question card image. NTA Question ID: 695278325],True,B,JEE_Main_2026_Session-2_2026-04-05_Shift-1_Question-Paper.pdf,NTA_IMAGE_RENDER
JM_2026_S2_0405_SHIFT1_PHY_Q026,JEE_MAIN,2026,Session 2,2026-04-05,Shift 1,Paper 1 (B.E./B.Tech),1,Physics,26,SINGLE_CORRECT_MCQ,[Image-based question — see question card image. NTA Question ID: 695278326],True,A,JEE_Main_2026_Session-2_2026-04-05_Shift-1_Question-Paper.pdf,NTA_IMAGE_RENDER
JM_2026_S2_0405_SHIFT1_PHY_Q027,JEE_MAIN,2026,Session 2,2026-04-05,Shift 1,Paper 1 (B.E./B.Tech),1,Physics,27,SINGLE_CORRECT_MCQ,[Image-based question — see question card image. NTA Question ID: 695278327],True,A,JEE_Main_2026_Session-2_2026-04-05_Shift-1_Question-Paper.pdf,NTA_IMAGE_RENDER
JM_2026_S2_0405_SHIFT1_PHY_Q028,JEE_MAIN,2026,Session 2,2026-04-05,Shift 1,Paper 1 (B.E./B.Tech),1,Physics,28,SINGLE_CORRECT_MCQ,[Image-based question — see question card image. NTA Question ID: 695278328],True,A,JEE_Main_2026_Session-2_2026-04-05_Shift-1_Question-Paper.pdf,NTA_IMAGE_RENDER
JM_2026_S2_0405_SHIFT1_PHY_Q029,JEE_MAIN,2026,Session 2,2026-04-05,Shift 1,Paper 1 (B.E./B.Tech),1,Physics,29,SINGLE_CORRECT_MCQ,[Image-based question — see question card image. NTA Question ID: 695278329],True,A,JEE_Main_2026_Session-2_2026-04-05_Shift-1_Question-Paper.pdf,NTA_IMAGE_RENDER
JM_2026_S2_0405_SHIFT1_PHY_Q030,JEE_MAIN,2026,Session 2,2026-04-05,Shift 1,Paper 1 (B.E./B.Tech),1,Physics,30,SINGLE_CORRECT_MCQ,[Image-based question — see question card image. NTA Question ID: 695278330],True,A,JEE_Main_2026_Session-2_2026-04-05_Shift-1_Question-Paper.pdf,NTA_IMAGE_RENDER
JM_2026_S2_0405_SHIFT1_PHY_Q031,JEE_MAIN,2026,Session 2,2026-04-05,Shift 1,Paper 1 (B.E./B.Tech),1,Physics,31,SINGLE_CORRECT_MCQ,[Image-based question — see question card image. NTA Question ID: 695278331],True,A,JEE_Main_2026_Session-2_2026-04-05_Shift-1_Question-Paper.pdf,NTA_IMAGE_RENDER
JM_2026_S2_0405_SHIFT1_PHY_Q032,JEE_MAIN,2026,Session 2,2026-04-05,Shift 1,Paper 1 (B.E./B.Tech),1,Physics,32,SINGLE_CORRECT_MCQ,[Image-based question — see question card image. NTA Question ID: 695278332],True,A,JEE_Main_2026_Session-2_2026-04-05_Shift-1_Question-Paper.pdf,NTA_IMAGE_RENDER
JM_2026_S2_0405_SHIFT1_PHY_Q033,JEE_MAIN,2026,Session 2,2026-04-05,Shift 1,Paper 1 (B.E./B.Tech),1,Physics,33,SINGLE_CORRECT_MCQ,[Image-based question — see question card image. NTA Question ID: 695278333],True,A,JEE_Main_2026_Session-2_2026-04-05_Shift-1_Question-Paper.pdf,NTA_IMAGE_RENDER
JM_2026_S2_0405_SHIFT1_PHY_Q034,JEE_MAIN,2026,Session 2,2026-04-05,Shift 1,Paper 1 (B.E./B.Tech),1,Physics,34,SINGLE_CORRECT_MCQ,[Image-based question — see question card image. NTA Question ID: 695278334],True,A,JEE_Main_2026_Session-2_2026-04-05_Shift-1_Question-Paper.pdf,NTA_IMAGE_RENDER
JM_2026_S2_0405_SHIFT1_PHY_Q035,JEE_MAIN,2026,Session 2,2026-04-05,Shift 1,Paper 1 (B.E./B.Tech),1,Physics,35,SINGLE_CORRECT_MCQ,[Image-based question — see question card image. NTA Question ID: 695278335],True,A,JEE_Main_2026_Session-2_2026-04-05_Shift-1_Question-Paper.pdf,NTA_IMAGE_RENDER
JM_2026_S2_0405_SHIFT1_PHY_Q036,JEE_MAIN,2026,Session 2,2026-04-05,Shift 1,Paper 1 (B.E./B.Tech),1,Physics,36,SINGLE_CORRECT_MCQ,[Image-based question — see question card image. NTA Question ID: 695278336],True,A,JEE_Main_2026_Session-2_2026-04-05_Shift-1_Question-Paper.pdf,NTA_IMAGE_RENDER
JM_2026_S2_0405_SHIFT1_PHY_Q037,JEE_MAIN,2026,Session 2,2026-04-05,Shift 1,Paper 1 (B.E./B.Tech),1,Physics,37,SINGLE_CORRECT_MCQ,[Image-based question — see question card image. NTA Question ID: 695278337],True,A,JEE_Main_2026_Session-2_2026-04-05_Shift-1_Question-Paper.pdf,NTA_IMAGE_RENDER
JM_2026_S2_0405_SHIFT1_PHY_Q038,JEE_MAIN,2026,Session 2,2026-04-05,Shift 1,Paper 1 (B.E./B.Tech),1,Physics,38,SINGLE_CORRECT_MCQ,[Image-based question — see question card image. NTA Question ID: 695278338],True,A,JEE_Main_2026_Session-2_2026-04-05_Shift-1_Question-Paper.pdf,NTA_IMAGE_RENDER
JM_2026_S2_0405_SHIFT1_PHY_Q039,JEE_MAIN,2026,Session 2,2026-04-05,Shift 1,Paper 1 (B.E./B.Tech),1,Physics,39,SINGLE_CORRECT_MCQ,[Image-based question — see question card image. NTA Question ID: 695278339],True,A,JEE_Main_2026_Session-2_2026-04-05_Shift-1_Question-Paper.pdf,NTA_IMAGE_RENDER
JM_2026_S2_0405_SHIFT1_PHY_Q040,JEE_MAIN,2026,Session 2,2026-04-05,Shift 1,Paper 1 (B.E./B.Tech),1,Physics,40,SINGLE_CORRECT_MCQ,[Image-based question — see question card image. NTA Question ID: 695278340],True,A,JEE_Main_2026_Session-2_2026-04-05_Shift-1_Question-Paper.pdf,NTA_IMAGE_RENDER
JM_2026_S2_0405_SHIFT1_PHY_Q041,JEE_MAIN,2026,Session 2,2026-04-05,Shift 1,Paper 1 (B.E./B.Tech),1,Physics,41,SINGLE_CORRECT_MCQ,[Image-based question — see question card image. NTA Question ID: 695278341],True,A,JEE_Main_2026_Session-2_2026-04-05_Shift-1_Question-Paper.pdf,NTA_IMAGE_RENDER
JM_2026_S2_0405_SHIFT1_PHY_Q042,JEE_MAIN,2026,Session 2,2026-04-05,Shift 1,Paper 1 (B.E./B.Tech),1,Physics,42,SINGLE_CORRECT_MCQ,[Image-based question — see question card image. NTA Question ID: 695278342],True,A,JEE_Main_2026_Session-2_2026-04-05_Shift-1_Question-Paper.pdf,NTA_IMAGE_RENDER
JM_2026_S2_0405_SHIFT1_PHY_Q043,JEE_MAIN,2026,Session 2,2026-04-05,Shift 1,Paper 1 (B.E./B.Tech),1,Physics,43,SINGLE_CORRECT_MCQ,[Image-based question — see question card image. NTA Question ID: 695278343],True,A,JEE_Main_2026_Session-2_2026-04-05_Shift-1_Question-Paper.pdf,NTA_IMAGE_RENDER
JM_2026_S2_0405_SHIFT1_PHY_Q044,JEE_MAIN,2026,Session 2,2026-04-05,Shift 1,Paper 1 (B.E./B.Tech),1,Physics,44,SINGLE_CORRECT_MCQ,[Image-based question — see question card image. NTA Question ID: 695278344],True,A,JEE_Main_2026_Session-2_2026-04-05_Shift-1_Question-Paper.pdf,NTA_IMAGE_RENDER
JM_2026_S2_0405_SHIFT1_PHY_Q045,JEE_MAIN,2026,Session 2,2026-04-05,Shift 1,Paper 1 (B.E./B.Tech),1,Physics,45,SINGLE_CORRECT_MCQ,[Image-based question — see question card image. NTA Question ID: 695278345],True,A,JEE_Main_2026_Session-2_2026-04-05_Shift-1_Question-Paper.pdf,NTA_IMAGE_RENDER
JM_2026_S2_0405_SHIFT1_PHY_Q046,JEE_MAIN,2026,Session 2,2026-04-05,Shift 1,Paper 1 (B.E./B.Tech),1,Physics,46,NUMERICAL,[Image-based question — see question card image. NTA Question ID: 695278346],True,B,JEE_Main_2026_Session-2_2026-04-05_Shift-1_Question-Paper.pdf,NTA_IMAGE_RENDER
JM_2026_S2_0405_SHIFT1_PHY_Q047,JEE_MAIN,2026,Session 2,2026-04-05,Shift 1,Paper 1 (B.E./B.Tech),1,Physics,47,NUMERICAL,[Image-based question — see question card image. NTA Question ID: 695278347],True,B,JEE_Main_2026_Session-2_2026-04-05_Shift-1_Question-Paper.pdf,NTA_IMAGE_RENDER
JM_2026_S2_0405_SHIFT1_PHY_Q048,JEE_MAIN,2026,Session 2,2026-04-05,Shift 1,Paper 1 (B.E./B.Tech),1,Physics,48,NUMERICAL,[Image-based question — see question card image. NTA Question ID: 695278348],True,B,JEE_Main_2026_Session-2_2026-04-05_Shift-1_Question-Paper.pdf,NTA_IMAGE_RENDER
JM_2026_S2_0405_SHIFT1_PHY_Q049,JEE_MAIN,2026,Session 2,2026-04-05,Shift 1,Paper 1 (B.E./B.Tech),1,Physics,49,NUMERICAL,[Image-based question — see question card image. NTA Question ID: 695278349],True,B,JEE_Main_2026_Session-2_2026-04-05_Shift-1_Question-Paper.pdf,NTA_IMAGE_RENDER
JM_2026_S2_0405_SHIFT1_PHY_Q050,JEE_MAIN,2026,Session 2,2026-04-05,Shift 1,Paper 1 (B.E./B.Tech),1,Physics,50,NUMERICAL,[Image-based question — see question card image. NTA Question ID: 695278350],True,B,JEE_Main_2026_Session-2_2026-04-05_Shift-1_Question-Paper.pdf,NTA_IMAGE_RENDER
JM_2026_S2_0405_SHIFT1_CHE_Q051,JEE_MAIN,2026,Session 2,2026-04-05,Shift 1,Paper 1 (B.E./B.Tech),1,Chemistry,51,SINGLE_CORRECT_MCQ,[Image-based question — see question card image. NTA Question ID: 695278351],True,A,JEE_Main_2026_Session-2_2026-04-05_Shift-1_Question-Paper.pdf,NTA_IMAGE_RENDER
JM_2026_S2_0405_SHIFT1_CHE_Q052,JEE_MAIN,2026,Session 2,2026-04-05,Shift 1,Paper 1 (B.E./B.Tech),1,Chemistry,52,SINGLE_CORRECT_MCQ,[Image-based question — see question card image. NTA Question ID: 695278352],True,A,JEE_Main_2026_Session-2_2026-04-05_Shift-1_Question-Paper.pdf,NTA_IMAGE_RENDER
JM_2026_S2_0405_SHIFT1_CHE_Q053,JEE_MAIN,2026,Session 2,2026-04-05,Shift 1,Paper 1 (B.E./B.Tech),1,Chemistry,53,SINGLE_CORRECT_MCQ,[Image-based question — see question card image. NTA Question ID: 695278353],True,A,JEE_Main_2026_Session-2_2026-04-05_Shift-1_Question-Paper.pdf,NTA_IMAGE_RENDER
JM_2026_S2_0405_SHIFT1_CHE_Q054,JEE_MAIN,2026,Session 2,2026-04-05,Shift 1,Paper 1 (B.E./B.Tech),1,Chemistry,54,SINGLE_CORRECT_MCQ,[Image-based question — see question card image. NTA Question ID: 695278354],True,A,JEE_Main_2026_Session-2_2026-04-05_Shift-1_Question-Paper.pdf,NTA_IMAGE_RENDER
JM_2026_S2_0405_SHIFT1_CHE_Q055,JEE_MAIN,2026,Session 2,2026-04-05,Shift 1,Paper 1 (B.E./B.Tech),1,Chemistry,55,SINGLE_CORRECT_MCQ,[Image-based question — see question card image. NTA Question ID: 695278355],True,A,JEE_Main_2026_Session-2_2026-04-05_Shift-1_Question-Paper.pdf,NTA_IMAGE_RENDER
JM_2026_S2_0405_SHIFT1_CHE_Q056,JEE_MAIN,2026,Session 2,2026-04-05,Shift 1,Paper 1 (B.E./B.Tech),1,Chemistry,56,SINGLE_CORRECT_MCQ,[Image-based question — see question card image. NTA Question ID: 695278356],True,A,JEE_Main_2026_Session-2_2026-04-05_Shift-1_Question-Paper.pdf,NTA_IMAGE_RENDER
JM_2026_S2_0405_SHIFT1_CHE_Q057,JEE_MAIN,2026,Session 2,2026-04-05,Shift 1,Paper 1 (B.E./B.Tech),1,Chemistry,57,SINGLE_CORRECT_MCQ,[Image-based question — see question card image. NTA Question ID: 695278357],True,A,JEE_Main_2026_Session-2_2026-04-05_Shift-1_Question-Paper.pdf,NTA_IMAGE_RENDER
JM_2026_S2_0405_SHIFT1_CHE_Q058,JEE_MAIN,2026,Session 2,2026-04-05,Shift 1,Paper 1 (B.E./B.Tech),1,Chemistry,58,SINGLE_CORRECT_MCQ,[Image-based question — see question card image. NTA Question ID: 695278358],True,A,JEE_Main_2026_Session-2_2026-04-05_Shift-1_Question-Paper.pdf,NTA_IMAGE_RENDER
JM_2026_S2_0405_SHIFT1_CHE_Q059,JEE_MAIN,2026,Session 2,2026-04-05,Shift 1,Paper 1 (B.E./B.Tech),1,Chemistry,59,SINGLE_CORRECT_MCQ,[Image-based question — see question card image. NTA Question ID: 695278359],True,A,JEE_Main_2026_Session-2_2026-04-05_Shift-1_Question-Paper.pdf,NTA_IMAGE_RENDER
JM_2026_S2_0405_SHIFT1_CHE_Q060,JEE_MAIN,2026,Session 2,2026-04-05,Shift 1,Paper 1 (B.E./B.Tech),1,Chemistry,60,SINGLE_CORRECT_MCQ,[Image-based question — see question card image. NTA Question ID: 695278360],True,A,JEE_Main_2026_Session-2_2026-04-05_Shift-1_Question-Paper.pdf,NTA_IMAGE_RENDER
JM_2026_S2_0405_SHIFT1_CHE_Q061,JEE_MAIN,2026,Session 2,2026-04-05,Shift 1,Paper 1 (B.E./B.Tech),1,Chemistry,61,SINGLE_CORRECT_MCQ,[Image-based question — see question card image. NTA Question ID: 695278361],True,A,JEE_Main_2026_Session-2_2026-04-05_Shift-1_Question-Paper.pdf,NTA_IMAGE_RENDER
JM_2026_S2_0405_SHIFT1_CHE_Q062,JEE_MAIN,2026,Session 2,2026-04-05,Shift 1,Paper 1 (B.E./B.Tech),1,Chemistry,62,SINGLE_CORRECT_MCQ,[Image-based question — see question card image. NTA Question ID: 695278362],True,A,JEE_Main_2026_Session-2_2026-04-05_Shift-1_Question-Paper.pdf,NTA_IMAGE_RENDER
JM_2026_S2_0405_SHIFT1_CHE_Q063,JEE_MAIN,2026,Session 2,2026-04-05,Shift 1,Paper 1 (B.E./B.Tech),1,Chemistry,63,SINGLE_CORRECT_MCQ,[Image-based question — see question card image. NTA Question ID: 695278363],True,A,JEE_Main_2026_Session-2_2026-04-05_Shift-1_Question-Paper.pdf,NTA_IMAGE_RENDER
JM_2026_S2_0405_SHIFT1_CHE_Q064,JEE_MAIN,2026,Session 2,2026-04-05,Shift 1,Paper 1 (B.E./B.Tech),1,Chemistry,64,SINGLE_CORRECT_MCQ,[Image-based question — see question card image. NTA Question ID: 695278364],True,A,JEE_Main_2026_Session-2_2026-04-05_Shift-1_Question-Paper.pdf,NTA_IMAGE_RENDER
JM_2026_S2_0405_SHIFT1_CHE_Q065,JEE_MAIN,2026,Session 2,2026-04-05,Shift 1,Paper 1 (B.E./B.Tech),1,Chemistry,65,SINGLE_CORRECT_MCQ,[Image-based question — see question card image. NTA Question ID: 695278365],True,A,JEE_Main_2026_Session-2_2026-04-05_Shift-1_Question-Paper.pdf,NTA_IMAGE_RENDER
JM_2026_S2_0405_SHIFT1_CHE_Q066,JEE_MAIN,2026,Session 2,2026-04-05,Shift 1,Paper 1 (B.E./B.Tech),1,Chemistry,66,SINGLE_CORRECT_MCQ,[Image-based question — see question card image. NTA Question ID: 695278366],True,A,JEE_Main_2026_Session-2_2026-04-05_Shift-1_Question-Paper.pdf,NTA_IMAGE_RENDER
JM_2026_S2_0405_SHIFT1_CHE_Q067,JEE_MAIN,2026,Session 2,2026-04-05,Shift 1,Paper 1 (B.E./B.Tech),1,Chemistry,67,SINGLE_CORRECT_MCQ,[Image-based question — see question card image. NTA Question ID: 695278367],True,A,JEE_Main_2026_Session-2_2026-04-05_Shift-1_Question-Paper.pdf,NTA_IMAGE_RENDER
JM_2026_S2_0405_SHIFT1_CHE_Q068,JEE_MAIN,2026,Session 2,2026-04-05,Shift 1,Paper 1 (B.E./B.Tech),1,Chemistry,68,SINGLE_CORRECT_MCQ,[Image-based question — see question card image. NTA Question ID: 695278368],True,A,JEE_Main_2026_Session-2_2026-04-05_Shift-1_Question-Paper.pdf,NTA_IMAGE_RENDER
JM_2026_S2_0405_SHIFT1_CHE_Q069,JEE_MAIN,2026,Session 2,2026-04-05,Shift 1,Paper 1 (B.E./B.Tech),1,Chemistry,69,SINGLE_CORRECT_MCQ,[Image-based question — see question card image. NTA Question ID: 695278369],True,A,JEE_Main_2026_Session-2_2026-04-05_Shift-1_Question-Paper.pdf,NTA_IMAGE_RENDER
JM_2026_S2_0405_SHIFT1_CHE_Q070,JEE_MAIN,2026,Session 2,2026-04-05,Shift 1,Paper 1 (B.E./B.Tech),1,Chemistry,70,SINGLE_CORRECT_MCQ,[Image-based question — see question card image. NTA Question ID: 695278370],True,A,JEE_Main_2026_Session-2_2026-04-05_Shift-1_Question-Paper.pdf,NTA_IMAGE_RENDER
JM_2026_S2_0405_SHIFT1_CHE_Q071,JEE_MAIN,2026,Session 2,2026-04-05,Shift 1,Paper 1 (B.E./B.Tech),1,Chemistry,71,NUMERICAL,[Image-based question — see question card image. NTA Question ID: 695278371],True,B,JEE_Main_2026_Session-2_2026-04-05_Shift-1_Question-Paper.pdf,NTA_IMAGE_RENDER
JM_2026_S2_0405_SHIFT1_CHE_Q072,JEE_MAIN,2026,Session 2,2026-04-05,Shift 1,Paper 1 (B.E./B.Tech),1,Chemistry,72,NUMERICAL,[Image-based question — see question card image. NTA Question ID: 695278372],True,B,JEE_Main_2026_Session-2_2026-04-05_Shift-1_Question-Paper.pdf,NTA_IMAGE_RENDER
JM_2026_S2_0405_SHIFT1_CHE_Q073,JEE_MAIN,2026,Session 2,2026-04-05,Shift 1,Paper 1 (B.E./B.Tech),1,Chemistry,73,NUMERICAL,[Image-based question — see question card image. NTA Question ID: 695278373],True,B,JEE_Main_2026_Session-2_2026-04-05_Shift-1_Question-Paper.pdf,NTA_IMAGE_RENDER
JM_2026_S2_0405_SHIFT1_CHE_Q074,JEE_MAIN,2026,Session 2,2026-04-05,Shift 1,Paper 1 (B.E./B.Tech),1,Chemistry,74,NUMERICAL,[Image-based question — see question card image. NTA Question ID: 695278374],True,B,JEE_Main_2026_Session-2_2026-04-05_Shift-1_Question-Paper.pdf,NTA_IMAGE_RENDER
JM_2026_S2_0405_SHIFT1_CHE_Q075,JEE_MAIN,2026,Session 2,2026-04-05,Shift 1,Paper 1 (B.E./B.Tech),1,Chemistry,75,NUMERICAL,[Image-based question — see question card image. NTA Question ID: 695278375],True,B,JEE_Main_2026_Session-2_2026-04-05_Shift-1_Question-Paper.pdf,NTA_IMAGE_RENDER
JM_2026_S2_0405_SHIFT2_MAT_Q001,JEE_MAIN,2026,Session 2,2026-04-05,Shift 2,Paper 1 (B.E./B.Tech),1,Mathematics,1,SINGLE_CORRECT_MCQ,[Image-based question — see question card image. NTA Question ID: 691121451],True,A,JEE_Main_2026_Session-2_2026-04-05_Shift-2_Question-Paper.pdf,NTA_IMAGE_RENDER
JM_2026_S2_0405_SHIFT2_MAT_Q002,JEE_MAIN,2026,Session 2,2026-04-05,Shift 2,Paper 1 (B.E./B.Tech),1,Mathematics,2,SINGLE_CORRECT_MCQ,[Image-based question — see question card image. NTA Question ID: 691121452],True,A,JEE_Main_2026_Session-2_2026-04-05_Shift-2_Question-Paper.pdf,NTA_IMAGE_RENDER
JM_2026_S2_0405_SHIFT2_MAT_Q003,JEE_MAIN,2026,Session 2,2026-04-05,Shift 2,Paper 1 (B.E./B.Tech),1,Mathematics,3,SINGLE_CORRECT_MCQ,[Image-based question — see question card image. NTA Question ID: 691121453],True,A,JEE_Main_2026_Session-2_2026-04-05_Shift-2_Question-Paper.pdf,NTA_IMAGE_RENDER
JM_2026_S2_0405_SHIFT2_MAT_Q004,JEE_MAIN,2026,Session 2,2026-04-05,Shift 2,Paper 1 (B.E./B.Tech),1,Mathematics,4,SINGLE_CORRECT_MCQ,[Image-based question — see question card image. NTA Question ID: 691121454],True,A,JEE_Main_2026_Session-2_2026-04-05_Shift-2_Question-Paper.pdf,NTA_IMAGE_RENDER
JM_2026_S2_0405_SHIFT2_MAT_Q005,JEE_MAIN,2026,Session 2,2026-04-05,Shift 2,Paper 1 (B.E./B.Tech),1,Mathematics,5,SINGLE_CORRECT_MCQ,[Image-based question — see question card image. NTA Question ID: 691121455],True,A,JEE_Main_2026_Session-2_2026-04-05_Shift-2_Question-Paper.pdf,NTA_IMAGE_RENDER
JM_2026_S2_0405_SHIFT2_MAT_Q006,JEE_MAIN,2026,Session 2,2026-04-05,Shift 2,Paper 1 (B.E./B.Tech),1,Mathematics,6,SINGLE_CORRECT_MCQ,[Image-based question — see question card image. NTA Question ID: 691121456],True,A,JEE_Main_2026_Session-2_2026-04-05_Shift-2_Question-Paper.pdf,NTA_IMAGE_RENDER
JM_2026_S2_0405_SHIFT2_MAT_Q007,JEE_MAIN,2026,Session 2,2026-04-05,Shift 2,Paper 1 (B.E./B.Tech),1,Mathematics,7,SINGLE_CORRECT_MCQ,[Image-based question — see question card image. NTA Question ID: 691121457],True,A,JEE_Main_2026_Session-2_2026-04-05_Shift-2_Question-Paper.pdf,NTA_IMAGE_RENDER
JM_2026_S2_0405_SHIFT2_MAT_Q008,JEE_MAIN,2026,Session 2,2026-04-05,Shift 2,Paper 1 (B.E./B.Tech),1,Mathematics,8,SINGLE_CORRECT_MCQ,[Image-based question — see question card image. NTA Question ID: 691121458],True,A,JEE_Main_2026_Session-2_2026-04-05_Shift-2_Question-Paper.pdf,NTA_IMAGE_RENDER
JM_2026_S2_0405_SHIFT2_MAT_Q009,JEE_MAIN,2026,Session 2,2026-04-05,Shift 2,Paper 1 (B.E./B.Tech),1,Mathematics,9,SINGLE_CORRECT_MCQ,[Image-based question — see question card image. NTA Question ID: 691121459],True,A,JEE_Main_2026_Session-2_2026-04-05_Shift-2_Question-Paper.pdf,NTA_IMAGE_RENDER
JM_2026_S2_0405_SHIFT2_MAT_Q010,JEE_MAIN,2026,Session 2,2026-04-05,Shift 2,Paper 1 (B.E./B.Tech),1,Mathematics,10,SINGLE_CORRECT_MCQ,[Image-based question — see question card image. NTA Question ID: 691121460],True,A,JEE_Main_2026_Session-2_2026-04-05_Shift-2_Question-Paper.pdf,NTA_IMAGE_RENDER
JM_2026_S2_0405_SHIFT2_MAT_Q011,JEE_MAIN,2026,Session 2,2026-04-05,Shift 2,Paper 1 (B.E./B.Tech),1,Mathematics,11,SINGLE_CORRECT_MCQ,[Image-based question — see question card image. NTA Question ID: 691121461],True,A,JEE_Main_2026_Session-2_2026-04-05_Shift-2_Question-Paper.pdf,NTA_IMAGE_RENDER
JM_2026_S2_0405_SHIFT2_MAT_Q012,JEE_MAIN,2026,Session 2,2026-04-05,Shift 2,Paper 1 (B.E./B.Tech),1,Mathematics,12,SINGLE_CORRECT_MCQ,[Image-based question — see question card image. NTA Question ID: 691121462],True,A,JEE_Main_2026_Session-2_2026-04-05_Shift-2_Question-Paper.pdf,NTA_IMAGE_RENDER
JM_2026_S2_0405_SHIFT2_MAT_Q013,JEE_MAIN,2026,Session 2,2026-04-05,Shift 2,Paper 1 (B.E./B.Tech),1,Mathematics,13,SINGLE_CORRECT_MCQ,[Image-based question — see question card image. NTA Question ID: 691121463],True,A,JEE_Main_2026_Session-2_2026-04-05_Shift-2_Question-Paper.pdf,NTA_IMAGE_RENDER
JM_2026_S2_0405_SHIFT2_MAT_Q014,JEE_MAIN,2026,Session 2,2026-04-05,Shift 2,Paper 1 (B.E./B.Tech),1,Mathematics,14,SINGLE_CORRECT_MCQ,[Image-based question — see question card image. NTA Question ID: 691121464],True,A,JEE_Main_2026_Session-2_2026-04-05_Shift-2_Question-Paper.pdf,NTA_IMAGE_RENDER
JM_2026_S2_0405_SHIFT2_MAT_Q015,JEE_MAIN,2026,Session 2,2026-04-05,Shift 2,Paper 1 (B.E./B.Tech),1,Mathematics,15,SINGLE_CORRECT_MCQ,[Image-based question — see question card image. NTA Question ID: 691121465],True,A,JEE_Main_2026_Session-2_2026-04-05_Shift-2_Question-Paper.pdf,NTA_IMAGE_RENDER
JM_2026_S2_0405_SHIFT2_MAT_Q016,JEE_MAIN,2026,Session 2,2026-04-05,Shift 2,Paper 1 (B.E./B.Tech),1,Mathematics,16,SINGLE_CORRECT_MCQ,[Image-based question — see question card image. NTA Question ID: 691121466],True,A,JEE_Main_2026_Session-2_2026-04-05_Shift-2_Question-Paper.pdf,NTA_IMAGE_RENDER
JM_2026_S2_0405_SHIFT2_MAT_Q017,JEE_MAIN,2026,Session 2,2026-04-05,Shift 2,Paper 1 (B.E./B.Tech),1,Mathematics,17,SINGLE_CORRECT_MCQ,[Image-based question — see question card image. NTA Question ID: 691121467],True,A,JEE_Main_2026_Session-2_2026-04-05_Shift-2_Question-Paper.pdf,NTA_IMAGE_RENDER
JM_2026_S2_0405_SHIFT2_MAT_Q018,JEE_MAIN,2026,Session 2,2026-04-05,Shift 2,Paper 1 (B.E./B.Tech),1,Mathematics,18,SINGLE_CORRECT_MCQ,[Image-based question — see question card image. NTA Question ID: 691121468],True,A,JEE_Main_2026_Session-2_2026-04-05_Shift-2_Question-Paper.pdf,NTA_IMAGE_RENDER
JM_2026_S2_0405_SHIFT2_MAT_Q019,JEE_MAIN,2026,Session 2,2026-04-05,Shift 2,Paper 1 (B.E./B.Tech),1,Mathematics,19,SINGLE_CORRECT_MCQ,[Image-based question — see question card image. NTA Question ID: 691121469],True,A,JEE_Main_2026_Session-2_2026-04-05_Shift-2_Question-Paper.pdf,NTA_IMAGE_RENDER
JM_2026_S2_0405_SHIFT2_MAT_Q020,JEE_MAIN,2026,Session 2,2026-04-05,Shift 2,Paper 1 (B.E./B.Tech),1,Mathematics,20,SINGLE_CORRECT_MCQ,[Image-based question — see question card image. NTA Question ID: 691121470],True,A,JEE_Main_2026_Session-2_2026-04-05_Shift-2_Question-Paper.pdf,NTA_IMAGE_RENDER
JM_2026_S2_0405_SHIFT2_MAT_Q021,JEE_MAIN,2026,Session 2,2026-04-05,Shift 2,Paper 1 (B.E./B.Tech),1,Mathematics,21,NUMERICAL,[Image-based question — see question card image. NTA Question ID: 691121471],True,B,JEE_Main_2026_Session-2_2026-04-05_Shift-2_Question-Paper.pdf,NTA_IMAGE_RENDER
JM_2026_S2_0405_SHIFT2_MAT_Q022,JEE_MAIN,2026,Session 2,2026-04-05,Shift 2,Paper 1 (B.E./B.Tech),1,Mathematics,22,NUMERICAL,[Image-based question — see question card image. NTA Question ID: 691121472],True,B,JEE_Main_2026_Session-2_2026-04-05_Shift-2_Question-Paper.pdf,NTA_IMAGE_RENDER
JM_2026_S2_0405_SHIFT2_MAT_Q023,JEE_MAIN,2026,Session 2,2026-04-05,Shift 2,Paper 1 (B.E./B.Tech),1,Mathematics,23,NUMERICAL,[Image-based question — see question card image. NTA Question ID: 691121473],True,B,JEE_Main_2026_Session-2_2026-04-05_Shift-2_Question-Paper.pdf,NTA_IMAGE_RENDER
JM_2026_S2_0405_SHIFT2_MAT_Q024,JEE_MAIN,2026,Session 2,2026-04-05,Shift 2,Paper 1 (B.E./B.Tech),1,Mathematics,24,NUMERICAL,[Image-based question — see question card image. NTA Question ID: 691121474],True,B,JEE_Main_2026_Session-2_2026-04-05_Shift-2_Question-Paper.pdf,NTA_IMAGE_RENDER
JM_2026_S2_0405_SHIFT2_MAT_Q025,JEE_MAIN,2026,Session 2,2026-04-05,Shift 2,Paper 1 (B.E./B.Tech),1,Mathematics,25,NUMERICAL,[Image-based question — see question card image. NTA Question ID: 691121475],True,B,JEE_Main_2026_Session-2_2026-04-05_Shift-2_Question-Paper.pdf,NTA_IMAGE_RENDER
JM_2026_S2_0405_SHIFT2_PHY_Q026,JEE_MAIN,2026,Session 2,2026-04-05,Shift 2,Paper 1 (B.E./B.Tech),1,Physics,26,SINGLE_CORRECT_MCQ,[Image-based question — see question card image. NTA Question ID: 691121476],True,A,JEE_Main_2026_Session-2_2026-04-05_Shift-2_Question-Paper.pdf,NTA_IMAGE_RENDER
JM_2026_S2_0405_SHIFT2_PHY_Q027,JEE_MAIN,2026,Session 2,2026-04-05,Shift 2,Paper 1 (B.E./B.Tech),1,Physics,27,SINGLE_CORRECT_MCQ,[Image-based question — see question card image. NTA Question ID: 691121477],True,A,JEE_Main_2026_Session-2_2026-04-05_Shift-2_Question-Paper.pdf,NTA_IMAGE_RENDER
JM_2026_S2_0405_SHIFT2_PHY_Q028,JEE_MAIN,2026,Session 2,2026-04-05,Shift 2,Paper 1 (B.E./B.Tech),1,Physics,28,SINGLE_CORRECT_MCQ,[Image-based question — see question card image. NTA Question ID: 691121478],True,A,JEE_Main_2026_Session-2_2026-04-05_Shift-2_Question-Paper.pdf,NTA_IMAGE_RENDER
JM_2026_S2_0405_SHIFT2_PHY_Q029,JEE_MAIN,2026,Session 2,2026-04-05,Shift 2,Paper 1 (B.E./B.Tech),1,Physics,29,SINGLE_CORRECT_MCQ,[Image-based question — see question card image. NTA Question ID: 691121479],True,A,JEE_Main_2026_Session-2_2026-04-05_Shift-2_Question-Paper.pdf,NTA_IMAGE_RENDER
JM_2026_S2_0405_SHIFT2_PHY_Q030,JEE_MAIN,2026,Session 2,2026-04-05,Shift 2,Paper 1 (B.E./B.Tech),1,Physics,30,SINGLE_CORRECT_MCQ,[Image-based question — see question card image. NTA Question ID: 691121480],True,A,JEE_Main_2026_Session-2_2026-04-05_Shift-2_Question-Paper.pdf,NTA_IMAGE_RENDER
JM_2026_S2_0405_SHIFT2_PHY_Q031,JEE_MAIN,2026,Session 2,2026-04-05,Shift 2,Paper 1 (B.E./B.Tech),1,Physics,31,SINGLE_CORRECT_MCQ,[Image-based question — see question card image. NTA Question ID: 691121481],True,A,JEE_Main_2026_Session-2_2026-04-05_Shift-2_Question-Paper.pdf,NTA_IMAGE_RENDER
JM_2026_S2_0405_SHIFT2_PHY_Q032,JEE_MAIN,2026,Session 2,2026-04-05,Shift 2,Paper 1 (B.E./B.Tech),1,Physics,32,SINGLE_CORRECT_MCQ,[Image-based question — see question card image. NTA Question ID: 691121482],True,A,JEE_Main_2026_Session-2_2026-04-05_Shift-2_Question-Paper.pdf,NTA_IMAGE_RENDER
JM_2026_S2_0405_SHIFT2_PHY_Q033,JEE_MAIN,2026,Session 2,2026-04-05,Shift 2,Paper 1 (B.E./B.Tech),1,Physics,33,SINGLE_CORRECT_MCQ,[Image-based question — see question card image. NTA Question ID: 691121483],True,A,JEE_Main_2026_Session-2_2026-04-05_Shift-2_Question-Paper.pdf,NTA_IMAGE_RENDER
JM_2026_S2_0405_SHIFT2_PHY_Q034,JEE_MAIN,2026,Session 2,2026-04-05,Shift 2,Paper 1 (B.E./B.Tech),1,Physics,34,SINGLE_CORRECT_MCQ,[Image-based question — see question card image. NTA Question ID: 691121484],True,A,JEE_Main_2026_Session-2_2026-04-05_Shift-2_Question-Paper.pdf,NTA_IMAGE_RENDER
JM_2026_S2_0405_SHIFT2_PHY_Q035,JEE_MAIN,2026,Session 2,2026-04-05,Shift 2,Paper 1 (B.E./B.Tech),1,Physics,35,SINGLE_CORRECT_MCQ,[Image-based question — see question card image. NTA Question ID: 691121485],True,A,JEE_Main_2026_Session-2_2026-04-05_Shift-2_Question-Paper.pdf,NTA_IMAGE_RENDER
JM_2026_S2_0405_SHIFT2_PHY_Q036,JEE_MAIN,2026,Session 2,2026-04-05,Shift 2,Paper 1 (B.E./B.Tech),1,Physics,36,SINGLE_CORRECT_MCQ,[Image-based question — see question card image. NTA Question ID: 691121486],True,A,JEE_Main_2026_Session-2_2026-04-05_Shift-2_Question-Paper.pdf,NTA_IMAGE_RENDER
JM_2026_S2_0405_SHIFT2_PHY_Q037,JEE_MAIN,2026,Session 2,2026-04-05,Shift 2,Paper 1 (B.E./B.Tech),1,Physics,37,SINGLE_CORRECT_MCQ,[Image-based question — see question card image. NTA Question ID: 691121487],True,A,JEE_Main_2026_Session-2_2026-04-05_Shift-2_Question-Paper.pdf,NTA_IMAGE_RENDER
JM_2026_S2_0405_SHIFT2_PHY_Q038,JEE_MAIN,2026,Session 2,2026-04-05,Shift 2,Paper 1 (B.E./B.Tech),1,Physics,38,SINGLE_CORRECT_MCQ,[Image-based question — see question card image. NTA Question ID: 691121488],True,A,JEE_Main_2026_Session-2_2026-04-05_Shift-2_Question-Paper.pdf,NTA_IMAGE_RENDER
JM_2026_S2_0405_SHIFT2_PHY_Q039,JEE_MAIN,2026,Session 2,2026-04-05,Shift 2,Paper 1 (B.E./B.Tech),1,Physics,39,SINGLE_CORRECT_MCQ,[Image-based question — see question card image. NTA Question ID: 691121489],True,A,JEE_Main_2026_Session-2_2026-04-05_Shift-2_Question-Paper.pdf,NTA_IMAGE_RENDER
JM_2026_S2_0405_SHIFT2_PHY_Q040,JEE_MAIN,2026,Session 2,2026-04-05,Shift 2,Paper 1 (B.E./B.Tech),1,Physics,40,SINGLE_CORRECT_MCQ,[Image-based question — see question card image. NTA Question ID: 691121490],True,A,JEE_Main_2026_Session-2_2026-04-05_Shift-2_Question-Paper.pdf,NTA_IMAGE_RENDER
JM_2026_S2_0405_SHIFT2_PHY_Q041,JEE_MAIN,2026,Session 2,2026-04-05,Shift 2,Paper 1 (B.E./B.Tech),1,Physics,41,SINGLE_CORRECT_MCQ,[Image-based question — see question card image. NTA Question ID: 691121491],True,A,JEE_Main_2026_Session-2_2026-04-05_Shift-2_Question-Paper.pdf,NTA_IMAGE_RENDER
JM_2026_S2_0405_SHIFT2_PHY_Q042,JEE_MAIN,2026,Session 2,2026-04-05,Shift 2,Paper 1 (B.E./B.Tech),1,Physics,42,SINGLE_CORRECT_MCQ,[Image-based question — see question card image. NTA Question ID: 691121492],True,A,JEE_Main_2026_Session-2_2026-04-05_Shift-2_Question-Paper.pdf,NTA_IMAGE_RENDER
JM_2026_S2_0405_SHIFT2_PHY_Q043,JEE_MAIN,2026,Session 2,2026-04-05,Shift 2,Paper 1 (B.E./B.Tech),1,Physics,43,SINGLE_CORRECT_MCQ,[Image-based question — see question card image. NTA Question ID: 691121493],True,A,JEE_Main_2026_Session-2_2026-04-05_Shift-2_Question-Paper.pdf,NTA_IMAGE_RENDER
JM_2026_S2_0405_SHIFT2_PHY_Q044,JEE_MAIN,2026,Session 2,2026-04-05,Shift 2,Paper 1 (B.E./B.Tech),1,Physics,44,SINGLE_CORRECT_MCQ,[Image-based question — see question card image. NTA Question ID: 691121494],True,A,JEE_Main_2026_Session-2_2026-04-05_Shift-2_Question-Paper.pdf,NTA_IMAGE_RENDER
JM_2026_S2_0405_SHIFT2_PHY_Q045,JEE_MAIN,2026,Session 2,2026-04-05,Shift 2,Paper 1 (B.E./B.Tech),1,Physics,45,SINGLE_CORRECT_MCQ,[Image-based question — see question card image. NTA Question ID: 691121495],True,A,JEE_Main_2026_Session-2_2026-04-05_Shift-2_Question-Paper.pdf,NTA_IMAGE_RENDER
JM_2026_S2_0405_SHIFT2_PHY_Q046,JEE_MAIN,2026,Session 2,2026-04-05,Shift 2,Paper 1 (B.E./B.Tech),1,Physics,46,NUMERICAL,[Image-based question — see question card image. NTA Question ID: 691121496],True,B,JEE_Main_2026_Session-2_2026-04-05_Shift-2_Question-Paper.pdf,NTA_IMAGE_RENDER
JM_2026_S2_0405_SHIFT2_PHY_Q047,JEE_MAIN,2026,Session 2,2026-04-05,Shift 2,Paper 1 (B.E./B.Tech),1,Physics,47,NUMERICAL,[Image-based question — see question card image. NTA Question ID: 691121497],True,B,JEE_Main_2026_Session-2_2026-04-05_Shift-2_Question-Paper.pdf,NTA_IMAGE_RENDER
JM_2026_S2_0405_SHIFT2_PHY_Q048,JEE_MAIN,2026,Session 2,2026-04-05,Shift 2,Paper 1 (B.E./B.Tech),1,Physics,48,NUMERICAL,[Image-based question — see question card image. NTA Question ID: 691121498],True,B,JEE_Main_2026_Session-2_2026-04-05_Shift-2_Question-Paper.pdf,NTA_IMAGE_RENDER
JM_2026_S2_0405_SHIFT2_PHY_Q049,JEE_MAIN,2026,Session 2,2026-04-05,Shift 2,Paper 1 (B.E./B.Tech),1,Physics,49,NUMERICAL,[Image-based question — see question card image. NTA Question ID: 691121499],True,B,JEE_Main_2026_Session-2_2026-04-05_Shift-2_Question-Paper.pdf,NTA_IMAGE_RENDER
JM_2026_S2_0405_SHIFT2_PHY_Q050,JEE_MAIN,2026,Session 2,2026-04-05,Shift 2,Paper 1 (B.E./B.Tech),1,Physics,50,NUMERICAL,[Image-based question — see question card image. NTA Question ID: 691121500],True,B,JEE_Main_2026_Session-2_2026-04-05_Shift-2_Question-Paper.pdf,NTA_IMAGE_RENDER
JM_2026_S2_0405_SHIFT2_CHE_Q051,JEE_MAIN,2026,Session 2,2026-04-05,Shift 2,Paper 1 (B.E./B.Tech),1,Chemistry,51,SINGLE_CORRECT_MCQ,[Image-based question — see question card image. NTA Question ID: 691121501],True,A,JEE_Main_2026_Session-2_2026-04-05_Shift-2_Question-Paper.pdf,NTA_IMAGE_RENDER
JM_2026_S2_0405_SHIFT2_CHE_Q052,JEE_MAIN,2026,Session 2,2026-04-05,Shift 2,Paper 1 (B.E./B.Tech),1,Chemistry,52,SINGLE_CORRECT_MCQ,[Image-based question — see question card image. NTA Question ID: 691121502],True,A,JEE_Main_2026_Session-2_2026-04-05_Shift-2_Question-Paper.pdf,NTA_IMAGE_RENDER
JM_2026_S2_0405_SHIFT2_CHE_Q053,JEE_MAIN,2026,Session 2,2026-04-05,Shift 2,Paper 1 (B.E./B.Tech),1,Chemistry,53,SINGLE_CORRECT_MCQ,[Image-based question — see question card image. NTA Question ID: 691121503],True,A,JEE_Main_2026_Session-2_2026-04-05_Shift-2_Question-Paper.pdf,NTA_IMAGE_RENDER
JM_2026_S2_0405_SHIFT2_CHE_Q054,JEE_MAIN,2026,Session 2,2026-04-05,Shift 2,Paper 1 (B.E./B.Tech),1,Chemistry,54,SINGLE_CORRECT_MCQ,[Image-based question — see question card image. NTA Question ID: 691121504],True,A,JEE_Main_2026_Session-2_2026-04-05_Shift-2_Question-Paper.pdf,NTA_IMAGE_RENDER
JM_2026_S2_0405_SHIFT2_CHE_Q055,JEE_MAIN,2026,Session 2,2026-04-05,Shift 2,Paper 1 (B.E./B.Tech),1,Chemistry,55,SINGLE_CORRECT_MCQ,[Image-based question — see question card image. NTA Question ID: 691121505],True,A,JEE_Main_2026_Session-2_2026-04-05_Shift-2_Question-Paper.pdf,NTA_IMAGE_RENDER
JM_2026_S2_0405_SHIFT2_CHE_Q056,JEE_MAIN,2026,Session 2,2026-04-05,Shift 2,Paper 1 (B.E./B.Tech),1,Chemistry,56,SINGLE_CORRECT_MCQ,[Image-based question — see question card image. NTA Question ID: 691121506],True,A,JEE_Main_2026_Session-2_2026-04-05_Shift-2_Question-Paper.pdf,NTA_IMAGE_RENDER
JM_2026_S2_0405_SHIFT2_CHE_Q057,JEE_MAIN,2026,Session 2,2026-04-05,Shift 2,Paper 1 (B.E./B.Tech),1,Chemistry,57,SINGLE_CORRECT_MCQ,[Image-based question — see question card image. NTA Question ID: 691121507],True,A,JEE_Main_2026_Session-2_2026-04-05_Shift-2_Question-Paper.pdf,NTA_IMAGE_RENDER
JM_2026_S2_0405_SHIFT2_CHE_Q058,JEE_MAIN,2026,Session 2,2026-04-05,Shift 2,Paper 1 (B.E./B.Tech),1,Chemistry,58,SINGLE_CORRECT_MCQ,[Image-based question — see question card image. NTA Question ID: 691121508],True,A,JEE_Main_2026_Session-2_2026-04-05_Shift-2_Question-Paper.pdf,NTA_IMAGE_RENDER
JM_2026_S2_0405_SHIFT2_CHE_Q059,JEE_MAIN,2026,Session 2,2026-04-05,Shift 2,Paper 1 (B.E./B.Tech),1,Chemistry,59,SINGLE_CORRECT_MCQ,[Image-based question — see question card image. NTA Question ID: 691121509],True,A,JEE_Main_2026_Session-2_2026-04-05_Shift-2_Question-Paper.pdf,NTA_IMAGE_RENDER
JM_2026_S2_0405_SHIFT2_CHE_Q060,JEE_MAIN,2026,Session 2,2026-04-05,Shift 2,Paper 1 (B.E./B.Tech),1,Chemistry,60,SINGLE_CORRECT_MCQ,[Image-based question — see question card image. NTA Question ID: 691121510],True,A,JEE_Main_2026_Session-2_2026-04-05_Shift-2_Question-Paper.pdf,NTA_IMAGE_RENDER
JM_2026_S2_0405_SHIFT2_CHE_Q061,JEE_MAIN,2026,Session 2,2026-04-05,Shift 2,Paper 1 (B.E./B.Tech),1,Chemistry,61,SINGLE_CORRECT_MCQ,[Image-based question — see question card image. NTA Question ID: 691121511],True,A,JEE_Main_2026_Session-2_2026-04-05_Shift-2_Question-Paper.pdf,NTA_IMAGE_RENDER
JM_2026_S2_0405_SHIFT2_CHE_Q062,JEE_MAIN,2026,Session 2,2026-04-05,Shift 2,Paper 1 (B.E./B.Tech),1,Chemistry,62,SINGLE_CORRECT_MCQ,[Image-based question — see question card image. NTA Question ID: 691121512],True,A,JEE_Main_2026_Session-2_2026-04-05_Shift-2_Question-Paper.pdf,NTA_IMAGE_RENDER
JM_2026_S2_0405_SHIFT2_CHE_Q063,JEE_MAIN,2026,Session 2,2026-04-05,Shift 2,Paper 1 (B.E./B.Tech),1,Chemistry,63,SINGLE_CORRECT_MCQ,[Image-based question — see question card image. NTA Question ID: 691121513],True,A,JEE_Main_2026_Session-2_2026-04-05_Shift-2_Question-Paper.pdf,NTA_IMAGE_RENDER
JM_2026_S2_0405_SHIFT2_CHE_Q064,JEE_MAIN,2026,Session 2,2026-04-05,Shift 2,Paper 1 (B.E./B.Tech),1,Chemistry,64,SINGLE_CORRECT_MCQ,[Image-based question — see question card image. NTA Question ID: 691121514],True,A,JEE_Main_2026_Session-2_2026-04-05_Shift-2_Question-Paper.pdf,NTA_IMAGE_RENDER
JM_2026_S2_0405_SHIFT2_CHE_Q065,JEE_MAIN,2026,Session 2,2026-04-05,Shift 2,Paper 1 (B.E./B.Tech),1,Chemistry,65,SINGLE_CORRECT_MCQ,[Image-based question — see question card image. NTA Question ID: 691121515],True,A,JEE_Main_2026_Session-2_2026-04-05_Shift-2_Question-Paper.pdf,NTA_IMAGE_RENDER
JM_2026_S2_0405_SHIFT2_CHE_Q066,JEE_MAIN,2026,Session 2,2026-04-05,Shift 2,Paper 1 (B.E./B.Tech),1,Chemistry,66,SINGLE_CORRECT_MCQ,[Image-based question — see question card image. NTA Question ID: 691121516],True,A,JEE_Main_2026_Session-2_2026-04-05_Shift-2_Question-Paper.pdf,NTA_IMAGE_RENDER
JM_2026_S2_0405_SHIFT2_CHE_Q067,JEE_MAIN,2026,Session 2,2026-04-05,Shift 2,Paper 1 (B.E./B.Tech),1,Chemistry,67,SINGLE_CORRECT_MCQ,[Image-based question — see question card image. NTA Question ID: 691121517],True,A,JEE_Main_2026_Session-2_2026-04-05_Shift-2_Question-Paper.pdf,NTA_IMAGE_RENDER
JM_2026_S2_0405_SHIFT2_CHE_Q068,JEE_MAIN,2026,Session 2,2026-04-05,Shift 2,Paper 1 (B.E./B.Tech),1,Chemistry,68,SINGLE_CORRECT_MCQ,[Image-based question — see question card image. NTA Question ID: 691121518],True,A,JEE_Main_2026_Session-2_2026-04-05_Shift-2_Question-Paper.pdf,NTA_IMAGE_RENDER
JM_2026_S2_0405_SHIFT2_CHE_Q069,JEE_MAIN,2026,Session 2,2026-04-05,Shift 2,Paper 1 (B.E./B.Tech),1,Chemistry,69,SINGLE_CORRECT_MCQ,[Image-based question — see question card image. NTA Question ID: 691121519],True,A,JEE_Main_2026_Session-2_2026-04-05_Shift-2_Question-Paper.pdf,NTA_IMAGE_RENDER
JM_2026_S2_0405_SHIFT2_CHE_Q070,JEE_MAIN,2026,Session 2,2026-04-05,Shift 2,Paper 1 (B.E./B.Tech),1,Chemistry,70,SINGLE_CORRECT_MCQ,[Image-based question — see question card image. NTA Question ID: 691121520],True,A,JEE_Main_2026_Session-2_2026-04-05_Shift-2_Question-Paper.pdf,NTA_IMAGE_RENDER
JM_2026_S2_0405_SHIFT2_CHE_Q071,JEE_MAIN,2026,Session 2,2026-04-05,Shift 2,Paper 1 (B.E./B.Tech),1,Chemistry,71,NUMERICAL,[Image-based question — see question card image. NTA Question ID: 691121521],True,B,JEE_Main_2026_Session-2_2026-04-05_Shift-2_Question-Paper.pdf,NTA_IMAGE_RENDER
JM_2026_S2_0405_SHIFT2_CHE_Q072,JEE_MAIN,2026,Session 2,2026-04-05,Shift 2,Paper 1 (B.E./B.Tech),1,Chemistry,72,NUMERICAL,[Image-based question — see question card image. NTA Question ID: 691121522],True,B,JEE_Main_2026_Session-2_2026-04-05_Shift-2_Question-Paper.pdf,NTA_IMAGE_RENDER
JM_2026_S2_0405_SHIFT2_CHE_Q073,JEE_MAIN,2026,Session 2,2026-04-05,Shift 2,Paper 1 (B.E./B.Tech),1,Chemistry,73,NUMERICAL,[Image-based question — see question card image. NTA Question ID: 691121523],True,B,JEE_Main_2026_Session-2_2026-04-05_Shift-2_Question-Paper.pdf,NTA_IMAGE_RENDER
JM_2026_S2_0405_SHIFT2_CHE_Q074,JEE_MAIN,2026,Session 2,2026-04-05,Shift 2,Paper 1 (B.E./B.Tech),1,Chemistry,74,NUMERICAL,[Image-based question — see question card image. NTA Question ID: 691121524],True,B,JEE_Main_2026_Session-2_2026-04-05_Shift-2_Question-Paper.pdf,NTA_IMAGE_RENDER
JM_2026_S2_0405_SHIFT2_CHE_Q075,JEE_MAIN,2026,Session 2,2026-04-05,Shift 2,Paper 1 (B.E./B.Tech),1,Chemistry,75,NUMERICAL,[Image-based question — see question card image. NTA Question ID: 691121525],True,B,JEE_Main_2026_Session-2_2026-04-05_Shift-2_Question-Paper.pdf,NTA_IMAGE_RENDER
JM_2026_S2_0406_SHIFT1_MAT_Q001,JEE_MAIN,2026,Session 2,2026-04-06,Shift 1,Paper 1 (B.E./B.Tech),1,Mathematics,1,SINGLE_CORRECT_MCQ,[Image-based question — see question card image. NTA Question ID: 6952782136],True,A,JEE_Main_2026_Session-2_2026-04-06_Shift-1_Question-Paper.pdf,NTA_IMAGE_RENDER
JM_2026_S2_0406_SHIFT1_MAT_Q002,JEE_MAIN,2026,Session 2,2026-04-06,Shift 1,Paper 1 (B.E./B.Tech),1,Mathematics,2,SINGLE_CORRECT_MCQ,[Image-based question — see question card image. NTA Question ID: 6952782137],True,A,JEE_Main_2026_Session-2_2026-04-06_Shift-1_Question-Paper.pdf,NTA_IMAGE_RENDER
JM_2026_S2_0406_SHIFT1_MAT_Q003,JEE_MAIN,2026,Session 2,2026-04-06,Shift 1,Paper 1 (B.E./B.Tech),1,Mathematics,3,SINGLE_CORRECT_MCQ,[Image-based question — see question card image. NTA Question ID: 6952782138],True,A,JEE_Main_2026_Session-2_2026-04-06_Shift-1_Question-Paper.pdf,NTA_IMAGE_RENDER
JM_2026_S2_0406_SHIFT1_MAT_Q004,JEE_MAIN,2026,Session 2,2026-04-06,Shift 1,Paper 1 (B.E./B.Tech),1,Mathematics,4,SINGLE_CORRECT_MCQ,[Image-based question — see question card image. NTA Question ID: 6952782139],True,A,JEE_Main_2026_Session-2_2026-04-06_Shift-1_Question-Paper.pdf,NTA_IMAGE_RENDER
JM_2026_S2_0406_SHIFT1_MAT_Q005,JEE_MAIN,2026,Session 2,2026-04-06,Shift 1,Paper 1 (B.E./B.Tech),1,Mathematics,5,SINGLE_CORRECT_MCQ,[Image-based question — see question card image. NTA Question ID: 6952782140],True,A,JEE_Main_2026_Session-2_2026-04-06_Shift-1_Question-Paper.pdf,NTA_IMAGE_RENDER
JM_2026_S2_0406_SHIFT1_MAT_Q006,JEE_MAIN,2026,Session 2,2026-04-06,Shift 1,Paper 1 (B.E./B.Tech),1,Mathematics,6,SINGLE_CORRECT_MCQ,[Image-based question — see question card image. NTA Question ID: 6952782141],True,A,JEE_Main_2026_Session-2_2026-04-06_Shift-1_Question-Paper.pdf,NTA_IMAGE_RENDER
JM_2026_S2_0406_SHIFT1_MAT_Q007,JEE_MAIN,2026,Session 2,2026-04-06,Shift 1,Paper 1 (B.E./B.Tech),1,Mathematics,7,SINGLE_CORRECT_MCQ,[Image-based question — see question card image. NTA Question ID: 6952782142],True,A,JEE_Main_2026_Session-2_2026-04-06_Shift-1_Question-Paper.pdf,NTA_IMAGE_RENDER
JM_2026_S2_0406_SHIFT1_MAT_Q008,JEE_MAIN,2026,Session 2,2026-04-06,Shift 1,Paper 1 (B.E./B.Tech),1,Mathematics,8,SINGLE_CORRECT_MCQ,[Image-based question — see question card image. NTA Question ID: 6952782143],True,A,JEE_Main_2026_Session-2_2026-04-06_Shift-1_Question-Paper.pdf,NTA_IMAGE_RENDER
JM_2026_S2_0406_SHIFT1_MAT_Q009,JEE_MAIN,2026,Session 2,2026-04-06,Shift 1,Paper 1 (B.E./B.Tech),1,Mathematics,9,SINGLE_CORRECT_MCQ,[Image-based question — see question card image. NTA Question ID: 6952782144],True,A,JEE_Main_2026_Session-2_2026-04-06_Shift-1_Question-Paper.pdf,NTA_IMAGE_RENDER
JM_2026_S2_0406_SHIFT1_MAT_Q010,JEE_MAIN,2026,Session 2,2026-04-06,Shift 1,Paper 1 (B.E./B.Tech),1,Mathematics,10,SINGLE_CORRECT_MCQ,[Image-based question — see question card image. NTA Question ID: 6952782145],True,A,JEE_Main_2026_Session-2_2026-04-06_Shift-1_Question-Paper.pdf,NTA_IMAGE_RENDER
JM_2026_S2_0406_SHIFT1_MAT_Q011,JEE_MAIN,2026,Session 2,2026-04-06,Shift 1,Paper 1 (B.E./B.Tech),1,Mathematics,11,SINGLE_CORRECT_MCQ,[Image-based question — see question card image. NTA Question ID: 6952782146],True,A,JEE_Main_2026_Session-2_2026-04-06_Shift-1_Question-Paper.pdf,NTA_IMAGE_RENDER
JM_2026_S2_0406_SHIFT1_MAT_Q012,JEE_MAIN,2026,Session 2,2026-04-06,Shift 1,Paper 1 (B.E./B.Tech),1,Mathematics,12,SINGLE_CORRECT_MCQ,[Image-based question — see question card image. NTA Question ID: 6952782147],True,A,JEE_Main_2026_Session-2_2026-04-06_Shift-1_Question-Paper.pdf,NTA_IMAGE_RENDER
JM_2026_S2_0406_SHIFT1_MAT_Q013,JEE_MAIN,2026,Session 2,2026-04-06,Shift 1,Paper 1 (B.E./B.Tech),1,Mathematics,13,SINGLE_CORRECT_MCQ,[Image-based question — see question card image. NTA Question ID: 6952782148],True,A,JEE_Main_2026_Session-2_2026-04-06_Shift-1_Question-Paper.pdf,NTA_IMAGE_RENDER
JM_2026_S2_0406_SHIFT1_MAT_Q014,JEE_MAIN,2026,Session 2,2026-04-06,Shift 1,Paper 1 (B.E./B.Tech),1,Mathematics,14,SINGLE_CORRECT_MCQ,[Image-based question — see question card image. NTA Question ID: 6952782149],True,A,JEE_Main_2026_Session-2_2026-04-06_Shift-1_Question-Paper.pdf,NTA_IMAGE_RENDER
JM_2026_S2_0406_SHIFT1_MAT_Q015,JEE_MAIN,2026,Session 2,2026-04-06,Shift 1,Paper 1 (B.E./B.Tech),1,Mathematics,15,SINGLE_CORRECT_MCQ,[Image-based question — see question card image. NTA Question ID: 6952782150],True,A,JEE_Main_2026_Session-2_2026-04-06_Shift-1_Question-Paper.pdf,NTA_IMAGE_RENDER
JM_2026_S2_0406_SHIFT1_MAT_Q016,JEE_MAIN,2026,Session 2,2026-04-06,Shift 1,Paper 1 (B.E./B.Tech),1,Mathematics,16,SINGLE_CORRECT_MCQ,[Image-based question — see question card image. NTA Question ID: 6952782151],True,A,JEE_Main_2026_Session-2_2026-04-06_Shift-1_Question-Paper.pdf,NTA_IMAGE_RENDER
JM_2026_S2_0406_SHIFT1_MAT_Q017,JEE_MAIN,2026,Session 2,2026-04-06,Shift 1,Paper 1 (B.E./B.Tech),1,Mathematics,17,SINGLE_CORRECT_MCQ,[Image-based question — see question card image. NTA Question ID: 6952782152],True,A,JEE_Main_2026_Session-2_2026-04-06_Shift-1_Question-Paper.pdf,NTA_IMAGE_RENDER
JM_2026_S2_0406_SHIFT1_MAT_Q018,JEE_MAIN,2026,Session 2,2026-04-06,Shift 1,Paper 1 (B.E./B.Tech),1,Mathematics,18,SINGLE_CORRECT_MCQ,[Image-based question — see question card image. NTA Question ID: 6952782153],True,A,JEE_Main_2026_Session-2_2026-04-06_Shift-1_Question-Paper.pdf,NTA_IMAGE_RENDER
JM_2026_S2_0406_SHIFT1_MAT_Q019,JEE_MAIN,2026,Session 2,2026-04-06,Shift 1,Paper 1 (B.E./B.Tech),1,Mathematics,19,SINGLE_CORRECT_MCQ,[Image-based question — see question card image. NTA Question ID: 6952782154],True,A,JEE_Main_2026_Session-2_2026-04-06_Shift-1_Question-Paper.pdf,NTA_IMAGE_RENDER
JM_2026_S2_0406_SHIFT1_MAT_Q020,JEE_MAIN,2026,Session 2,2026-04-06,Shift 1,Paper 1 (B.E./B.Tech),1,Mathematics,20,SINGLE_CORRECT_MCQ,[Image-based question — see question card image. NTA Question ID: 6952782155],True,A,JEE_Main_2026_Session-2_2026-04-06_Shift-1_Question-Paper.pdf,NTA_IMAGE_RENDER
JM_2026_S2_0406_SHIFT1_MAT_Q021,JEE_MAIN,2026,Session 2,2026-04-06,Shift 1,Paper 1 (B.E./B.Tech),1,Mathematics,21,NUMERICAL,[Image-based question — see question card image. NTA Question ID: 6952782156],True,B,JEE_Main_2026_Session-2_2026-04-06_Shift-1_Question-Paper.pdf,NTA_IMAGE_RENDER
JM_2026_S2_0406_SHIFT1_MAT_Q022,JEE_MAIN,2026,Session 2,2026-04-06,Shift 1,Paper 1 (B.E./B.Tech),1,Mathematics,22,NUMERICAL,[Image-based question — see question card image. NTA Question ID: 6952782157],True,B,JEE_Main_2026_Session-2_2026-04-06_Shift-1_Question-Paper.pdf,NTA_IMAGE_RENDER
JM_2026_S2_0406_SHIFT1_MAT_Q023,JEE_MAIN,2026,Session 2,2026-04-06,Shift 1,Paper 1 (B.E./B.Tech),1,Mathematics,23,NUMERICAL,[Image-based question — see question card image. NTA Question ID: 6952782158],True,B,JEE_Main_2026_Session-2_2026-04-06_Shift-1_Question-Paper.pdf,NTA_IMAGE_RENDER
JM_2026_S2_0406_SHIFT1_MAT_Q024,JEE_MAIN,2026,Session 2,2026-04-06,Shift 1,Paper 1 (B.E./B.Tech),1,Mathematics,24,NUMERICAL,[Image-based question — see question card image. NTA Question ID: 6952782159],True,B,JEE_Main_2026_Session-2_2026-04-06_Shift-1_Question-Paper.pdf,NTA_IMAGE_RENDER
JM_2026_S2_0406_SHIFT1_MAT_Q025,JEE_MAIN,2026,Session 2,2026-04-06,Shift 1,Paper 1 (B.E./B.Tech),1,Mathematics,25,NUMERICAL,[Image-based question — see question card image. NTA Question ID: 6952782160],True,B,JEE_Main_2026_Session-2_2026-04-06_Shift-1_Question-Paper.pdf,NTA_IMAGE_RENDER
JM_2026_S2_0406_SHIFT1_PHY_Q026,JEE_MAIN,2026,Session 2,2026-04-06,Shift 1,Paper 1 (B.E./B.Tech),1,Physics,26,SINGLE_CORRECT_MCQ,[Image-based question — see question card image. NTA Question ID: 6952782161],True,A,JEE_Main_2026_Session-2_2026-04-06_Shift-1_Question-Paper.pdf,NTA_IMAGE_RENDER
JM_2026_S2_0406_SHIFT1_PHY_Q027,JEE_MAIN,2026,Session 2,2026-04-06,Shift 1,Paper 1 (B.E./B.Tech),1,Physics,27,SINGLE_CORRECT_MCQ,[Image-based question — see question card image. NTA Question ID: 6952782162],True,A,JEE_Main_2026_Session-2_2026-04-06_Shift-1_Question-Paper.pdf,NTA_IMAGE_RENDER
JM_2026_S2_0406_SHIFT1_PHY_Q028,JEE_MAIN,2026,Session 2,2026-04-06,Shift 1,Paper 1 (B.E./B.Tech),1,Physics,28,SINGLE_CORRECT_MCQ,[Image-based question — see question card image. NTA Question ID: 6952782163],True,A,JEE_Main_2026_Session-2_2026-04-06_Shift-1_Question-Paper.pdf,NTA_IMAGE_RENDER
JM_2026_S2_0406_SHIFT1_PHY_Q029,JEE_MAIN,2026,Session 2,2026-04-06,Shift 1,Paper 1 (B.E./B.Tech),1,Physics,29,SINGLE_CORRECT_MCQ,[Image-based question — see question card image. NTA Question ID: 6952782164],True,A,JEE_Main_2026_Session-2_2026-04-06_Shift-1_Question-Paper.pdf,NTA_IMAGE_RENDER
JM_2026_S2_0406_SHIFT1_PHY_Q030,JEE_MAIN,2026,Session 2,2026-04-06,Shift 1,Paper 1 (B.E./B.Tech),1,Physics,30,SINGLE_CORRECT_MCQ,[Image-based question — see question card image. NTA Question ID: 6952782165],True,A,JEE_Main_2026_Session-2_2026-04-06_Shift-1_Question-Paper.pdf,NTA_IMAGE_RENDER
JM_2026_S2_0406_SHIFT1_PHY_Q031,JEE_MAIN,2026,Session 2,2026-04-06,Shift 1,Paper 1 (B.E./B.Tech),1,Physics,31,SINGLE_CORRECT_MCQ,[Image-based question — see question card image. NTA Question ID: 6952782166],True,A,JEE_Main_2026_Session-2_2026-04-06_Shift-1_Question-Paper.pdf,NTA_IMAGE_RENDER
JM_2026_S2_0406_SHIFT1_PHY_Q032,JEE_MAIN,2026,Session 2,2026-04-06,Shift 1,Paper 1 (B.E./B.Tech),1,Physics,32,SINGLE_CORRECT_MCQ,[Image-based question — see question card image. NTA Question ID: 6952782167],True,A,JEE_Main_2026_Session-2_2026-04-06_Shift-1_Question-Paper.pdf,NTA_IMAGE_RENDER
JM_2026_S2_0406_SHIFT1_PHY_Q033,JEE_MAIN,2026,Session 2,2026-04-06,Shift 1,Paper 1 (B.E./B.Tech),1,Physics,33,SINGLE_CORRECT_MCQ,[Image-based question — see question card image. NTA Question ID: 6952782168],True,A,JEE_Main_2026_Session-2_2026-04-06_Shift-1_Question-Paper.pdf,NTA_IMAGE_RENDER
JM_2026_S2_0406_SHIFT1_PHY_Q034,JEE_MAIN,2026,Session 2,2026-04-06,Shift 1,Paper 1 (B.E./B.Tech),1,Physics,34,SINGLE_CORRECT_MCQ,[Image-based question — see question card image. NTA Question ID: 6952782169],True,A,JEE_Main_2026_Session-2_2026-04-06_Shift-1_Question-Paper.pdf,NTA_IMAGE_RENDER
JM_2026_S2_0406_SHIFT1_PHY_Q035,JEE_MAIN,2026,Session 2,2026-04-06,Shift 1,Paper 1 (B.E./B.Tech),1,Physics,35,SINGLE_CORRECT_MCQ,[Image-based question — see question card image. NTA Question ID: 6952782170],True,A,JEE_Main_2026_Session-2_2026-04-06_Shift-1_Question-Paper.pdf,NTA_IMAGE_RENDER
JM_2026_S2_0406_SHIFT1_PHY_Q036,JEE_MAIN,2026,Session 2,2026-04-06,Shift 1,Paper 1 (B.E./B.Tech),1,Physics,36,SINGLE_CORRECT_MCQ,[Image-based question — see question card image. NTA Question ID: 6952782171],True,A,JEE_Main_2026_Session-2_2026-04-06_Shift-1_Question-Paper.pdf,NTA_IMAGE_RENDER
JM_2026_S2_0406_SHIFT1_PHY_Q037,JEE_MAIN,2026,Session 2,2026-04-06,Shift 1,Paper 1 (B.E./B.Tech),1,Physics,37,SINGLE_CORRECT_MCQ,[Image-based question — see question card image. NTA Question ID: 6952782172],True,A,JEE_Main_2026_Session-2_2026-04-06_Shift-1_Question-Paper.pdf,NTA_IMAGE_RENDER
JM_2026_S2_0406_SHIFT1_PHY_Q038,JEE_MAIN,2026,Session 2,2026-04-06,Shift 1,Paper 1 (B.E./B.Tech),1,Physics,38,SINGLE_CORRECT_MCQ,[Image-based question — see question card image. NTA Question ID: 6952782173],True,A,JEE_Main_2026_Session-2_2026-04-06_Shift-1_Question-Paper.pdf,NTA_IMAGE_RENDER
JM_2026_S2_0406_SHIFT1_PHY_Q039,JEE_MAIN,2026,Session 2,2026-04-06,Shift 1,Paper 1 (B.E./B.Tech),1,Physics,39,SINGLE_CORRECT_MCQ,[Image-based question — see question card image. NTA Question ID: 6952782174],True,A,JEE_Main_2026_Session-2_2026-04-06_Shift-1_Question-Paper.pdf,NTA_IMAGE_RENDER
JM_2026_S2_0406_SHIFT1_PHY_Q040,JEE_MAIN,2026,Session 2,2026-04-06,Shift 1,Paper 1 (B.E./B.Tech),1,Physics,40,SINGLE_CORRECT_MCQ,[Image-based question — see question card image. NTA Question ID: 6952782175],True,A,JEE_Main_2026_Session-2_2026-04-06_Shift-1_Question-Paper.pdf,NTA_IMAGE_RENDER
JM_2026_S2_0406_SHIFT1_PHY_Q041,JEE_MAIN,2026,Session 2,2026-04-06,Shift 1,Paper 1 (B.E./B.Tech),1,Physics,41,SINGLE_CORRECT_MCQ,[Image-based question — see question card image. NTA Question ID: 6952782176],True,A,JEE_Main_2026_Session-2_2026-04-06_Shift-1_Question-Paper.pdf,NTA_IMAGE_RENDER
JM_2026_S2_0406_SHIFT1_PHY_Q042,JEE_MAIN,2026,Session 2,2026-04-06,Shift 1,Paper 1 (B.E./B.Tech),1,Physics,42,SINGLE_CORRECT_MCQ,[Image-based question — see question card image. NTA Question ID: 6952782177],True,A,JEE_Main_2026_Session-2_2026-04-06_Shift-1_Question-Paper.pdf,NTA_IMAGE_RENDER
JM_2026_S2_0406_SHIFT1_PHY_Q043,JEE_MAIN,2026,Session 2,2026-04-06,Shift 1,Paper 1 (B.E./B.Tech),1,Physics,43,SINGLE_CORRECT_MCQ,[Image-based question — see question card image. NTA Question ID: 6952782178],True,A,JEE_Main_2026_Session-2_2026-04-06_Shift-1_Question-Paper.pdf,NTA_IMAGE_RENDER
JM_2026_S2_0406_SHIFT1_PHY_Q044,JEE_MAIN,2026,Session 2,2026-04-06,Shift 1,Paper 1 (B.E./B.Tech),1,Physics,44,SINGLE_CORRECT_MCQ,[Image-based question — see question card image. NTA Question ID: 6952782179],True,A,JEE_Main_2026_Session-2_2026-04-06_Shift-1_Question-Paper.pdf,NTA_IMAGE_RENDER
JM_2026_S2_0406_SHIFT1_PHY_Q045,JEE_MAIN,2026,Session 2,2026-04-06,Shift 1,Paper 1 (B.E./B.Tech),1,Physics,45,SINGLE_CORRECT_MCQ,[Image-based question — see question card image. NTA Question ID: 6952782180],True,A,JEE_Main_2026_Session-2_2026-04-06_Shift-1_Question-Paper.pdf,NTA_IMAGE_RENDER
JM_2026_S2_0406_SHIFT1_PHY_Q046,JEE_MAIN,2026,Session 2,2026-04-06,Shift 1,Paper 1 (B.E./B.Tech),1,Physics,46,NUMERICAL,[Image-based question — see question card image. NTA Question ID: 6952782181],True,B,JEE_Main_2026_Session-2_2026-04-06_Shift-1_Question-Paper.pdf,NTA_IMAGE_RENDER
JM_2026_S2_0406_SHIFT1_PHY_Q047,JEE_MAIN,2026,Session 2,2026-04-06,Shift 1,Paper 1 (B.E./B.Tech),1,Physics,47,NUMERICAL,[Image-based question — see question card image. NTA Question ID: 6952782182],True,B,JEE_Main_2026_Session-2_2026-04-06_Shift-1_Question-Paper.pdf,NTA_IMAGE_RENDER
JM_2026_S2_0406_SHIFT1_PHY_Q048,JEE_MAIN,2026,Session 2,2026-04-06,Shift 1,Paper 1 (B.E./B.Tech),1,Physics,48,NUMERICAL,[Image-based question — see question card image. NTA Question ID: 6952782183],True,B,JEE_Main_2026_Session-2_2026-04-06_Shift-1_Question-Paper.pdf,NTA_IMAGE_RENDER
JM_2026_S2_0406_SHIFT1_PHY_Q049,JEE_MAIN,2026,Session 2,2026-04-06,Shift 1,Paper 1 (B.E./B.Tech),1,Physics,49,NUMERICAL,[Image-based question — see question card image. NTA Question ID: 6952782184],True,B,JEE_Main_2026_Session-2_2026-04-06_Shift-1_Question-Paper.pdf,NTA_IMAGE_RENDER
JM_2026_S2_0406_SHIFT1_PHY_Q050,JEE_MAIN,2026,Session 2,2026-04-06,Shift 1,Paper 1 (B.E./B.Tech),1,Physics,50,NUMERICAL,[Image-based question — see question card image. NTA Question ID: 6952782185],True,B,JEE_Main_2026_Session-2_2026-04-06_Shift-1_Question-Paper.pdf,NTA_IMAGE_RENDER
JM_2026_S2_0406_SHIFT1_CHE_Q051,JEE_MAIN,2026,Session 2,2026-04-06,Shift 1,Paper 1 (B.E./B.Tech),1,Chemistry,51,SINGLE_CORRECT_MCQ,[Image-based question — see question card image. NTA Question ID: 6952782186],True,A,JEE_Main_2026_Session-2_2026-04-06_Shift-1_Question-Paper.pdf,NTA_IMAGE_RENDER
JM_2026_S2_0406_SHIFT1_CHE_Q052,JEE_MAIN,2026,Session 2,2026-04-06,Shift 1,Paper 1 (B.E./B.Tech),1,Chemistry,52,SINGLE_CORRECT_MCQ,[Image-based question — see question card image. NTA Question ID: 6952782187],True,A,JEE_Main_2026_Session-2_2026-04-06_Shift-1_Question-Paper.pdf,NTA_IMAGE_RENDER
JM_2026_S2_0406_SHIFT1_CHE_Q053,JEE_MAIN,2026,Session 2,2026-04-06,Shift 1,Paper 1 (B.E./B.Tech),1,Chemistry,53,SINGLE_CORRECT_MCQ,[Image-based question — see question card image. NTA Question ID: 6952782188],True,A,JEE_Main_2026_Session-2_2026-04-06_Shift-1_Question-Paper.pdf,NTA_IMAGE_RENDER
JM_2026_S2_0406_SHIFT1_CHE_Q054,JEE_MAIN,2026,Session 2,2026-04-06,Shift 1,Paper 1 (B.E./B.Tech),1,Chemistry,54,SINGLE_CORRECT_MCQ,[Image-based question — see question card image. NTA Question ID: 6952782189],True,A,JEE_Main_2026_Session-2_2026-04-06_Shift-1_Question-Paper.pdf,NTA_IMAGE_RENDER
JM_2026_S2_0406_SHIFT1_CHE_Q055,JEE_MAIN,2026,Session 2,2026-04-06,Shift 1,Paper 1 (B.E./B.Tech),1,Chemistry,55,SINGLE_CORRECT_MCQ,[Image-based question — see question card image. NTA Question ID: 6952782190],True,A,JEE_Main_2026_Session-2_2026-04-06_Shift-1_Question-Paper.pdf,NTA_IMAGE_RENDER
JM_2026_S2_0406_SHIFT1_CHE_Q056,JEE_MAIN,2026,Session 2,2026-04-06,Shift 1,Paper 1 (B.E./B.Tech),1,Chemistry,56,SINGLE_CORRECT_MCQ,[Image-based question — see question card image. NTA Question ID: 6952782191],True,A,JEE_Main_2026_Session-2_2026-04-06_Shift-1_Question-Paper.pdf,NTA_IMAGE_RENDER
JM_2026_S2_0406_SHIFT1_CHE_Q057,JEE_MAIN,2026,Session 2,2026-04-06,Shift 1,Paper 1 (B.E./B.Tech),1,Chemistry,57,SINGLE_CORRECT_MCQ,[Image-based question — see question card image. NTA Question ID: 6952782192],True,A,JEE_Main_2026_Session-2_2026-04-06_Shift-1_Question-Paper.pdf,NTA_IMAGE_RENDER
JM_2026_S2_0406_SHIFT1_CHE_Q058,JEE_MAIN,2026,Session 2,2026-04-06,Shift 1,Paper 1 (B.E./B.Tech),1,Chemistry,58,SINGLE_CORRECT_MCQ,[Image-based question — see question card image. NTA Question ID: 6952782193],True,A,JEE_Main_2026_Session-2_2026-04-06_Shift-1_Question-Paper.pdf,NTA_IMAGE_RENDER
JM_2026_S2_0406_SHIFT1_CHE_Q059,JEE_MAIN,2026,Session 2,2026-04-06,Shift 1,Paper 1 (B.E./B.Tech),1,Chemistry,59,SINGLE_CORRECT_MCQ,[Image-based question — see question card image. NTA Question ID: 6952782194],True,A,JEE_Main_2026_Session-2_2026-04-06_Shift-1_Question-Paper.pdf,NTA_IMAGE_RENDER
JM_2026_S2_0406_SHIFT1_CHE_Q060,JEE_MAIN,2026,Session 2,2026-04-06,Shift 1,Paper 1 (B.E./B.Tech),1,Chemistry,60,SINGLE_CORRECT_MCQ,[Image-based question — see question card image. NTA Question ID: 6952782195],True,A,JEE_Main_2026_Session-2_2026-04-06_Shift-1_Question-Paper.pdf,NTA_IMAGE_RENDER
JM_2026_S2_0406_SHIFT1_CHE_Q061,JEE_MAIN,2026,Session 2,2026-04-06,Shift 1,Paper 1 (B.E./B.Tech),1,Chemistry,61,SINGLE_CORRECT_MCQ,[Image-based question — see question card image. NTA Question ID: 6952782196],True,A,JEE_Main_2026_Session-2_2026-04-06_Shift-1_Question-Paper.pdf,NTA_IMAGE_RENDER
JM_2026_S2_0406_SHIFT1_CHE_Q062,JEE_MAIN,2026,Session 2,2026-04-06,Shift 1,Paper 1 (B.E./B.Tech),1,Chemistry,62,SINGLE_CORRECT_MCQ,[Image-based question — see question card image. NTA Question ID: 6952782197],True,A,JEE_Main_2026_Session-2_2026-04-06_Shift-1_Question-Paper.pdf,NTA_IMAGE_RENDER
JM_2026_S2_0406_SHIFT1_CHE_Q063,JEE_MAIN,2026,Session 2,2026-04-06,Shift 1,Paper 1 (B.E./B.Tech),1,Chemistry,63,SINGLE_CORRECT_MCQ,[Image-based question — see question card image. NTA Question ID: 6952782198],True,A,JEE_Main_2026_Session-2_2026-04-06_Shift-1_Question-Paper.pdf,NTA_IMAGE_RENDER
JM_2026_S2_0406_SHIFT1_CHE_Q064,JEE_MAIN,2026,Session 2,2026-04-06,Shift 1,Paper 1 (B.E./B.Tech),1,Chemistry,64,SINGLE_CORRECT_MCQ,[Image-based question — see question card image. NTA Question ID: 6952782199],True,A,JEE_Main_2026_Session-2_2026-04-06_Shift-1_Question-Paper.pdf,NTA_IMAGE_RENDER
JM_2026_S2_0406_SHIFT1_CHE_Q065,JEE_MAIN,2026,Session 2,2026-04-06,Shift 1,Paper 1 (B.E./B.Tech),1,Chemistry,65,SINGLE_CORRECT_MCQ,[Image-based question — see question card image. NTA Question ID: 6952782200],True,A,JEE_Main_2026_Session-2_2026-04-06_Shift-1_Question-Paper.pdf,NTA_IMAGE_RENDER
JM_2026_S2_0406_SHIFT1_CHE_Q066,JEE_MAIN,2026,Session 2,2026-04-06,Shift 1,Paper 1 (B.E./B.Tech),1,Chemistry,66,SINGLE_CORRECT_MCQ,[Image-based question — see question card image. NTA Question ID: 6952782201],True,A,JEE_Main_2026_Session-2_2026-04-06_Shift-1_Question-Paper.pdf,NTA_IMAGE_RENDER
JM_2026_S2_0406_SHIFT1_CHE_Q067,JEE_MAIN,2026,Session 2,2026-04-06,Shift 1,Paper 1 (B.E./B.Tech),1,Chemistry,67,SINGLE_CORRECT_MCQ,[Image-based question — see question card image. NTA Question ID: 6952782202],True,A,JEE_Main_2026_Session-2_2026-04-06_Shift-1_Question-Paper.pdf,NTA_IMAGE_RENDER
JM_2026_S2_0406_SHIFT1_CHE_Q068,JEE_MAIN,2026,Session 2,2026-04-06,Shift 1,Paper 1 (B.E./B.Tech),1,Chemistry,68,SINGLE_CORRECT_MCQ,[Image-based question — see question card image. NTA Question ID: 6952782203],True,A,JEE_Main_2026_Session-2_2026-04-06_Shift-1_Question-Paper.pdf,NTA_IMAGE_RENDER
JM_2026_S2_0406_SHIFT1_CHE_Q069,JEE_MAIN,2026,Session 2,2026-04-06,Shift 1,Paper 1 (B.E./B.Tech),1,Chemistry,69,SINGLE_CORRECT_MCQ,[Image-based question — see question card image. NTA Question ID: 6952782204],True,A,JEE_Main_2026_Session-2_2026-04-06_Shift-1_Question-Paper.pdf,NTA_IMAGE_RENDER
JM_2026_S2_0406_SHIFT1_CHE_Q070,JEE_MAIN,2026,Session 2,2026-04-06,Shift 1,Paper 1 (B.E./B.Tech),1,Chemistry,70,SINGLE_CORRECT_MCQ,[Image-based question — see question card image. NTA Question ID: 6952782205],True,A,JEE_Main_2026_Session-2_2026-04-06_Shift-1_Question-Paper.pdf,NTA_IMAGE_RENDER
JM_2026_S2_0406_SHIFT1_CHE_Q071,JEE_MAIN,2026,Session 2,2026-04-06,Shift 1,Paper 1 (B.E./B.Tech),1,Chemistry,71,NUMERICAL,[Image-based question — see question card image. NTA Question ID: 6952782206],True,B,JEE_Main_2026_Session-2_2026-04-06_Shift-1_Question-Paper.pdf,NTA_IMAGE_RENDER
JM_2026_S2_0406_SHIFT1_CHE_Q072,JEE_MAIN,2026,Session 2,2026-04-06,Shift 1,Paper 1 (B.E./B.Tech),1,Chemistry,72,NUMERICAL,[Image-based question — see question card image. NTA Question ID: 6952782207],True,B,JEE_Main_2026_Session-2_2026-04-06_Shift-1_Question-Paper.pdf,NTA_IMAGE_RENDER
JM_2026_S2_0406_SHIFT1_CHE_Q073,JEE_MAIN,2026,Session 2,2026-04-06,Shift 1,Paper 1 (B.E./B.Tech),1,Chemistry,73,NUMERICAL,[Image-based question — see question card image. NTA Question ID: 6952782208],True,B,JEE_Main_2026_Session-2_2026-04-06_Shift-1_Question-Paper.pdf,NTA_IMAGE_RENDER
JM_2026_S2_0406_SHIFT1_CHE_Q074,JEE_MAIN,2026,Session 2,2026-04-06,Shift 1,Paper 1 (B.E./B.Tech),1,Chemistry,74,NUMERICAL,[Image-based question — see question card image. NTA Question ID: 6952782209],True,B,JEE_Main_2026_Session-2_2026-04-06_Shift-1_Question-Paper.pdf,NTA_IMAGE_RENDER
JM_2026_S2_0406_SHIFT1_CHE_Q075,JEE_MAIN,2026,Session 2,2026-04-06,Shift 1,Paper 1 (B.E./B.Tech),1,Chemistry,75,NUMERICAL,[Image-based question — see question card image. NTA Question ID: 6952782210],True,B,JEE_Main_2026_Session-2_2026-04-06_Shift-1_Question-Paper.pdf,NTA_IMAGE_RENDER
JM_2026_S2_0406_SHIFT2_MAT_Q001,JEE_MAIN,2026,Session 2,2026-04-06,Shift 2,Paper 1 (B.E./B.Tech),1,Mathematics,1,SINGLE_CORRECT_MCQ,[Image-based question — see question card image. NTA Question ID: 6911211201],True,A,JEE_Main_2026_Session-2_2026-04-06_Shift-2_Question-Paper.pdf,NTA_IMAGE_RENDER
JM_2026_S2_0406_SHIFT2_MAT_Q002,JEE_MAIN,2026,Session 2,2026-04-06,Shift 2,Paper 1 (B.E./B.Tech),1,Mathematics,2,SINGLE_CORRECT_MCQ,[Image-based question — see question card image. NTA Question ID: 6911211202],True,A,JEE_Main_2026_Session-2_2026-04-06_Shift-2_Question-Paper.pdf,NTA_IMAGE_RENDER
JM_2026_S2_0406_SHIFT2_MAT_Q003,JEE_MAIN,2026,Session 2,2026-04-06,Shift 2,Paper 1 (B.E./B.Tech),1,Mathematics,3,SINGLE_CORRECT_MCQ,[Image-based question — see question card image. NTA Question ID: 6911211203],True,A,JEE_Main_2026_Session-2_2026-04-06_Shift-2_Question-Paper.pdf,NTA_IMAGE_RENDER
JM_2026_S2_0406_SHIFT2_MAT_Q004,JEE_MAIN,2026,Session 2,2026-04-06,Shift 2,Paper 1 (B.E./B.Tech),1,Mathematics,4,SINGLE_CORRECT_MCQ,[Image-based question — see question card image. NTA Question ID: 6911211204],True,A,JEE_Main_2026_Session-2_2026-04-06_Shift-2_Question-Paper.pdf,NTA_IMAGE_RENDER
JM_2026_S2_0406_SHIFT2_MAT_Q005,JEE_MAIN,2026,Session 2,2026-04-06,Shift 2,Paper 1 (B.E./B.Tech),1,Mathematics,5,SINGLE_CORRECT_MCQ,[Image-based question — see question card image. NTA Question ID: 6911211205],True,A,JEE_Main_2026_Session-2_2026-04-06_Shift-2_Question-Paper.pdf,NTA_IMAGE_RENDER
JM_2026_S2_0406_SHIFT2_MAT_Q006,JEE_MAIN,2026,Session 2,2026-04-06,Shift 2,Paper 1 (B.E./B.Tech),1,Mathematics,6,SINGLE_CORRECT_MCQ,[Image-based question — see question card image. NTA Question ID: 6911211206],True,A,JEE_Main_2026_Session-2_2026-04-06_Shift-2_Question-Paper.pdf,NTA_IMAGE_RENDER
JM_2026_S2_0406_SHIFT2_MAT_Q007,JEE_MAIN,2026,Session 2,2026-04-06,Shift 2,Paper 1 (B.E./B.Tech),1,Mathematics,7,SINGLE_CORRECT_MCQ,[Image-based question — see question card image. NTA Question ID: 6911211207],True,A,JEE_Main_2026_Session-2_2026-04-06_Shift-2_Question-Paper.pdf,NTA_IMAGE_RENDER
JM_2026_S2_0406_SHIFT2_MAT_Q008,JEE_MAIN,2026,Session 2,2026-04-06,Shift 2,Paper 1 (B.E./B.Tech),1,Mathematics,8,SINGLE_CORRECT_MCQ,[Image-based question — see question card image. NTA Question ID: 6911211208],True,A,JEE_Main_2026_Session-2_2026-04-06_Shift-2_Question-Paper.pdf,NTA_IMAGE_RENDER
JM_2026_S2_0406_SHIFT2_MAT_Q009,JEE_MAIN,2026,Session 2,2026-04-06,Shift 2,Paper 1 (B.E./B.Tech),1,Mathematics,9,SINGLE_CORRECT_MCQ,[Image-based question — see question card image. NTA Question ID: 6911211209],True,A,JEE_Main_2026_Session-2_2026-04-06_Shift-2_Question-Paper.pdf,NTA_IMAGE_RENDER
JM_2026_S2_0406_SHIFT2_MAT_Q010,JEE_MAIN,2026,Session 2,2026-04-06,Shift 2,Paper 1 (B.E./B.Tech),1,Mathematics,10,SINGLE_CORRECT_MCQ,[Image-based question — see question card image. NTA Question ID: 6911211210],True,A,JEE_Main_2026_Session-2_2026-04-06_Shift-2_Question-Paper.pdf,NTA_IMAGE_RENDER
JM_2026_S2_0406_SHIFT2_MAT_Q011,JEE_MAIN,2026,Session 2,2026-04-06,Shift 2,Paper 1 (B.E./B.Tech),1,Mathematics,11,SINGLE_CORRECT_MCQ,[Image-based question — see question card image. NTA Question ID: 6911211211],True,A,JEE_Main_2026_Session-2_2026-04-06_Shift-2_Question-Paper.pdf,NTA_IMAGE_RENDER
JM_2026_S2_0406_SHIFT2_MAT_Q012,JEE_MAIN,2026,Session 2,2026-04-06,Shift 2,Paper 1 (B.E./B.Tech),1,Mathematics,12,SINGLE_CORRECT_MCQ,[Image-based question — see question card image. NTA Question ID: 6911211212],True,A,JEE_Main_2026_Session-2_2026-04-06_Shift-2_Question-Paper.pdf,NTA_IMAGE_RENDER
JM_2026_S2_0406_SHIFT2_MAT_Q013,JEE_MAIN,2026,Session 2,2026-04-06,Shift 2,Paper 1 (B.E./B.Tech),1,Mathematics,13,SINGLE_CORRECT_MCQ,[Image-based question — see question card image. NTA Question ID: 6911211213],True,A,JEE_Main_2026_Session-2_2026-04-06_Shift-2_Question-Paper.pdf,NTA_IMAGE_RENDER
JM_2026_S2_0406_SHIFT2_MAT_Q014,JEE_MAIN,2026,Session 2,2026-04-06,Shift 2,Paper 1 (B.E./B.Tech),1,Mathematics,14,SINGLE_CORRECT_MCQ,[Image-based question — see question card image. NTA Question ID: 6911211214],True,A,JEE_Main_2026_Session-2_2026-04-06_Shift-2_Question-Paper.pdf,NTA_IMAGE_RENDER
JM_2026_S2_0406_SHIFT2_MAT_Q015,JEE_MAIN,2026,Session 2,2026-04-06,Shift 2,Paper 1 (B.E./B.Tech),1,Mathematics,15,SINGLE_CORRECT_MCQ,[Image-based question — see question card image. NTA Question ID: 6911211215],True,A,JEE_Main_2026_Session-2_2026-04-06_Shift-2_Question-Paper.pdf,NTA_IMAGE_RENDER
JM_2026_S2_0406_SHIFT2_MAT_Q016,JEE_MAIN,2026,Session 2,2026-04-06,Shift 2,Paper 1 (B.E./B.Tech),1,Mathematics,16,SINGLE_CORRECT_MCQ,[Image-based question — see question card image. NTA Question ID: 6911211216],True,A,JEE_Main_2026_Session-2_2026-04-06_Shift-2_Question-Paper.pdf,NTA_IMAGE_RENDER
JM_2026_S2_0406_SHIFT2_MAT_Q017,JEE_MAIN,2026,Session 2,2026-04-06,Shift 2,Paper 1 (B.E./B.Tech),1,Mathematics,17,SINGLE_CORRECT_MCQ,[Image-based question — see question card image. NTA Question ID: 6911211217],True,A,JEE_Main_2026_Session-2_2026-04-06_Shift-2_Question-Paper.pdf,NTA_IMAGE_RENDER
JM_2026_S2_0406_SHIFT2_MAT_Q018,JEE_MAIN,2026,Session 2,2026-04-06,Shift 2,Paper 1 (B.E./B.Tech),1,Mathematics,18,SINGLE_CORRECT_MCQ,[Image-based question — see question card image. NTA Question ID: 6911211218],True,A,JEE_Main_2026_Session-2_2026-04-06_Shift-2_Question-Paper.pdf,NTA_IMAGE_RENDER
JM_2026_S2_0406_SHIFT2_MAT_Q019,JEE_MAIN,2026,Session 2,2026-04-06,Shift 2,Paper 1 (B.E./B.Tech),1,Mathematics,19,SINGLE_CORRECT_MCQ,[Image-based question — see question card image. NTA Question ID: 6911211219],True,A,JEE_Main_2026_Session-2_2026-04-06_Shift-2_Question-Paper.pdf,NTA_IMAGE_RENDER
JM_2026_S2_0406_SHIFT2_MAT_Q020,JEE_MAIN,2026,Session 2,2026-04-06,Shift 2,Paper 1 (B.E./B.Tech),1,Mathematics,20,SINGLE_CORRECT_MCQ,[Image-based question — see question card image. NTA Question ID: 6911211220],True,A,JEE_Main_2026_Session-2_2026-04-06_Shift-2_Question-Paper.pdf,NTA_IMAGE_RENDER
JM_2026_S2_0406_SHIFT2_MAT_Q021,JEE_MAIN,2026,Session 2,2026-04-06,Shift 2,Paper 1 (B.E./B.Tech),1,Mathematics,21,NUMERICAL,[Image-based question — see question card image. NTA Question ID: 6911211221],True,B,JEE_Main_2026_Session-2_2026-04-06_Shift-2_Question-Paper.pdf,NTA_IMAGE_RENDER
JM_2026_S2_0406_SHIFT2_MAT_Q022,JEE_MAIN,2026,Session 2,2026-04-06,Shift 2,Paper 1 (B.E./B.Tech),1,Mathematics,22,NUMERICAL,[Image-based question — see question card image. NTA Question ID: 6911211222],True,B,JEE_Main_2026_Session-2_2026-04-06_Shift-2_Question-Paper.pdf,NTA_IMAGE_RENDER
JM_2026_S2_0406_SHIFT2_MAT_Q023,JEE_MAIN,2026,Session 2,2026-04-06,Shift 2,Paper 1 (B.E./B.Tech),1,Mathematics,23,NUMERICAL,[Image-based question — see question card image. NTA Question ID: 6911211223],True,B,JEE_Main_2026_Session-2_2026-04-06_Shift-2_Question-Paper.pdf,NTA_IMAGE_RENDER
JM_2026_S2_0406_SHIFT2_MAT_Q024,JEE_MAIN,2026,Session 2,2026-04-06,Shift 2,Paper 1 (B.E./B.Tech),1,Mathematics,24,NUMERICAL,[Image-based question — see question card image. NTA Question ID: 6911211224],True,B,JEE_Main_2026_Session-2_2026-04-06_Shift-2_Question-Paper.pdf,NTA_IMAGE_RENDER
JM_2026_S2_0406_SHIFT2_MAT_Q025,JEE_MAIN,2026,Session 2,2026-04-06,Shift 2,Paper 1 (B.E./B.Tech),1,Mathematics,25,NUMERICAL,[Image-based question — see question card image. NTA Question ID: 6911211225],True,B,JEE_Main_2026_Session-2_2026-04-06_Shift-2_Question-Paper.pdf,NTA_IMAGE_RENDER
JM_2026_S2_0406_SHIFT2_PHY_Q026,JEE_MAIN,2026,Session 2,2026-04-06,Shift 2,Paper 1 (B.E./B.Tech),1,Physics,26,SINGLE_CORRECT_MCQ,[Image-based question — see question card image. NTA Question ID: 6911211226],True,A,JEE_Main_2026_Session-2_2026-04-06_Shift-2_Question-Paper.pdf,NTA_IMAGE_RENDER
JM_2026_S2_0406_SHIFT2_PHY_Q027,JEE_MAIN,2026,Session 2,2026-04-06,Shift 2,Paper 1 (B.E./B.Tech),1,Physics,27,SINGLE_CORRECT_MCQ,[Image-based question — see question card image. NTA Question ID: 6911211227],True,A,JEE_Main_2026_Session-2_2026-04-06_Shift-2_Question-Paper.pdf,NTA_IMAGE_RENDER
JM_2026_S2_0406_SHIFT2_PHY_Q028,JEE_MAIN,2026,Session 2,2026-04-06,Shift 2,Paper 1 (B.E./B.Tech),1,Physics,28,SINGLE_CORRECT_MCQ,[Image-based question — see question card image. NTA Question ID: 6911211228],True,A,JEE_Main_2026_Session-2_2026-04-06_Shift-2_Question-Paper.pdf,NTA_IMAGE_RENDER
JM_2026_S2_0406_SHIFT2_PHY_Q029,JEE_MAIN,2026,Session 2,2026-04-06,Shift 2,Paper 1 (B.E./B.Tech),1,Physics,29,SINGLE_CORRECT_MCQ,[Image-based question — see question card image. NTA Question ID: 6911211229],True,A,JEE_Main_2026_Session-2_2026-04-06_Shift-2_Question-Paper.pdf,NTA_IMAGE_RENDER
JM_2026_S2_0406_SHIFT2_PHY_Q030,JEE_MAIN,2026,Session 2,2026-04-06,Shift 2,Paper 1 (B.E./B.Tech),1,Physics,30,SINGLE_CORRECT_MCQ,[Image-based question — see question card image. NTA Question ID: 6911211230],True,A,JEE_Main_2026_Session-2_2026-04-06_Shift-2_Question-Paper.pdf,NTA_IMAGE_RENDER
JM_2026_S2_0406_SHIFT2_PHY_Q031,JEE_MAIN,2026,Session 2,2026-04-06,Shift 2,Paper 1 (B.E./B.Tech),1,Physics,31,SINGLE_CORRECT_MCQ,[Image-based question — see question card image. NTA Question ID: 6911211231],True,A,JEE_Main_2026_Session-2_2026-04-06_Shift-2_Question-Paper.pdf,NTA_IMAGE_RENDER
JM_2026_S2_0406_SHIFT2_PHY_Q032,JEE_MAIN,2026,Session 2,2026-04-06,Shift 2,Paper 1 (B.E./B.Tech),1,Physics,32,SINGLE_CORRECT_MCQ,[Image-based question — see question card image. NTA Question ID: 6911211232],True,A,JEE_Main_2026_Session-2_2026-04-06_Shift-2_Question-Paper.pdf,NTA_IMAGE_RENDER
JM_2026_S2_0406_SHIFT2_PHY_Q033,JEE_MAIN,2026,Session 2,2026-04-06,Shift 2,Paper 1 (B.E./B.Tech),1,Physics,33,SINGLE_CORRECT_MCQ,[Image-based question — see question card image. NTA Question ID: 6911211233],True,A,JEE_Main_2026_Session-2_2026-04-06_Shift-2_Question-Paper.pdf,NTA_IMAGE_RENDER
JM_2026_S2_0406_SHIFT2_PHY_Q034,JEE_MAIN,2026,Session 2,2026-04-06,Shift 2,Paper 1 (B.E./B.Tech),1,Physics,34,SINGLE_CORRECT_MCQ,[Image-based question — see question card image. NTA Question ID: 6911211234],True,A,JEE_Main_2026_Session-2_2026-04-06_Shift-2_Question-Paper.pdf,NTA_IMAGE_RENDER
JM_2026_S2_0406_SHIFT2_PHY_Q035,JEE_MAIN,2026,Session 2,2026-04-06,Shift 2,Paper 1 (B.E./B.Tech),1,Physics,35,SINGLE_CORRECT_MCQ,[Image-based question — see question card image. NTA Question ID: 6911211235],True,A,JEE_Main_2026_Session-2_2026-04-06_Shift-2_Question-Paper.pdf,NTA_IMAGE_RENDER
JM_2026_S2_0406_SHIFT2_PHY_Q036,JEE_MAIN,2026,Session 2,2026-04-06,Shift 2,Paper 1 (B.E./B.Tech),1,Physics,36,SINGLE_CORRECT_MCQ,[Image-based question — see question card image. NTA Question ID: 6911211236],True,A,JEE_Main_2026_Session-2_2026-04-06_Shift-2_Question-Paper.pdf,NTA_IMAGE_RENDER
JM_2026_S2_0406_SHIFT2_PHY_Q037,JEE_MAIN,2026,Session 2,2026-04-06,Shift 2,Paper 1 (B.E./B.Tech),1,Physics,37,SINGLE_CORRECT_MCQ,[Image-based question — see question card image. NTA Question ID: 6911211237],True,A,JEE_Main_2026_Session-2_2026-04-06_Shift-2_Question-Paper.pdf,NTA_IMAGE_RENDER
JM_2026_S2_0406_SHIFT2_PHY_Q038,JEE_MAIN,2026,Session 2,2026-04-06,Shift 2,Paper 1 (B.E./B.Tech),1,Physics,38,SINGLE_CORRECT_MCQ,[Image-based question — see question card image. NTA Question ID: 6911211238],True,A,JEE_Main_2026_Session-2_2026-04-06_Shift-2_Question-Paper.pdf,NTA_IMAGE_RENDER
JM_2026_S2_0406_SHIFT2_PHY_Q039,JEE_MAIN,2026,Session 2,2026-04-06,Shift 2,Paper 1 (B.E./B.Tech),1,Physics,39,SINGLE_CORRECT_MCQ,[Image-based question — see question card image. NTA Question ID: 6911211239],True,A,JEE_Main_2026_Session-2_2026-04-06_Shift-2_Question-Paper.pdf,NTA_IMAGE_RENDER
JM_2026_S2_0406_SHIFT2_PHY_Q040,JEE_MAIN,2026,Session 2,2026-04-06,Shift 2,Paper 1 (B.E./B.Tech),1,Physics,40,SINGLE_CORRECT_MCQ,[Image-based question — see question card image. NTA Question ID: 6911211240],True,A,JEE_Main_2026_Session-2_2026-04-06_Shift-2_Question-Paper.pdf,NTA_IMAGE_RENDER
JM_2026_S2_0406_SHIFT2_PHY_Q041,JEE_MAIN,2026,Session 2,2026-04-06,Shift 2,Paper 1 (B.E./B.Tech),1,Physics,41,SINGLE_CORRECT_MCQ,[Image-based question — see question card image. NTA Question ID: 6911211241],True,A,JEE_Main_2026_Session-2_2026-04-06_Shift-2_Question-Paper.pdf,NTA_IMAGE_RENDER
JM_2026_S2_0406_SHIFT2_PHY_Q042,JEE_MAIN,2026,Session 2,2026-04-06,Shift 2,Paper 1 (B.E./B.Tech),1,Physics,42,SINGLE_CORRECT_MCQ,[Image-based question — see question card image. NTA Question ID: 6911211242],True,A,JEE_Main_2026_Session-2_2026-04-06_Shift-2_Question-Paper.pdf,NTA_IMAGE_RENDER
JM_2026_S2_0406_SHIFT2_PHY_Q043,JEE_MAIN,2026,Session 2,2026-04-06,Shift 2,Paper 1 (B.E./B.Tech),1,Physics,43,SINGLE_CORRECT_MCQ,[Image-based question — see question card image. NTA Question ID: 6911211243],True,A,JEE_Main_2026_Session-2_2026-04-06_Shift-2_Question-Paper.pdf,NTA_IMAGE_RENDER
JM_2026_S2_0406_SHIFT2_PHY_Q044,JEE_MAIN,2026,Session 2,2026-04-06,Shift 2,Paper 1 (B.E./B.Tech),1,Physics,44,SINGLE_CORRECT_MCQ,[Image-based question — see question card image. NTA Question ID: 6911211244],True,A,JEE_Main_2026_Session-2_2026-04-06_Shift-2_Question-Paper.pdf,NTA_IMAGE_RENDER
JM_2026_S2_0406_SHIFT2_PHY_Q045,JEE_MAIN,2026,Session 2,2026-04-06,Shift 2,Paper 1 (B.E./B.Tech),1,Physics,45,SINGLE_CORRECT_MCQ,[Image-based question — see question card image. NTA Question ID: 6911211245],True,A,JEE_Main_2026_Session-2_2026-04-06_Shift-2_Question-Paper.pdf,NTA_IMAGE_RENDER
JM_2026_S2_0406_SHIFT2_PHY_Q046,JEE_MAIN,2026,Session 2,2026-04-06,Shift 2,Paper 1 (B.E./B.Tech),1,Physics,46,NUMERICAL,[Image-based question — see question card image. NTA Question ID: 6911211246],True,B,JEE_Main_2026_Session-2_2026-04-06_Shift-2_Question-Paper.pdf,NTA_IMAGE_RENDER
JM_2026_S2_0406_SHIFT2_PHY_Q047,JEE_MAIN,2026,Session 2,2026-04-06,Shift 2,Paper 1 (B.E./B.Tech),1,Physics,47,NUMERICAL,[Image-based question — see question card image. NTA Question ID: 6911211247],True,B,JEE_Main_2026_Session-2_2026-04-06_Shift-2_Question-Paper.pdf,NTA_IMAGE_RENDER
JM_2026_S2_0406_SHIFT2_PHY_Q048,JEE_MAIN,2026,Session 2,2026-04-06,Shift 2,Paper 1 (B.E./B.Tech),1,Physics,48,NUMERICAL,[Image-based question — see question card image. NTA Question ID: 6911211248],True,B,JEE_Main_2026_Session-2_2026-04-06_Shift-2_Question-Paper.pdf,NTA_IMAGE_RENDER
JM_2026_S2_0406_SHIFT2_PHY_Q049,JEE_MAIN,2026,Session 2,2026-04-06,Shift 2,Paper 1 (B.E./B.Tech),1,Physics,49,NUMERICAL,[Image-based question — see question card image. NTA Question ID: 6911211249],True,B,JEE_Main_2026_Session-2_2026-04-06_Shift-2_Question-Paper.pdf,NTA_IMAGE_RENDER
JM_2026_S2_0406_SHIFT2_PHY_Q050,JEE_MAIN,2026,Session 2,2026-04-06,Shift 2,Paper 1 (B.E./B.Tech),1,Physics,50,NUMERICAL,[Image-based question — see question card image. NTA Question ID: 6911211250],True,B,JEE_Main_2026_Session-2_2026-04-06_Shift-2_Question-Paper.pdf,NTA_IMAGE_RENDER
JM_2026_S2_0406_SHIFT2_CHE_Q051,JEE_MAIN,2026,Session 2,2026-04-06,Shift 2,Paper 1 (B.E./B.Tech),1,Chemistry,51,SINGLE_CORRECT_MCQ,[Image-based question — see question card image. NTA Question ID: 6911211251],True,A,JEE_Main_2026_Session-2_2026-04-06_Shift-2_Question-Paper.pdf,NTA_IMAGE_RENDER
JM_2026_S2_0406_SHIFT2_CHE_Q052,JEE_MAIN,2026,Session 2,2026-04-06,Shift 2,Paper 1 (B.E./B.Tech),1,Chemistry,52,SINGLE_CORRECT_MCQ,[Image-based question — see question card image. NTA Question ID: 6911211252],True,A,JEE_Main_2026_Session-2_2026-04-06_Shift-2_Question-Paper.pdf,NTA_IMAGE_RENDER
JM_2026_S2_0406_SHIFT2_CHE_Q053,JEE_MAIN,2026,Session 2,2026-04-06,Shift 2,Paper 1 (B.E./B.Tech),1,Chemistry,53,SINGLE_CORRECT_MCQ,[Image-based question — see question card image. NTA Question ID: 6911211253],True,A,JEE_Main_2026_Session-2_2026-04-06_Shift-2_Question-Paper.pdf,NTA_IMAGE_RENDER
JM_2026_S2_0406_SHIFT2_CHE_Q054,JEE_MAIN,2026,Session 2,2026-04-06,Shift 2,Paper 1 (B.E./B.Tech),1,Chemistry,54,SINGLE_CORRECT_MCQ,[Image-based question — see question card image. NTA Question ID: 6911211254],True,A,JEE_Main_2026_Session-2_2026-04-06_Shift-2_Question-Paper.pdf,NTA_IMAGE_RENDER
JM_2026_S2_0406_SHIFT2_CHE_Q055,JEE_MAIN,2026,Session 2,2026-04-06,Shift 2,Paper 1 (B.E./B.Tech),1,Chemistry,55,SINGLE_CORRECT_MCQ,[Image-based question — see question card image. NTA Question ID: 6911211255],True,A,JEE_Main_2026_Session-2_2026-04-06_Shift-2_Question-Paper.pdf,NTA_IMAGE_RENDER
JM_2026_S2_0406_SHIFT2_CHE_Q056,JEE_MAIN,2026,Session 2,2026-04-06,Shift 2,Paper 1 (B.E./B.Tech),1,Chemistry,56,SINGLE_CORRECT_MCQ,[Image-based question — see question card image. NTA Question ID: 6911211256],True,A,JEE_Main_2026_Session-2_2026-04-06_Shift-2_Question-Paper.pdf,NTA_IMAGE_RENDER
JM_2026_S2_0406_SHIFT2_CHE_Q057,JEE_MAIN,2026,Session 2,2026-04-06,Shift 2,Paper 1 (B.E./B.Tech),1,Chemistry,57,SINGLE_CORRECT_MCQ,[Image-based question — see question card image. NTA Question ID: 6911211257],True,A,JEE_Main_2026_Session-2_2026-04-06_Shift-2_Question-Paper.pdf,NTA_IMAGE_RENDER
JM_2026_S2_0406_SHIFT2_CHE_Q058,JEE_MAIN,2026,Session 2,2026-04-06,Shift 2,Paper 1 (B.E./B.Tech),1,Chemistry,58,SINGLE_CORRECT_MCQ,[Image-based question — see question card image. NTA Question ID: 6911211258],True,A,JEE_Main_2026_Session-2_2026-04-06_Shift-2_Question-Paper.pdf,NTA_IMAGE_RENDER
JM_2026_S2_0406_SHIFT2_CHE_Q059,JEE_MAIN,2026,Session 2,2026-04-06,Shift 2,Paper 1 (B.E./B.Tech),1,Chemistry,59,SINGLE_CORRECT_MCQ,[Image-based question — see question card image. NTA Question ID: 6911211259],True,A,JEE_Main_2026_Session-2_2026-04-06_Shift-2_Question-Paper.pdf,NTA_IMAGE_RENDER
JM_2026_S2_0406_SHIFT2_CHE_Q060,JEE_MAIN,2026,Session 2,2026-04-06,Shift 2,Paper 1 (B.E./B.Tech),1,Chemistry,60,SINGLE_CORRECT_MCQ,[Image-based question — see question card image. NTA Question ID: 6911211260],True,A,JEE_Main_2026_Session-2_2026-04-06_Shift-2_Question-Paper.pdf,NTA_IMAGE_RENDER
JM_2026_S2_0406_SHIFT2_CHE_Q061,JEE_MAIN,2026,Session 2,2026-04-06,Shift 2,Paper 1 (B.E./B.Tech),1,Chemistry,61,SINGLE_CORRECT_MCQ,[Image-based question — see question card image. NTA Question ID: 6911211261],True,A,JEE_Main_2026_Session-2_2026-04-06_Shift-2_Question-Paper.pdf,NTA_IMAGE_RENDER
JM_2026_S2_0406_SHIFT2_CHE_Q062,JEE_MAIN,2026,Session 2,2026-04-06,Shift 2,Paper 1 (B.E./B.Tech),1,Chemistry,62,SINGLE_CORRECT_MCQ,[Image-based question — see question card image. NTA Question ID: 6911211262],True,A,JEE_Main_2026_Session-2_2026-04-06_Shift-2_Question-Paper.pdf,NTA_IMAGE_RENDER
JM_2026_S2_0406_SHIFT2_CHE_Q063,JEE_MAIN,2026,Session 2,2026-04-06,Shift 2,Paper 1 (B.E./B.Tech),1,Chemistry,63,SINGLE_CORRECT_MCQ,[Image-based question — see question card image. NTA Question ID: 6911211263],True,A,JEE_Main_2026_Session-2_2026-04-06_Shift-2_Question-Paper.pdf,NTA_IMAGE_RENDER
JM_2026_S2_0406_SHIFT2_CHE_Q064,JEE_MAIN,2026,Session 2,2026-04-06,Shift 2,Paper 1 (B.E./B.Tech),1,Chemistry,64,SINGLE_CORRECT_MCQ,[Image-based question — see question card image. NTA Question ID: 6911211264],True,A,JEE_Main_2026_Session-2_2026-04-06_Shift-2_Question-Paper.pdf,NTA_IMAGE_RENDER
JM_2026_S2_0406_SHIFT2_CHE_Q065,JEE_MAIN,2026,Session 2,2026-04-06,Shift 2,Paper 1 (B.E./B.Tech),1,Chemistry,65,SINGLE_CORRECT_MCQ,[Image-based question — see question card image. NTA Question ID: 6911211265],True,A,JEE_Main_2026_Session-2_2026-04-06_Shift-2_Question-Paper.pdf,NTA_IMAGE_RENDER
JM_2026_S2_0406_SHIFT2_CHE_Q066,JEE_MAIN,2026,Session 2,2026-04-06,Shift 2,Paper 1 (B.E./B.Tech),1,Chemistry,66,SINGLE_CORRECT_MCQ,[Image-based question — see question card image. NTA Question ID: 6911211266],True,A,JEE_Main_2026_Session-2_2026-04-06_Shift-2_Question-Paper.pdf,NTA_IMAGE_RENDER
JM_2026_S2_0406_SHIFT2_CHE_Q067,JEE_MAIN,2026,Session 2,2026-04-06,Shift 2,Paper 1 (B.E./B.Tech),1,Chemistry,67,SINGLE_CORRECT_MCQ,[Image-based question — see question card image. NTA Question ID: 6911211267],True,A,JEE_Main_2026_Session-2_2026-04-06_Shift-2_Question-Paper.pdf,NTA_IMAGE_RENDER
JM_2026_S2_0406_SHIFT2_CHE_Q068,JEE_MAIN,2026,Session 2,2026-04-06,Shift 2,Paper 1 (B.E./B.Tech),1,Chemistry,68,SINGLE_CORRECT_MCQ,[Image-based question — see question card image. NTA Question ID: 6911211268],True,A,JEE_Main_2026_Session-2_2026-04-06_Shift-2_Question-Paper.pdf,NTA_IMAGE_RENDER
JM_2026_S2_0406_SHIFT2_CHE_Q069,JEE_MAIN,2026,Session 2,2026-04-06,Shift 2,Paper 1 (B.E./B.Tech),1,Chemistry,69,SINGLE_CORRECT_MCQ,[Image-based question — see question card image. NTA Question ID: 6911211269],True,A,JEE_Main_2026_Session-2_2026-04-06_Shift-2_Question-Paper.pdf,NTA_IMAGE_RENDER
JM_2026_S2_0406_SHIFT2_CHE_Q070,JEE_MAIN,2026,Session 2,2026-04-06,Shift 2,Paper 1 (B.E./B.Tech),1,Chemistry,70,SINGLE_CORRECT_MCQ,[Image-based question — see question card image. NTA Question ID: 6911211270],True,A,JEE_Main_2026_Session-2_2026-04-06_Shift-2_Question-Paper.pdf,NTA_IMAGE_RENDER
JM_2026_S2_0406_SHIFT2_CHE_Q071,JEE_MAIN,2026,Session 2,2026-04-06,Shift 2,Paper 1 (B.E./B.Tech),1,Chemistry,71,NUMERICAL,[Image-based question — see question card image. NTA Question ID: 6911211271],True,B,JEE_Main_2026_Session-2_2026-04-06_Shift-2_Question-Paper.pdf,NTA_IMAGE_RENDER
JM_2026_S2_0406_SHIFT2_CHE_Q072,JEE_MAIN,2026,Session 2,2026-04-06,Shift 2,Paper 1 (B.E./B.Tech),1,Chemistry,72,NUMERICAL,[Image-based question — see question card image. NTA Question ID: 6911211272],True,B,JEE_Main_2026_Session-2_2026-04-06_Shift-2_Question-Paper.pdf,NTA_IMAGE_RENDER
JM_2026_S2_0406_SHIFT2_CHE_Q073,JEE_MAIN,2026,Session 2,2026-04-06,Shift 2,Paper 1 (B.E./B.Tech),1,Chemistry,73,NUMERICAL,[Image-based question — see question card image. NTA Question ID: 6911211273],True,B,JEE_Main_2026_Session-2_2026-04-06_Shift-2_Question-Paper.pdf,NTA_IMAGE_RENDER
JM_2026_S2_0406_SHIFT2_CHE_Q074,JEE_MAIN,2026,Session 2,2026-04-06,Shift 2,Paper 1 (B.E./B.Tech),1,Chemistry,74,NUMERICAL,[Image-based question — see question card image. NTA Question ID: 6911211274],True,B,JEE_Main_2026_Session-2_2026-04-06_Shift-2_Question-Paper.pdf,NTA_IMAGE_RENDER
JM_2026_S2_0406_SHIFT2_CHE_Q075,JEE_MAIN,2026,Session 2,2026-04-06,Shift 2,Paper 1 (B.E./B.Tech),1,Chemistry,75,NUMERICAL,[Image-based question — see question card image. NTA Question ID: 6911211275],True,B,JEE_Main_2026_Session-2_2026-04-06_Shift-2_Question-Paper.pdf,NTA_IMAGE_RENDER
JM_2026_S2_0408_SHIFT2_MAT_Q001,JEE_MAIN,2026,Session 2,2026-04-08,Shift 2,Paper 1 (B.E./B.Tech),1,Mathematics,1,SINGLE_CORRECT_MCQ,[Image-based question — see question card image. NTA Question ID: 691121526],True,A,JEE_Main_2026_Session-2_2026-04-08_Shift-2_Question-Paper.pdf,NTA_IMAGE_RENDER
JM_2026_S2_0408_SHIFT2_MAT_Q002,JEE_MAIN,2026,Session 2,2026-04-08,Shift 2,Paper 1 (B.E./B.Tech),1,Mathematics,2,SINGLE_CORRECT_MCQ,[Image-based question — see question card image. NTA Question ID: 691121527],True,A,JEE_Main_2026_Session-2_2026-04-08_Shift-2_Question-Paper.pdf,NTA_IMAGE_RENDER
JM_2026_S2_0408_SHIFT2_MAT_Q003,JEE_MAIN,2026,Session 2,2026-04-08,Shift 2,Paper 1 (B.E./B.Tech),1,Mathematics,3,SINGLE_CORRECT_MCQ,[Image-based question — see question card image. NTA Question ID: 691121528],True,A,JEE_Main_2026_Session-2_2026-04-08_Shift-2_Question-Paper.pdf,NTA_IMAGE_RENDER
JM_2026_S2_0408_SHIFT2_MAT_Q004,JEE_MAIN,2026,Session 2,2026-04-08,Shift 2,Paper 1 (B.E./B.Tech),1,Mathematics,4,SINGLE_CORRECT_MCQ,[Image-based question — see question card image. NTA Question ID: 691121529],True,A,JEE_Main_2026_Session-2_2026-04-08_Shift-2_Question-Paper.pdf,NTA_IMAGE_RENDER
JM_2026_S2_0408_SHIFT2_MAT_Q005,JEE_MAIN,2026,Session 2,2026-04-08,Shift 2,Paper 1 (B.E./B.Tech),1,Mathematics,5,SINGLE_CORRECT_MCQ,[Image-based question — see question card image. NTA Question ID: 691121530],True,A,JEE_Main_2026_Session-2_2026-04-08_Shift-2_Question-Paper.pdf,NTA_IMAGE_RENDER
JM_2026_S2_0408_SHIFT2_MAT_Q006,JEE_MAIN,2026,Session 2,2026-04-08,Shift 2,Paper 1 (B.E./B.Tech),1,Mathematics,6,SINGLE_CORRECT_MCQ,[Image-based question — see question card image. NTA Question ID: 691121531],True,A,JEE_Main_2026_Session-2_2026-04-08_Shift-2_Question-Paper.pdf,NTA_IMAGE_RENDER
JM_2026_S2_0408_SHIFT2_MAT_Q007,JEE_MAIN,2026,Session 2,2026-04-08,Shift 2,Paper 1 (B.E./B.Tech),1,Mathematics,7,SINGLE_CORRECT_MCQ,[Image-based question — see question card image. NTA Question ID: 691121532],True,A,JEE_Main_2026_Session-2_2026-04-08_Shift-2_Question-Paper.pdf,NTA_IMAGE_RENDER
JM_2026_S2_0408_SHIFT2_MAT_Q008,JEE_MAIN,2026,Session 2,2026-04-08,Shift 2,Paper 1 (B.E./B.Tech),1,Mathematics,8,SINGLE_CORRECT_MCQ,[Image-based question — see question card image. NTA Question ID: 691121533],True,A,JEE_Main_2026_Session-2_2026-04-08_Shift-2_Question-Paper.pdf,NTA_IMAGE_RENDER
JM_2026_S2_0408_SHIFT2_MAT_Q009,JEE_MAIN,2026,Session 2,2026-04-08,Shift 2,Paper 1 (B.E./B.Tech),1,Mathematics,9,SINGLE_CORRECT_MCQ,[Image-based question — see question card image. NTA Question ID: 691121534],True,A,JEE_Main_2026_Session-2_2026-04-08_Shift-2_Question-Paper.pdf,NTA_IMAGE_RENDER
JM_2026_S2_0408_SHIFT2_MAT_Q010,JEE_MAIN,2026,Session 2,2026-04-08,Shift 2,Paper 1 (B.E./B.Tech),1,Mathematics,10,SINGLE_CORRECT_MCQ,[Image-based question — see question card image. NTA Question ID: 691121535],True,A,JEE_Main_2026_Session-2_2026-04-08_Shift-2_Question-Paper.pdf,NTA_IMAGE_RENDER
JM_2026_S2_0408_SHIFT2_MAT_Q011,JEE_MAIN,2026,Session 2,2026-04-08,Shift 2,Paper 1 (B.E./B.Tech),1,Mathematics,11,SINGLE_CORRECT_MCQ,[Image-based question — see question card image. NTA Question ID: 691121536],True,A,JEE_Main_2026_Session-2_2026-04-08_Shift-2_Question-Paper.pdf,NTA_IMAGE_RENDER
JM_2026_S2_0408_SHIFT2_MAT_Q012,JEE_MAIN,2026,Session 2,2026-04-08,Shift 2,Paper 1 (B.E./B.Tech),1,Mathematics,12,SINGLE_CORRECT_MCQ,[Image-based question — see question card image. NTA Question ID: 691121537],True,A,JEE_Main_2026_Session-2_2026-04-08_Shift-2_Question-Paper.pdf,NTA_IMAGE_RENDER
JM_2026_S2_0408_SHIFT2_MAT_Q013,JEE_MAIN,2026,Session 2,2026-04-08,Shift 2,Paper 1 (B.E./B.Tech),1,Mathematics,13,SINGLE_CORRECT_MCQ,[Image-based question — see question card image. NTA Question ID: 691121538],True,A,JEE_Main_2026_Session-2_2026-04-08_Shift-2_Question-Paper.pdf,NTA_IMAGE_RENDER
JM_2026_S2_0408_SHIFT2_MAT_Q014,JEE_MAIN,2026,Session 2,2026-04-08,Shift 2,Paper 1 (B.E./B.Tech),1,Mathematics,14,SINGLE_CORRECT_MCQ,[Image-based question — see question card image. NTA Question ID: 691121539],True,A,JEE_Main_2026_Session-2_2026-04-08_Shift-2_Question-Paper.pdf,NTA_IMAGE_RENDER
JM_2026_S2_0408_SHIFT2_MAT_Q015,JEE_MAIN,2026,Session 2,2026-04-08,Shift 2,Paper 1 (B.E./B.Tech),1,Mathematics,15,SINGLE_CORRECT_MCQ,[Image-based question — see question card image. NTA Question ID: 691121540],True,A,JEE_Main_2026_Session-2_2026-04-08_Shift-2_Question-Paper.pdf,NTA_IMAGE_RENDER
JM_2026_S2_0408_SHIFT2_MAT_Q016,JEE_MAIN,2026,Session 2,2026-04-08,Shift 2,Paper 1 (B.E./B.Tech),1,Mathematics,16,SINGLE_CORRECT_MCQ,[Image-based question — see question card image. NTA Question ID: 691121541],True,A,JEE_Main_2026_Session-2_2026-04-08_Shift-2_Question-Paper.pdf,NTA_IMAGE_RENDER
JM_2026_S2_0408_SHIFT2_MAT_Q017,JEE_MAIN,2026,Session 2,2026-04-08,Shift 2,Paper 1 (B.E./B.Tech),1,Mathematics,17,SINGLE_CORRECT_MCQ,[Image-based question — see question card image. NTA Question ID: 691121542],True,A,JEE_Main_2026_Session-2_2026-04-08_Shift-2_Question-Paper.pdf,NTA_IMAGE_RENDER
JM_2026_S2_0408_SHIFT2_MAT_Q018,JEE_MAIN,2026,Session 2,2026-04-08,Shift 2,Paper 1 (B.E./B.Tech),1,Mathematics,18,SINGLE_CORRECT_MCQ,[Image-based question — see question card image. NTA Question ID: 691121543],True,A,JEE_Main_2026_Session-2_2026-04-08_Shift-2_Question-Paper.pdf,NTA_IMAGE_RENDER
JM_2026_S2_0408_SHIFT2_MAT_Q019,JEE_MAIN,2026,Session 2,2026-04-08,Shift 2,Paper 1 (B.E./B.Tech),1,Mathematics,19,SINGLE_CORRECT_MCQ,[Image-based question — see question card image. NTA Question ID: 691121544],True,A,JEE_Main_2026_Session-2_2026-04-08_Shift-2_Question-Paper.pdf,NTA_IMAGE_RENDER
JM_2026_S2_0408_SHIFT2_MAT_Q020,JEE_MAIN,2026,Session 2,2026-04-08,Shift 2,Paper 1 (B.E./B.Tech),1,Mathematics,20,SINGLE_CORRECT_MCQ,[Image-based question — see question card image. NTA Question ID: 691121545],True,A,JEE_Main_2026_Session-2_2026-04-08_Shift-2_Question-Paper.pdf,NTA_IMAGE_RENDER
JM_2026_S2_0408_SHIFT2_MAT_Q021,JEE_MAIN,2026,Session 2,2026-04-08,Shift 2,Paper 1 (B.E./B.Tech),1,Mathematics,21,NUMERICAL,[Image-based question — see question card image. NTA Question ID: 691121546],True,B,JEE_Main_2026_Session-2_2026-04-08_Shift-2_Question-Paper.pdf,NTA_IMAGE_RENDER
JM_2026_S2_0408_SHIFT2_MAT_Q022,JEE_MAIN,2026,Session 2,2026-04-08,Shift 2,Paper 1 (B.E./B.Tech),1,Mathematics,22,NUMERICAL,[Image-based question — see question card image. NTA Question ID: 691121547],True,B,JEE_Main_2026_Session-2_2026-04-08_Shift-2_Question-Paper.pdf,NTA_IMAGE_RENDER
JM_2026_S2_0408_SHIFT2_MAT_Q023,JEE_MAIN,2026,Session 2,2026-04-08,Shift 2,Paper 1 (B.E./B.Tech),1,Mathematics,23,NUMERICAL,[Image-based question — see question card image. NTA Question ID: 691121548],True,B,JEE_Main_2026_Session-2_2026-04-08_Shift-2_Question-Paper.pdf,NTA_IMAGE_RENDER
JM_2026_S2_0408_SHIFT2_MAT_Q024,JEE_MAIN,2026,Session 2,2026-04-08,Shift 2,Paper 1 (B.E./B.Tech),1,Mathematics,24,NUMERICAL,[Image-based question — see question card image. NTA Question ID: 691121549],True,B,JEE_Main_2026_Session-2_2026-04-08_Shift-2_Question-Paper.pdf,NTA_IMAGE_RENDER
JM_2026_S2_0408_SHIFT2_MAT_Q025,JEE_MAIN,2026,Session 2,2026-04-08,Shift 2,Paper 1 (B.E./B.Tech),1,Mathematics,25,NUMERICAL,[Image-based question — see question card image. NTA Question ID: 691121550],True,B,JEE_Main_2026_Session-2_2026-04-08_Shift-2_Question-Paper.pdf,NTA_IMAGE_RENDER
JM_2026_S2_0408_SHIFT2_PHY_Q026,JEE_MAIN,2026,Session 2,2026-04-08,Shift 2,Paper 1 (B.E./B.Tech),1,Physics,26,SINGLE_CORRECT_MCQ,[Image-based question — see question card image. NTA Question ID: 691121551],True,A,JEE_Main_2026_Session-2_2026-04-08_Shift-2_Question-Paper.pdf,NTA_IMAGE_RENDER
JM_2026_S2_0408_SHIFT2_PHY_Q027,JEE_MAIN,2026,Session 2,2026-04-08,Shift 2,Paper 1 (B.E./B.Tech),1,Physics,27,SINGLE_CORRECT_MCQ,[Image-based question — see question card image. NTA Question ID: 691121552],True,A,JEE_Main_2026_Session-2_2026-04-08_Shift-2_Question-Paper.pdf,NTA_IMAGE_RENDER
JM_2026_S2_0408_SHIFT2_PHY_Q028,JEE_MAIN,2026,Session 2,2026-04-08,Shift 2,Paper 1 (B.E./B.Tech),1,Physics,28,SINGLE_CORRECT_MCQ,[Image-based question — see question card image. NTA Question ID: 691121553],True,A,JEE_Main_2026_Session-2_2026-04-08_Shift-2_Question-Paper.pdf,NTA_IMAGE_RENDER
JM_2026_S2_0408_SHIFT2_PHY_Q029,JEE_MAIN,2026,Session 2,2026-04-08,Shift 2,Paper 1 (B.E./B.Tech),1,Physics,29,SINGLE_CORRECT_MCQ,[Image-based question — see question card image. NTA Question ID: 691121554],True,A,JEE_Main_2026_Session-2_2026-04-08_Shift-2_Question-Paper.pdf,NTA_IMAGE_RENDER
JM_2026_S2_0408_SHIFT2_PHY_Q030,JEE_MAIN,2026,Session 2,2026-04-08,Shift 2,Paper 1 (B.E./B.Tech),1,Physics,30,SINGLE_CORRECT_MCQ,[Image-based question — see question card image. NTA Question ID: 691121555],True,A,JEE_Main_2026_Session-2_2026-04-08_Shift-2_Question-Paper.pdf,NTA_IMAGE_RENDER
JM_2026_S2_0408_SHIFT2_PHY_Q031,JEE_MAIN,2026,Session 2,2026-04-08,Shift 2,Paper 1 (B.E./B.Tech),1,Physics,31,SINGLE_CORRECT_MCQ,[Image-based question — see question card image. NTA Question ID: 691121556],True,A,JEE_Main_2026_Session-2_2026-04-08_Shift-2_Question-Paper.pdf,NTA_IMAGE_RENDER
JM_2026_S2_0408_SHIFT2_PHY_Q032,JEE_MAIN,2026,Session 2,2026-04-08,Shift 2,Paper 1 (B.E./B.Tech),1,Physics,32,SINGLE_CORRECT_MCQ,[Image-based question — see question card image. NTA Question ID: 691121557],True,A,JEE_Main_2026_Session-2_2026-04-08_Shift-2_Question-Paper.pdf,NTA_IMAGE_RENDER
JM_2026_S2_0408_SHIFT2_PHY_Q033,JEE_MAIN,2026,Session 2,2026-04-08,Shift 2,Paper 1 (B.E./B.Tech),1,Physics,33,SINGLE_CORRECT_MCQ,[Image-based question — see question card image. NTA Question ID: 691121558],True,A,JEE_Main_2026_Session-2_2026-04-08_Shift-2_Question-Paper.pdf,NTA_IMAGE_RENDER
JM_2026_S2_0408_SHIFT2_PHY_Q034,JEE_MAIN,2026,Session 2,2026-04-08,Shift 2,Paper 1 (B.E./B.Tech),1,Physics,34,SINGLE_CORRECT_MCQ,[Image-based question — see question card image. NTA Question ID: 691121559],True,A,JEE_Main_2026_Session-2_2026-04-08_Shift-2_Question-Paper.pdf,NTA_IMAGE_RENDER
JM_2026_S2_0408_SHIFT2_PHY_Q035,JEE_MAIN,2026,Session 2,2026-04-08,Shift 2,Paper 1 (B.E./B.Tech),1,Physics,35,SINGLE_CORRECT_MCQ,[Image-based question — see question card image. NTA Question ID: 691121560],True,A,JEE_Main_2026_Session-2_2026-04-08_Shift-2_Question-Paper.pdf,NTA_IMAGE_RENDER
JM_2026_S2_0408_SHIFT2_PHY_Q036,JEE_MAIN,2026,Session 2,2026-04-08,Shift 2,Paper 1 (B.E./B.Tech),1,Physics,36,SINGLE_CORRECT_MCQ,[Image-based question — see question card image. NTA Question ID: 691121561],True,A,JEE_Main_2026_Session-2_2026-04-08_Shift-2_Question-Paper.pdf,NTA_IMAGE_RENDER
JM_2026_S2_0408_SHIFT2_PHY_Q037,JEE_MAIN,2026,Session 2,2026-04-08,Shift 2,Paper 1 (B.E./B.Tech),1,Physics,37,SINGLE_CORRECT_MCQ,[Image-based question — see question card image. NTA Question ID: 691121562],True,A,JEE_Main_2026_Session-2_2026-04-08_Shift-2_Question-Paper.pdf,NTA_IMAGE_RENDER
JM_2026_S2_0408_SHIFT2_PHY_Q038,JEE_MAIN,2026,Session 2,2026-04-08,Shift 2,Paper 1 (B.E./B.Tech),1,Physics,38,SINGLE_CORRECT_MCQ,[Image-based question — see question card image. NTA Question ID: 691121563],True,A,JEE_Main_2026_Session-2_2026-04-08_Shift-2_Question-Paper.pdf,NTA_IMAGE_RENDER
JM_2026_S2_0408_SHIFT2_PHY_Q039,JEE_MAIN,2026,Session 2,2026-04-08,Shift 2,Paper 1 (B.E./B.Tech),1,Physics,39,SINGLE_CORRECT_MCQ,[Image-based question — see question card image. NTA Question ID: 691121564],True,A,JEE_Main_2026_Session-2_2026-04-08_Shift-2_Question-Paper.pdf,NTA_IMAGE_RENDER
JM_2026_S2_0408_SHIFT2_PHY_Q040,JEE_MAIN,2026,Session 2,2026-04-08,Shift 2,Paper 1 (B.E./B.Tech),1,Physics,40,SINGLE_CORRECT_MCQ,[Image-based question — see question card image. NTA Question ID: 691121565],True,A,JEE_Main_2026_Session-2_2026-04-08_Shift-2_Question-Paper.pdf,NTA_IMAGE_RENDER
JM_2026_S2_0408_SHIFT2_PHY_Q041,JEE_MAIN,2026,Session 2,2026-04-08,Shift 2,Paper 1 (B.E./B.Tech),1,Physics,41,SINGLE_CORRECT_MCQ,[Image-based question — see question card image. NTA Question ID: 691121566],True,A,JEE_Main_2026_Session-2_2026-04-08_Shift-2_Question-Paper.pdf,NTA_IMAGE_RENDER
JM_2026_S2_0408_SHIFT2_PHY_Q042,JEE_MAIN,2026,Session 2,2026-04-08,Shift 2,Paper 1 (B.E./B.Tech),1,Physics,42,SINGLE_CORRECT_MCQ,[Image-based question — see question card image. NTA Question ID: 691121567],True,A,JEE_Main_2026_Session-2_2026-04-08_Shift-2_Question-Paper.pdf,NTA_IMAGE_RENDER
JM_2026_S2_0408_SHIFT2_PHY_Q043,JEE_MAIN,2026,Session 2,2026-04-08,Shift 2,Paper 1 (B.E./B.Tech),1,Physics,43,SINGLE_CORRECT_MCQ,[Image-based question — see question card image. NTA Question ID: 691121568],True,A,JEE_Main_2026_Session-2_2026-04-08_Shift-2_Question-Paper.pdf,NTA_IMAGE_RENDER
JM_2026_S2_0408_SHIFT2_PHY_Q044,JEE_MAIN,2026,Session 2,2026-04-08,Shift 2,Paper 1 (B.E./B.Tech),1,Physics,44,SINGLE_CORRECT_MCQ,[Image-based question — see question card image. NTA Question ID: 691121569],True,A,JEE_Main_2026_Session-2_2026-04-08_Shift-2_Question-Paper.pdf,NTA_IMAGE_RENDER
JM_2026_S2_0408_SHIFT2_PHY_Q045,JEE_MAIN,2026,Session 2,2026-04-08,Shift 2,Paper 1 (B.E./B.Tech),1,Physics,45,SINGLE_CORRECT_MCQ,[Image-based question — see question card image. NTA Question ID: 691121570],True,A,JEE_Main_2026_Session-2_2026-04-08_Shift-2_Question-Paper.pdf,NTA_IMAGE_RENDER
JM_2026_S2_0408_SHIFT2_PHY_Q046,JEE_MAIN,2026,Session 2,2026-04-08,Shift 2,Paper 1 (B.E./B.Tech),1,Physics,46,NUMERICAL,[Image-based question — see question card image. NTA Question ID: 691121571],True,B,JEE_Main_2026_Session-2_2026-04-08_Shift-2_Question-Paper.pdf,NTA_IMAGE_RENDER
JM_2026_S2_0408_SHIFT2_PHY_Q047,JEE_MAIN,2026,Session 2,2026-04-08,Shift 2,Paper 1 (B.E./B.Tech),1,Physics,47,NUMERICAL,[Image-based question — see question card image. NTA Question ID: 691121572],True,B,JEE_Main_2026_Session-2_2026-04-08_Shift-2_Question-Paper.pdf,NTA_IMAGE_RENDER
JM_2026_S2_0408_SHIFT2_PHY_Q048,JEE_MAIN,2026,Session 2,2026-04-08,Shift 2,Paper 1 (B.E./B.Tech),1,Physics,48,NUMERICAL,[Image-based question — see question card image. NTA Question ID: 691121573],True,B,JEE_Main_2026_Session-2_2026-04-08_Shift-2_Question-Paper.pdf,NTA_IMAGE_RENDER
JM_2026_S2_0408_SHIFT2_PHY_Q049,JEE_MAIN,2026,Session 2,2026-04-08,Shift 2,Paper 1 (B.E./B.Tech),1,Physics,49,NUMERICAL,[Image-based question — see question card image. NTA Question ID: 691121574],True,B,JEE_Main_2026_Session-2_2026-04-08_Shift-2_Question-Paper.pdf,NTA_IMAGE_RENDER
JM_2026_S2_0408_SHIFT2_PHY_Q050,JEE_MAIN,2026,Session 2,2026-04-08,Shift 2,Paper 1 (B.E./B.Tech),1,Physics,50,NUMERICAL,[Image-based question — see question card image. NTA Question ID: 691121575],True,B,JEE_Main_2026_Session-2_2026-04-08_Shift-2_Question-Paper.pdf,NTA_IMAGE_RENDER
JM_2026_S2_0408_SHIFT2_CHE_Q051,JEE_MAIN,2026,Session 2,2026-04-08,Shift 2,Paper 1 (B.E./B.Tech),1,Chemistry,51,SINGLE_CORRECT_MCQ,[Image-based question — see question card image. NTA Question ID: 691121576],True,A,JEE_Main_2026_Session-2_2026-04-08_Shift-2_Question-Paper.pdf,NTA_IMAGE_RENDER
JM_2026_S2_0408_SHIFT2_CHE_Q052,JEE_MAIN,2026,Session 2,2026-04-08,Shift 2,Paper 1 (B.E./B.Tech),1,Chemistry,52,SINGLE_CORRECT_MCQ,[Image-based question — see question card image. NTA Question ID: 691121577],True,A,JEE_Main_2026_Session-2_2026-04-08_Shift-2_Question-Paper.pdf,NTA_IMAGE_RENDER
JM_2026_S2_0408_SHIFT2_CHE_Q053,JEE_MAIN,2026,Session 2,2026-04-08,Shift 2,Paper 1 (B.E./B.Tech),1,Chemistry,53,SINGLE_CORRECT_MCQ,[Image-based question — see question card image. NTA Question ID: 691121578],True,A,JEE_Main_2026_Session-2_2026-04-08_Shift-2_Question-Paper.pdf,NTA_IMAGE_RENDER
JM_2026_S2_0408_SHIFT2_CHE_Q054,JEE_MAIN,2026,Session 2,2026-04-08,Shift 2,Paper 1 (B.E./B.Tech),1,Chemistry,54,SINGLE_CORRECT_MCQ,[Image-based question — see question card image. NTA Question ID: 691121579],True,A,JEE_Main_2026_Session-2_2026-04-08_Shift-2_Question-Paper.pdf,NTA_IMAGE_RENDER
JM_2026_S2_0408_SHIFT2_CHE_Q055,JEE_MAIN,2026,Session 2,2026-04-08,Shift 2,Paper 1 (B.E./B.Tech),1,Chemistry,55,SINGLE_CORRECT_MCQ,[Image-based question — see question card image. NTA Question ID: 691121580],True,A,JEE_Main_2026_Session-2_2026-04-08_Shift-2_Question-Paper.pdf,NTA_IMAGE_RENDER
JM_2026_S2_0408_SHIFT2_CHE_Q056,JEE_MAIN,2026,Session 2,2026-04-08,Shift 2,Paper 1 (B.E./B.Tech),1,Chemistry,56,SINGLE_CORRECT_MCQ,[Image-based question — see question card image. NTA Question ID: 691121581],True,A,JEE_Main_2026_Session-2_2026-04-08_Shift-2_Question-Paper.pdf,NTA_IMAGE_RENDER
JM_2026_S2_0408_SHIFT2_CHE_Q057,JEE_MAIN,2026,Session 2,2026-04-08,Shift 2,Paper 1 (B.E./B.Tech),1,Chemistry,57,SINGLE_CORRECT_MCQ,[Image-based question — see question card image. NTA Question ID: 691121582],True,A,JEE_Main_2026_Session-2_2026-04-08_Shift-2_Question-Paper.pdf,NTA_IMAGE_RENDER
JM_2026_S2_0408_SHIFT2_CHE_Q058,JEE_MAIN,2026,Session 2,2026-04-08,Shift 2,Paper 1 (B.E./B.Tech),1,Chemistry,58,SINGLE_CORRECT_MCQ,[Image-based question — see question card image. NTA Question ID: 691121583],True,A,JEE_Main_2026_Session-2_2026-04-08_Shift-2_Question-Paper.pdf,NTA_IMAGE_RENDER
JM_2026_S2_0408_SHIFT2_CHE_Q059,JEE_MAIN,2026,Session 2,2026-04-08,Shift 2,Paper 1 (B.E./B.Tech),1,Chemistry,59,SINGLE_CORRECT_MCQ,[Image-based question — see question card image. NTA Question ID: 691121584],True,A,JEE_Main_2026_Session-2_2026-04-08_Shift-2_Question-Paper.pdf,NTA_IMAGE_RENDER
JM_2026_S2_0408_SHIFT2_CHE_Q060,JEE_MAIN,2026,Session 2,2026-04-08,Shift 2,Paper 1 (B.E./B.Tech),1,Chemistry,60,SINGLE_CORRECT_MCQ,[Image-based question — see question card image. NTA Question ID: 691121585],True,A,JEE_Main_2026_Session-2_2026-04-08_Shift-2_Question-Paper.pdf,NTA_IMAGE_RENDER
JM_2026_S2_0408_SHIFT2_CHE_Q061,JEE_MAIN,2026,Session 2,2026-04-08,Shift 2,Paper 1 (B.E./B.Tech),1,Chemistry,61,SINGLE_CORRECT_MCQ,[Image-based question — see question card image. NTA Question ID: 691121586],True,A,JEE_Main_2026_Session-2_2026-04-08_Shift-2_Question-Paper.pdf,NTA_IMAGE_RENDER
JM_2026_S2_0408_SHIFT2_CHE_Q062,JEE_MAIN,2026,Session 2,2026-04-08,Shift 2,Paper 1 (B.E./B.Tech),1,Chemistry,62,SINGLE_CORRECT_MCQ,[Image-based question — see question card image. NTA Question ID: 691121587],True,A,JEE_Main_2026_Session-2_2026-04-08_Shift-2_Question-Paper.pdf,NTA_IMAGE_RENDER
JM_2026_S2_0408_SHIFT2_CHE_Q063,JEE_MAIN,2026,Session 2,2026-04-08,Shift 2,Paper 1 (B.E./B.Tech),1,Chemistry,63,SINGLE_CORRECT_MCQ,[Image-based question — see question card image. NTA Question ID: 691121588],True,A,JEE_Main_2026_Session-2_2026-04-08_Shift-2_Question-Paper.pdf,NTA_IMAGE_RENDER
JM_2026_S2_0408_SHIFT2_CHE_Q064,JEE_MAIN,2026,Session 2,2026-04-08,Shift 2,Paper 1 (B.E./B.Tech),1,Chemistry,64,SINGLE_CORRECT_MCQ,[Image-based question — see question card image. NTA Question ID: 691121589],True,A,JEE_Main_2026_Session-2_2026-04-08_Shift-2_Question-Paper.pdf,NTA_IMAGE_RENDER
JM_2026_S2_0408_SHIFT2_CHE_Q065,JEE_MAIN,2026,Session 2,2026-04-08,Shift 2,Paper 1 (B.E./B.Tech),1,Chemistry,65,SINGLE_CORRECT_MCQ,[Image-based question — see question card image. NTA Question ID: 691121590],True,A,JEE_Main_2026_Session-2_2026-04-08_Shift-2_Question-Paper.pdf,NTA_IMAGE_RENDER
JM_2026_S2_0408_SHIFT2_CHE_Q066,JEE_MAIN,2026,Session 2,2026-04-08,Shift 2,Paper 1 (B.E./B.Tech),1,Chemistry,66,SINGLE_CORRECT_MCQ,[Image-based question — see question card image. NTA Question ID: 691121591],True,A,JEE_Main_2026_Session-2_2026-04-08_Shift-2_Question-Paper.pdf,NTA_IMAGE_RENDER
JM_2026_S2_0408_SHIFT2_CHE_Q067,JEE_MAIN,2026,Session 2,2026-04-08,Shift 2,Paper 1 (B.E./B.Tech),1,Chemistry,67,SINGLE_CORRECT_MCQ,[Image-based question — see question card image. NTA Question ID: 691121592],True,A,JEE_Main_2026_Session-2_2026-04-08_Shift-2_Question-Paper.pdf,NTA_IMAGE_RENDER
JM_2026_S2_0408_SHIFT2_CHE_Q068,JEE_MAIN,2026,Session 2,2026-04-08,Shift 2,Paper 1 (B.E./B.Tech),1,Chemistry,68,SINGLE_CORRECT_MCQ,[Image-based question — see question card image. NTA Question ID: 691121593],True,A,JEE_Main_2026_Session-2_2026-04-08_Shift-2_Question-Paper.pdf,NTA_IMAGE_RENDER
JM_2026_S2_0408_SHIFT2_CHE_Q069,JEE_MAIN,2026,Session 2,2026-04-08,Shift 2,Paper 1 (B.E./B.Tech),1,Chemistry,69,SINGLE_CORRECT_MCQ,[Image-based question — see question card image. NTA Question ID: 691121594],True,A,JEE_Main_2026_Session-2_2026-04-08_Shift-2_Question-Paper.pdf,NTA_IMAGE_RENDER
JM_2026_S2_0408_SHIFT2_CHE_Q070,JEE_MAIN,2026,Session 2,2026-04-08,Shift 2,Paper 1 (B.E./B.Tech),1,Chemistry,70,SINGLE_CORRECT_MCQ,[Image-based question — see question card image. NTA Question ID: 691121595],True,A,JEE_Main_2026_Session-2_2026-04-08_Shift-2_Question-Paper.pdf,NTA_IMAGE_RENDER
JM_2026_S2_0408_SHIFT2_CHE_Q071,JEE_MAIN,2026,Session 2,2026-04-08,Shift 2,Paper 1 (B.E./B.Tech),1,Chemistry,71,NUMERICAL,[Image-based question — see question card image. NTA Question ID: 691121596],True,B,JEE_Main_2026_Session-2_2026-04-08_Shift-2_Question-Paper.pdf,NTA_IMAGE_RENDER
JM_2026_S2_0408_SHIFT2_CHE_Q072,JEE_MAIN,2026,Session 2,2026-04-08,Shift 2,Paper 1 (B.E./B.Tech),1,Chemistry,72,NUMERICAL,[Image-based question — see question card image. NTA Question ID: 691121597],True,B,JEE_Main_2026_Session-2_2026-04-08_Shift-2_Question-Paper.pdf,NTA_IMAGE_RENDER
JM_2026_S2_0408_SHIFT2_CHE_Q073,JEE_MAIN,2026,Session 2,2026-04-08,Shift 2,Paper 1 (B.E./B.Tech),1,Chemistry,73,NUMERICAL,[Image-based question — see question card image. NTA Question ID: 691121598],True,B,JEE_Main_2026_Session-2_2026-04-08_Shift-2_Question-Paper.pdf,NTA_IMAGE_RENDER
JM_2026_S2_0408_SHIFT2_CHE_Q074,JEE_MAIN,2026,Session 2,2026-04-08,Shift 2,Paper 1 (B.E./B.Tech),1,Chemistry,74,NUMERICAL,[Image-based question — see question card image. NTA Question ID: 691121599],True,B,JEE_Main_2026_Session-2_2026-04-08_Shift-2_Question-Paper.pdf,NTA_IMAGE_RENDER
JM_2026_S2_0408_SHIFT2_CHE_Q075,JEE_MAIN,2026,Session 2,2026-04-08,Shift 2,Paper 1 (B.E./B.Tech),1,Chemistry,75,NUMERICAL,[Image-based question — see question card image. NTA Question ID: 691121600],True,B,JEE_Main_2026_Session-2_2026-04-08_Shift-2_Question-Paper.pdf,NTA_IMAGE_RENDER
