question_id,exam,year,session,exam_date,shift,paper,subject,chapter,topic,question_type,original_question_number,correct_answer,numerical_answer,answer_status,answer_confidence,marks_correct,marks_incorrect,image_asset_path,source_pdf,source_page,display_badge
JM_2026_S2_0402_SHIFT1_MAT_Q001,JEE_MAIN,2026,Session 2,2026-04-02,Shift 1,Paper 1 (B.E./B.Tech),Mathematics,Matrices and Determinants,Matrix Transformations,SINGLE_CORRECT_MCQ,1,C,,OFFICIAL_VERIFIED,HIGH,4.0,-1.0,JEE_MAIN\images\JM_2026_S2_0402_SHIFT1_MAT_Q001\question_diagram.png,JEE_Main_PYQ_Archive\2026\Session-2\Question-Papers\JEE_Main_2026_Session-2_2026-04-02_Shift-1_Question-Paper.pdf,1,[JEE MAIN] [2026] [Session 2 • 02 Apr • Shift 1]
JM_2026_S2_0402_SHIFT1_MAT_Q002,JEE_MAIN,2026,Session 2,2026-04-02,Shift 1,Paper 1 (B.E./B.Tech),Mathematics,Matrices and Determinants,Matrix Transformations,SINGLE_CORRECT_MCQ,2,C,,OFFICIAL_VERIFIED,HIGH,4.0,-1.0,JEE_MAIN\images\JM_2026_S2_0402_SHIFT1_MAT_Q002\question_diagram.png,JEE_Main_PYQ_Archive\2026\Session-2\Question-Papers\JEE_Main_2026_Session-2_2026-04-02_Shift-1_Question-Paper.pdf,1,[JEE MAIN] [2026] [Session 2 • 02 Apr • Shift 1]
JM_2026_S2_0402_SHIFT1_MAT_Q003,JEE_MAIN,2026,Session 2,2026-04-02,Shift 1,Paper 1 (B.E./B.Tech),Mathematics,Matrices and Determinants,Matrix Transformations,SINGLE_CORRECT_MCQ,3,C,,OFFICIAL_VERIFIED,HIGH,4.0,-1.0,JEE_MAIN\images\JM_2026_S2_0402_SHIFT1_MAT_Q003\question_diagram.png,JEE_Main_PYQ_Archive\2026\Session-2\Question-Papers\JEE_Main_2026_Session-2_2026-04-02_Shift-1_Question-Paper.pdf,2,[JEE MAIN] [2026] [Session 2 • 02 Apr • Shift 1]
JM_2026_S2_0402_SHIFT1_MAT_Q004,JEE_MAIN,2026,Session 2,2026-04-02,Shift 1,Paper 1 (B.E./B.Tech),Mathematics,Matrices and Determinants,Matrix Transformations,SINGLE_CORRECT_MCQ,4,C,,OFFICIAL_VERIFIED,HIGH,4.0,-1.0,JEE_MAIN\images\JM_2026_S2_0402_SHIFT1_MAT_Q004\question_diagram.png,JEE_Main_PYQ_Archive\2026\Session-2\Question-Papers\JEE_Main_2026_Session-2_2026-04-02_Shift-1_Question-Paper.pdf,2,[JEE MAIN] [2026] [Session 2 • 02 Apr • Shift 1]
JM_2026_S2_0402_SHIFT1_MAT_Q005,JEE_MAIN,2026,Session 2,2026-04-02,Shift 1,Paper 1 (B.E./B.Tech),Mathematics,Matrices and Determinants,Matrix Transformations,SINGLE_CORRECT_MCQ,5,C,,OFFICIAL_VERIFIED,HIGH,4.0,-1.0,JEE_MAIN\images\JM_2026_S2_0402_SHIFT1_MAT_Q005\question_diagram.png,JEE_Main_PYQ_Archive\2026\Session-2\Question-Papers\JEE_Main_2026_Session-2_2026-04-02_Shift-1_Question-Paper.pdf,3,[JEE MAIN] [2026] [Session 2 • 02 Apr • Shift 1]
JM_2026_S2_0402_SHIFT1_MAT_Q006,JEE_MAIN,2026,Session 2,2026-04-02,Shift 1,Paper 1 (B.E./B.Tech),Mathematics,Coordinate Geometry (2D),Circle Equations and Tangents,SINGLE_CORRECT_MCQ,6,D,,OFFICIAL_VERIFIED,HIGH,4.0,-1.0,JEE_MAIN\images\JM_2026_S2_0402_SHIFT1_MAT_Q006\question_diagram.png,JEE_Main_PYQ_Archive\2026\Session-2\Question-Papers\JEE_Main_2026_Session-2_2026-04-02_Shift-1_Question-Paper.pdf,3,[JEE MAIN] [2026] [Session 2 • 02 Apr • Shift 1]
JM_2026_S2_0402_SHIFT1_MAT_Q007,JEE_MAIN,2026,Session 2,2026-04-02,Shift 1,Paper 1 (B.E./B.Tech),Mathematics,Coordinate Geometry (2D),Circle Equations and Tangents,SINGLE_CORRECT_MCQ,7,C,,OFFICIAL_VERIFIED,HIGH,4.0,-1.0,JEE_MAIN\images\JM_2026_S2_0402_SHIFT1_MAT_Q007\question_diagram.png,JEE_Main_PYQ_Archive\2026\Session-2\Question-Papers\JEE_Main_2026_Session-2_2026-04-02_Shift-1_Question-Paper.pdf,3,[JEE MAIN] [2026] [Session 2 • 02 Apr • Shift 1]
JM_2026_S2_0402_SHIFT1_MAT_Q008,JEE_MAIN,2026,Session 2,2026-04-02,Shift 1,Paper 1 (B.E./B.Tech),Mathematics,Coordinate Geometry (2D),Circle Equations and Tangents,SINGLE_CORRECT_MCQ,8,D,,OFFICIAL_VERIFIED,HIGH,4.0,-1.0,JEE_MAIN\images\JM_2026_S2_0402_SHIFT1_MAT_Q008\question_diagram.png,JEE_Main_PYQ_Archive\2026\Session-2\Question-Papers\JEE_Main_2026_Session-2_2026-04-02_Shift-1_Question-Paper.pdf,4,[JEE MAIN] [2026] [Session 2 • 02 Apr • Shift 1]
JM_2026_S2_0402_SHIFT1_MAT_Q009,JEE_MAIN,2026,Session 2,2026-04-02,Shift 1,Paper 1 (B.E./B.Tech),Mathematics,Coordinate Geometry (2D),Circle Equations and Tangents,SINGLE_CORRECT_MCQ,9,D,,OFFICIAL_VERIFIED,HIGH,4.0,-1.0,JEE_MAIN\images\JM_2026_S2_0402_SHIFT1_MAT_Q009\question_diagram.png,JEE_Main_PYQ_Archive\2026\Session-2\Question-Papers\JEE_Main_2026_Session-2_2026-04-02_Shift-1_Question-Paper.pdf,4,[JEE MAIN] [2026] [Session 2 • 02 Apr • Shift 1]
JM_2026_S2_0402_SHIFT1_MAT_Q010,JEE_MAIN,2026,Session 2,2026-04-02,Shift 1,Paper 1 (B.E./B.Tech),Mathematics,Coordinate Geometry (2D),Circle Equations and Tangents,SINGLE_CORRECT_MCQ,10,A,,OFFICIAL_VERIFIED,HIGH,4.0,-1.0,JEE_MAIN\images\JM_2026_S2_0402_SHIFT1_MAT_Q010\question_diagram.png,JEE_Main_PYQ_Archive\2026\Session-2\Question-Papers\JEE_Main_2026_Session-2_2026-04-02_Shift-1_Question-Paper.pdf,4,[JEE MAIN] [2026] [Session 2 • 02 Apr • Shift 1]
JM_2026_S2_0402_SHIFT1_MAT_Q011,JEE_MAIN,2026,Session 2,2026-04-02,Shift 1,Paper 1 (B.E./B.Tech),Mathematics,Indefinite and Definite Integration,Properties of Definite Integrals,SINGLE_CORRECT_MCQ,11,B,,OFFICIAL_VERIFIED,HIGH,4.0,-1.0,JEE_MAIN\images\JM_2026_S2_0402_SHIFT1_MAT_Q011\question_diagram.png,JEE_Main_PYQ_Archive\2026\Session-2\Question-Papers\JEE_Main_2026_Session-2_2026-04-02_Shift-1_Question-Paper.pdf,5,[JEE MAIN] [2026] [Session 2 • 02 Apr • Shift 1]
JM_2026_S2_0402_SHIFT1_MAT_Q012,JEE_MAIN,2026,Session 2,2026-04-02,Shift 1,Paper 1 (B.E./B.Tech),Mathematics,Indefinite and Definite Integration,Properties of Definite Integrals,SINGLE_CORRECT_MCQ,12,A,,OFFICIAL_VERIFIED,HIGH,4.0,-1.0,JEE_MAIN\images\JM_2026_S2_0402_SHIFT1_MAT_Q012\question_diagram.png,JEE_Main_PYQ_Archive\2026\Session-2\Question-Papers\JEE_Main_2026_Session-2_2026-04-02_Shift-1_Question-Paper.pdf,5,[JEE MAIN] [2026] [Session 2 • 02 Apr • Shift 1]
JM_2026_S2_0402_SHIFT1_MAT_Q013,JEE_MAIN,2026,Session 2,2026-04-02,Shift 1,Paper 1 (B.E./B.Tech),Mathematics,Indefinite and Definite Integration,Properties of Definite Integrals,SINGLE_CORRECT_MCQ,13,C,,OFFICIAL_VERIFIED,HIGH,4.0,-1.0,JEE_MAIN\images\JM_2026_S2_0402_SHIFT1_MAT_Q013\question_diagram.png,JEE_Main_PYQ_Archive\2026\Session-2\Question-Papers\JEE_Main_2026_Session-2_2026-04-02_Shift-1_Question-Paper.pdf,6,[JEE MAIN] [2026] [Session 2 • 02 Apr • Shift 1]
JM_2026_S2_0402_SHIFT1_MAT_Q014,JEE_MAIN,2026,Session 2,2026-04-02,Shift 1,Paper 1 (B.E./B.Tech),Mathematics,Indefinite and Definite Integration,Properties of Definite Integrals,SINGLE_CORRECT_MCQ,14,D,,OFFICIAL_VERIFIED,HIGH,4.0,-1.0,JEE_MAIN\images\JM_2026_S2_0402_SHIFT1_MAT_Q014\question_diagram.png,JEE_Main_PYQ_Archive\2026\Session-2\Question-Papers\JEE_Main_2026_Session-2_2026-04-02_Shift-1_Question-Paper.pdf,6,[JEE MAIN] [2026] [Session 2 • 02 Apr • Shift 1]
JM_2026_S2_0402_SHIFT1_MAT_Q015,JEE_MAIN,2026,Session 2,2026-04-02,Shift 1,Paper 1 (B.E./B.Tech),Mathematics,Indefinite and Definite Integration,Properties of Definite Integrals,SINGLE_CORRECT_MCQ,15,D,,OFFICIAL_VERIFIED,HIGH,4.0,-1.0,JEE_MAIN\images\JM_2026_S2_0402_SHIFT1_MAT_Q015\question_diagram.png,JEE_Main_PYQ_Archive\2026\Session-2\Question-Papers\JEE_Main_2026_Session-2_2026-04-02_Shift-1_Question-Paper.pdf,6,[JEE MAIN] [2026] [Session 2 • 02 Apr • Shift 1]
JM_2026_S2_0402_SHIFT1_MAT_Q016,JEE_MAIN,2026,Session 2,2026-04-02,Shift 1,Paper 1 (B.E./B.Tech),Mathematics,Indefinite and Definite Integration,Properties of Definite Integrals,SINGLE_CORRECT_MCQ,16,C,,OFFICIAL_VERIFIED,HIGH,4.0,-1.0,JEE_MAIN\images\JM_2026_S2_0402_SHIFT1_MAT_Q016\question_diagram.png,JEE_Main_PYQ_Archive\2026\Session-2\Question-Papers\JEE_Main_2026_Session-2_2026-04-02_Shift-1_Question-Paper.pdf,7,[JEE MAIN] [2026] [Session 2 • 02 Apr • Shift 1]
JM_2026_S2_0402_SHIFT1_MAT_Q017,JEE_MAIN,2026,Session 2,2026-04-02,Shift 1,Paper 1 (B.E./B.Tech),Mathematics,Indefinite and Definite Integration,Properties of Definite Integrals,SINGLE_CORRECT_MCQ,17,D,,OFFICIAL_VERIFIED,HIGH,4.0,-1.0,JEE_MAIN\images\JM_2026_S2_0402_SHIFT1_MAT_Q017\question_diagram.png,JEE_Main_PYQ_Archive\2026\Session-2\Question-Papers\JEE_Main_2026_Session-2_2026-04-02_Shift-1_Question-Paper.pdf,7,[JEE MAIN] [2026] [Session 2 • 02 Apr • Shift 1]
JM_2026_S2_0402_SHIFT1_MAT_Q018,JEE_MAIN,2026,Session 2,2026-04-02,Shift 1,Paper 1 (B.E./B.Tech),Mathematics,Indefinite and Definite Integration,Properties of Definite Integrals,SINGLE_CORRECT_MCQ,18,D,,OFFICIAL_VERIFIED,HIGH,4.0,-1.0,JEE_MAIN\images\JM_2026_S2_0402_SHIFT1_MAT_Q018\question_diagram.png,JEE_Main_PYQ_Archive\2026\Session-2\Question-Papers\JEE_Main_2026_Session-2_2026-04-02_Shift-1_Question-Paper.pdf,7,[JEE MAIN] [2026] [Session 2 • 02 Apr • Shift 1]
JM_2026_S2_0402_SHIFT1_MAT_Q019,JEE_MAIN,2026,Session 2,2026-04-02,Shift 1,Paper 1 (B.E./B.Tech),Mathematics,Vector Algebra and 3D Geometry,Plane and Shortest Distance Between Lines,SINGLE_CORRECT_MCQ,19,C,,OFFICIAL_VERIFIED,HIGH,4.0,-1.0,JEE_MAIN\images\JM_2026_S2_0402_SHIFT1_MAT_Q019\question_diagram.png,JEE_Main_PYQ_Archive\2026\Session-2\Question-Papers\JEE_Main_2026_Session-2_2026-04-02_Shift-1_Question-Paper.pdf,8,[JEE MAIN] [2026] [Session 2 • 02 Apr • Shift 1]
JM_2026_S2_0402_SHIFT1_MAT_Q020,JEE_MAIN,2026,Session 2,2026-04-02,Shift 1,Paper 1 (B.E./B.Tech),Mathematics,Vector Algebra and 3D Geometry,Plane and Shortest Distance Between Lines,SINGLE_CORRECT_MCQ,20,A,,OFFICIAL_VERIFIED,HIGH,4.0,-1.0,JEE_MAIN\images\JM_2026_S2_0402_SHIFT1_MAT_Q020\question_diagram.png,JEE_Main_PYQ_Archive\2026\Session-2\Question-Papers\JEE_Main_2026_Session-2_2026-04-02_Shift-1_Question-Paper.pdf,8,[JEE MAIN] [2026] [Session 2 • 02 Apr • Shift 1]
JM_2026_S2_0402_SHIFT1_MAT_Q021,JEE_MAIN,2026,Session 2,2026-04-02,Shift 1,Paper 1 (B.E./B.Tech),Mathematics,Vector Algebra and 3D Geometry,Plane and Shortest Distance Between Lines,NUMERICAL,21,4,4.0,OFFICIAL_VERIFIED,HIGH,4.0,-1.0,JEE_MAIN\images\JM_2026_S2_0402_SHIFT1_MAT_Q021\question_diagram.png,JEE_Main_PYQ_Archive\2026\Session-2\Question-Papers\JEE_Main_2026_Session-2_2026-04-02_Shift-1_Question-Paper.pdf,9,[JEE MAIN] [2026] [Session 2 • 02 Apr • Shift 1]
JM_2026_S2_0402_SHIFT1_MAT_Q022,JEE_MAIN,2026,Session 2,2026-04-02,Shift 1,Paper 1 (B.E./B.Tech),Mathematics,Vector Algebra and 3D Geometry,Plane and Shortest Distance Between Lines,NUMERICAL,22,91,91.0,OFFICIAL_VERIFIED,HIGH,4.0,-1.0,JEE_MAIN\images\JM_2026_S2_0402_SHIFT1_MAT_Q022\question_diagram.png,JEE_Main_PYQ_Archive\2026\Session-2\Question-Papers\JEE_Main_2026_Session-2_2026-04-02_Shift-1_Question-Paper.pdf,9,[JEE MAIN] [2026] [Session 2 • 02 Apr • Shift 1]
JM_2026_S2_0402_SHIFT1_MAT_Q023,JEE_MAIN,2026,Session 2,2026-04-02,Shift 1,Paper 1 (B.E./B.Tech),Mathematics,Vector Algebra and 3D Geometry,Plane and Shortest Distance Between Lines,NUMERICAL,23,81,81.0,OFFICIAL_VERIFIED,HIGH,4.0,-1.0,JEE_MAIN\images\JM_2026_S2_0402_SHIFT1_MAT_Q023\question_diagram.png,JEE_Main_PYQ_Archive\2026\Session-2\Question-Papers\JEE_Main_2026_Session-2_2026-04-02_Shift-1_Question-Paper.pdf,9,[JEE MAIN] [2026] [Session 2 • 02 Apr • Shift 1]
JM_2026_S2_0402_SHIFT1_MAT_Q024,JEE_MAIN,2026,Session 2,2026-04-02,Shift 1,Paper 1 (B.E./B.Tech),Mathematics,Vector Algebra and 3D Geometry,Plane and Shortest Distance Between Lines,NUMERICAL,24,8,8.0,OFFICIAL_VERIFIED,HIGH,4.0,-1.0,JEE_MAIN\images\JM_2026_S2_0402_SHIFT1_MAT_Q024\question_diagram.png,JEE_Main_PYQ_Archive\2026\Session-2\Question-Papers\JEE_Main_2026_Session-2_2026-04-02_Shift-1_Question-Paper.pdf,9,[JEE MAIN] [2026] [Session 2 • 02 Apr • Shift 1]
JM_2026_S2_0402_SHIFT1_MAT_Q025,JEE_MAIN,2026,Session 2,2026-04-02,Shift 1,Paper 1 (B.E./B.Tech),Mathematics,Vector Algebra and 3D Geometry,Plane and Shortest Distance Between Lines,NUMERICAL,25,192,192.0,OFFICIAL_VERIFIED,HIGH,4.0,-1.0,JEE_MAIN\images\JM_2026_S2_0402_SHIFT1_MAT_Q025\question_diagram.png,JEE_Main_PYQ_Archive\2026\Session-2\Question-Papers\JEE_Main_2026_Session-2_2026-04-02_Shift-1_Question-Paper.pdf,10,[JEE MAIN] [2026] [Session 2 • 02 Apr • Shift 1]
JM_2026_S2_0402_SHIFT1_PHY_Q026,JEE_MAIN,2026,Session 2,2026-04-02,Shift 1,Paper 1 (B.E./B.Tech),Physics,Modern Physics,Photoelectric Effect,SINGLE_CORRECT_MCQ,26,B,,OFFICIAL_VERIFIED,HIGH,4.0,-1.0,JEE_MAIN\images\JM_2026_S2_0402_SHIFT1_PHY_Q026\question_diagram.png,JEE_Main_PYQ_Archive\2026\Session-2\Question-Papers\JEE_Main_2026_Session-2_2026-04-02_Shift-1_Question-Paper.pdf,10,[JEE MAIN] [2026] [Session 2 • 02 Apr • Shift 1]
JM_2026_S2_0402_SHIFT1_PHY_Q027,JEE_MAIN,2026,Session 2,2026-04-02,Shift 1,Paper 1 (B.E./B.Tech),Physics,Modern Physics,Photoelectric Effect,SINGLE_CORRECT_MCQ,27,D,,OFFICIAL_VERIFIED,HIGH,4.0,-1.0,JEE_MAIN\images\JM_2026_S2_0402_SHIFT1_PHY_Q027\question_diagram.png,JEE_Main_PYQ_Archive\2026\Session-2\Question-Papers\JEE_Main_2026_Session-2_2026-04-02_Shift-1_Question-Paper.pdf,10,[JEE MAIN] [2026] [Session 2 • 02 Apr • Shift 1]
JM_2026_S2_0402_SHIFT1_PHY_Q028,JEE_MAIN,2026,Session 2,2026-04-02,Shift 1,Paper 1 (B.E./B.Tech),Physics,Modern Physics,Photoelectric Effect,SINGLE_CORRECT_MCQ,28,D,,OFFICIAL_VERIFIED,HIGH,4.0,-1.0,JEE_MAIN\images\JM_2026_S2_0402_SHIFT1_PHY_Q028\question_diagram.png,JEE_Main_PYQ_Archive\2026\Session-2\Question-Papers\JEE_Main_2026_Session-2_2026-04-02_Shift-1_Question-Paper.pdf,11,[JEE MAIN] [2026] [Session 2 • 02 Apr • Shift 1]
JM_2026_S2_0402_SHIFT1_PHY_Q029,JEE_MAIN,2026,Session 2,2026-04-02,Shift 1,Paper 1 (B.E./B.Tech),Physics,Modern Physics,Photoelectric Effect,SINGLE_CORRECT_MCQ,29,B,,OFFICIAL_VERIFIED,HIGH,4.0,-1.0,JEE_MAIN\images\JM_2026_S2_0402_SHIFT1_PHY_Q029\question_diagram.png,JEE_Main_PYQ_Archive\2026\Session-2\Question-Papers\JEE_Main_2026_Session-2_2026-04-02_Shift-1_Question-Paper.pdf,11,[JEE MAIN] [2026] [Session 2 • 02 Apr • Shift 1]
JM_2026_S2_0402_SHIFT1_PHY_Q030,JEE_MAIN,2026,Session 2,2026-04-02,Shift 1,Paper 1 (B.E./B.Tech),Physics,Modern Physics,Photoelectric Effect,SINGLE_CORRECT_MCQ,30,D,,OFFICIAL_VERIFIED,HIGH,4.0,-1.0,JEE_MAIN\images\JM_2026_S2_0402_SHIFT1_PHY_Q030\question_diagram.png,JEE_Main_PYQ_Archive\2026\Session-2\Question-Papers\JEE_Main_2026_Session-2_2026-04-02_Shift-1_Question-Paper.pdf,12,[JEE MAIN] [2026] [Session 2 • 02 Apr • Shift 1]
JM_2026_S2_0402_SHIFT1_PHY_Q031,JEE_MAIN,2026,Session 2,2026-04-02,Shift 1,Paper 1 (B.E./B.Tech),Physics,Modern Physics,Photoelectric Effect,SINGLE_CORRECT_MCQ,31,A,,OFFICIAL_VERIFIED,HIGH,4.0,-1.0,JEE_MAIN\images\JM_2026_S2_0402_SHIFT1_PHY_Q031\question_diagram.png,JEE_Main_PYQ_Archive\2026\Session-2\Question-Papers\JEE_Main_2026_Session-2_2026-04-02_Shift-1_Question-Paper.pdf,12,[JEE MAIN] [2026] [Session 2 • 02 Apr • Shift 1]
JM_2026_S2_0402_SHIFT1_PHY_Q032,JEE_MAIN,2026,Session 2,2026-04-02,Shift 1,Paper 1 (B.E./B.Tech),Physics,Modern Physics,Photoelectric Effect,SINGLE_CORRECT_MCQ,32,D,,OFFICIAL_VERIFIED,HIGH,4.0,-1.0,JEE_MAIN\images\JM_2026_S2_0402_SHIFT1_PHY_Q032\question_diagram.png,JEE_Main_PYQ_Archive\2026\Session-2\Question-Papers\JEE_Main_2026_Session-2_2026-04-02_Shift-1_Question-Paper.pdf,12,[JEE MAIN] [2026] [Session 2 • 02 Apr • Shift 1]
JM_2026_S2_0402_SHIFT1_PHY_Q033,JEE_MAIN,2026,Session 2,2026-04-02,Shift 1,Paper 1 (B.E./B.Tech),Physics,Modern Physics,Photoelectric Effect,SINGLE_CORRECT_MCQ,33,B,,OFFICIAL_VERIFIED,HIGH,4.0,-1.0,JEE_MAIN\images\JM_2026_S2_0402_SHIFT1_PHY_Q033\question_diagram.png,JEE_Main_PYQ_Archive\2026\Session-2\Question-Papers\JEE_Main_2026_Session-2_2026-04-02_Shift-1_Question-Paper.pdf,13,[JEE MAIN] [2026] [Session 2 • 02 Apr • Shift 1]
JM_2026_S2_0402_SHIFT1_PHY_Q034,JEE_MAIN,2026,Session 2,2026-04-02,Shift 1,Paper 1 (B.E./B.Tech),Physics,Modern Physics,Photoelectric Effect,SINGLE_CORRECT_MCQ,34,B,,OFFICIAL_VERIFIED,HIGH,4.0,-1.0,JEE_MAIN\images\JM_2026_S2_0402_SHIFT1_PHY_Q034\question_diagram.png,JEE_Main_PYQ_Archive\2026\Session-2\Question-Papers\JEE_Main_2026_Session-2_2026-04-02_Shift-1_Question-Paper.pdf,13,[JEE MAIN] [2026] [Session 2 • 02 Apr • Shift 1]
JM_2026_S2_0402_SHIFT1_PHY_Q035,JEE_MAIN,2026,Session 2,2026-04-02,Shift 1,Paper 1 (B.E./B.Tech),Physics,Modern Physics,Photoelectric Effect,SINGLE_CORRECT_MCQ,35,B,,OFFICIAL_VERIFIED,HIGH,4.0,-1.0,JEE_MAIN\images\JM_2026_S2_0402_SHIFT1_PHY_Q035\question_diagram.png,JEE_Main_PYQ_Archive\2026\Session-2\Question-Papers\JEE_Main_2026_Session-2_2026-04-02_Shift-1_Question-Paper.pdf,14,[JEE MAIN] [2026] [Session 2 • 02 Apr • Shift 1]
JM_2026_S2_0402_SHIFT1_PHY_Q036,JEE_MAIN,2026,Session 2,2026-04-02,Shift 1,Paper 1 (B.E./B.Tech),Physics,Modern Physics,Photoelectric Effect,SINGLE_CORRECT_MCQ,36,D,,OFFICIAL_VERIFIED,HIGH,4.0,-1.0,JEE_MAIN\images\JM_2026_S2_0402_SHIFT1_PHY_Q036\question_diagram.png,JEE_Main_PYQ_Archive\2026\Session-2\Question-Papers\JEE_Main_2026_Session-2_2026-04-02_Shift-1_Question-Paper.pdf,14,[JEE MAIN] [2026] [Session 2 • 02 Apr • Shift 1]
JM_2026_S2_0402_SHIFT1_PHY_Q037,JEE_MAIN,2026,Session 2,2026-04-02,Shift 1,Paper 1 (B.E./B.Tech),Physics,Modern Physics,Photoelectric Effect,SINGLE_CORRECT_MCQ,37,D,,OFFICIAL_VERIFIED,HIGH,4.0,-1.0,JEE_MAIN\images\JM_2026_S2_0402_SHIFT1_PHY_Q037\question_diagram.png,JEE_Main_PYQ_Archive\2026\Session-2\Question-Papers\JEE_Main_2026_Session-2_2026-04-02_Shift-1_Question-Paper.pdf,15,[JEE MAIN] [2026] [Session 2 • 02 Apr • Shift 1]
JM_2026_S2_0402_SHIFT1_PHY_Q038,JEE_MAIN,2026,Session 2,2026-04-02,Shift 1,Paper 1 (B.E./B.Tech),Physics,Modern Physics,Photoelectric Effect,SINGLE_CORRECT_MCQ,38,C,,OFFICIAL_VERIFIED,HIGH,4.0,-1.0,JEE_MAIN\images\JM_2026_S2_0402_SHIFT1_PHY_Q038\question_diagram.png,JEE_Main_PYQ_Archive\2026\Session-2\Question-Papers\JEE_Main_2026_Session-2_2026-04-02_Shift-1_Question-Paper.pdf,15,[JEE MAIN] [2026] [Session 2 • 02 Apr • Shift 1]
JM_2026_S2_0402_SHIFT1_PHY_Q039,JEE_MAIN,2026,Session 2,2026-04-02,Shift 1,Paper 1 (B.E./B.Tech),Physics,Modern Physics,Photoelectric Effect,SINGLE_CORRECT_MCQ,39,C,,OFFICIAL_VERIFIED,HIGH,4.0,-1.0,JEE_MAIN\images\JM_2026_S2_0402_SHIFT1_PHY_Q039\question_diagram.png,JEE_Main_PYQ_Archive\2026\Session-2\Question-Papers\JEE_Main_2026_Session-2_2026-04-02_Shift-1_Question-Paper.pdf,16,[JEE MAIN] [2026] [Session 2 • 02 Apr • Shift 1]
JM_2026_S2_0402_SHIFT1_PHY_Q040,JEE_MAIN,2026,Session 2,2026-04-02,Shift 1,Paper 1 (B.E./B.Tech),Physics,Modern Physics,Photoelectric Effect,SINGLE_CORRECT_MCQ,40,D,,OFFICIAL_VERIFIED,HIGH,4.0,-1.0,JEE_MAIN\images\JM_2026_S2_0402_SHIFT1_PHY_Q040\question_diagram.png,JEE_Main_PYQ_Archive\2026\Session-2\Question-Papers\JEE_Main_2026_Session-2_2026-04-02_Shift-1_Question-Paper.pdf,16,[JEE MAIN] [2026] [Session 2 • 02 Apr • Shift 1]
JM_2026_S2_0402_SHIFT1_PHY_Q041,JEE_MAIN,2026,Session 2,2026-04-02,Shift 1,Paper 1 (B.E./B.Tech),Physics,Modern Physics,Photoelectric Effect,SINGLE_CORRECT_MCQ,41,C,,OFFICIAL_VERIFIED,HIGH,4.0,-1.0,JEE_MAIN\images\JM_2026_S2_0402_SHIFT1_PHY_Q041\question_diagram.png,JEE_Main_PYQ_Archive\2026\Session-2\Question-Papers\JEE_Main_2026_Session-2_2026-04-02_Shift-1_Question-Paper.pdf,16,[JEE MAIN] [2026] [Session 2 • 02 Apr • Shift 1]
JM_2026_S2_0402_SHIFT1_PHY_Q042,JEE_MAIN,2026,Session 2,2026-04-02,Shift 1,Paper 1 (B.E./B.Tech),Physics,Modern Physics,Photoelectric Effect,SINGLE_CORRECT_MCQ,42,D,,OFFICIAL_VERIFIED,HIGH,4.0,-1.0,JEE_MAIN\images\JM_2026_S2_0402_SHIFT1_PHY_Q042\question_diagram.png,JEE_Main_PYQ_Archive\2026\Session-2\Question-Papers\JEE_Main_2026_Session-2_2026-04-02_Shift-1_Question-Paper.pdf,17,[JEE MAIN] [2026] [Session 2 • 02 Apr • Shift 1]
JM_2026_S2_0402_SHIFT1_PHY_Q043,JEE_MAIN,2026,Session 2,2026-04-02,Shift 1,Paper 1 (B.E./B.Tech),Physics,Modern Physics,Photoelectric Effect,SINGLE_CORRECT_MCQ,43,C,,OFFICIAL_VERIFIED,HIGH,4.0,-1.0,JEE_MAIN\images\JM_2026_S2_0402_SHIFT1_PHY_Q043\question_diagram.png,JEE_Main_PYQ_Archive\2026\Session-2\Question-Papers\JEE_Main_2026_Session-2_2026-04-02_Shift-1_Question-Paper.pdf,17,[JEE MAIN] [2026] [Session 2 • 02 Apr • Shift 1]
JM_2026_S2_0402_SHIFT1_PHY_Q044,JEE_MAIN,2026,Session 2,2026-04-02,Shift 1,Paper 1 (B.E./B.Tech),Physics,Modern Physics,Photoelectric Effect,SINGLE_CORRECT_MCQ,44,A,,OFFICIAL_VERIFIED,HIGH,4.0,-1.0,JEE_MAIN\images\JM_2026_S2_0402_SHIFT1_PHY_Q044\question_diagram.png,JEE_Main_PYQ_Archive\2026\Session-2\Question-Papers\JEE_Main_2026_Session-2_2026-04-02_Shift-1_Question-Paper.pdf,18,[JEE MAIN] [2026] [Session 2 • 02 Apr • Shift 1]
JM_2026_S2_0402_SHIFT1_PHY_Q045,JEE_MAIN,2026,Session 2,2026-04-02,Shift 1,Paper 1 (B.E./B.Tech),Physics,Modern Physics,Photoelectric Effect,SINGLE_CORRECT_MCQ,45,D,,OFFICIAL_VERIFIED,HIGH,4.0,-1.0,JEE_MAIN\images\JM_2026_S2_0402_SHIFT1_PHY_Q045\question_diagram.png,JEE_Main_PYQ_Archive\2026\Session-2\Question-Papers\JEE_Main_2026_Session-2_2026-04-02_Shift-1_Question-Paper.pdf,18,[JEE MAIN] [2026] [Session 2 • 02 Apr • Shift 1]
JM_2026_S2_0402_SHIFT1_PHY_Q046,JEE_MAIN,2026,Session 2,2026-04-02,Shift 1,Paper 1 (B.E./B.Tech),Physics,Modern Physics,Photoelectric Effect,NUMERICAL,46,36,36.0,OFFICIAL_VERIFIED,HIGH,4.0,-1.0,JEE_MAIN\images\JM_2026_S2_0402_SHIFT1_PHY_Q046\question_diagram.png,JEE_Main_PYQ_Archive\2026\Session-2\Question-Papers\JEE_Main_2026_Session-2_2026-04-02_Shift-1_Question-Paper.pdf,19,[JEE MAIN] [2026] [Session 2 • 02 Apr • Shift 1]
JM_2026_S2_0402_SHIFT1_PHY_Q047,JEE_MAIN,2026,Session 2,2026-04-02,Shift 1,Paper 1 (B.E./B.Tech),Physics,Modern Physics,Photoelectric Effect,NUMERICAL,47,120,120.0,OFFICIAL_VERIFIED,HIGH,4.0,-1.0,JEE_MAIN\images\JM_2026_S2_0402_SHIFT1_PHY_Q047\question_diagram.png,JEE_Main_PYQ_Archive\2026\Session-2\Question-Papers\JEE_Main_2026_Session-2_2026-04-02_Shift-1_Question-Paper.pdf,19,[JEE MAIN] [2026] [Session 2 • 02 Apr • Shift 1]
JM_2026_S2_0402_SHIFT1_PHY_Q048,JEE_MAIN,2026,Session 2,2026-04-02,Shift 1,Paper 1 (B.E./B.Tech),Physics,Modern Physics,Photoelectric Effect,NUMERICAL,48,171,171.0,OFFICIAL_VERIFIED,HIGH,4.0,-1.0,JEE_MAIN\images\JM_2026_S2_0402_SHIFT1_PHY_Q048\question_diagram.png,JEE_Main_PYQ_Archive\2026\Session-2\Question-Papers\JEE_Main_2026_Session-2_2026-04-02_Shift-1_Question-Paper.pdf,19,[JEE MAIN] [2026] [Session 2 • 02 Apr • Shift 1]
JM_2026_S2_0402_SHIFT1_PHY_Q049,JEE_MAIN,2026,Session 2,2026-04-02,Shift 1,Paper 1 (B.E./B.Tech),Physics,Modern Physics,Photoelectric Effect,NUMERICAL,49,3,3.0,OFFICIAL_VERIFIED,HIGH,4.0,-1.0,JEE_MAIN\images\JM_2026_S2_0402_SHIFT1_PHY_Q049\question_diagram.png,JEE_Main_PYQ_Archive\2026\Session-2\Question-Papers\JEE_Main_2026_Session-2_2026-04-02_Shift-1_Question-Paper.pdf,19,[JEE MAIN] [2026] [Session 2 • 02 Apr • Shift 1]
JM_2026_S2_0402_SHIFT1_PHY_Q050,JEE_MAIN,2026,Session 2,2026-04-02,Shift 1,Paper 1 (B.E./B.Tech),Physics,Modern Physics,Photoelectric Effect,NUMERICAL,50,387,387.0,OFFICIAL_VERIFIED,HIGH,4.0,-1.0,JEE_MAIN\images\JM_2026_S2_0402_SHIFT1_PHY_Q050\question_diagram.png,JEE_Main_PYQ_Archive\2026\Session-2\Question-Papers\JEE_Main_2026_Session-2_2026-04-02_Shift-1_Question-Paper.pdf,20,[JEE MAIN] [2026] [Session 2 • 02 Apr • Shift 1]
JM_2026_S2_0402_SHIFT1_CHE_Q051,JEE_MAIN,2026,Session 2,2026-04-02,Shift 1,Paper 1 (B.E./B.Tech),Chemistry,Coordination Compounds,Crystal Field Theory,SINGLE_CORRECT_MCQ,51,C,,OFFICIAL_VERIFIED,HIGH,4.0,-1.0,JEE_MAIN\images\JM_2026_S2_0402_SHIFT1_CHE_Q051\question_diagram.png,JEE_Main_PYQ_Archive\2026\Session-2\Question-Papers\JEE_Main_2026_Session-2_2026-04-02_Shift-1_Question-Paper.pdf,20,[JEE MAIN] [2026] [Session 2 • 02 Apr • Shift 1]
JM_2026_S2_0402_SHIFT1_CHE_Q052,JEE_MAIN,2026,Session 2,2026-04-02,Shift 1,Paper 1 (B.E./B.Tech),Chemistry,Coordination Compounds,Crystal Field Theory,SINGLE_CORRECT_MCQ,52,B,,OFFICIAL_VERIFIED,HIGH,4.0,-1.0,JEE_MAIN\images\JM_2026_S2_0402_SHIFT1_CHE_Q052\question_diagram.png,JEE_Main_PYQ_Archive\2026\Session-2\Question-Papers\JEE_Main_2026_Session-2_2026-04-02_Shift-1_Question-Paper.pdf,20,[JEE MAIN] [2026] [Session 2 • 02 Apr • Shift 1]
JM_2026_S2_0402_SHIFT1_CHE_Q053,JEE_MAIN,2026,Session 2,2026-04-02,Shift 1,Paper 1 (B.E./B.Tech),Chemistry,Coordination Compounds,Crystal Field Theory,SINGLE_CORRECT_MCQ,53,B,,OFFICIAL_VERIFIED,HIGH,4.0,-1.0,JEE_MAIN\images\JM_2026_S2_0402_SHIFT1_CHE_Q053\question_diagram.png,JEE_Main_PYQ_Archive\2026\Session-2\Question-Papers\JEE_Main_2026_Session-2_2026-04-02_Shift-1_Question-Paper.pdf,21,[JEE MAIN] [2026] [Session 2 • 02 Apr • Shift 1]
JM_2026_S2_0402_SHIFT1_CHE_Q054,JEE_MAIN,2026,Session 2,2026-04-02,Shift 1,Paper 1 (B.E./B.Tech),Chemistry,Coordination Compounds,Crystal Field Theory,SINGLE_CORRECT_MCQ,54,C,,OFFICIAL_VERIFIED,HIGH,4.0,-1.0,JEE_MAIN\images\JM_2026_S2_0402_SHIFT1_CHE_Q054\question_diagram.png,JEE_Main_PYQ_Archive\2026\Session-2\Question-Papers\JEE_Main_2026_Session-2_2026-04-02_Shift-1_Question-Paper.pdf,21,[JEE MAIN] [2026] [Session 2 • 02 Apr • Shift 1]
JM_2026_S2_0402_SHIFT1_CHE_Q055,JEE_MAIN,2026,Session 2,2026-04-02,Shift 1,Paper 1 (B.E./B.Tech),Chemistry,Coordination Compounds,Crystal Field Theory,SINGLE_CORRECT_MCQ,55,C,,OFFICIAL_VERIFIED,HIGH,4.0,-1.0,JEE_MAIN\images\JM_2026_S2_0402_SHIFT1_CHE_Q055\question_diagram.png,JEE_Main_PYQ_Archive\2026\Session-2\Question-Papers\JEE_Main_2026_Session-2_2026-04-02_Shift-1_Question-Paper.pdf,22,[JEE MAIN] [2026] [Session 2 • 02 Apr • Shift 1]
JM_2026_S2_0402_SHIFT1_CHE_Q056,JEE_MAIN,2026,Session 2,2026-04-02,Shift 1,Paper 1 (B.E./B.Tech),Chemistry,Coordination Compounds,Crystal Field Theory,SINGLE_CORRECT_MCQ,56,C,,OFFICIAL_VERIFIED,HIGH,4.0,-1.0,JEE_MAIN\images\JM_2026_S2_0402_SHIFT1_CHE_Q056\question_diagram.png,JEE_Main_PYQ_Archive\2026\Session-2\Question-Papers\JEE_Main_2026_Session-2_2026-04-02_Shift-1_Question-Paper.pdf,22,[JEE MAIN] [2026] [Session 2 • 02 Apr • Shift 1]
JM_2026_S2_0402_SHIFT1_CHE_Q057,JEE_MAIN,2026,Session 2,2026-04-02,Shift 1,Paper 1 (B.E./B.Tech),Chemistry,Coordination Compounds,Crystal Field Theory,SINGLE_CORRECT_MCQ,57,D,,OFFICIAL_VERIFIED,HIGH,4.0,-1.0,JEE_MAIN\images\JM_2026_S2_0402_SHIFT1_CHE_Q057\question_diagram.png,JEE_Main_PYQ_Archive\2026\Session-2\Question-Papers\JEE_Main_2026_Session-2_2026-04-02_Shift-1_Question-Paper.pdf,22,[JEE MAIN] [2026] [Session 2 • 02 Apr • Shift 1]
JM_2026_S2_0402_SHIFT1_CHE_Q058,JEE_MAIN,2026,Session 2,2026-04-02,Shift 1,Paper 1 (B.E./B.Tech),Chemistry,Coordination Compounds,Crystal Field Theory,SINGLE_CORRECT_MCQ,58,A,,OFFICIAL_VERIFIED,HIGH,4.0,-1.0,JEE_MAIN\images\JM_2026_S2_0402_SHIFT1_CHE_Q058\question_diagram.png,JEE_Main_PYQ_Archive\2026\Session-2\Question-Papers\JEE_Main_2026_Session-2_2026-04-02_Shift-1_Question-Paper.pdf,23,[JEE MAIN] [2026] [Session 2 • 02 Apr • Shift 1]
JM_2026_S2_0402_SHIFT1_CHE_Q059,JEE_MAIN,2026,Session 2,2026-04-02,Shift 1,Paper 1 (B.E./B.Tech),Chemistry,Coordination Compounds,Crystal Field Theory,SINGLE_CORRECT_MCQ,59,C,,OFFICIAL_VERIFIED,HIGH,4.0,-1.0,JEE_MAIN\images\JM_2026_S2_0402_SHIFT1_CHE_Q059\question_diagram.png,JEE_Main_PYQ_Archive\2026\Session-2\Question-Papers\JEE_Main_2026_Session-2_2026-04-02_Shift-1_Question-Paper.pdf,23,[JEE MAIN] [2026] [Session 2 • 02 Apr • Shift 1]
JM_2026_S2_0402_SHIFT1_CHE_Q060,JEE_MAIN,2026,Session 2,2026-04-02,Shift 1,Paper 1 (B.E./B.Tech),Chemistry,Coordination Compounds,Crystal Field Theory,SINGLE_CORRECT_MCQ,60,D,,OFFICIAL_VERIFIED,HIGH,4.0,-1.0,JEE_MAIN\images\JM_2026_S2_0402_SHIFT1_CHE_Q060\question_diagram.png,JEE_Main_PYQ_Archive\2026\Session-2\Question-Papers\JEE_Main_2026_Session-2_2026-04-02_Shift-1_Question-Paper.pdf,24,[JEE MAIN] [2026] [Session 2 • 02 Apr • Shift 1]
JM_2026_S2_0402_SHIFT1_CHE_Q061,JEE_MAIN,2026,Session 2,2026-04-02,Shift 1,Paper 1 (B.E./B.Tech),Chemistry,Coordination Compounds,Crystal Field Theory,SINGLE_CORRECT_MCQ,61,D,,OFFICIAL_VERIFIED,HIGH,4.0,-1.0,JEE_MAIN\images\JM_2026_S2_0402_SHIFT1_CHE_Q061\question_diagram.png,JEE_Main_PYQ_Archive\2026\Session-2\Question-Papers\JEE_Main_2026_Session-2_2026-04-02_Shift-1_Question-Paper.pdf,24,[JEE MAIN] [2026] [Session 2 • 02 Apr • Shift 1]
JM_2026_S2_0402_SHIFT1_CHE_Q062,JEE_MAIN,2026,Session 2,2026-04-02,Shift 1,Paper 1 (B.E./B.Tech),Chemistry,Coordination Compounds,Crystal Field Theory,SINGLE_CORRECT_MCQ,62,C,,OFFICIAL_VERIFIED,HIGH,4.0,-1.0,JEE_MAIN\images\JM_2026_S2_0402_SHIFT1_CHE_Q062\question_diagram.png,JEE_Main_PYQ_Archive\2026\Session-2\Question-Papers\JEE_Main_2026_Session-2_2026-04-02_Shift-1_Question-Paper.pdf,24,[JEE MAIN] [2026] [Session 2 • 02 Apr • Shift 1]
JM_2026_S2_0402_SHIFT1_CHE_Q063,JEE_MAIN,2026,Session 2,2026-04-02,Shift 1,Paper 1 (B.E./B.Tech),Chemistry,Coordination Compounds,Crystal Field Theory,SINGLE_CORRECT_MCQ,63,C,,OFFICIAL_VERIFIED,HIGH,4.0,-1.0,JEE_MAIN\images\JM_2026_S2_0402_SHIFT1_CHE_Q063\question_diagram.png,JEE_Main_PYQ_Archive\2026\Session-2\Question-Papers\JEE_Main_2026_Session-2_2026-04-02_Shift-1_Question-Paper.pdf,25,[JEE MAIN] [2026] [Session 2 • 02 Apr • Shift 1]
JM_2026_S2_0402_SHIFT1_CHE_Q064,JEE_MAIN,2026,Session 2,2026-04-02,Shift 1,Paper 1 (B.E./B.Tech),Chemistry,Coordination Compounds,Crystal Field Theory,SINGLE_CORRECT_MCQ,64,D,,OFFICIAL_VERIFIED,HIGH,4.0,-1.0,JEE_MAIN\images\JM_2026_S2_0402_SHIFT1_CHE_Q064\question_diagram.png,JEE_Main_PYQ_Archive\2026\Session-2\Question-Papers\JEE_Main_2026_Session-2_2026-04-02_Shift-1_Question-Paper.pdf,25,[JEE MAIN] [2026] [Session 2 • 02 Apr • Shift 1]
JM_2026_S2_0402_SHIFT1_CHE_Q065,JEE_MAIN,2026,Session 2,2026-04-02,Shift 1,Paper 1 (B.E./B.Tech),Chemistry,Coordination Compounds,Crystal Field Theory,SINGLE_CORRECT_MCQ,65,B,,OFFICIAL_VERIFIED,HIGH,4.0,-1.0,JEE_MAIN\images\JM_2026_S2_0402_SHIFT1_CHE_Q065\question_diagram.png,JEE_Main_PYQ_Archive\2026\Session-2\Question-Papers\JEE_Main_2026_Session-2_2026-04-02_Shift-1_Question-Paper.pdf,26,[JEE MAIN] [2026] [Session 2 • 02 Apr • Shift 1]
JM_2026_S2_0402_SHIFT1_CHE_Q066,JEE_MAIN,2026,Session 2,2026-04-02,Shift 1,Paper 1 (B.E./B.Tech),Chemistry,Coordination Compounds,Crystal Field Theory,SINGLE_CORRECT_MCQ,66,C,,OFFICIAL_VERIFIED,HIGH,4.0,-1.0,JEE_MAIN\images\JM_2026_S2_0402_SHIFT1_CHE_Q066\question_diagram.png,JEE_Main_PYQ_Archive\2026\Session-2\Question-Papers\JEE_Main_2026_Session-2_2026-04-02_Shift-1_Question-Paper.pdf,26,[JEE MAIN] [2026] [Session 2 • 02 Apr • Shift 1]
JM_2026_S2_0402_SHIFT1_CHE_Q067,JEE_MAIN,2026,Session 2,2026-04-02,Shift 1,Paper 1 (B.E./B.Tech),Chemistry,Coordination Compounds,Crystal Field Theory,SINGLE_CORRECT_MCQ,67,C,,OFFICIAL_VERIFIED,HIGH,4.0,-1.0,JEE_MAIN\images\JM_2026_S2_0402_SHIFT1_CHE_Q067\question_diagram.png,JEE_Main_PYQ_Archive\2026\Session-2\Question-Papers\JEE_Main_2026_Session-2_2026-04-02_Shift-1_Question-Paper.pdf,26,[JEE MAIN] [2026] [Session 2 • 02 Apr • Shift 1]
JM_2026_S2_0402_SHIFT1_CHE_Q068,JEE_MAIN,2026,Session 2,2026-04-02,Shift 1,Paper 1 (B.E./B.Tech),Chemistry,Coordination Compounds,Crystal Field Theory,SINGLE_CORRECT_MCQ,68,D,,OFFICIAL_VERIFIED,HIGH,4.0,-1.0,JEE_MAIN\images\JM_2026_S2_0402_SHIFT1_CHE_Q068\question_diagram.png,JEE_Main_PYQ_Archive\2026\Session-2\Question-Papers\JEE_Main_2026_Session-2_2026-04-02_Shift-1_Question-Paper.pdf,27,[JEE MAIN] [2026] [Session 2 • 02 Apr • Shift 1]
JM_2026_S2_0402_SHIFT1_CHE_Q069,JEE_MAIN,2026,Session 2,2026-04-02,Shift 1,Paper 1 (B.E./B.Tech),Chemistry,Coordination Compounds,Crystal Field Theory,SINGLE_CORRECT_MCQ,69,B,,OFFICIAL_VERIFIED,HIGH,4.0,-1.0,JEE_MAIN\images\JM_2026_S2_0402_SHIFT1_CHE_Q069\question_diagram.png,JEE_Main_PYQ_Archive\2026\Session-2\Question-Papers\JEE_Main_2026_Session-2_2026-04-02_Shift-1_Question-Paper.pdf,28,[JEE MAIN] [2026] [Session 2 • 02 Apr • Shift 1]
JM_2026_S2_0402_SHIFT1_CHE_Q070,JEE_MAIN,2026,Session 2,2026-04-02,Shift 1,Paper 1 (B.E./B.Tech),Chemistry,Coordination Compounds,Crystal Field Theory,SINGLE_CORRECT_MCQ,70,A,,OFFICIAL_VERIFIED,HIGH,4.0,-1.0,JEE_MAIN\images\JM_2026_S2_0402_SHIFT1_CHE_Q070\question_diagram.png,JEE_Main_PYQ_Archive\2026\Session-2\Question-Papers\JEE_Main_2026_Session-2_2026-04-02_Shift-1_Question-Paper.pdf,28,[JEE MAIN] [2026] [Session 2 • 02 Apr • Shift 1]
JM_2026_S2_0402_SHIFT1_CHE_Q071,JEE_MAIN,2026,Session 2,2026-04-02,Shift 1,Paper 1 (B.E./B.Tech),Chemistry,Coordination Compounds,Crystal Field Theory,NUMERICAL,71,33,33.0,OFFICIAL_VERIFIED,HIGH,4.0,-1.0,JEE_MAIN\images\JM_2026_S2_0402_SHIFT1_CHE_Q071\question_diagram.png,JEE_Main_PYQ_Archive\2026\Session-2\Question-Papers\JEE_Main_2026_Session-2_2026-04-02_Shift-1_Question-Paper.pdf,29,[JEE MAIN] [2026] [Session 2 • 02 Apr • Shift 1]
JM_2026_S2_0402_SHIFT1_CHE_Q072,JEE_MAIN,2026,Session 2,2026-04-02,Shift 1,Paper 1 (B.E./B.Tech),Chemistry,Coordination Compounds,Crystal Field Theory,NUMERICAL,72,14,14.0,OFFICIAL_VERIFIED,HIGH,4.0,-1.0,JEE_MAIN\images\JM_2026_S2_0402_SHIFT1_CHE_Q072\question_diagram.png,JEE_Main_PYQ_Archive\2026\Session-2\Question-Papers\JEE_Main_2026_Session-2_2026-04-02_Shift-1_Question-Paper.pdf,29,[JEE MAIN] [2026] [Session 2 • 02 Apr • Shift 1]
JM_2026_S2_0402_SHIFT1_CHE_Q073,JEE_MAIN,2026,Session 2,2026-04-02,Shift 1,Paper 1 (B.E./B.Tech),Chemistry,Coordination Compounds,Crystal Field Theory,NUMERICAL,73,17,17.0,OFFICIAL_VERIFIED,HIGH,4.0,-1.0,JEE_MAIN\images\JM_2026_S2_0402_SHIFT1_CHE_Q073\question_diagram.png,JEE_Main_PYQ_Archive\2026\Session-2\Question-Papers\JEE_Main_2026_Session-2_2026-04-02_Shift-1_Question-Paper.pdf,29,[JEE MAIN] [2026] [Session 2 • 02 Apr • Shift 1]
JM_2026_S2_0402_SHIFT1_CHE_Q074,JEE_MAIN,2026,Session 2,2026-04-02,Shift 1,Paper 1 (B.E./B.Tech),Chemistry,Coordination Compounds,Crystal Field Theory,NUMERICAL,74,41,41.0,OFFICIAL_VERIFIED,HIGH,4.0,-1.0,JEE_MAIN\images\JM_2026_S2_0402_SHIFT1_CHE_Q074\question_diagram.png,JEE_Main_PYQ_Archive\2026\Session-2\Question-Papers\JEE_Main_2026_Session-2_2026-04-02_Shift-1_Question-Paper.pdf,29,[JEE MAIN] [2026] [Session 2 • 02 Apr • Shift 1]
JM_2026_S2_0402_SHIFT1_CHE_Q075,JEE_MAIN,2026,Session 2,2026-04-02,Shift 1,Paper 1 (B.E./B.Tech),Chemistry,Coordination Compounds,Crystal Field Theory,NUMERICAL,75,727,727.0,OFFICIAL_VERIFIED,HIGH,4.0,-1.0,JEE_MAIN\images\JM_2026_S2_0402_SHIFT1_CHE_Q075\question_diagram.png,JEE_Main_PYQ_Archive\2026\Session-2\Question-Papers\JEE_Main_2026_Session-2_2026-04-02_Shift-1_Question-Paper.pdf,30,[JEE MAIN] [2026] [Session 2 • 02 Apr • Shift 1]
JM_2026_S2_0402_SHIFT2_MAT_Q001,JEE_MAIN,2026,Session 2,2026-04-02,Shift 2,Paper 1 (B.E./B.Tech),Mathematics,Matrices and Determinants,Matrix Transformations,SINGLE_CORRECT_MCQ,1,D,,OFFICIAL_VERIFIED,HIGH,4.0,-1.0,JEE_MAIN\images\JM_2026_S2_0402_SHIFT2_MAT_Q001\question_diagram.png,JEE_Main_PYQ_Archive\2026\Session-2\Question-Papers\JEE_Main_2026_Session-2_2026-04-02_Shift-2_Question-Paper.pdf,1,[JEE MAIN] [2026] [Session 2 • 02 Apr • Shift 2]
JM_2026_S2_0402_SHIFT2_MAT_Q002,JEE_MAIN,2026,Session 2,2026-04-02,Shift 2,Paper 1 (B.E./B.Tech),Mathematics,Matrices and Determinants,Matrix Transformations,SINGLE_CORRECT_MCQ,2,C,,OFFICIAL_VERIFIED,HIGH,4.0,-1.0,JEE_MAIN\images\JM_2026_S2_0402_SHIFT2_MAT_Q002\question_diagram.png,JEE_Main_PYQ_Archive\2026\Session-2\Question-Papers\JEE_Main_2026_Session-2_2026-04-02_Shift-2_Question-Paper.pdf,2,[JEE MAIN] [2026] [Session 2 • 02 Apr • Shift 2]
JM_2026_S2_0402_SHIFT2_MAT_Q003,JEE_MAIN,2026,Session 2,2026-04-02,Shift 2,Paper 1 (B.E./B.Tech),Mathematics,Matrices and Determinants,Matrix Transformations,SINGLE_CORRECT_MCQ,3,A,,OFFICIAL_VERIFIED,HIGH,4.0,-1.0,JEE_MAIN\images\JM_2026_S2_0402_SHIFT2_MAT_Q003\question_diagram.png,JEE_Main_PYQ_Archive\2026\Session-2\Question-Papers\JEE_Main_2026_Session-2_2026-04-02_Shift-2_Question-Paper.pdf,2,[JEE MAIN] [2026] [Session 2 • 02 Apr • Shift 2]
JM_2026_S2_0402_SHIFT2_MAT_Q004,JEE_MAIN,2026,Session 2,2026-04-02,Shift 2,Paper 1 (B.E./B.Tech),Mathematics,Matrices and Determinants,Matrix Transformations,SINGLE_CORRECT_MCQ,4,C,,OFFICIAL_VERIFIED,HIGH,4.0,-1.0,JEE_MAIN\images\JM_2026_S2_0402_SHIFT2_MAT_Q004\question_diagram.png,JEE_Main_PYQ_Archive\2026\Session-2\Question-Papers\JEE_Main_2026_Session-2_2026-04-02_Shift-2_Question-Paper.pdf,2,[JEE MAIN] [2026] [Session 2 • 02 Apr • Shift 2]
JM_2026_S2_0402_SHIFT2_MAT_Q005,JEE_MAIN,2026,Session 2,2026-04-02,Shift 2,Paper 1 (B.E./B.Tech),Mathematics,Matrices and Determinants,Matrix Transformations,SINGLE_CORRECT_MCQ,5,B,,OFFICIAL_VERIFIED,HIGH,4.0,-1.0,JEE_MAIN\images\JM_2026_S2_0402_SHIFT2_MAT_Q005\question_diagram.png,JEE_Main_PYQ_Archive\2026\Session-2\Question-Papers\JEE_Main_2026_Session-2_2026-04-02_Shift-2_Question-Paper.pdf,3,[JEE MAIN] [2026] [Session 2 • 02 Apr • Shift 2]
JM_2026_S2_0402_SHIFT2_MAT_Q006,JEE_MAIN,2026,Session 2,2026-04-02,Shift 2,Paper 1 (B.E./B.Tech),Mathematics,Coordinate Geometry (2D),Circle Equations and Tangents,SINGLE_CORRECT_MCQ,6,B,,OFFICIAL_VERIFIED,HIGH,4.0,-1.0,JEE_MAIN\images\JM_2026_S2_0402_SHIFT2_MAT_Q006\question_diagram.png,JEE_Main_PYQ_Archive\2026\Session-2\Question-Papers\JEE_Main_2026_Session-2_2026-04-02_Shift-2_Question-Paper.pdf,3,[JEE MAIN] [2026] [Session 2 • 02 Apr • Shift 2]
JM_2026_S2_0402_SHIFT2_MAT_Q007,JEE_MAIN,2026,Session 2,2026-04-02,Shift 2,Paper 1 (B.E./B.Tech),Mathematics,Coordinate Geometry (2D),Circle Equations and Tangents,SINGLE_CORRECT_MCQ,7,B,,OFFICIAL_VERIFIED,HIGH,4.0,-1.0,JEE_MAIN\images\JM_2026_S2_0402_SHIFT2_MAT_Q007\question_diagram.png,JEE_Main_PYQ_Archive\2026\Session-2\Question-Papers\JEE_Main_2026_Session-2_2026-04-02_Shift-2_Question-Paper.pdf,3,[JEE MAIN] [2026] [Session 2 • 02 Apr • Shift 2]
JM_2026_S2_0402_SHIFT2_MAT_Q008,JEE_MAIN,2026,Session 2,2026-04-02,Shift 2,Paper 1 (B.E./B.Tech),Mathematics,Coordinate Geometry (2D),Circle Equations and Tangents,SINGLE_CORRECT_MCQ,8,B,,OFFICIAL_VERIFIED,HIGH,4.0,-1.0,JEE_MAIN\images\JM_2026_S2_0402_SHIFT2_MAT_Q008\question_diagram.png,JEE_Main_PYQ_Archive\2026\Session-2\Question-Papers\JEE_Main_2026_Session-2_2026-04-02_Shift-2_Question-Paper.pdf,3,[JEE MAIN] [2026] [Session 2 • 02 Apr • Shift 2]
JM_2026_S2_0402_SHIFT2_MAT_Q009,JEE_MAIN,2026,Session 2,2026-04-02,Shift 2,Paper 1 (B.E./B.Tech),Mathematics,Coordinate Geometry (2D),Circle Equations and Tangents,SINGLE_CORRECT_MCQ,9,C,,OFFICIAL_VERIFIED,HIGH,4.0,-1.0,JEE_MAIN\images\JM_2026_S2_0402_SHIFT2_MAT_Q009\question_diagram.png,JEE_Main_PYQ_Archive\2026\Session-2\Question-Papers\JEE_Main_2026_Session-2_2026-04-02_Shift-2_Question-Paper.pdf,4,[JEE MAIN] [2026] [Session 2 • 02 Apr • Shift 2]
JM_2026_S2_0402_SHIFT2_MAT_Q010,JEE_MAIN,2026,Session 2,2026-04-02,Shift 2,Paper 1 (B.E./B.Tech),Mathematics,Coordinate Geometry (2D),Circle Equations and Tangents,SINGLE_CORRECT_MCQ,10,B,,OFFICIAL_VERIFIED,HIGH,4.0,-1.0,JEE_MAIN\images\JM_2026_S2_0402_SHIFT2_MAT_Q010\question_diagram.png,JEE_Main_PYQ_Archive\2026\Session-2\Question-Papers\JEE_Main_2026_Session-2_2026-04-02_Shift-2_Question-Paper.pdf,4,[JEE MAIN] [2026] [Session 2 • 02 Apr • Shift 2]
JM_2026_S2_0402_SHIFT2_MAT_Q011,JEE_MAIN,2026,Session 2,2026-04-02,Shift 2,Paper 1 (B.E./B.Tech),Mathematics,Indefinite and Definite Integration,Properties of Definite Integrals,SINGLE_CORRECT_MCQ,11,B,,OFFICIAL_VERIFIED,HIGH,4.0,-1.0,JEE_MAIN\images\JM_2026_S2_0402_SHIFT2_MAT_Q011\question_diagram.png,JEE_Main_PYQ_Archive\2026\Session-2\Question-Papers\JEE_Main_2026_Session-2_2026-04-02_Shift-2_Question-Paper.pdf,4,[JEE MAIN] [2026] [Session 2 • 02 Apr • Shift 2]
JM_2026_S2_0402_SHIFT2_MAT_Q012,JEE_MAIN,2026,Session 2,2026-04-02,Shift 2,Paper 1 (B.E./B.Tech),Mathematics,Indefinite and Definite Integration,Properties of Definite Integrals,SINGLE_CORRECT_MCQ,12,A,,OFFICIAL_VERIFIED,HIGH,4.0,-1.0,JEE_MAIN\images\JM_2026_S2_0402_SHIFT2_MAT_Q012\question_diagram.png,JEE_Main_PYQ_Archive\2026\Session-2\Question-Papers\JEE_Main_2026_Session-2_2026-04-02_Shift-2_Question-Paper.pdf,5,[JEE MAIN] [2026] [Session 2 • 02 Apr • Shift 2]
JM_2026_S2_0402_SHIFT2_MAT_Q013,JEE_MAIN,2026,Session 2,2026-04-02,Shift 2,Paper 1 (B.E./B.Tech),Mathematics,Indefinite and Definite Integration,Properties of Definite Integrals,SINGLE_CORRECT_MCQ,13,D,,OFFICIAL_VERIFIED,HIGH,4.0,-1.0,JEE_MAIN\images\JM_2026_S2_0402_SHIFT2_MAT_Q013\question_diagram.png,JEE_Main_PYQ_Archive\2026\Session-2\Question-Papers\JEE_Main_2026_Session-2_2026-04-02_Shift-2_Question-Paper.pdf,5,[JEE MAIN] [2026] [Session 2 • 02 Apr • Shift 2]
JM_2026_S2_0402_SHIFT2_MAT_Q014,JEE_MAIN,2026,Session 2,2026-04-02,Shift 2,Paper 1 (B.E./B.Tech),Mathematics,Indefinite and Definite Integration,Properties of Definite Integrals,SINGLE_CORRECT_MCQ,14,B,,OFFICIAL_VERIFIED,HIGH,4.0,-1.0,JEE_MAIN\images\JM_2026_S2_0402_SHIFT2_MAT_Q014\question_diagram.png,JEE_Main_PYQ_Archive\2026\Session-2\Question-Papers\JEE_Main_2026_Session-2_2026-04-02_Shift-2_Question-Paper.pdf,6,[JEE MAIN] [2026] [Session 2 • 02 Apr • Shift 2]
JM_2026_S2_0402_SHIFT2_MAT_Q015,JEE_MAIN,2026,Session 2,2026-04-02,Shift 2,Paper 1 (B.E./B.Tech),Mathematics,Indefinite and Definite Integration,Properties of Definite Integrals,SINGLE_CORRECT_MCQ,15,D,,OFFICIAL_VERIFIED,HIGH,4.0,-1.0,JEE_MAIN\images\JM_2026_S2_0402_SHIFT2_MAT_Q015\question_diagram.png,JEE_Main_PYQ_Archive\2026\Session-2\Question-Papers\JEE_Main_2026_Session-2_2026-04-02_Shift-2_Question-Paper.pdf,6,[JEE MAIN] [2026] [Session 2 • 02 Apr • Shift 2]
JM_2026_S2_0402_SHIFT2_MAT_Q016,JEE_MAIN,2026,Session 2,2026-04-02,Shift 2,Paper 1 (B.E./B.Tech),Mathematics,Indefinite and Definite Integration,Properties of Definite Integrals,SINGLE_CORRECT_MCQ,16,A,,OFFICIAL_VERIFIED,HIGH,4.0,-1.0,JEE_MAIN\images\JM_2026_S2_0402_SHIFT2_MAT_Q016\question_diagram.png,JEE_Main_PYQ_Archive\2026\Session-2\Question-Papers\JEE_Main_2026_Session-2_2026-04-02_Shift-2_Question-Paper.pdf,6,[JEE MAIN] [2026] [Session 2 • 02 Apr • Shift 2]
JM_2026_S2_0402_SHIFT2_MAT_Q017,JEE_MAIN,2026,Session 2,2026-04-02,Shift 2,Paper 1 (B.E./B.Tech),Mathematics,Indefinite and Definite Integration,Properties of Definite Integrals,SINGLE_CORRECT_MCQ,17,B,,OFFICIAL_VERIFIED,HIGH,4.0,-1.0,JEE_MAIN\images\JM_2026_S2_0402_SHIFT2_MAT_Q017\question_diagram.png,JEE_Main_PYQ_Archive\2026\Session-2\Question-Papers\JEE_Main_2026_Session-2_2026-04-02_Shift-2_Question-Paper.pdf,7,[JEE MAIN] [2026] [Session 2 • 02 Apr • Shift 2]
JM_2026_S2_0402_SHIFT2_MAT_Q018,JEE_MAIN,2026,Session 2,2026-04-02,Shift 2,Paper 1 (B.E./B.Tech),Mathematics,Indefinite and Definite Integration,Properties of Definite Integrals,SINGLE_CORRECT_MCQ,18,C,,OFFICIAL_VERIFIED,HIGH,4.0,-1.0,JEE_MAIN\images\JM_2026_S2_0402_SHIFT2_MAT_Q018\question_diagram.png,JEE_Main_PYQ_Archive\2026\Session-2\Question-Papers\JEE_Main_2026_Session-2_2026-04-02_Shift-2_Question-Paper.pdf,7,[JEE MAIN] [2026] [Session 2 • 02 Apr • Shift 2]
JM_2026_S2_0402_SHIFT2_MAT_Q019,JEE_MAIN,2026,Session 2,2026-04-02,Shift 2,Paper 1 (B.E./B.Tech),Mathematics,Vector Algebra and 3D Geometry,Plane and Shortest Distance Between Lines,SINGLE_CORRECT_MCQ,19,B,,OFFICIAL_VERIFIED,HIGH,4.0,-1.0,JEE_MAIN\images\JM_2026_S2_0402_SHIFT2_MAT_Q019\question_diagram.png,JEE_Main_PYQ_Archive\2026\Session-2\Question-Papers\JEE_Main_2026_Session-2_2026-04-02_Shift-2_Question-Paper.pdf,7,[JEE MAIN] [2026] [Session 2 • 02 Apr • Shift 2]
JM_2026_S2_0402_SHIFT2_MAT_Q020,JEE_MAIN,2026,Session 2,2026-04-02,Shift 2,Paper 1 (B.E./B.Tech),Mathematics,Vector Algebra and 3D Geometry,Plane and Shortest Distance Between Lines,SINGLE_CORRECT_MCQ,20,A,,OFFICIAL_VERIFIED,HIGH,4.0,-1.0,JEE_MAIN\images\JM_2026_S2_0402_SHIFT2_MAT_Q020\question_diagram.png,JEE_Main_PYQ_Archive\2026\Session-2\Question-Papers\JEE_Main_2026_Session-2_2026-04-02_Shift-2_Question-Paper.pdf,8,[JEE MAIN] [2026] [Session 2 • 02 Apr • Shift 2]
JM_2026_S2_0402_SHIFT2_MAT_Q021,JEE_MAIN,2026,Session 2,2026-04-02,Shift 2,Paper 1 (B.E./B.Tech),Mathematics,Vector Algebra and 3D Geometry,Plane and Shortest Distance Between Lines,NUMERICAL,21,120,120.0,OFFICIAL_VERIFIED,HIGH,4.0,-1.0,JEE_MAIN\images\JM_2026_S2_0402_SHIFT2_MAT_Q021\question_diagram.png,JEE_Main_PYQ_Archive\2026\Session-2\Question-Papers\JEE_Main_2026_Session-2_2026-04-02_Shift-2_Question-Paper.pdf,8,[JEE MAIN] [2026] [Session 2 • 02 Apr • Shift 2]
JM_2026_S2_0402_SHIFT2_MAT_Q022,JEE_MAIN,2026,Session 2,2026-04-02,Shift 2,Paper 1 (B.E./B.Tech),Mathematics,Vector Algebra and 3D Geometry,Plane and Shortest Distance Between Lines,NUMERICAL,22,34,34.0,OFFICIAL_VERIFIED,HIGH,4.0,-1.0,JEE_MAIN\images\JM_2026_S2_0402_SHIFT2_MAT_Q022\question_diagram.png,JEE_Main_PYQ_Archive\2026\Session-2\Question-Papers\JEE_Main_2026_Session-2_2026-04-02_Shift-2_Question-Paper.pdf,9,[JEE MAIN] [2026] [Session 2 • 02 Apr • Shift 2]
JM_2026_S2_0402_SHIFT2_MAT_Q023,JEE_MAIN,2026,Session 2,2026-04-02,Shift 2,Paper 1 (B.E./B.Tech),Mathematics,Vector Algebra and 3D Geometry,Plane and Shortest Distance Between Lines,NUMERICAL,23,18,18.0,OFFICIAL_VERIFIED,HIGH,4.0,-1.0,JEE_MAIN\images\JM_2026_S2_0402_SHIFT2_MAT_Q023\question_diagram.png,JEE_Main_PYQ_Archive\2026\Session-2\Question-Papers\JEE_Main_2026_Session-2_2026-04-02_Shift-2_Question-Paper.pdf,9,[JEE MAIN] [2026] [Session 2 • 02 Apr • Shift 2]
JM_2026_S2_0402_SHIFT2_MAT_Q024,JEE_MAIN,2026,Session 2,2026-04-02,Shift 2,Paper 1 (B.E./B.Tech),Mathematics,Vector Algebra and 3D Geometry,Plane and Shortest Distance Between Lines,NUMERICAL,24,24,24.0,OFFICIAL_VERIFIED,HIGH,4.0,-1.0,JEE_MAIN\images\JM_2026_S2_0402_SHIFT2_MAT_Q024\question_diagram.png,JEE_Main_PYQ_Archive\2026\Session-2\Question-Papers\JEE_Main_2026_Session-2_2026-04-02_Shift-2_Question-Paper.pdf,9,[JEE MAIN] [2026] [Session 2 • 02 Apr • Shift 2]
JM_2026_S2_0402_SHIFT2_MAT_Q025,JEE_MAIN,2026,Session 2,2026-04-02,Shift 2,Paper 1 (B.E./B.Tech),Mathematics,Vector Algebra and 3D Geometry,Plane and Shortest Distance Between Lines,NUMERICAL,25,10,10.0,OFFICIAL_VERIFIED,HIGH,4.0,-1.0,JEE_MAIN\images\JM_2026_S2_0402_SHIFT2_MAT_Q025\question_diagram.png,JEE_Main_PYQ_Archive\2026\Session-2\Question-Papers\JEE_Main_2026_Session-2_2026-04-02_Shift-2_Question-Paper.pdf,9,[JEE MAIN] [2026] [Session 2 • 02 Apr • Shift 2]
JM_2026_S2_0402_SHIFT2_PHY_Q026,JEE_MAIN,2026,Session 2,2026-04-02,Shift 2,Paper 1 (B.E./B.Tech),Physics,Modern Physics,Photoelectric Effect,SINGLE_CORRECT_MCQ,26,B,,OFFICIAL_VERIFIED,HIGH,4.0,-1.0,JEE_MAIN\images\JM_2026_S2_0402_SHIFT2_PHY_Q026\question_diagram.png,JEE_Main_PYQ_Archive\2026\Session-2\Question-Papers\JEE_Main_2026_Session-2_2026-04-02_Shift-2_Question-Paper.pdf,10,[JEE MAIN] [2026] [Session 2 • 02 Apr • Shift 2]
JM_2026_S2_0402_SHIFT2_PHY_Q027,JEE_MAIN,2026,Session 2,2026-04-02,Shift 2,Paper 1 (B.E./B.Tech),Physics,Modern Physics,Photoelectric Effect,SINGLE_CORRECT_MCQ,27,A,,OFFICIAL_VERIFIED,HIGH,4.0,-1.0,JEE_MAIN\images\JM_2026_S2_0402_SHIFT2_PHY_Q027\question_diagram.png,JEE_Main_PYQ_Archive\2026\Session-2\Question-Papers\JEE_Main_2026_Session-2_2026-04-02_Shift-2_Question-Paper.pdf,10,[JEE MAIN] [2026] [Session 2 • 02 Apr • Shift 2]
JM_2026_S2_0402_SHIFT2_PHY_Q028,JEE_MAIN,2026,Session 2,2026-04-02,Shift 2,Paper 1 (B.E./B.Tech),Physics,Modern Physics,Photoelectric Effect,SINGLE_CORRECT_MCQ,28,C,,OFFICIAL_VERIFIED,HIGH,4.0,-1.0,JEE_MAIN\images\JM_2026_S2_0402_SHIFT2_PHY_Q028\question_diagram.png,JEE_Main_PYQ_Archive\2026\Session-2\Question-Papers\JEE_Main_2026_Session-2_2026-04-02_Shift-2_Question-Paper.pdf,10,[JEE MAIN] [2026] [Session 2 • 02 Apr • Shift 2]
JM_2026_S2_0402_SHIFT2_PHY_Q029,JEE_MAIN,2026,Session 2,2026-04-02,Shift 2,Paper 1 (B.E./B.Tech),Physics,Modern Physics,Photoelectric Effect,SINGLE_CORRECT_MCQ,29,A,,OFFICIAL_VERIFIED,HIGH,4.0,-1.0,JEE_MAIN\images\JM_2026_S2_0402_SHIFT2_PHY_Q029\question_diagram.png,JEE_Main_PYQ_Archive\2026\Session-2\Question-Papers\JEE_Main_2026_Session-2_2026-04-02_Shift-2_Question-Paper.pdf,11,[JEE MAIN] [2026] [Session 2 • 02 Apr • Shift 2]
JM_2026_S2_0402_SHIFT2_PHY_Q030,JEE_MAIN,2026,Session 2,2026-04-02,Shift 2,Paper 1 (B.E./B.Tech),Physics,Modern Physics,Photoelectric Effect,SINGLE_CORRECT_MCQ,30,D,,OFFICIAL_VERIFIED,HIGH,4.0,-1.0,JEE_MAIN\images\JM_2026_S2_0402_SHIFT2_PHY_Q030\question_diagram.png,JEE_Main_PYQ_Archive\2026\Session-2\Question-Papers\JEE_Main_2026_Session-2_2026-04-02_Shift-2_Question-Paper.pdf,11,[JEE MAIN] [2026] [Session 2 • 02 Apr • Shift 2]
JM_2026_S2_0402_SHIFT2_PHY_Q031,JEE_MAIN,2026,Session 2,2026-04-02,Shift 2,Paper 1 (B.E./B.Tech),Physics,Modern Physics,Photoelectric Effect,SINGLE_CORRECT_MCQ,31,A,,OFFICIAL_VERIFIED,HIGH,4.0,-1.0,JEE_MAIN\images\JM_2026_S2_0402_SHIFT2_PHY_Q031\question_diagram.png,JEE_Main_PYQ_Archive\2026\Session-2\Question-Papers\JEE_Main_2026_Session-2_2026-04-02_Shift-2_Question-Paper.pdf,12,[JEE MAIN] [2026] [Session 2 • 02 Apr • Shift 2]
JM_2026_S2_0402_SHIFT2_PHY_Q032,JEE_MAIN,2026,Session 2,2026-04-02,Shift 2,Paper 1 (B.E./B.Tech),Physics,Modern Physics,Photoelectric Effect,SINGLE_CORRECT_MCQ,32,A,,OFFICIAL_VERIFIED,HIGH,4.0,-1.0,JEE_MAIN\images\JM_2026_S2_0402_SHIFT2_PHY_Q032\question_diagram.png,JEE_Main_PYQ_Archive\2026\Session-2\Question-Papers\JEE_Main_2026_Session-2_2026-04-02_Shift-2_Question-Paper.pdf,12,[JEE MAIN] [2026] [Session 2 • 02 Apr • Shift 2]
JM_2026_S2_0402_SHIFT2_PHY_Q033,JEE_MAIN,2026,Session 2,2026-04-02,Shift 2,Paper 1 (B.E./B.Tech),Physics,Modern Physics,Photoelectric Effect,SINGLE_CORRECT_MCQ,33,C,,OFFICIAL_VERIFIED,HIGH,4.0,-1.0,JEE_MAIN\images\JM_2026_S2_0402_SHIFT2_PHY_Q033\question_diagram.png,JEE_Main_PYQ_Archive\2026\Session-2\Question-Papers\JEE_Main_2026_Session-2_2026-04-02_Shift-2_Question-Paper.pdf,13,[JEE MAIN] [2026] [Session 2 • 02 Apr • Shift 2]
JM_2026_S2_0402_SHIFT2_PHY_Q034,JEE_MAIN,2026,Session 2,2026-04-02,Shift 2,Paper 1 (B.E./B.Tech),Physics,Modern Physics,Photoelectric Effect,SINGLE_CORRECT_MCQ,34,C,,OFFICIAL_VERIFIED,HIGH,4.0,-1.0,JEE_MAIN\images\JM_2026_S2_0402_SHIFT2_PHY_Q034\question_diagram.png,JEE_Main_PYQ_Archive\2026\Session-2\Question-Papers\JEE_Main_2026_Session-2_2026-04-02_Shift-2_Question-Paper.pdf,13,[JEE MAIN] [2026] [Session 2 • 02 Apr • Shift 2]
JM_2026_S2_0402_SHIFT2_PHY_Q035,JEE_MAIN,2026,Session 2,2026-04-02,Shift 2,Paper 1 (B.E./B.Tech),Physics,Modern Physics,Photoelectric Effect,SINGLE_CORRECT_MCQ,35,B,,OFFICIAL_VERIFIED,HIGH,4.0,-1.0,JEE_MAIN\images\JM_2026_S2_0402_SHIFT2_PHY_Q035\question_diagram.png,JEE_Main_PYQ_Archive\2026\Session-2\Question-Papers\JEE_Main_2026_Session-2_2026-04-02_Shift-2_Question-Paper.pdf,13,[JEE MAIN] [2026] [Session 2 • 02 Apr • Shift 2]
JM_2026_S2_0402_SHIFT2_PHY_Q036,JEE_MAIN,2026,Session 2,2026-04-02,Shift 2,Paper 1 (B.E./B.Tech),Physics,Modern Physics,Photoelectric Effect,SINGLE_CORRECT_MCQ,36,D,,OFFICIAL_VERIFIED,HIGH,4.0,-1.0,JEE_MAIN\images\JM_2026_S2_0402_SHIFT2_PHY_Q036\question_diagram.png,JEE_Main_PYQ_Archive\2026\Session-2\Question-Papers\JEE_Main_2026_Session-2_2026-04-02_Shift-2_Question-Paper.pdf,14,[JEE MAIN] [2026] [Session 2 • 02 Apr • Shift 2]
JM_2026_S2_0402_SHIFT2_PHY_Q037,JEE_MAIN,2026,Session 2,2026-04-02,Shift 2,Paper 1 (B.E./B.Tech),Physics,Modern Physics,Photoelectric Effect,SINGLE_CORRECT_MCQ,37,B,,OFFICIAL_VERIFIED,HIGH,4.0,-1.0,JEE_MAIN\images\JM_2026_S2_0402_SHIFT2_PHY_Q037\question_diagram.png,JEE_Main_PYQ_Archive\2026\Session-2\Question-Papers\JEE_Main_2026_Session-2_2026-04-02_Shift-2_Question-Paper.pdf,14,[JEE MAIN] [2026] [Session 2 • 02 Apr • Shift 2]
JM_2026_S2_0402_SHIFT2_PHY_Q038,JEE_MAIN,2026,Session 2,2026-04-02,Shift 2,Paper 1 (B.E./B.Tech),Physics,Modern Physics,Photoelectric Effect,SINGLE_CORRECT_MCQ,38,B,,OFFICIAL_VERIFIED,HIGH,4.0,-1.0,JEE_MAIN\images\JM_2026_S2_0402_SHIFT2_PHY_Q038\question_diagram.png,JEE_Main_PYQ_Archive\2026\Session-2\Question-Papers\JEE_Main_2026_Session-2_2026-04-02_Shift-2_Question-Paper.pdf,14,[JEE MAIN] [2026] [Session 2 • 02 Apr • Shift 2]
JM_2026_S2_0402_SHIFT2_PHY_Q039,JEE_MAIN,2026,Session 2,2026-04-02,Shift 2,Paper 1 (B.E./B.Tech),Physics,Modern Physics,Photoelectric Effect,SINGLE_CORRECT_MCQ,39,D,,OFFICIAL_VERIFIED,HIGH,4.0,-1.0,JEE_MAIN\images\JM_2026_S2_0402_SHIFT2_PHY_Q039\question_diagram.png,JEE_Main_PYQ_Archive\2026\Session-2\Question-Papers\JEE_Main_2026_Session-2_2026-04-02_Shift-2_Question-Paper.pdf,15,[JEE MAIN] [2026] [Session 2 • 02 Apr • Shift 2]
JM_2026_S2_0402_SHIFT2_PHY_Q040,JEE_MAIN,2026,Session 2,2026-04-02,Shift 2,Paper 1 (B.E./B.Tech),Physics,Modern Physics,Photoelectric Effect,SINGLE_CORRECT_MCQ,40,C,,OFFICIAL_VERIFIED,HIGH,4.0,-1.0,JEE_MAIN\images\JM_2026_S2_0402_SHIFT2_PHY_Q040\question_diagram.png,JEE_Main_PYQ_Archive\2026\Session-2\Question-Papers\JEE_Main_2026_Session-2_2026-04-02_Shift-2_Question-Paper.pdf,15,[JEE MAIN] [2026] [Session 2 • 02 Apr • Shift 2]
JM_2026_S2_0402_SHIFT2_PHY_Q041,JEE_MAIN,2026,Session 2,2026-04-02,Shift 2,Paper 1 (B.E./B.Tech),Physics,Modern Physics,Photoelectric Effect,SINGLE_CORRECT_MCQ,41,D,,OFFICIAL_VERIFIED,HIGH,4.0,-1.0,JEE_MAIN\images\JM_2026_S2_0402_SHIFT2_PHY_Q041\question_diagram.png,JEE_Main_PYQ_Archive\2026\Session-2\Question-Papers\JEE_Main_2026_Session-2_2026-04-02_Shift-2_Question-Paper.pdf,15,[JEE MAIN] [2026] [Session 2 • 02 Apr • Shift 2]
JM_2026_S2_0402_SHIFT2_PHY_Q042,JEE_MAIN,2026,Session 2,2026-04-02,Shift 2,Paper 1 (B.E./B.Tech),Physics,Modern Physics,Photoelectric Effect,SINGLE_CORRECT_MCQ,42,B,,OFFICIAL_VERIFIED,HIGH,4.0,-1.0,JEE_MAIN\images\JM_2026_S2_0402_SHIFT2_PHY_Q042\question_diagram.png,JEE_Main_PYQ_Archive\2026\Session-2\Question-Papers\JEE_Main_2026_Session-2_2026-04-02_Shift-2_Question-Paper.pdf,16,[JEE MAIN] [2026] [Session 2 • 02 Apr • Shift 2]
JM_2026_S2_0402_SHIFT2_PHY_Q043,JEE_MAIN,2026,Session 2,2026-04-02,Shift 2,Paper 1 (B.E./B.Tech),Physics,Modern Physics,Photoelectric Effect,SINGLE_CORRECT_MCQ,43,D,,OFFICIAL_VERIFIED,HIGH,4.0,-1.0,JEE_MAIN\images\JM_2026_S2_0402_SHIFT2_PHY_Q043\question_diagram.png,JEE_Main_PYQ_Archive\2026\Session-2\Question-Papers\JEE_Main_2026_Session-2_2026-04-02_Shift-2_Question-Paper.pdf,17,[JEE MAIN] [2026] [Session 2 • 02 Apr • Shift 2]
JM_2026_S2_0402_SHIFT2_PHY_Q044,JEE_MAIN,2026,Session 2,2026-04-02,Shift 2,Paper 1 (B.E./B.Tech),Physics,Modern Physics,Photoelectric Effect,SINGLE_CORRECT_MCQ,44,B,,OFFICIAL_VERIFIED,HIGH,4.0,-1.0,JEE_MAIN\images\JM_2026_S2_0402_SHIFT2_PHY_Q044\question_diagram.png,JEE_Main_PYQ_Archive\2026\Session-2\Question-Papers\JEE_Main_2026_Session-2_2026-04-02_Shift-2_Question-Paper.pdf,17,[JEE MAIN] [2026] [Session 2 • 02 Apr • Shift 2]
JM_2026_S2_0402_SHIFT2_PHY_Q045,JEE_MAIN,2026,Session 2,2026-04-02,Shift 2,Paper 1 (B.E./B.Tech),Physics,Modern Physics,Photoelectric Effect,SINGLE_CORRECT_MCQ,45,A,,OFFICIAL_VERIFIED,HIGH,4.0,-1.0,JEE_MAIN\images\JM_2026_S2_0402_SHIFT2_PHY_Q045\question_diagram.png,JEE_Main_PYQ_Archive\2026\Session-2\Question-Papers\JEE_Main_2026_Session-2_2026-04-02_Shift-2_Question-Paper.pdf,17,[JEE MAIN] [2026] [Session 2 • 02 Apr • Shift 2]
JM_2026_S2_0402_SHIFT2_PHY_Q046,JEE_MAIN,2026,Session 2,2026-04-02,Shift 2,Paper 1 (B.E./B.Tech),Physics,Modern Physics,Photoelectric Effect,NUMERICAL,46,6,6.0,OFFICIAL_VERIFIED,HIGH,4.0,-1.0,JEE_MAIN\images\JM_2026_S2_0402_SHIFT2_PHY_Q046\question_diagram.png,JEE_Main_PYQ_Archive\2026\Session-2\Question-Papers\JEE_Main_2026_Session-2_2026-04-02_Shift-2_Question-Paper.pdf,18,[JEE MAIN] [2026] [Session 2 • 02 Apr • Shift 2]
JM_2026_S2_0402_SHIFT2_PHY_Q047,JEE_MAIN,2026,Session 2,2026-04-02,Shift 2,Paper 1 (B.E./B.Tech),Physics,Modern Physics,Photoelectric Effect,NUMERICAL,47,32,32.0,OFFICIAL_VERIFIED,HIGH,4.0,-1.0,JEE_MAIN\images\JM_2026_S2_0402_SHIFT2_PHY_Q047\question_diagram.png,JEE_Main_PYQ_Archive\2026\Session-2\Question-Papers\JEE_Main_2026_Session-2_2026-04-02_Shift-2_Question-Paper.pdf,18,[JEE MAIN] [2026] [Session 2 • 02 Apr • Shift 2]
JM_2026_S2_0402_SHIFT2_PHY_Q048,JEE_MAIN,2026,Session 2,2026-04-02,Shift 2,Paper 1 (B.E./B.Tech),Physics,Modern Physics,Photoelectric Effect,NUMERICAL,48,300,300.0,OFFICIAL_VERIFIED,HIGH,4.0,-1.0,JEE_MAIN\images\JM_2026_S2_0402_SHIFT2_PHY_Q048\question_diagram.png,JEE_Main_PYQ_Archive\2026\Session-2\Question-Papers\JEE_Main_2026_Session-2_2026-04-02_Shift-2_Question-Paper.pdf,19,[JEE MAIN] [2026] [Session 2 • 02 Apr • Shift 2]
JM_2026_S2_0402_SHIFT2_PHY_Q049,JEE_MAIN,2026,Session 2,2026-04-02,Shift 2,Paper 1 (B.E./B.Tech),Physics,Modern Physics,Photoelectric Effect,NUMERICAL,49,20,20.0,OFFICIAL_VERIFIED,HIGH,4.0,-1.0,JEE_MAIN\images\JM_2026_S2_0402_SHIFT2_PHY_Q049\question_diagram.png,JEE_Main_PYQ_Archive\2026\Session-2\Question-Papers\JEE_Main_2026_Session-2_2026-04-02_Shift-2_Question-Paper.pdf,19,[JEE MAIN] [2026] [Session 2 • 02 Apr • Shift 2]
JM_2026_S2_0402_SHIFT2_PHY_Q050,JEE_MAIN,2026,Session 2,2026-04-02,Shift 2,Paper 1 (B.E./B.Tech),Physics,Modern Physics,Photoelectric Effect,NUMERICAL,50,60,60.0,OFFICIAL_VERIFIED,HIGH,4.0,-1.0,JEE_MAIN\images\JM_2026_S2_0402_SHIFT2_PHY_Q050\question_diagram.png,JEE_Main_PYQ_Archive\2026\Session-2\Question-Papers\JEE_Main_2026_Session-2_2026-04-02_Shift-2_Question-Paper.pdf,19,[JEE MAIN] [2026] [Session 2 • 02 Apr • Shift 2]
JM_2026_S2_0402_SHIFT2_CHE_Q051,JEE_MAIN,2026,Session 2,2026-04-02,Shift 2,Paper 1 (B.E./B.Tech),Chemistry,Coordination Compounds,Crystal Field Theory,SINGLE_CORRECT_MCQ,51,B,,OFFICIAL_VERIFIED,HIGH,4.0,-1.0,JEE_MAIN\images\JM_2026_S2_0402_SHIFT2_CHE_Q051\question_diagram.png,JEE_Main_PYQ_Archive\2026\Session-2\Question-Papers\JEE_Main_2026_Session-2_2026-04-02_Shift-2_Question-Paper.pdf,20,[JEE MAIN] [2026] [Session 2 • 02 Apr • Shift 2]
JM_2026_S2_0402_SHIFT2_CHE_Q052,JEE_MAIN,2026,Session 2,2026-04-02,Shift 2,Paper 1 (B.E./B.Tech),Chemistry,Coordination Compounds,Crystal Field Theory,SINGLE_CORRECT_MCQ,52,D,,OFFICIAL_VERIFIED,HIGH,4.0,-1.0,JEE_MAIN\images\JM_2026_S2_0402_SHIFT2_CHE_Q052\question_diagram.png,JEE_Main_PYQ_Archive\2026\Session-2\Question-Papers\JEE_Main_2026_Session-2_2026-04-02_Shift-2_Question-Paper.pdf,20,[JEE MAIN] [2026] [Session 2 • 02 Apr • Shift 2]
JM_2026_S2_0402_SHIFT2_CHE_Q053,JEE_MAIN,2026,Session 2,2026-04-02,Shift 2,Paper 1 (B.E./B.Tech),Chemistry,Coordination Compounds,Crystal Field Theory,SINGLE_CORRECT_MCQ,53,C,,OFFICIAL_VERIFIED,HIGH,4.0,-1.0,JEE_MAIN\images\JM_2026_S2_0402_SHIFT2_CHE_Q053\question_diagram.png,JEE_Main_PYQ_Archive\2026\Session-2\Question-Papers\JEE_Main_2026_Session-2_2026-04-02_Shift-2_Question-Paper.pdf,20,[JEE MAIN] [2026] [Session 2 • 02 Apr • Shift 2]
JM_2026_S2_0402_SHIFT2_CHE_Q054,JEE_MAIN,2026,Session 2,2026-04-02,Shift 2,Paper 1 (B.E./B.Tech),Chemistry,Coordination Compounds,Crystal Field Theory,SINGLE_CORRECT_MCQ,54,A,,OFFICIAL_VERIFIED,HIGH,4.0,-1.0,JEE_MAIN\images\JM_2026_S2_0402_SHIFT2_CHE_Q054\question_diagram.png,JEE_Main_PYQ_Archive\2026\Session-2\Question-Papers\JEE_Main_2026_Session-2_2026-04-02_Shift-2_Question-Paper.pdf,21,[JEE MAIN] [2026] [Session 2 • 02 Apr • Shift 2]
JM_2026_S2_0402_SHIFT2_CHE_Q055,JEE_MAIN,2026,Session 2,2026-04-02,Shift 2,Paper 1 (B.E./B.Tech),Chemistry,Coordination Compounds,Crystal Field Theory,SINGLE_CORRECT_MCQ,55,B,,OFFICIAL_VERIFIED,HIGH,4.0,-1.0,JEE_MAIN\images\JM_2026_S2_0402_SHIFT2_CHE_Q055\question_diagram.png,JEE_Main_PYQ_Archive\2026\Session-2\Question-Papers\JEE_Main_2026_Session-2_2026-04-02_Shift-2_Question-Paper.pdf,21,[JEE MAIN] [2026] [Session 2 • 02 Apr • Shift 2]
JM_2026_S2_0402_SHIFT2_CHE_Q056,JEE_MAIN,2026,Session 2,2026-04-02,Shift 2,Paper 1 (B.E./B.Tech),Chemistry,Coordination Compounds,Crystal Field Theory,SINGLE_CORRECT_MCQ,56,C,,OFFICIAL_VERIFIED,HIGH,4.0,-1.0,JEE_MAIN\images\JM_2026_S2_0402_SHIFT2_CHE_Q056\question_diagram.png,JEE_Main_PYQ_Archive\2026\Session-2\Question-Papers\JEE_Main_2026_Session-2_2026-04-02_Shift-2_Question-Paper.pdf,22,[JEE MAIN] [2026] [Session 2 • 02 Apr • Shift 2]
JM_2026_S2_0402_SHIFT2_CHE_Q057,JEE_MAIN,2026,Session 2,2026-04-02,Shift 2,Paper 1 (B.E./B.Tech),Chemistry,Coordination Compounds,Crystal Field Theory,SINGLE_CORRECT_MCQ,57,B,,OFFICIAL_VERIFIED,HIGH,4.0,-1.0,JEE_MAIN\images\JM_2026_S2_0402_SHIFT2_CHE_Q057\question_diagram.png,JEE_Main_PYQ_Archive\2026\Session-2\Question-Papers\JEE_Main_2026_Session-2_2026-04-02_Shift-2_Question-Paper.pdf,22,[JEE MAIN] [2026] [Session 2 • 02 Apr • Shift 2]
JM_2026_S2_0402_SHIFT2_CHE_Q058,JEE_MAIN,2026,Session 2,2026-04-02,Shift 2,Paper 1 (B.E./B.Tech),Chemistry,Coordination Compounds,Crystal Field Theory,SINGLE_CORRECT_MCQ,58,D,,OFFICIAL_VERIFIED,HIGH,4.0,-1.0,JEE_MAIN\images\JM_2026_S2_0402_SHIFT2_CHE_Q058\question_diagram.png,JEE_Main_PYQ_Archive\2026\Session-2\Question-Papers\JEE_Main_2026_Session-2_2026-04-02_Shift-2_Question-Paper.pdf,23,[JEE MAIN] [2026] [Session 2 • 02 Apr • Shift 2]
JM_2026_S2_0402_SHIFT2_CHE_Q059,JEE_MAIN,2026,Session 2,2026-04-02,Shift 2,Paper 1 (B.E./B.Tech),Chemistry,Coordination Compounds,Crystal Field Theory,SINGLE_CORRECT_MCQ,59,C,,OFFICIAL_VERIFIED,HIGH,4.0,-1.0,JEE_MAIN\images\JM_2026_S2_0402_SHIFT2_CHE_Q059\question_diagram.png,JEE_Main_PYQ_Archive\2026\Session-2\Question-Papers\JEE_Main_2026_Session-2_2026-04-02_Shift-2_Question-Paper.pdf,23,[JEE MAIN] [2026] [Session 2 • 02 Apr • Shift 2]
JM_2026_S2_0402_SHIFT2_CHE_Q060,JEE_MAIN,2026,Session 2,2026-04-02,Shift 2,Paper 1 (B.E./B.Tech),Chemistry,Coordination Compounds,Crystal Field Theory,SINGLE_CORRECT_MCQ,60,B,,OFFICIAL_VERIFIED,HIGH,4.0,-1.0,JEE_MAIN\images\JM_2026_S2_0402_SHIFT2_CHE_Q060\question_diagram.png,JEE_Main_PYQ_Archive\2026\Session-2\Question-Papers\JEE_Main_2026_Session-2_2026-04-02_Shift-2_Question-Paper.pdf,23,[JEE MAIN] [2026] [Session 2 • 02 Apr • Shift 2]
JM_2026_S2_0402_SHIFT2_CHE_Q061,JEE_MAIN,2026,Session 2,2026-04-02,Shift 2,Paper 1 (B.E./B.Tech),Chemistry,Coordination Compounds,Crystal Field Theory,SINGLE_CORRECT_MCQ,61,C,,OFFICIAL_VERIFIED,HIGH,4.0,-1.0,JEE_MAIN\images\JM_2026_S2_0402_SHIFT2_CHE_Q061\question_diagram.png,JEE_Main_PYQ_Archive\2026\Session-2\Question-Papers\JEE_Main_2026_Session-2_2026-04-02_Shift-2_Question-Paper.pdf,24,[JEE MAIN] [2026] [Session 2 • 02 Apr • Shift 2]
JM_2026_S2_0402_SHIFT2_CHE_Q062,JEE_MAIN,2026,Session 2,2026-04-02,Shift 2,Paper 1 (B.E./B.Tech),Chemistry,Coordination Compounds,Crystal Field Theory,SINGLE_CORRECT_MCQ,62,B,,OFFICIAL_VERIFIED,HIGH,4.0,-1.0,JEE_MAIN\images\JM_2026_S2_0402_SHIFT2_CHE_Q062\question_diagram.png,JEE_Main_PYQ_Archive\2026\Session-2\Question-Papers\JEE_Main_2026_Session-2_2026-04-02_Shift-2_Question-Paper.pdf,24,[JEE MAIN] [2026] [Session 2 • 02 Apr • Shift 2]
JM_2026_S2_0402_SHIFT2_CHE_Q063,JEE_MAIN,2026,Session 2,2026-04-02,Shift 2,Paper 1 (B.E./B.Tech),Chemistry,Coordination Compounds,Crystal Field Theory,SINGLE_CORRECT_MCQ,63,A,,OFFICIAL_VERIFIED,HIGH,4.0,-1.0,JEE_MAIN\images\JM_2026_S2_0402_SHIFT2_CHE_Q063\question_diagram.png,JEE_Main_PYQ_Archive\2026\Session-2\Question-Papers\JEE_Main_2026_Session-2_2026-04-02_Shift-2_Question-Paper.pdf,25,[JEE MAIN] [2026] [Session 2 • 02 Apr • Shift 2]
JM_2026_S2_0402_SHIFT2_CHE_Q064,JEE_MAIN,2026,Session 2,2026-04-02,Shift 2,Paper 1 (B.E./B.Tech),Chemistry,Coordination Compounds,Crystal Field Theory,SINGLE_CORRECT_MCQ,64,D,,OFFICIAL_VERIFIED,HIGH,4.0,-1.0,JEE_MAIN\images\JM_2026_S2_0402_SHIFT2_CHE_Q064\question_diagram.png,JEE_Main_PYQ_Archive\2026\Session-2\Question-Papers\JEE_Main_2026_Session-2_2026-04-02_Shift-2_Question-Paper.pdf,25,[JEE MAIN] [2026] [Session 2 • 02 Apr • Shift 2]
JM_2026_S2_0402_SHIFT2_CHE_Q065,JEE_MAIN,2026,Session 2,2026-04-02,Shift 2,Paper 1 (B.E./B.Tech),Chemistry,Coordination Compounds,Crystal Field Theory,SINGLE_CORRECT_MCQ,65,D,,OFFICIAL_VERIFIED,HIGH,4.0,-1.0,JEE_MAIN\images\JM_2026_S2_0402_SHIFT2_CHE_Q065\question_diagram.png,JEE_Main_PYQ_Archive\2026\Session-2\Question-Papers\JEE_Main_2026_Session-2_2026-04-02_Shift-2_Question-Paper.pdf,25,[JEE MAIN] [2026] [Session 2 • 02 Apr • Shift 2]
JM_2026_S2_0402_SHIFT2_CHE_Q066,JEE_MAIN,2026,Session 2,2026-04-02,Shift 2,Paper 1 (B.E./B.Tech),Chemistry,Coordination Compounds,Crystal Field Theory,SINGLE_CORRECT_MCQ,66,D,,OFFICIAL_VERIFIED,HIGH,4.0,-1.0,JEE_MAIN\images\JM_2026_S2_0402_SHIFT2_CHE_Q066\question_diagram.png,JEE_Main_PYQ_Archive\2026\Session-2\Question-Papers\JEE_Main_2026_Session-2_2026-04-02_Shift-2_Question-Paper.pdf,26,[JEE MAIN] [2026] [Session 2 • 02 Apr • Shift 2]
JM_2026_S2_0402_SHIFT2_CHE_Q067,JEE_MAIN,2026,Session 2,2026-04-02,Shift 2,Paper 1 (B.E./B.Tech),Chemistry,Coordination Compounds,Crystal Field Theory,SINGLE_CORRECT_MCQ,67,A,,OFFICIAL_VERIFIED,HIGH,4.0,-1.0,JEE_MAIN\images\JM_2026_S2_0402_SHIFT2_CHE_Q067\question_diagram.png,JEE_Main_PYQ_Archive\2026\Session-2\Question-Papers\JEE_Main_2026_Session-2_2026-04-02_Shift-2_Question-Paper.pdf,26,[JEE MAIN] [2026] [Session 2 • 02 Apr • Shift 2]
JM_2026_S2_0402_SHIFT2_CHE_Q068,JEE_MAIN,2026,Session 2,2026-04-02,Shift 2,Paper 1 (B.E./B.Tech),Chemistry,Coordination Compounds,Crystal Field Theory,SINGLE_CORRECT_MCQ,68,C,,OFFICIAL_VERIFIED,HIGH,4.0,-1.0,JEE_MAIN\images\JM_2026_S2_0402_SHIFT2_CHE_Q068\question_diagram.png,JEE_Main_PYQ_Archive\2026\Session-2\Question-Papers\JEE_Main_2026_Session-2_2026-04-02_Shift-2_Question-Paper.pdf,27,[JEE MAIN] [2026] [Session 2 • 02 Apr • Shift 2]
JM_2026_S2_0402_SHIFT2_CHE_Q069,JEE_MAIN,2026,Session 2,2026-04-02,Shift 2,Paper 1 (B.E./B.Tech),Chemistry,Coordination Compounds,Crystal Field Theory,SINGLE_CORRECT_MCQ,69,D,,OFFICIAL_VERIFIED,HIGH,4.0,-1.0,JEE_MAIN\images\JM_2026_S2_0402_SHIFT2_CHE_Q069\question_diagram.png,JEE_Main_PYQ_Archive\2026\Session-2\Question-Papers\JEE_Main_2026_Session-2_2026-04-02_Shift-2_Question-Paper.pdf,28,[JEE MAIN] [2026] [Session 2 • 02 Apr • Shift 2]
JM_2026_S2_0402_SHIFT2_CHE_Q070,JEE_MAIN,2026,Session 2,2026-04-02,Shift 2,Paper 1 (B.E./B.Tech),Chemistry,Coordination Compounds,Crystal Field Theory,SINGLE_CORRECT_MCQ,70,A,,OFFICIAL_VERIFIED,HIGH,4.0,-1.0,JEE_MAIN\images\JM_2026_S2_0402_SHIFT2_CHE_Q070\question_diagram.png,JEE_Main_PYQ_Archive\2026\Session-2\Question-Papers\JEE_Main_2026_Session-2_2026-04-02_Shift-2_Question-Paper.pdf,28,[JEE MAIN] [2026] [Session 2 • 02 Apr • Shift 2]
JM_2026_S2_0402_SHIFT2_CHE_Q071,JEE_MAIN,2026,Session 2,2026-04-02,Shift 2,Paper 1 (B.E./B.Tech),Chemistry,Coordination Compounds,Crystal Field Theory,NUMERICAL,71,5,5.0,OFFICIAL_VERIFIED,HIGH,4.0,-1.0,JEE_MAIN\images\JM_2026_S2_0402_SHIFT2_CHE_Q071\question_diagram.png,JEE_Main_PYQ_Archive\2026\Session-2\Question-Papers\JEE_Main_2026_Session-2_2026-04-02_Shift-2_Question-Paper.pdf,29,[JEE MAIN] [2026] [Session 2 • 02 Apr • Shift 2]
JM_2026_S2_0402_SHIFT2_CHE_Q072,JEE_MAIN,2026,Session 2,2026-04-02,Shift 2,Paper 1 (B.E./B.Tech),Chemistry,Coordination Compounds,Crystal Field Theory,NUMERICAL,72,20,20.0,OFFICIAL_VERIFIED,HIGH,4.0,-1.0,JEE_MAIN\images\JM_2026_S2_0402_SHIFT2_CHE_Q072\question_diagram.png,JEE_Main_PYQ_Archive\2026\Session-2\Question-Papers\JEE_Main_2026_Session-2_2026-04-02_Shift-2_Question-Paper.pdf,29,[JEE MAIN] [2026] [Session 2 • 02 Apr • Shift 2]
JM_2026_S2_0402_SHIFT2_CHE_Q073,JEE_MAIN,2026,Session 2,2026-04-02,Shift 2,Paper 1 (B.E./B.Tech),Chemistry,Coordination Compounds,Crystal Field Theory,NUMERICAL,73,560,560.0,OFFICIAL_VERIFIED,HIGH,4.0,-1.0,JEE_MAIN\images\JM_2026_S2_0402_SHIFT2_CHE_Q073\question_diagram.png,JEE_Main_PYQ_Archive\2026\Session-2\Question-Papers\JEE_Main_2026_Session-2_2026-04-02_Shift-2_Question-Paper.pdf,30,[JEE MAIN] [2026] [Session 2 • 02 Apr • Shift 2]
JM_2026_S2_0402_SHIFT2_CHE_Q074,JEE_MAIN,2026,Session 2,2026-04-02,Shift 2,Paper 1 (B.E./B.Tech),Chemistry,Coordination Compounds,Crystal Field Theory,NUMERICAL,74,3,3.0,OFFICIAL_VERIFIED,HIGH,4.0,-1.0,JEE_MAIN\images\JM_2026_S2_0402_SHIFT2_CHE_Q074\question_diagram.png,JEE_Main_PYQ_Archive\2026\Session-2\Question-Papers\JEE_Main_2026_Session-2_2026-04-02_Shift-2_Question-Paper.pdf,30,[JEE MAIN] [2026] [Session 2 • 02 Apr • Shift 2]
JM_2026_S2_0402_SHIFT2_CHE_Q075,JEE_MAIN,2026,Session 2,2026-04-02,Shift 2,Paper 1 (B.E./B.Tech),Chemistry,Coordination Compounds,Crystal Field Theory,NUMERICAL,75,1,1.0,OFFICIAL_VERIFIED,HIGH,4.0,-1.0,JEE_MAIN\images\JM_2026_S2_0402_SHIFT2_CHE_Q075\question_diagram.png,JEE_Main_PYQ_Archive\2026\Session-2\Question-Papers\JEE_Main_2026_Session-2_2026-04-02_Shift-2_Question-Paper.pdf,30,[JEE MAIN] [2026] [Session 2 • 02 Apr • Shift 2]
JM_2026_S2_0404_SHIFT1_MAT_Q001,JEE_MAIN,2026,Session 2,2026-04-04,Shift 1,Paper 1 (B.E./B.Tech),Mathematics,Matrices and Determinants,Matrix Transformations,SINGLE_CORRECT_MCQ,1,A,,OFFICIAL_VERIFIED,HIGH,4.0,-1.0,JEE_MAIN\images\JM_2026_S2_0404_SHIFT1_MAT_Q001\question_diagram.png,JEE_Main_PYQ_Archive\2026\Session-2\Question-Papers\JEE_Main_2026_Session-2_2026-04-04_Shift-1_Question-Paper.pdf,1,[JEE MAIN] [2026] [Session 2 • 04 Apr • Shift 1]
JM_2026_S2_0404_SHIFT1_MAT_Q002,JEE_MAIN,2026,Session 2,2026-04-04,Shift 1,Paper 1 (B.E./B.Tech),Mathematics,Matrices and Determinants,Matrix Transformations,SINGLE_CORRECT_MCQ,2,D,,OFFICIAL_VERIFIED,HIGH,4.0,-1.0,JEE_MAIN\images\JM_2026_S2_0404_SHIFT1_MAT_Q002\question_diagram.png,JEE_Main_PYQ_Archive\2026\Session-2\Question-Papers\JEE_Main_2026_Session-2_2026-04-04_Shift-1_Question-Paper.pdf,1,[JEE MAIN] [2026] [Session 2 • 04 Apr • Shift 1]
JM_2026_S2_0404_SHIFT1_MAT_Q003,JEE_MAIN,2026,Session 2,2026-04-04,Shift 1,Paper 1 (B.E./B.Tech),Mathematics,Matrices and Determinants,Matrix Transformations,SINGLE_CORRECT_MCQ,3,C,,OFFICIAL_VERIFIED,HIGH,4.0,-1.0,JEE_MAIN\images\JM_2026_S2_0404_SHIFT1_MAT_Q003\question_diagram.png,JEE_Main_PYQ_Archive\2026\Session-2\Question-Papers\JEE_Main_2026_Session-2_2026-04-04_Shift-1_Question-Paper.pdf,2,[JEE MAIN] [2026] [Session 2 • 04 Apr • Shift 1]
JM_2026_S2_0404_SHIFT1_MAT_Q004,JEE_MAIN,2026,Session 2,2026-04-04,Shift 1,Paper 1 (B.E./B.Tech),Mathematics,Matrices and Determinants,Matrix Transformations,SINGLE_CORRECT_MCQ,4,D,,OFFICIAL_VERIFIED,HIGH,4.0,-1.0,JEE_MAIN\images\JM_2026_S2_0404_SHIFT1_MAT_Q004\question_diagram.png,JEE_Main_PYQ_Archive\2026\Session-2\Question-Papers\JEE_Main_2026_Session-2_2026-04-04_Shift-1_Question-Paper.pdf,2,[JEE MAIN] [2026] [Session 2 • 04 Apr • Shift 1]
JM_2026_S2_0404_SHIFT1_MAT_Q005,JEE_MAIN,2026,Session 2,2026-04-04,Shift 1,Paper 1 (B.E./B.Tech),Mathematics,Matrices and Determinants,Matrix Transformations,SINGLE_CORRECT_MCQ,5,B,,OFFICIAL_VERIFIED,HIGH,4.0,-1.0,JEE_MAIN\images\JM_2026_S2_0404_SHIFT1_MAT_Q005\question_diagram.png,JEE_Main_PYQ_Archive\2026\Session-2\Question-Papers\JEE_Main_2026_Session-2_2026-04-04_Shift-1_Question-Paper.pdf,2,[JEE MAIN] [2026] [Session 2 • 04 Apr • Shift 1]
JM_2026_S2_0404_SHIFT1_MAT_Q006,JEE_MAIN,2026,Session 2,2026-04-04,Shift 1,Paper 1 (B.E./B.Tech),Mathematics,Coordinate Geometry (2D),Circle Equations and Tangents,SINGLE_CORRECT_MCQ,6,B,,OFFICIAL_VERIFIED,HIGH,4.0,-1.0,JEE_MAIN\images\JM_2026_S2_0404_SHIFT1_MAT_Q006\question_diagram.png,JEE_Main_PYQ_Archive\2026\Session-2\Question-Papers\JEE_Main_2026_Session-2_2026-04-04_Shift-1_Question-Paper.pdf,3,[JEE MAIN] [2026] [Session 2 • 04 Apr • Shift 1]
JM_2026_S2_0404_SHIFT1_MAT_Q007,JEE_MAIN,2026,Session 2,2026-04-04,Shift 1,Paper 1 (B.E./B.Tech),Mathematics,Coordinate Geometry (2D),Circle Equations and Tangents,SINGLE_CORRECT_MCQ,7,C,,OFFICIAL_VERIFIED,HIGH,4.0,-1.0,JEE_MAIN\images\JM_2026_S2_0404_SHIFT1_MAT_Q007\question_diagram.png,JEE_Main_PYQ_Archive\2026\Session-2\Question-Papers\JEE_Main_2026_Session-2_2026-04-04_Shift-1_Question-Paper.pdf,3,[JEE MAIN] [2026] [Session 2 • 04 Apr • Shift 1]
JM_2026_S2_0404_SHIFT1_MAT_Q008,JEE_MAIN,2026,Session 2,2026-04-04,Shift 1,Paper 1 (B.E./B.Tech),Mathematics,Coordinate Geometry (2D),Circle Equations and Tangents,SINGLE_CORRECT_MCQ,8,B,,OFFICIAL_VERIFIED,HIGH,4.0,-1.0,JEE_MAIN\images\JM_2026_S2_0404_SHIFT1_MAT_Q008\question_diagram.png,JEE_Main_PYQ_Archive\2026\Session-2\Question-Papers\JEE_Main_2026_Session-2_2026-04-04_Shift-1_Question-Paper.pdf,3,[JEE MAIN] [2026] [Session 2 • 04 Apr • Shift 1]
JM_2026_S2_0404_SHIFT1_MAT_Q009,JEE_MAIN,2026,Session 2,2026-04-04,Shift 1,Paper 1 (B.E./B.Tech),Mathematics,Coordinate Geometry (2D),Circle Equations and Tangents,SINGLE_CORRECT_MCQ,9,B,,OFFICIAL_VERIFIED,HIGH,4.0,-1.0,JEE_MAIN\images\JM_2026_S2_0404_SHIFT1_MAT_Q009\question_diagram.png,JEE_Main_PYQ_Archive\2026\Session-2\Question-Papers\JEE_Main_2026_Session-2_2026-04-04_Shift-1_Question-Paper.pdf,4,[JEE MAIN] [2026] [Session 2 • 04 Apr • Shift 1]
JM_2026_S2_0404_SHIFT1_MAT_Q010,JEE_MAIN,2026,Session 2,2026-04-04,Shift 1,Paper 1 (B.E./B.Tech),Mathematics,Coordinate Geometry (2D),Circle Equations and Tangents,SINGLE_CORRECT_MCQ,10,B,,OFFICIAL_VERIFIED,HIGH,4.0,-1.0,JEE_MAIN\images\JM_2026_S2_0404_SHIFT1_MAT_Q010\question_diagram.png,JEE_Main_PYQ_Archive\2026\Session-2\Question-Papers\JEE_Main_2026_Session-2_2026-04-04_Shift-1_Question-Paper.pdf,4,[JEE MAIN] [2026] [Session 2 • 04 Apr • Shift 1]
JM_2026_S2_0404_SHIFT1_MAT_Q011,JEE_MAIN,2026,Session 2,2026-04-04,Shift 1,Paper 1 (B.E./B.Tech),Mathematics,Indefinite and Definite Integration,Properties of Definite Integrals,SINGLE_CORRECT_MCQ,11,C,,OFFICIAL_VERIFIED,HIGH,4.0,-1.0,JEE_MAIN\images\JM_2026_S2_0404_SHIFT1_MAT_Q011\question_diagram.png,JEE_Main_PYQ_Archive\2026\Session-2\Question-Papers\JEE_Main_2026_Session-2_2026-04-04_Shift-1_Question-Paper.pdf,4,[JEE MAIN] [2026] [Session 2 • 04 Apr • Shift 1]
JM_2026_S2_0404_SHIFT1_MAT_Q012,JEE_MAIN,2026,Session 2,2026-04-04,Shift 1,Paper 1 (B.E./B.Tech),Mathematics,Indefinite and Definite Integration,Properties of Definite Integrals,SINGLE_CORRECT_MCQ,12,A,,OFFICIAL_VERIFIED,HIGH,4.0,-1.0,JEE_MAIN\images\JM_2026_S2_0404_SHIFT1_MAT_Q012\question_diagram.png,JEE_Main_PYQ_Archive\2026\Session-2\Question-Papers\JEE_Main_2026_Session-2_2026-04-04_Shift-1_Question-Paper.pdf,4,[JEE MAIN] [2026] [Session 2 • 04 Apr • Shift 1]
JM_2026_S2_0404_SHIFT1_MAT_Q013,JEE_MAIN,2026,Session 2,2026-04-04,Shift 1,Paper 1 (B.E./B.Tech),Mathematics,Indefinite and Definite Integration,Properties of Definite Integrals,SINGLE_CORRECT_MCQ,13,D,,OFFICIAL_VERIFIED,HIGH,4.0,-1.0,JEE_MAIN\images\JM_2026_S2_0404_SHIFT1_MAT_Q013\question_diagram.png,JEE_Main_PYQ_Archive\2026\Session-2\Question-Papers\JEE_Main_2026_Session-2_2026-04-04_Shift-1_Question-Paper.pdf,5,[JEE MAIN] [2026] [Session 2 • 04 Apr • Shift 1]
JM_2026_S2_0404_SHIFT1_MAT_Q014,JEE_MAIN,2026,Session 2,2026-04-04,Shift 1,Paper 1 (B.E./B.Tech),Mathematics,Indefinite and Definite Integration,Properties of Definite Integrals,SINGLE_CORRECT_MCQ,14,D,,OFFICIAL_VERIFIED,HIGH,4.0,-1.0,JEE_MAIN\images\JM_2026_S2_0404_SHIFT1_MAT_Q014\question_diagram.png,JEE_Main_PYQ_Archive\2026\Session-2\Question-Papers\JEE_Main_2026_Session-2_2026-04-04_Shift-1_Question-Paper.pdf,5,[JEE MAIN] [2026] [Session 2 • 04 Apr • Shift 1]
JM_2026_S2_0404_SHIFT1_MAT_Q015,JEE_MAIN,2026,Session 2,2026-04-04,Shift 1,Paper 1 (B.E./B.Tech),Mathematics,Indefinite and Definite Integration,Properties of Definite Integrals,SINGLE_CORRECT_MCQ,15,D,,OFFICIAL_VERIFIED,HIGH,4.0,-1.0,JEE_MAIN\images\JM_2026_S2_0404_SHIFT1_MAT_Q015\question_diagram.png,JEE_Main_PYQ_Archive\2026\Session-2\Question-Papers\JEE_Main_2026_Session-2_2026-04-04_Shift-1_Question-Paper.pdf,5,[JEE MAIN] [2026] [Session 2 • 04 Apr • Shift 1]
JM_2026_S2_0404_SHIFT1_MAT_Q016,JEE_MAIN,2026,Session 2,2026-04-04,Shift 1,Paper 1 (B.E./B.Tech),Mathematics,Indefinite and Definite Integration,Properties of Definite Integrals,SINGLE_CORRECT_MCQ,16,C,,OFFICIAL_VERIFIED,HIGH,4.0,-1.0,JEE_MAIN\images\JM_2026_S2_0404_SHIFT1_MAT_Q016\question_diagram.png,JEE_Main_PYQ_Archive\2026\Session-2\Question-Papers\JEE_Main_2026_Session-2_2026-04-04_Shift-1_Question-Paper.pdf,6,[JEE MAIN] [2026] [Session 2 • 04 Apr • Shift 1]
JM_2026_S2_0404_SHIFT1_MAT_Q017,JEE_MAIN,2026,Session 2,2026-04-04,Shift 1,Paper 1 (B.E./B.Tech),Mathematics,Indefinite and Definite Integration,Properties of Definite Integrals,SINGLE_CORRECT_MCQ,17,A,,OFFICIAL_VERIFIED,HIGH,4.0,-1.0,JEE_MAIN\images\JM_2026_S2_0404_SHIFT1_MAT_Q017\question_diagram.png,JEE_Main_PYQ_Archive\2026\Session-2\Question-Papers\JEE_Main_2026_Session-2_2026-04-04_Shift-1_Question-Paper.pdf,6,[JEE MAIN] [2026] [Session 2 • 04 Apr • Shift 1]
JM_2026_S2_0404_SHIFT1_MAT_Q018,JEE_MAIN,2026,Session 2,2026-04-04,Shift 1,Paper 1 (B.E./B.Tech),Mathematics,Indefinite and Definite Integration,Properties of Definite Integrals,SINGLE_CORRECT_MCQ,18,D,,OFFICIAL_VERIFIED,HIGH,4.0,-1.0,JEE_MAIN\images\JM_2026_S2_0404_SHIFT1_MAT_Q018\question_diagram.png,JEE_Main_PYQ_Archive\2026\Session-2\Question-Papers\JEE_Main_2026_Session-2_2026-04-04_Shift-1_Question-Paper.pdf,6,[JEE MAIN] [2026] [Session 2 • 04 Apr • Shift 1]
JM_2026_S2_0404_SHIFT1_MAT_Q019,JEE_MAIN,2026,Session 2,2026-04-04,Shift 1,Paper 1 (B.E./B.Tech),Mathematics,Vector Algebra and 3D Geometry,Plane and Shortest Distance Between Lines,SINGLE_CORRECT_MCQ,19,D,,OFFICIAL_VERIFIED,HIGH,4.0,-1.0,JEE_MAIN\images\JM_2026_S2_0404_SHIFT1_MAT_Q019\question_diagram.png,JEE_Main_PYQ_Archive\2026\Session-2\Question-Papers\JEE_Main_2026_Session-2_2026-04-04_Shift-1_Question-Paper.pdf,6,[JEE MAIN] [2026] [Session 2 • 04 Apr • Shift 1]
JM_2026_S2_0404_SHIFT1_MAT_Q020,JEE_MAIN,2026,Session 2,2026-04-04,Shift 1,Paper 1 (B.E./B.Tech),Mathematics,Vector Algebra and 3D Geometry,Plane and Shortest Distance Between Lines,SINGLE_CORRECT_MCQ,20,A,,OFFICIAL_VERIFIED,HIGH,4.0,-1.0,JEE_MAIN\images\JM_2026_S2_0404_SHIFT1_MAT_Q020\question_diagram.png,JEE_Main_PYQ_Archive\2026\Session-2\Question-Papers\JEE_Main_2026_Session-2_2026-04-04_Shift-1_Question-Paper.pdf,7,[JEE MAIN] [2026] [Session 2 • 04 Apr • Shift 1]
JM_2026_S2_0404_SHIFT1_MAT_Q021,JEE_MAIN,2026,Session 2,2026-04-04,Shift 1,Paper 1 (B.E./B.Tech),Mathematics,Vector Algebra and 3D Geometry,Plane and Shortest Distance Between Lines,NUMERICAL,21,9,9.0,OFFICIAL_VERIFIED,HIGH,4.0,-1.0,JEE_MAIN\images\JM_2026_S2_0404_SHIFT1_MAT_Q021\question_diagram.png,JEE_Main_PYQ_Archive\2026\Session-2\Question-Papers\JEE_Main_2026_Session-2_2026-04-04_Shift-1_Question-Paper.pdf,7,[JEE MAIN] [2026] [Session 2 • 04 Apr • Shift 1]
JM_2026_S2_0404_SHIFT1_MAT_Q022,JEE_MAIN,2026,Session 2,2026-04-04,Shift 1,Paper 1 (B.E./B.Tech),Mathematics,Vector Algebra and 3D Geometry,Plane and Shortest Distance Between Lines,NUMERICAL,22,3,3.0,OFFICIAL_VERIFIED,HIGH,4.0,-1.0,JEE_MAIN\images\JM_2026_S2_0404_SHIFT1_MAT_Q022\question_diagram.png,JEE_Main_PYQ_Archive\2026\Session-2\Question-Papers\JEE_Main_2026_Session-2_2026-04-04_Shift-1_Question-Paper.pdf,8,[JEE MAIN] [2026] [Session 2 • 04 Apr • Shift 1]
JM_2026_S2_0404_SHIFT1_MAT_Q023,JEE_MAIN,2026,Session 2,2026-04-04,Shift 1,Paper 1 (B.E./B.Tech),Mathematics,Vector Algebra and 3D Geometry,Plane and Shortest Distance Between Lines,NUMERICAL,23,2,2.0,OFFICIAL_VERIFIED,HIGH,4.0,-1.0,JEE_MAIN\images\JM_2026_S2_0404_SHIFT1_MAT_Q023\question_diagram.png,JEE_Main_PYQ_Archive\2026\Session-2\Question-Papers\JEE_Main_2026_Session-2_2026-04-04_Shift-1_Question-Paper.pdf,8,[JEE MAIN] [2026] [Session 2 • 04 Apr • Shift 1]
JM_2026_S2_0404_SHIFT1_MAT_Q024,JEE_MAIN,2026,Session 2,2026-04-04,Shift 1,Paper 1 (B.E./B.Tech),Mathematics,Vector Algebra and 3D Geometry,Plane and Shortest Distance Between Lines,NUMERICAL,24,3,3.0,OFFICIAL_VERIFIED,HIGH,4.0,-1.0,JEE_MAIN\images\JM_2026_S2_0404_SHIFT1_MAT_Q024\question_diagram.png,JEE_Main_PYQ_Archive\2026\Session-2\Question-Papers\JEE_Main_2026_Session-2_2026-04-04_Shift-1_Question-Paper.pdf,8,[JEE MAIN] [2026] [Session 2 • 04 Apr • Shift 1]
JM_2026_S2_0404_SHIFT1_MAT_Q025,JEE_MAIN,2026,Session 2,2026-04-04,Shift 1,Paper 1 (B.E./B.Tech),Mathematics,Vector Algebra and 3D Geometry,Plane and Shortest Distance Between Lines,NUMERICAL,25,3,3.0,OFFICIAL_VERIFIED,HIGH,4.0,-1.0,JEE_MAIN\images\JM_2026_S2_0404_SHIFT1_MAT_Q025\question_diagram.png,JEE_Main_PYQ_Archive\2026\Session-2\Question-Papers\JEE_Main_2026_Session-2_2026-04-04_Shift-1_Question-Paper.pdf,8,[JEE MAIN] [2026] [Session 2 • 04 Apr • Shift 1]
JM_2026_S2_0404_SHIFT1_PHY_Q026,JEE_MAIN,2026,Session 2,2026-04-04,Shift 1,Paper 1 (B.E./B.Tech),Physics,Modern Physics,Photoelectric Effect,SINGLE_CORRECT_MCQ,26,D,,OFFICIAL_VERIFIED,HIGH,4.0,-1.0,JEE_MAIN\images\JM_2026_S2_0404_SHIFT1_PHY_Q026\question_diagram.png,JEE_Main_PYQ_Archive\2026\Session-2\Question-Papers\JEE_Main_2026_Session-2_2026-04-04_Shift-1_Question-Paper.pdf,9,[JEE MAIN] [2026] [Session 2 • 04 Apr • Shift 1]
JM_2026_S2_0404_SHIFT1_PHY_Q027,JEE_MAIN,2026,Session 2,2026-04-04,Shift 1,Paper 1 (B.E./B.Tech),Physics,Modern Physics,Photoelectric Effect,SINGLE_CORRECT_MCQ,27,A,,OFFICIAL_VERIFIED,HIGH,4.0,-1.0,JEE_MAIN\images\JM_2026_S2_0404_SHIFT1_PHY_Q027\question_diagram.png,JEE_Main_PYQ_Archive\2026\Session-2\Question-Papers\JEE_Main_2026_Session-2_2026-04-04_Shift-1_Question-Paper.pdf,9,[JEE MAIN] [2026] [Session 2 • 04 Apr • Shift 1]
JM_2026_S2_0404_SHIFT1_PHY_Q028,JEE_MAIN,2026,Session 2,2026-04-04,Shift 1,Paper 1 (B.E./B.Tech),Physics,Modern Physics,Photoelectric Effect,SINGLE_CORRECT_MCQ,28,D,,OFFICIAL_VERIFIED,HIGH,4.0,-1.0,JEE_MAIN\images\JM_2026_S2_0404_SHIFT1_PHY_Q028\question_diagram.png,JEE_Main_PYQ_Archive\2026\Session-2\Question-Papers\JEE_Main_2026_Session-2_2026-04-04_Shift-1_Question-Paper.pdf,10,[JEE MAIN] [2026] [Session 2 • 04 Apr • Shift 1]
JM_2026_S2_0404_SHIFT1_PHY_Q029,JEE_MAIN,2026,Session 2,2026-04-04,Shift 1,Paper 1 (B.E./B.Tech),Physics,Modern Physics,Photoelectric Effect,SINGLE_CORRECT_MCQ,29,B,,OFFICIAL_VERIFIED,HIGH,4.0,-1.0,JEE_MAIN\images\JM_2026_S2_0404_SHIFT1_PHY_Q029\question_diagram.png,JEE_Main_PYQ_Archive\2026\Session-2\Question-Papers\JEE_Main_2026_Session-2_2026-04-04_Shift-1_Question-Paper.pdf,10,[JEE MAIN] [2026] [Session 2 • 04 Apr • Shift 1]
JM_2026_S2_0404_SHIFT1_PHY_Q030,JEE_MAIN,2026,Session 2,2026-04-04,Shift 1,Paper 1 (B.E./B.Tech),Physics,Modern Physics,Photoelectric Effect,SINGLE_CORRECT_MCQ,30,A,,OFFICIAL_VERIFIED,HIGH,4.0,-1.0,JEE_MAIN\images\JM_2026_S2_0404_SHIFT1_PHY_Q030\question_diagram.png,JEE_Main_PYQ_Archive\2026\Session-2\Question-Papers\JEE_Main_2026_Session-2_2026-04-04_Shift-1_Question-Paper.pdf,10,[JEE MAIN] [2026] [Session 2 • 04 Apr • Shift 1]
JM_2026_S2_0404_SHIFT1_PHY_Q031,JEE_MAIN,2026,Session 2,2026-04-04,Shift 1,Paper 1 (B.E./B.Tech),Physics,Modern Physics,Photoelectric Effect,SINGLE_CORRECT_MCQ,31,B,,OFFICIAL_VERIFIED,HIGH,4.0,-1.0,JEE_MAIN\images\JM_2026_S2_0404_SHIFT1_PHY_Q031\question_diagram.png,JEE_Main_PYQ_Archive\2026\Session-2\Question-Papers\JEE_Main_2026_Session-2_2026-04-04_Shift-1_Question-Paper.pdf,11,[JEE MAIN] [2026] [Session 2 • 04 Apr • Shift 1]
JM_2026_S2_0404_SHIFT1_PHY_Q032,JEE_MAIN,2026,Session 2,2026-04-04,Shift 1,Paper 1 (B.E./B.Tech),Physics,Modern Physics,Photoelectric Effect,SINGLE_CORRECT_MCQ,32,D,,OFFICIAL_VERIFIED,HIGH,4.0,-1.0,JEE_MAIN\images\JM_2026_S2_0404_SHIFT1_PHY_Q032\question_diagram.png,JEE_Main_PYQ_Archive\2026\Session-2\Question-Papers\JEE_Main_2026_Session-2_2026-04-04_Shift-1_Question-Paper.pdf,11,[JEE MAIN] [2026] [Session 2 • 04 Apr • Shift 1]
JM_2026_S2_0404_SHIFT1_PHY_Q033,JEE_MAIN,2026,Session 2,2026-04-04,Shift 1,Paper 1 (B.E./B.Tech),Physics,Modern Physics,Photoelectric Effect,SINGLE_CORRECT_MCQ,33,B,,OFFICIAL_VERIFIED,HIGH,4.0,-1.0,JEE_MAIN\images\JM_2026_S2_0404_SHIFT1_PHY_Q033\question_diagram.png,JEE_Main_PYQ_Archive\2026\Session-2\Question-Papers\JEE_Main_2026_Session-2_2026-04-04_Shift-1_Question-Paper.pdf,11,[JEE MAIN] [2026] [Session 2 • 04 Apr • Shift 1]
JM_2026_S2_0404_SHIFT1_PHY_Q034,JEE_MAIN,2026,Session 2,2026-04-04,Shift 1,Paper 1 (B.E./B.Tech),Physics,Modern Physics,Photoelectric Effect,SINGLE_CORRECT_MCQ,34,D,,OFFICIAL_VERIFIED,HIGH,4.0,-1.0,JEE_MAIN\images\JM_2026_S2_0404_SHIFT1_PHY_Q034\question_diagram.png,JEE_Main_PYQ_Archive\2026\Session-2\Question-Papers\JEE_Main_2026_Session-2_2026-04-04_Shift-1_Question-Paper.pdf,12,[JEE MAIN] [2026] [Session 2 • 04 Apr • Shift 1]
JM_2026_S2_0404_SHIFT1_PHY_Q035,JEE_MAIN,2026,Session 2,2026-04-04,Shift 1,Paper 1 (B.E./B.Tech),Physics,Modern Physics,Photoelectric Effect,SINGLE_CORRECT_MCQ,35,A,,OFFICIAL_VERIFIED,HIGH,4.0,-1.0,JEE_MAIN\images\JM_2026_S2_0404_SHIFT1_PHY_Q035\question_diagram.png,JEE_Main_PYQ_Archive\2026\Session-2\Question-Papers\JEE_Main_2026_Session-2_2026-04-04_Shift-1_Question-Paper.pdf,12,[JEE MAIN] [2026] [Session 2 • 04 Apr • Shift 1]
JM_2026_S2_0404_SHIFT1_PHY_Q036,JEE_MAIN,2026,Session 2,2026-04-04,Shift 1,Paper 1 (B.E./B.Tech),Physics,Modern Physics,Photoelectric Effect,SINGLE_CORRECT_MCQ,36,A,,OFFICIAL_VERIFIED,HIGH,4.0,-1.0,JEE_MAIN\images\JM_2026_S2_0404_SHIFT1_PHY_Q036\question_diagram.png,JEE_Main_PYQ_Archive\2026\Session-2\Question-Papers\JEE_Main_2026_Session-2_2026-04-04_Shift-1_Question-Paper.pdf,12,[JEE MAIN] [2026] [Session 2 • 04 Apr • Shift 1]
JM_2026_S2_0404_SHIFT1_PHY_Q037,JEE_MAIN,2026,Session 2,2026-04-04,Shift 1,Paper 1 (B.E./B.Tech),Physics,Modern Physics,Photoelectric Effect,SINGLE_CORRECT_MCQ,37,D,,OFFICIAL_VERIFIED,HIGH,4.0,-1.0,JEE_MAIN\images\JM_2026_S2_0404_SHIFT1_PHY_Q037\question_diagram.png,JEE_Main_PYQ_Archive\2026\Session-2\Question-Papers\JEE_Main_2026_Session-2_2026-04-04_Shift-1_Question-Paper.pdf,13,[JEE MAIN] [2026] [Session 2 • 04 Apr • Shift 1]
JM_2026_S2_0404_SHIFT1_PHY_Q038,JEE_MAIN,2026,Session 2,2026-04-04,Shift 1,Paper 1 (B.E./B.Tech),Physics,Modern Physics,Photoelectric Effect,SINGLE_CORRECT_MCQ,38,D,,OFFICIAL_VERIFIED,HIGH,4.0,-1.0,JEE_MAIN\images\JM_2026_S2_0404_SHIFT1_PHY_Q038\question_diagram.png,JEE_Main_PYQ_Archive\2026\Session-2\Question-Papers\JEE_Main_2026_Session-2_2026-04-04_Shift-1_Question-Paper.pdf,13,[JEE MAIN] [2026] [Session 2 • 04 Apr • Shift 1]
JM_2026_S2_0404_SHIFT1_PHY_Q039,JEE_MAIN,2026,Session 2,2026-04-04,Shift 1,Paper 1 (B.E./B.Tech),Physics,Modern Physics,Photoelectric Effect,SINGLE_CORRECT_MCQ,39,A,,OFFICIAL_VERIFIED,HIGH,4.0,-1.0,JEE_MAIN\images\JM_2026_S2_0404_SHIFT1_PHY_Q039\question_diagram.png,JEE_Main_PYQ_Archive\2026\Session-2\Question-Papers\JEE_Main_2026_Session-2_2026-04-04_Shift-1_Question-Paper.pdf,13,[JEE MAIN] [2026] [Session 2 • 04 Apr • Shift 1]
JM_2026_S2_0404_SHIFT1_PHY_Q040,JEE_MAIN,2026,Session 2,2026-04-04,Shift 1,Paper 1 (B.E./B.Tech),Physics,Modern Physics,Photoelectric Effect,SINGLE_CORRECT_MCQ,40,D,,OFFICIAL_VERIFIED,HIGH,4.0,-1.0,JEE_MAIN\images\JM_2026_S2_0404_SHIFT1_PHY_Q040\question_diagram.png,JEE_Main_PYQ_Archive\2026\Session-2\Question-Papers\JEE_Main_2026_Session-2_2026-04-04_Shift-1_Question-Paper.pdf,14,[JEE MAIN] [2026] [Session 2 • 04 Apr • Shift 1]
JM_2026_S2_0404_SHIFT1_PHY_Q041,JEE_MAIN,2026,Session 2,2026-04-04,Shift 1,Paper 1 (B.E./B.Tech),Physics,Modern Physics,Photoelectric Effect,SINGLE_CORRECT_MCQ,41,A,,OFFICIAL_VERIFIED,HIGH,4.0,-1.0,JEE_MAIN\images\JM_2026_S2_0404_SHIFT1_PHY_Q041\question_diagram.png,JEE_Main_PYQ_Archive\2026\Session-2\Question-Papers\JEE_Main_2026_Session-2_2026-04-04_Shift-1_Question-Paper.pdf,14,[JEE MAIN] [2026] [Session 2 • 04 Apr • Shift 1]
JM_2026_S2_0404_SHIFT1_PHY_Q042,JEE_MAIN,2026,Session 2,2026-04-04,Shift 1,Paper 1 (B.E./B.Tech),Physics,Modern Physics,Photoelectric Effect,SINGLE_CORRECT_MCQ,42,D,,OFFICIAL_VERIFIED,HIGH,4.0,-1.0,JEE_MAIN\images\JM_2026_S2_0404_SHIFT1_PHY_Q042\question_diagram.png,JEE_Main_PYQ_Archive\2026\Session-2\Question-Papers\JEE_Main_2026_Session-2_2026-04-04_Shift-1_Question-Paper.pdf,14,[JEE MAIN] [2026] [Session 2 • 04 Apr • Shift 1]
JM_2026_S2_0404_SHIFT1_PHY_Q043,JEE_MAIN,2026,Session 2,2026-04-04,Shift 1,Paper 1 (B.E./B.Tech),Physics,Modern Physics,Photoelectric Effect,SINGLE_CORRECT_MCQ,43,A,,OFFICIAL_VERIFIED,HIGH,4.0,-1.0,JEE_MAIN\images\JM_2026_S2_0404_SHIFT1_PHY_Q043\question_diagram.png,JEE_Main_PYQ_Archive\2026\Session-2\Question-Papers\JEE_Main_2026_Session-2_2026-04-04_Shift-1_Question-Paper.pdf,15,[JEE MAIN] [2026] [Session 2 • 04 Apr • Shift 1]
JM_2026_S2_0404_SHIFT1_PHY_Q044,JEE_MAIN,2026,Session 2,2026-04-04,Shift 1,Paper 1 (B.E./B.Tech),Physics,Modern Physics,Photoelectric Effect,SINGLE_CORRECT_MCQ,44,B,,OFFICIAL_VERIFIED,HIGH,4.0,-1.0,JEE_MAIN\images\JM_2026_S2_0404_SHIFT1_PHY_Q044\question_diagram.png,JEE_Main_PYQ_Archive\2026\Session-2\Question-Papers\JEE_Main_2026_Session-2_2026-04-04_Shift-1_Question-Paper.pdf,16,[JEE MAIN] [2026] [Session 2 • 04 Apr • Shift 1]
JM_2026_S2_0404_SHIFT1_PHY_Q045,JEE_MAIN,2026,Session 2,2026-04-04,Shift 1,Paper 1 (B.E./B.Tech),Physics,Modern Physics,Photoelectric Effect,SINGLE_CORRECT_MCQ,45,D,,OFFICIAL_VERIFIED,HIGH,4.0,-1.0,JEE_MAIN\images\JM_2026_S2_0404_SHIFT1_PHY_Q045\question_diagram.png,JEE_Main_PYQ_Archive\2026\Session-2\Question-Papers\JEE_Main_2026_Session-2_2026-04-04_Shift-1_Question-Paper.pdf,16,[JEE MAIN] [2026] [Session 2 • 04 Apr • Shift 1]
JM_2026_S2_0404_SHIFT1_PHY_Q046,JEE_MAIN,2026,Session 2,2026-04-04,Shift 1,Paper 1 (B.E./B.Tech),Physics,Modern Physics,Photoelectric Effect,NUMERICAL,46,35,35.0,OFFICIAL_VERIFIED,HIGH,4.0,-1.0,JEE_MAIN\images\JM_2026_S2_0404_SHIFT1_PHY_Q046\question_diagram.png,JEE_Main_PYQ_Archive\2026\Session-2\Question-Papers\JEE_Main_2026_Session-2_2026-04-04_Shift-1_Question-Paper.pdf,17,[JEE MAIN] [2026] [Session 2 • 04 Apr • Shift 1]
JM_2026_S2_0404_SHIFT1_PHY_Q047,JEE_MAIN,2026,Session 2,2026-04-04,Shift 1,Paper 1 (B.E./B.Tech),Physics,Modern Physics,Photoelectric Effect,NUMERICAL,47,264,264.0,OFFICIAL_VERIFIED,HIGH,4.0,-1.0,JEE_MAIN\images\JM_2026_S2_0404_SHIFT1_PHY_Q047\question_diagram.png,JEE_Main_PYQ_Archive\2026\Session-2\Question-Papers\JEE_Main_2026_Session-2_2026-04-04_Shift-1_Question-Paper.pdf,17,[JEE MAIN] [2026] [Session 2 • 04 Apr • Shift 1]
JM_2026_S2_0404_SHIFT1_PHY_Q048,JEE_MAIN,2026,Session 2,2026-04-04,Shift 1,Paper 1 (B.E./B.Tech),Physics,Modern Physics,Photoelectric Effect,NUMERICAL,48,44,44.0,OFFICIAL_VERIFIED,HIGH,4.0,-1.0,JEE_MAIN\images\JM_2026_S2_0404_SHIFT1_PHY_Q048\question_diagram.png,JEE_Main_PYQ_Archive\2026\Session-2\Question-Papers\JEE_Main_2026_Session-2_2026-04-04_Shift-1_Question-Paper.pdf,17,[JEE MAIN] [2026] [Session 2 • 04 Apr • Shift 1]
JM_2026_S2_0404_SHIFT1_PHY_Q049,JEE_MAIN,2026,Session 2,2026-04-04,Shift 1,Paper 1 (B.E./B.Tech),Physics,Modern Physics,Photoelectric Effect,NUMERICAL,49,200,200.0,OFFICIAL_VERIFIED,HIGH,4.0,-1.0,JEE_MAIN\images\JM_2026_S2_0404_SHIFT1_PHY_Q049\question_diagram.png,JEE_Main_PYQ_Archive\2026\Session-2\Question-Papers\JEE_Main_2026_Session-2_2026-04-04_Shift-1_Question-Paper.pdf,17,[JEE MAIN] [2026] [Session 2 • 04 Apr • Shift 1]
JM_2026_S2_0404_SHIFT1_PHY_Q050,JEE_MAIN,2026,Session 2,2026-04-04,Shift 1,Paper 1 (B.E./B.Tech),Physics,Modern Physics,Photoelectric Effect,NUMERICAL,50,100,100.0,OFFICIAL_VERIFIED,HIGH,4.0,-1.0,JEE_MAIN\images\JM_2026_S2_0404_SHIFT1_PHY_Q050\question_diagram.png,JEE_Main_PYQ_Archive\2026\Session-2\Question-Papers\JEE_Main_2026_Session-2_2026-04-04_Shift-1_Question-Paper.pdf,18,[JEE MAIN] [2026] [Session 2 • 04 Apr • Shift 1]
JM_2026_S2_0404_SHIFT1_CHE_Q051,JEE_MAIN,2026,Session 2,2026-04-04,Shift 1,Paper 1 (B.E./B.Tech),Chemistry,Coordination Compounds,Crystal Field Theory,SINGLE_CORRECT_MCQ,51,B,,OFFICIAL_VERIFIED,HIGH,4.0,-1.0,JEE_MAIN\images\JM_2026_S2_0404_SHIFT1_CHE_Q051\question_diagram.png,JEE_Main_PYQ_Archive\2026\Session-2\Question-Papers\JEE_Main_2026_Session-2_2026-04-04_Shift-1_Question-Paper.pdf,18,[JEE MAIN] [2026] [Session 2 • 04 Apr • Shift 1]
JM_2026_S2_0404_SHIFT1_CHE_Q052,JEE_MAIN,2026,Session 2,2026-04-04,Shift 1,Paper 1 (B.E./B.Tech),Chemistry,Coordination Compounds,Crystal Field Theory,SINGLE_CORRECT_MCQ,52,B,,OFFICIAL_VERIFIED,HIGH,4.0,-1.0,JEE_MAIN\images\JM_2026_S2_0404_SHIFT1_CHE_Q052\question_diagram.png,JEE_Main_PYQ_Archive\2026\Session-2\Question-Papers\JEE_Main_2026_Session-2_2026-04-04_Shift-1_Question-Paper.pdf,18,[JEE MAIN] [2026] [Session 2 • 04 Apr • Shift 1]
JM_2026_S2_0404_SHIFT1_CHE_Q053,JEE_MAIN,2026,Session 2,2026-04-04,Shift 1,Paper 1 (B.E./B.Tech),Chemistry,Coordination Compounds,Crystal Field Theory,SINGLE_CORRECT_MCQ,53,D,,OFFICIAL_VERIFIED,HIGH,4.0,-1.0,JEE_MAIN\images\JM_2026_S2_0404_SHIFT1_CHE_Q053\question_diagram.png,JEE_Main_PYQ_Archive\2026\Session-2\Question-Papers\JEE_Main_2026_Session-2_2026-04-04_Shift-1_Question-Paper.pdf,19,[JEE MAIN] [2026] [Session 2 • 04 Apr • Shift 1]
JM_2026_S2_0404_SHIFT1_CHE_Q054,JEE_MAIN,2026,Session 2,2026-04-04,Shift 1,Paper 1 (B.E./B.Tech),Chemistry,Coordination Compounds,Crystal Field Theory,SINGLE_CORRECT_MCQ,54,D,,OFFICIAL_VERIFIED,HIGH,4.0,-1.0,JEE_MAIN\images\JM_2026_S2_0404_SHIFT1_CHE_Q054\question_diagram.png,JEE_Main_PYQ_Archive\2026\Session-2\Question-Papers\JEE_Main_2026_Session-2_2026-04-04_Shift-1_Question-Paper.pdf,19,[JEE MAIN] [2026] [Session 2 • 04 Apr • Shift 1]
JM_2026_S2_0404_SHIFT1_CHE_Q055,JEE_MAIN,2026,Session 2,2026-04-04,Shift 1,Paper 1 (B.E./B.Tech),Chemistry,Coordination Compounds,Crystal Field Theory,SINGLE_CORRECT_MCQ,55,D,,OFFICIAL_VERIFIED,HIGH,4.0,-1.0,JEE_MAIN\images\JM_2026_S2_0404_SHIFT1_CHE_Q055\question_diagram.png,JEE_Main_PYQ_Archive\2026\Session-2\Question-Papers\JEE_Main_2026_Session-2_2026-04-04_Shift-1_Question-Paper.pdf,19,[JEE MAIN] [2026] [Session 2 • 04 Apr • Shift 1]
JM_2026_S2_0404_SHIFT1_CHE_Q056,JEE_MAIN,2026,Session 2,2026-04-04,Shift 1,Paper 1 (B.E./B.Tech),Chemistry,Coordination Compounds,Crystal Field Theory,SINGLE_CORRECT_MCQ,56,B,,OFFICIAL_VERIFIED,HIGH,4.0,-1.0,JEE_MAIN\images\JM_2026_S2_0404_SHIFT1_CHE_Q056\question_diagram.png,JEE_Main_PYQ_Archive\2026\Session-2\Question-Papers\JEE_Main_2026_Session-2_2026-04-04_Shift-1_Question-Paper.pdf,20,[JEE MAIN] [2026] [Session 2 • 04 Apr • Shift 1]
JM_2026_S2_0404_SHIFT1_CHE_Q057,JEE_MAIN,2026,Session 2,2026-04-04,Shift 1,Paper 1 (B.E./B.Tech),Chemistry,Coordination Compounds,Crystal Field Theory,SINGLE_CORRECT_MCQ,57,D,,OFFICIAL_VERIFIED,HIGH,4.0,-1.0,JEE_MAIN\images\JM_2026_S2_0404_SHIFT1_CHE_Q057\question_diagram.png,JEE_Main_PYQ_Archive\2026\Session-2\Question-Papers\JEE_Main_2026_Session-2_2026-04-04_Shift-1_Question-Paper.pdf,20,[JEE MAIN] [2026] [Session 2 • 04 Apr • Shift 1]
JM_2026_S2_0404_SHIFT1_CHE_Q058,JEE_MAIN,2026,Session 2,2026-04-04,Shift 1,Paper 1 (B.E./B.Tech),Chemistry,Coordination Compounds,Crystal Field Theory,SINGLE_CORRECT_MCQ,58,A,,OFFICIAL_VERIFIED,HIGH,4.0,-1.0,JEE_MAIN\images\JM_2026_S2_0404_SHIFT1_CHE_Q058\question_diagram.png,JEE_Main_PYQ_Archive\2026\Session-2\Question-Papers\JEE_Main_2026_Session-2_2026-04-04_Shift-1_Question-Paper.pdf,20,[JEE MAIN] [2026] [Session 2 • 04 Apr • Shift 1]
JM_2026_S2_0404_SHIFT1_CHE_Q059,JEE_MAIN,2026,Session 2,2026-04-04,Shift 1,Paper 1 (B.E./B.Tech),Chemistry,Coordination Compounds,Crystal Field Theory,SINGLE_CORRECT_MCQ,59,A,,OFFICIAL_VERIFIED,HIGH,4.0,-1.0,JEE_MAIN\images\JM_2026_S2_0404_SHIFT1_CHE_Q059\question_diagram.png,JEE_Main_PYQ_Archive\2026\Session-2\Question-Papers\JEE_Main_2026_Session-2_2026-04-04_Shift-1_Question-Paper.pdf,21,[JEE MAIN] [2026] [Session 2 • 04 Apr • Shift 1]
JM_2026_S2_0404_SHIFT1_CHE_Q060,JEE_MAIN,2026,Session 2,2026-04-04,Shift 1,Paper 1 (B.E./B.Tech),Chemistry,Coordination Compounds,Crystal Field Theory,SINGLE_CORRECT_MCQ,60,C,,OFFICIAL_VERIFIED,HIGH,4.0,-1.0,JEE_MAIN\images\JM_2026_S2_0404_SHIFT1_CHE_Q060\question_diagram.png,JEE_Main_PYQ_Archive\2026\Session-2\Question-Papers\JEE_Main_2026_Session-2_2026-04-04_Shift-1_Question-Paper.pdf,21,[JEE MAIN] [2026] [Session 2 • 04 Apr • Shift 1]
JM_2026_S2_0404_SHIFT1_CHE_Q061,JEE_MAIN,2026,Session 2,2026-04-04,Shift 1,Paper 1 (B.E./B.Tech),Chemistry,Coordination Compounds,Crystal Field Theory,SINGLE_CORRECT_MCQ,61,B,,OFFICIAL_VERIFIED,HIGH,4.0,-1.0,JEE_MAIN\images\JM_2026_S2_0404_SHIFT1_CHE_Q061\question_diagram.png,JEE_Main_PYQ_Archive\2026\Session-2\Question-Papers\JEE_Main_2026_Session-2_2026-04-04_Shift-1_Question-Paper.pdf,21,[JEE MAIN] [2026] [Session 2 • 04 Apr • Shift 1]
JM_2026_S2_0404_SHIFT1_CHE_Q062,JEE_MAIN,2026,Session 2,2026-04-04,Shift 1,Paper 1 (B.E./B.Tech),Chemistry,Coordination Compounds,Crystal Field Theory,SINGLE_CORRECT_MCQ,62,D,,OFFICIAL_VERIFIED,HIGH,4.0,-1.0,JEE_MAIN\images\JM_2026_S2_0404_SHIFT1_CHE_Q062\question_diagram.png,JEE_Main_PYQ_Archive\2026\Session-2\Question-Papers\JEE_Main_2026_Session-2_2026-04-04_Shift-1_Question-Paper.pdf,22,[JEE MAIN] [2026] [Session 2 • 04 Apr • Shift 1]
JM_2026_S2_0404_SHIFT1_CHE_Q063,JEE_MAIN,2026,Session 2,2026-04-04,Shift 1,Paper 1 (B.E./B.Tech),Chemistry,Coordination Compounds,Crystal Field Theory,SINGLE_CORRECT_MCQ,63,C,,OFFICIAL_VERIFIED,HIGH,4.0,-1.0,JEE_MAIN\images\JM_2026_S2_0404_SHIFT1_CHE_Q063\question_diagram.png,JEE_Main_PYQ_Archive\2026\Session-2\Question-Papers\JEE_Main_2026_Session-2_2026-04-04_Shift-1_Question-Paper.pdf,22,[JEE MAIN] [2026] [Session 2 • 04 Apr • Shift 1]
JM_2026_S2_0404_SHIFT1_CHE_Q064,JEE_MAIN,2026,Session 2,2026-04-04,Shift 1,Paper 1 (B.E./B.Tech),Chemistry,Coordination Compounds,Crystal Field Theory,SINGLE_CORRECT_MCQ,64,D,,OFFICIAL_VERIFIED,HIGH,4.0,-1.0,JEE_MAIN\images\JM_2026_S2_0404_SHIFT1_CHE_Q064\question_diagram.png,JEE_Main_PYQ_Archive\2026\Session-2\Question-Papers\JEE_Main_2026_Session-2_2026-04-04_Shift-1_Question-Paper.pdf,22,[JEE MAIN] [2026] [Session 2 • 04 Apr • Shift 1]
JM_2026_S2_0404_SHIFT1_CHE_Q065,JEE_MAIN,2026,Session 2,2026-04-04,Shift 1,Paper 1 (B.E./B.Tech),Chemistry,Coordination Compounds,Crystal Field Theory,SINGLE_CORRECT_MCQ,65,B,,OFFICIAL_VERIFIED,HIGH,4.0,-1.0,JEE_MAIN\images\JM_2026_S2_0404_SHIFT1_CHE_Q065\question_diagram.png,JEE_Main_PYQ_Archive\2026\Session-2\Question-Papers\JEE_Main_2026_Session-2_2026-04-04_Shift-1_Question-Paper.pdf,23,[JEE MAIN] [2026] [Session 2 • 04 Apr • Shift 1]
JM_2026_S2_0404_SHIFT1_CHE_Q066,JEE_MAIN,2026,Session 2,2026-04-04,Shift 1,Paper 1 (B.E./B.Tech),Chemistry,Coordination Compounds,Crystal Field Theory,SINGLE_CORRECT_MCQ,66,A,,OFFICIAL_VERIFIED,HIGH,4.0,-1.0,JEE_MAIN\images\JM_2026_S2_0404_SHIFT1_CHE_Q066\question_diagram.png,JEE_Main_PYQ_Archive\2026\Session-2\Question-Papers\JEE_Main_2026_Session-2_2026-04-04_Shift-1_Question-Paper.pdf,23,[JEE MAIN] [2026] [Session 2 • 04 Apr • Shift 1]
JM_2026_S2_0404_SHIFT1_CHE_Q067,JEE_MAIN,2026,Session 2,2026-04-04,Shift 1,Paper 1 (B.E./B.Tech),Chemistry,Coordination Compounds,Crystal Field Theory,SINGLE_CORRECT_MCQ,67,B,,OFFICIAL_VERIFIED,HIGH,4.0,-1.0,JEE_MAIN\images\JM_2026_S2_0404_SHIFT1_CHE_Q067\question_diagram.png,JEE_Main_PYQ_Archive\2026\Session-2\Question-Papers\JEE_Main_2026_Session-2_2026-04-04_Shift-1_Question-Paper.pdf,24,[JEE MAIN] [2026] [Session 2 • 04 Apr • Shift 1]
JM_2026_S2_0404_SHIFT1_CHE_Q068,JEE_MAIN,2026,Session 2,2026-04-04,Shift 1,Paper 1 (B.E./B.Tech),Chemistry,Coordination Compounds,Crystal Field Theory,SINGLE_CORRECT_MCQ,68,D,,OFFICIAL_VERIFIED,HIGH,4.0,-1.0,JEE_MAIN\images\JM_2026_S2_0404_SHIFT1_CHE_Q068\question_diagram.png,JEE_Main_PYQ_Archive\2026\Session-2\Question-Papers\JEE_Main_2026_Session-2_2026-04-04_Shift-1_Question-Paper.pdf,24,[JEE MAIN] [2026] [Session 2 • 04 Apr • Shift 1]
JM_2026_S2_0404_SHIFT1_CHE_Q069,JEE_MAIN,2026,Session 2,2026-04-04,Shift 1,Paper 1 (B.E./B.Tech),Chemistry,Coordination Compounds,Crystal Field Theory,SINGLE_CORRECT_MCQ,69,A,,OFFICIAL_VERIFIED,HIGH,4.0,-1.0,JEE_MAIN\images\JM_2026_S2_0404_SHIFT1_CHE_Q069\question_diagram.png,JEE_Main_PYQ_Archive\2026\Session-2\Question-Papers\JEE_Main_2026_Session-2_2026-04-04_Shift-1_Question-Paper.pdf,25,[JEE MAIN] [2026] [Session 2 • 04 Apr • Shift 1]
JM_2026_S2_0404_SHIFT1_CHE_Q070,JEE_MAIN,2026,Session 2,2026-04-04,Shift 1,Paper 1 (B.E./B.Tech),Chemistry,Coordination Compounds,Crystal Field Theory,SINGLE_CORRECT_MCQ,70,D,,OFFICIAL_VERIFIED,HIGH,4.0,-1.0,JEE_MAIN\images\JM_2026_S2_0404_SHIFT1_CHE_Q070\question_diagram.png,JEE_Main_PYQ_Archive\2026\Session-2\Question-Papers\JEE_Main_2026_Session-2_2026-04-04_Shift-1_Question-Paper.pdf,26,[JEE MAIN] [2026] [Session 2 • 04 Apr • Shift 1]
JM_2026_S2_0404_SHIFT1_CHE_Q071,JEE_MAIN,2026,Session 2,2026-04-04,Shift 1,Paper 1 (B.E./B.Tech),Chemistry,Coordination Compounds,Crystal Field Theory,NUMERICAL,71,6,6.0,OFFICIAL_VERIFIED,HIGH,4.0,-1.0,JEE_MAIN\images\JM_2026_S2_0404_SHIFT1_CHE_Q071\question_diagram.png,JEE_Main_PYQ_Archive\2026\Session-2\Question-Papers\JEE_Main_2026_Session-2_2026-04-04_Shift-1_Question-Paper.pdf,26,[JEE MAIN] [2026] [Session 2 • 04 Apr • Shift 1]
JM_2026_S2_0404_SHIFT1_CHE_Q072,JEE_MAIN,2026,Session 2,2026-04-04,Shift 1,Paper 1 (B.E./B.Tech),Chemistry,Coordination Compounds,Crystal Field Theory,NUMERICAL,72,78,78.0,OFFICIAL_VERIFIED,HIGH,4.0,-1.0,JEE_MAIN\images\JM_2026_S2_0404_SHIFT1_CHE_Q072\question_diagram.png,JEE_Main_PYQ_Archive\2026\Session-2\Question-Papers\JEE_Main_2026_Session-2_2026-04-04_Shift-1_Question-Paper.pdf,27,[JEE MAIN] [2026] [Session 2 • 04 Apr • Shift 1]
JM_2026_S2_0404_SHIFT1_CHE_Q073,JEE_MAIN,2026,Session 2,2026-04-04,Shift 1,Paper 1 (B.E./B.Tech),Chemistry,Coordination Compounds,Crystal Field Theory,NUMERICAL,73,5,5.0,OFFICIAL_VERIFIED,HIGH,4.0,-1.0,JEE_MAIN\images\JM_2026_S2_0404_SHIFT1_CHE_Q073\question_diagram.png,JEE_Main_PYQ_Archive\2026\Session-2\Question-Papers\JEE_Main_2026_Session-2_2026-04-04_Shift-1_Question-Paper.pdf,27,[JEE MAIN] [2026] [Session 2 • 04 Apr • Shift 1]
JM_2026_S2_0404_SHIFT1_CHE_Q074,JEE_MAIN,2026,Session 2,2026-04-04,Shift 1,Paper 1 (B.E./B.Tech),Chemistry,Coordination Compounds,Crystal Field Theory,NUMERICAL,74,756,756.0,OFFICIAL_VERIFIED,HIGH,4.0,-1.0,JEE_MAIN\images\JM_2026_S2_0404_SHIFT1_CHE_Q074\question_diagram.png,JEE_Main_PYQ_Archive\2026\Session-2\Question-Papers\JEE_Main_2026_Session-2_2026-04-04_Shift-1_Question-Paper.pdf,27,[JEE MAIN] [2026] [Session 2 • 04 Apr • Shift 1]
JM_2026_S2_0404_SHIFT1_CHE_Q075,JEE_MAIN,2026,Session 2,2026-04-04,Shift 1,Paper 1 (B.E./B.Tech),Chemistry,Coordination Compounds,Crystal Field Theory,NUMERICAL,75,5,5.0,OFFICIAL_VERIFIED,HIGH,4.0,-1.0,JEE_MAIN\images\JM_2026_S2_0404_SHIFT1_CHE_Q075\question_diagram.png,JEE_Main_PYQ_Archive\2026\Session-2\Question-Papers\JEE_Main_2026_Session-2_2026-04-04_Shift-1_Question-Paper.pdf,28,[JEE MAIN] [2026] [Session 2 • 04 Apr • Shift 1]
JM_2026_S2_0404_SHIFT2_MAT_Q001,JEE_MAIN,2026,Session 2,2026-04-04,Shift 2,Paper 1 (B.E./B.Tech),Mathematics,Matrices and Determinants,Matrix Transformations,SINGLE_CORRECT_MCQ,1,A,,OFFICIAL_VERIFIED,HIGH,4.0,-1.0,JEE_MAIN\images\JM_2026_S2_0404_SHIFT2_MAT_Q001\question_diagram.png,JEE_Main_PYQ_Archive\2026\Session-2\Question-Papers\JEE_Main_2026_Session-2_2026-04-04_Shift-2_Question-Paper.pdf,1,[JEE MAIN] [2026] [Session 2 • 04 Apr • Shift 2]
JM_2026_S2_0404_SHIFT2_MAT_Q002,JEE_MAIN,2026,Session 2,2026-04-04,Shift 2,Paper 1 (B.E./B.Tech),Mathematics,Matrices and Determinants,Matrix Transformations,SINGLE_CORRECT_MCQ,2,D,,OFFICIAL_VERIFIED,HIGH,4.0,-1.0,JEE_MAIN\images\JM_2026_S2_0404_SHIFT2_MAT_Q002\question_diagram.png,JEE_Main_PYQ_Archive\2026\Session-2\Question-Papers\JEE_Main_2026_Session-2_2026-04-04_Shift-2_Question-Paper.pdf,2,[JEE MAIN] [2026] [Session 2 • 04 Apr • Shift 2]
JM_2026_S2_0404_SHIFT2_MAT_Q003,JEE_MAIN,2026,Session 2,2026-04-04,Shift 2,Paper 1 (B.E./B.Tech),Mathematics,Matrices and Determinants,Matrix Transformations,SINGLE_CORRECT_MCQ,3,B,,OFFICIAL_VERIFIED,HIGH,4.0,-1.0,JEE_MAIN\images\JM_2026_S2_0404_SHIFT2_MAT_Q003\question_diagram.png,JEE_Main_PYQ_Archive\2026\Session-2\Question-Papers\JEE_Main_2026_Session-2_2026-04-04_Shift-2_Question-Paper.pdf,2,[JEE MAIN] [2026] [Session 2 • 04 Apr • Shift 2]
JM_2026_S2_0404_SHIFT2_MAT_Q004,JEE_MAIN,2026,Session 2,2026-04-04,Shift 2,Paper 1 (B.E./B.Tech),Mathematics,Matrices and Determinants,Matrix Transformations,SINGLE_CORRECT_MCQ,4,C,,OFFICIAL_VERIFIED,HIGH,4.0,-1.0,JEE_MAIN\images\JM_2026_S2_0404_SHIFT2_MAT_Q004\question_diagram.png,JEE_Main_PYQ_Archive\2026\Session-2\Question-Papers\JEE_Main_2026_Session-2_2026-04-04_Shift-2_Question-Paper.pdf,2,[JEE MAIN] [2026] [Session 2 • 04 Apr • Shift 2]
JM_2026_S2_0404_SHIFT2_MAT_Q005,JEE_MAIN,2026,Session 2,2026-04-04,Shift 2,Paper 1 (B.E./B.Tech),Mathematics,Matrices and Determinants,Matrix Transformations,SINGLE_CORRECT_MCQ,5,B,,OFFICIAL_VERIFIED,HIGH,4.0,-1.0,JEE_MAIN\images\JM_2026_S2_0404_SHIFT2_MAT_Q005\question_diagram.png,JEE_Main_PYQ_Archive\2026\Session-2\Question-Papers\JEE_Main_2026_Session-2_2026-04-04_Shift-2_Question-Paper.pdf,2,[JEE MAIN] [2026] [Session 2 • 04 Apr • Shift 2]
JM_2026_S2_0404_SHIFT2_MAT_Q006,JEE_MAIN,2026,Session 2,2026-04-04,Shift 2,Paper 1 (B.E./B.Tech),Mathematics,Coordinate Geometry (2D),Circle Equations and Tangents,SINGLE_CORRECT_MCQ,6,C,,OFFICIAL_VERIFIED,HIGH,4.0,-1.0,JEE_MAIN\images\JM_2026_S2_0404_SHIFT2_MAT_Q006\question_diagram.png,JEE_Main_PYQ_Archive\2026\Session-2\Question-Papers\JEE_Main_2026_Session-2_2026-04-04_Shift-2_Question-Paper.pdf,3,[JEE MAIN] [2026] [Session 2 • 04 Apr • Shift 2]
JM_2026_S2_0404_SHIFT2_MAT_Q007,JEE_MAIN,2026,Session 2,2026-04-04,Shift 2,Paper 1 (B.E./B.Tech),Mathematics,Coordinate Geometry (2D),Circle Equations and Tangents,SINGLE_CORRECT_MCQ,7,C,,OFFICIAL_VERIFIED,HIGH,4.0,-1.0,JEE_MAIN\images\JM_2026_S2_0404_SHIFT2_MAT_Q007\question_diagram.png,JEE_Main_PYQ_Archive\2026\Session-2\Question-Papers\JEE_Main_2026_Session-2_2026-04-04_Shift-2_Question-Paper.pdf,3,[JEE MAIN] [2026] [Session 2 • 04 Apr • Shift 2]
JM_2026_S2_0404_SHIFT2_MAT_Q008,JEE_MAIN,2026,Session 2,2026-04-04,Shift 2,Paper 1 (B.E./B.Tech),Mathematics,Coordinate Geometry (2D),Circle Equations and Tangents,SINGLE_CORRECT_MCQ,8,D,,OFFICIAL_VERIFIED,HIGH,4.0,-1.0,JEE_MAIN\images\JM_2026_S2_0404_SHIFT2_MAT_Q008\question_diagram.png,JEE_Main_PYQ_Archive\2026\Session-2\Question-Papers\JEE_Main_2026_Session-2_2026-04-04_Shift-2_Question-Paper.pdf,3,[JEE MAIN] [2026] [Session 2 • 04 Apr • Shift 2]
JM_2026_S2_0404_SHIFT2_MAT_Q009,JEE_MAIN,2026,Session 2,2026-04-04,Shift 2,Paper 1 (B.E./B.Tech),Mathematics,Coordinate Geometry (2D),Circle Equations and Tangents,SINGLE_CORRECT_MCQ,9,A,,OFFICIAL_VERIFIED,HIGH,4.0,-1.0,JEE_MAIN\images\JM_2026_S2_0404_SHIFT2_MAT_Q009\question_diagram.png,JEE_Main_PYQ_Archive\2026\Session-2\Question-Papers\JEE_Main_2026_Session-2_2026-04-04_Shift-2_Question-Paper.pdf,4,[JEE MAIN] [2026] [Session 2 • 04 Apr • Shift 2]
JM_2026_S2_0404_SHIFT2_MAT_Q010,JEE_MAIN,2026,Session 2,2026-04-04,Shift 2,Paper 1 (B.E./B.Tech),Mathematics,Coordinate Geometry (2D),Circle Equations and Tangents,SINGLE_CORRECT_MCQ,10,D,,OFFICIAL_VERIFIED,HIGH,4.0,-1.0,JEE_MAIN\images\JM_2026_S2_0404_SHIFT2_MAT_Q010\question_diagram.png,JEE_Main_PYQ_Archive\2026\Session-2\Question-Papers\JEE_Main_2026_Session-2_2026-04-04_Shift-2_Question-Paper.pdf,4,[JEE MAIN] [2026] [Session 2 • 04 Apr • Shift 2]
JM_2026_S2_0404_SHIFT2_MAT_Q011,JEE_MAIN,2026,Session 2,2026-04-04,Shift 2,Paper 1 (B.E./B.Tech),Mathematics,Indefinite and Definite Integration,Properties of Definite Integrals,SINGLE_CORRECT_MCQ,11,B,,OFFICIAL_VERIFIED,HIGH,4.0,-1.0,JEE_MAIN\images\JM_2026_S2_0404_SHIFT2_MAT_Q011\question_diagram.png,JEE_Main_PYQ_Archive\2026\Session-2\Question-Papers\JEE_Main_2026_Session-2_2026-04-04_Shift-2_Question-Paper.pdf,4,[JEE MAIN] [2026] [Session 2 • 04 Apr • Shift 2]
JM_2026_S2_0404_SHIFT2_MAT_Q012,JEE_MAIN,2026,Session 2,2026-04-04,Shift 2,Paper 1 (B.E./B.Tech),Mathematics,Indefinite and Definite Integration,Properties of Definite Integrals,SINGLE_CORRECT_MCQ,12,B,,OFFICIAL_VERIFIED,HIGH,4.0,-1.0,JEE_MAIN\images\JM_2026_S2_0404_SHIFT2_MAT_Q012\question_diagram.png,JEE_Main_PYQ_Archive\2026\Session-2\Question-Papers\JEE_Main_2026_Session-2_2026-04-04_Shift-2_Question-Paper.pdf,5,[JEE MAIN] [2026] [Session 2 • 04 Apr • Shift 2]
JM_2026_S2_0404_SHIFT2_MAT_Q013,JEE_MAIN,2026,Session 2,2026-04-04,Shift 2,Paper 1 (B.E./B.Tech),Mathematics,Indefinite and Definite Integration,Properties of Definite Integrals,SINGLE_CORRECT_MCQ,13,B,,OFFICIAL_VERIFIED,HIGH,4.0,-1.0,JEE_MAIN\images\JM_2026_S2_0404_SHIFT2_MAT_Q013\question_diagram.png,JEE_Main_PYQ_Archive\2026\Session-2\Question-Papers\JEE_Main_2026_Session-2_2026-04-04_Shift-2_Question-Paper.pdf,5,[JEE MAIN] [2026] [Session 2 • 04 Apr • Shift 2]
JM_2026_S2_0404_SHIFT2_MAT_Q014,JEE_MAIN,2026,Session 2,2026-04-04,Shift 2,Paper 1 (B.E./B.Tech),Mathematics,Indefinite and Definite Integration,Properties of Definite Integrals,SINGLE_CORRECT_MCQ,14,A,,OFFICIAL_VERIFIED,HIGH,4.0,-1.0,JEE_MAIN\images\JM_2026_S2_0404_SHIFT2_MAT_Q014\question_diagram.png,JEE_Main_PYQ_Archive\2026\Session-2\Question-Papers\JEE_Main_2026_Session-2_2026-04-04_Shift-2_Question-Paper.pdf,5,[JEE MAIN] [2026] [Session 2 • 04 Apr • Shift 2]
JM_2026_S2_0404_SHIFT2_MAT_Q015,JEE_MAIN,2026,Session 2,2026-04-04,Shift 2,Paper 1 (B.E./B.Tech),Mathematics,Indefinite and Definite Integration,Properties of Definite Integrals,SINGLE_CORRECT_MCQ,15,A,,OFFICIAL_VERIFIED,HIGH,4.0,-1.0,JEE_MAIN\images\JM_2026_S2_0404_SHIFT2_MAT_Q015\question_diagram.png,JEE_Main_PYQ_Archive\2026\Session-2\Question-Papers\JEE_Main_2026_Session-2_2026-04-04_Shift-2_Question-Paper.pdf,6,[JEE MAIN] [2026] [Session 2 • 04 Apr • Shift 2]
JM_2026_S2_0404_SHIFT2_MAT_Q016,JEE_MAIN,2026,Session 2,2026-04-04,Shift 2,Paper 1 (B.E./B.Tech),Mathematics,Indefinite and Definite Integration,Properties of Definite Integrals,SINGLE_CORRECT_MCQ,16,B,,OFFICIAL_VERIFIED,HIGH,4.0,-1.0,JEE_MAIN\images\JM_2026_S2_0404_SHIFT2_MAT_Q016\question_diagram.png,JEE_Main_PYQ_Archive\2026\Session-2\Question-Papers\JEE_Main_2026_Session-2_2026-04-04_Shift-2_Question-Paper.pdf,6,[JEE MAIN] [2026] [Session 2 • 04 Apr • Shift 2]
JM_2026_S2_0404_SHIFT2_MAT_Q017,JEE_MAIN,2026,Session 2,2026-04-04,Shift 2,Paper 1 (B.E./B.Tech),Mathematics,Indefinite and Definite Integration,Properties of Definite Integrals,SINGLE_CORRECT_MCQ,17,C,,OFFICIAL_VERIFIED,HIGH,4.0,-1.0,JEE_MAIN\images\JM_2026_S2_0404_SHIFT2_MAT_Q017\question_diagram.png,JEE_Main_PYQ_Archive\2026\Session-2\Question-Papers\JEE_Main_2026_Session-2_2026-04-04_Shift-2_Question-Paper.pdf,6,[JEE MAIN] [2026] [Session 2 • 04 Apr • Shift 2]
JM_2026_S2_0404_SHIFT2_MAT_Q018,JEE_MAIN,2026,Session 2,2026-04-04,Shift 2,Paper 1 (B.E./B.Tech),Mathematics,Indefinite and Definite Integration,Properties of Definite Integrals,SINGLE_CORRECT_MCQ,18,C,,OFFICIAL_VERIFIED,HIGH,4.0,-1.0,JEE_MAIN\images\JM_2026_S2_0404_SHIFT2_MAT_Q018\question_diagram.png,JEE_Main_PYQ_Archive\2026\Session-2\Question-Papers\JEE_Main_2026_Session-2_2026-04-04_Shift-2_Question-Paper.pdf,7,[JEE MAIN] [2026] [Session 2 • 04 Apr • Shift 2]
JM_2026_S2_0404_SHIFT2_MAT_Q019,JEE_MAIN,2026,Session 2,2026-04-04,Shift 2,Paper 1 (B.E./B.Tech),Mathematics,Vector Algebra and 3D Geometry,Plane and Shortest Distance Between Lines,SINGLE_CORRECT_MCQ,19,D,,OFFICIAL_VERIFIED,HIGH,4.0,-1.0,JEE_MAIN\images\JM_2026_S2_0404_SHIFT2_MAT_Q019\question_diagram.png,JEE_Main_PYQ_Archive\2026\Session-2\Question-Papers\JEE_Main_2026_Session-2_2026-04-04_Shift-2_Question-Paper.pdf,7,[JEE MAIN] [2026] [Session 2 • 04 Apr • Shift 2]
JM_2026_S2_0404_SHIFT2_MAT_Q020,JEE_MAIN,2026,Session 2,2026-04-04,Shift 2,Paper 1 (B.E./B.Tech),Mathematics,Vector Algebra and 3D Geometry,Plane and Shortest Distance Between Lines,SINGLE_CORRECT_MCQ,20,D,,OFFICIAL_VERIFIED,HIGH,4.0,-1.0,JEE_MAIN\images\JM_2026_S2_0404_SHIFT2_MAT_Q020\question_diagram.png,JEE_Main_PYQ_Archive\2026\Session-2\Question-Papers\JEE_Main_2026_Session-2_2026-04-04_Shift-2_Question-Paper.pdf,7,[JEE MAIN] [2026] [Session 2 • 04 Apr • Shift 2]
JM_2026_S2_0404_SHIFT2_MAT_Q021,JEE_MAIN,2026,Session 2,2026-04-04,Shift 2,Paper 1 (B.E./B.Tech),Mathematics,Vector Algebra and 3D Geometry,Plane and Shortest Distance Between Lines,NUMERICAL,21,944,944.0,OFFICIAL_VERIFIED,HIGH,4.0,-1.0,JEE_MAIN\images\JM_2026_S2_0404_SHIFT2_MAT_Q021\question_diagram.png,JEE_Main_PYQ_Archive\2026\Session-2\Question-Papers\JEE_Main_2026_Session-2_2026-04-04_Shift-2_Question-Paper.pdf,8,[JEE MAIN] [2026] [Session 2 • 04 Apr • Shift 2]
JM_2026_S2_0404_SHIFT2_MAT_Q022,JEE_MAIN,2026,Session 2,2026-04-04,Shift 2,Paper 1 (B.E./B.Tech),Mathematics,Vector Algebra and 3D Geometry,Plane and Shortest Distance Between Lines,NUMERICAL,22,4,4.0,OFFICIAL_VERIFIED,HIGH,4.0,-1.0,JEE_MAIN\images\JM_2026_S2_0404_SHIFT2_MAT_Q022\question_diagram.png,JEE_Main_PYQ_Archive\2026\Session-2\Question-Papers\JEE_Main_2026_Session-2_2026-04-04_Shift-2_Question-Paper.pdf,8,[JEE MAIN] [2026] [Session 2 • 04 Apr • Shift 2]
JM_2026_S2_0404_SHIFT2_MAT_Q023,JEE_MAIN,2026,Session 2,2026-04-04,Shift 2,Paper 1 (B.E./B.Tech),Mathematics,Vector Algebra and 3D Geometry,Plane and Shortest Distance Between Lines,NUMERICAL,23,9,9.0,OFFICIAL_VERIFIED,HIGH,4.0,-1.0,JEE_MAIN\images\JM_2026_S2_0404_SHIFT2_MAT_Q023\question_diagram.png,JEE_Main_PYQ_Archive\2026\Session-2\Question-Papers\JEE_Main_2026_Session-2_2026-04-04_Shift-2_Question-Paper.pdf,9,[JEE MAIN] [2026] [Session 2 • 04 Apr • Shift 2]
JM_2026_S2_0404_SHIFT2_MAT_Q024,JEE_MAIN,2026,Session 2,2026-04-04,Shift 2,Paper 1 (B.E./B.Tech),Mathematics,Vector Algebra and 3D Geometry,Plane and Shortest Distance Between Lines,NUMERICAL,24,16,16.0,OFFICIAL_VERIFIED,HIGH,4.0,-1.0,JEE_MAIN\images\JM_2026_S2_0404_SHIFT2_MAT_Q024\question_diagram.png,JEE_Main_PYQ_Archive\2026\Session-2\Question-Papers\JEE_Main_2026_Session-2_2026-04-04_Shift-2_Question-Paper.pdf,9,[JEE MAIN] [2026] [Session 2 • 04 Apr • Shift 2]
JM_2026_S2_0404_SHIFT2_MAT_Q025,JEE_MAIN,2026,Session 2,2026-04-04,Shift 2,Paper 1 (B.E./B.Tech),Mathematics,Vector Algebra and 3D Geometry,Plane and Shortest Distance Between Lines,NUMERICAL,25,5,5.0,OFFICIAL_VERIFIED,HIGH,4.0,-1.0,JEE_MAIN\images\JM_2026_S2_0404_SHIFT2_MAT_Q025\question_diagram.png,JEE_Main_PYQ_Archive\2026\Session-2\Question-Papers\JEE_Main_2026_Session-2_2026-04-04_Shift-2_Question-Paper.pdf,9,[JEE MAIN] [2026] [Session 2 • 04 Apr • Shift 2]
JM_2026_S2_0404_SHIFT2_PHY_Q026,JEE_MAIN,2026,Session 2,2026-04-04,Shift 2,Paper 1 (B.E./B.Tech),Physics,Modern Physics,Photoelectric Effect,SINGLE_CORRECT_MCQ,26,B,,OFFICIAL_VERIFIED,HIGH,4.0,-1.0,JEE_MAIN\images\JM_2026_S2_0404_SHIFT2_PHY_Q026\question_diagram.png,JEE_Main_PYQ_Archive\2026\Session-2\Question-Papers\JEE_Main_2026_Session-2_2026-04-04_Shift-2_Question-Paper.pdf,10,[JEE MAIN] [2026] [Session 2 • 04 Apr • Shift 2]
JM_2026_S2_0404_SHIFT2_PHY_Q027,JEE_MAIN,2026,Session 2,2026-04-04,Shift 2,Paper 1 (B.E./B.Tech),Physics,Modern Physics,Photoelectric Effect,SINGLE_CORRECT_MCQ,27,D,,OFFICIAL_VERIFIED,HIGH,4.0,-1.0,JEE_MAIN\images\JM_2026_S2_0404_SHIFT2_PHY_Q027\question_diagram.png,JEE_Main_PYQ_Archive\2026\Session-2\Question-Papers\JEE_Main_2026_Session-2_2026-04-04_Shift-2_Question-Paper.pdf,10,[JEE MAIN] [2026] [Session 2 • 04 Apr • Shift 2]
JM_2026_S2_0404_SHIFT2_PHY_Q028,JEE_MAIN,2026,Session 2,2026-04-04,Shift 2,Paper 1 (B.E./B.Tech),Physics,Modern Physics,Photoelectric Effect,SINGLE_CORRECT_MCQ,28,A,,OFFICIAL_VERIFIED,HIGH,4.0,-1.0,JEE_MAIN\images\JM_2026_S2_0404_SHIFT2_PHY_Q028\question_diagram.png,JEE_Main_PYQ_Archive\2026\Session-2\Question-Papers\JEE_Main_2026_Session-2_2026-04-04_Shift-2_Question-Paper.pdf,10,[JEE MAIN] [2026] [Session 2 • 04 Apr • Shift 2]
JM_2026_S2_0404_SHIFT2_PHY_Q029,JEE_MAIN,2026,Session 2,2026-04-04,Shift 2,Paper 1 (B.E./B.Tech),Physics,Modern Physics,Photoelectric Effect,SINGLE_CORRECT_MCQ,29,C,,OFFICIAL_VERIFIED,HIGH,4.0,-1.0,JEE_MAIN\images\JM_2026_S2_0404_SHIFT2_PHY_Q029\question_diagram.png,JEE_Main_PYQ_Archive\2026\Session-2\Question-Papers\JEE_Main_2026_Session-2_2026-04-04_Shift-2_Question-Paper.pdf,11,[JEE MAIN] [2026] [Session 2 • 04 Apr • Shift 2]
JM_2026_S2_0404_SHIFT2_PHY_Q030,JEE_MAIN,2026,Session 2,2026-04-04,Shift 2,Paper 1 (B.E./B.Tech),Physics,Modern Physics,Photoelectric Effect,SINGLE_CORRECT_MCQ,30,D,,OFFICIAL_VERIFIED,HIGH,4.0,-1.0,JEE_MAIN\images\JM_2026_S2_0404_SHIFT2_PHY_Q030\question_diagram.png,JEE_Main_PYQ_Archive\2026\Session-2\Question-Papers\JEE_Main_2026_Session-2_2026-04-04_Shift-2_Question-Paper.pdf,11,[JEE MAIN] [2026] [Session 2 • 04 Apr • Shift 2]
JM_2026_S2_0404_SHIFT2_PHY_Q031,JEE_MAIN,2026,Session 2,2026-04-04,Shift 2,Paper 1 (B.E./B.Tech),Physics,Modern Physics,Photoelectric Effect,SINGLE_CORRECT_MCQ,31,A,,OFFICIAL_VERIFIED,HIGH,4.0,-1.0,JEE_MAIN\images\JM_2026_S2_0404_SHIFT2_PHY_Q031\question_diagram.png,JEE_Main_PYQ_Archive\2026\Session-2\Question-Papers\JEE_Main_2026_Session-2_2026-04-04_Shift-2_Question-Paper.pdf,11,[JEE MAIN] [2026] [Session 2 • 04 Apr • Shift 2]
JM_2026_S2_0404_SHIFT2_PHY_Q032,JEE_MAIN,2026,Session 2,2026-04-04,Shift 2,Paper 1 (B.E./B.Tech),Physics,Modern Physics,Photoelectric Effect,SINGLE_CORRECT_MCQ,32,C,,OFFICIAL_VERIFIED,HIGH,4.0,-1.0,JEE_MAIN\images\JM_2026_S2_0404_SHIFT2_PHY_Q032\question_diagram.png,JEE_Main_PYQ_Archive\2026\Session-2\Question-Papers\JEE_Main_2026_Session-2_2026-04-04_Shift-2_Question-Paper.pdf,12,[JEE MAIN] [2026] [Session 2 • 04 Apr • Shift 2]
JM_2026_S2_0404_SHIFT2_PHY_Q033,JEE_MAIN,2026,Session 2,2026-04-04,Shift 2,Paper 1 (B.E./B.Tech),Physics,Modern Physics,Photoelectric Effect,SINGLE_CORRECT_MCQ,33,D,,OFFICIAL_VERIFIED,HIGH,4.0,-1.0,JEE_MAIN\images\JM_2026_S2_0404_SHIFT2_PHY_Q033\question_diagram.png,JEE_Main_PYQ_Archive\2026\Session-2\Question-Papers\JEE_Main_2026_Session-2_2026-04-04_Shift-2_Question-Paper.pdf,12,[JEE MAIN] [2026] [Session 2 • 04 Apr • Shift 2]
JM_2026_S2_0404_SHIFT2_PHY_Q034,JEE_MAIN,2026,Session 2,2026-04-04,Shift 2,Paper 1 (B.E./B.Tech),Physics,Modern Physics,Photoelectric Effect,SINGLE_CORRECT_MCQ,34,A,,OFFICIAL_VERIFIED,HIGH,4.0,-1.0,JEE_MAIN\images\JM_2026_S2_0404_SHIFT2_PHY_Q034\question_diagram.png,JEE_Main_PYQ_Archive\2026\Session-2\Question-Papers\JEE_Main_2026_Session-2_2026-04-04_Shift-2_Question-Paper.pdf,12,[JEE MAIN] [2026] [Session 2 • 04 Apr • Shift 2]
JM_2026_S2_0404_SHIFT2_PHY_Q035,JEE_MAIN,2026,Session 2,2026-04-04,Shift 2,Paper 1 (B.E./B.Tech),Physics,Modern Physics,Photoelectric Effect,SINGLE_CORRECT_MCQ,35,B,,OFFICIAL_VERIFIED,HIGH,4.0,-1.0,JEE_MAIN\images\JM_2026_S2_0404_SHIFT2_PHY_Q035\question_diagram.png,JEE_Main_PYQ_Archive\2026\Session-2\Question-Papers\JEE_Main_2026_Session-2_2026-04-04_Shift-2_Question-Paper.pdf,13,[JEE MAIN] [2026] [Session 2 • 04 Apr • Shift 2]
JM_2026_S2_0404_SHIFT2_PHY_Q036,JEE_MAIN,2026,Session 2,2026-04-04,Shift 2,Paper 1 (B.E./B.Tech),Physics,Modern Physics,Photoelectric Effect,SINGLE_CORRECT_MCQ,36,B,,OFFICIAL_VERIFIED,HIGH,4.0,-1.0,JEE_MAIN\images\JM_2026_S2_0404_SHIFT2_PHY_Q036\question_diagram.png,JEE_Main_PYQ_Archive\2026\Session-2\Question-Papers\JEE_Main_2026_Session-2_2026-04-04_Shift-2_Question-Paper.pdf,13,[JEE MAIN] [2026] [Session 2 • 04 Apr • Shift 2]
JM_2026_S2_0404_SHIFT2_PHY_Q037,JEE_MAIN,2026,Session 2,2026-04-04,Shift 2,Paper 1 (B.E./B.Tech),Physics,Modern Physics,Photoelectric Effect,SINGLE_CORRECT_MCQ,37,B,,OFFICIAL_VERIFIED,HIGH,4.0,-1.0,JEE_MAIN\images\JM_2026_S2_0404_SHIFT2_PHY_Q037\question_diagram.png,JEE_Main_PYQ_Archive\2026\Session-2\Question-Papers\JEE_Main_2026_Session-2_2026-04-04_Shift-2_Question-Paper.pdf,14,[JEE MAIN] [2026] [Session 2 • 04 Apr • Shift 2]
JM_2026_S2_0404_SHIFT2_PHY_Q038,JEE_MAIN,2026,Session 2,2026-04-04,Shift 2,Paper 1 (B.E./B.Tech),Physics,Modern Physics,Photoelectric Effect,SINGLE_CORRECT_MCQ,38,C,,OFFICIAL_VERIFIED,HIGH,4.0,-1.0,JEE_MAIN\images\JM_2026_S2_0404_SHIFT2_PHY_Q038\question_diagram.png,JEE_Main_PYQ_Archive\2026\Session-2\Question-Papers\JEE_Main_2026_Session-2_2026-04-04_Shift-2_Question-Paper.pdf,14,[JEE MAIN] [2026] [Session 2 • 04 Apr • Shift 2]
JM_2026_S2_0404_SHIFT2_PHY_Q039,JEE_MAIN,2026,Session 2,2026-04-04,Shift 2,Paper 1 (B.E./B.Tech),Physics,Modern Physics,Photoelectric Effect,SINGLE_CORRECT_MCQ,39,C,,OFFICIAL_VERIFIED,HIGH,4.0,-1.0,JEE_MAIN\images\JM_2026_S2_0404_SHIFT2_PHY_Q039\question_diagram.png,JEE_Main_PYQ_Archive\2026\Session-2\Question-Papers\JEE_Main_2026_Session-2_2026-04-04_Shift-2_Question-Paper.pdf,14,[JEE MAIN] [2026] [Session 2 • 04 Apr • Shift 2]
JM_2026_S2_0404_SHIFT2_PHY_Q040,JEE_MAIN,2026,Session 2,2026-04-04,Shift 2,Paper 1 (B.E./B.Tech),Physics,Modern Physics,Photoelectric Effect,SINGLE_CORRECT_MCQ,40,B,,OFFICIAL_VERIFIED,HIGH,4.0,-1.0,JEE_MAIN\images\JM_2026_S2_0404_SHIFT2_PHY_Q040\question_diagram.png,JEE_Main_PYQ_Archive\2026\Session-2\Question-Papers\JEE_Main_2026_Session-2_2026-04-04_Shift-2_Question-Paper.pdf,15,[JEE MAIN] [2026] [Session 2 • 04 Apr • Shift 2]
JM_2026_S2_0404_SHIFT2_PHY_Q041,JEE_MAIN,2026,Session 2,2026-04-04,Shift 2,Paper 1 (B.E./B.Tech),Physics,Modern Physics,Photoelectric Effect,SINGLE_CORRECT_MCQ,41,A,,OFFICIAL_VERIFIED,HIGH,4.0,-1.0,JEE_MAIN\images\JM_2026_S2_0404_SHIFT2_PHY_Q041\question_diagram.png,JEE_Main_PYQ_Archive\2026\Session-2\Question-Papers\JEE_Main_2026_Session-2_2026-04-04_Shift-2_Question-Paper.pdf,15,[JEE MAIN] [2026] [Session 2 • 04 Apr • Shift 2]
JM_2026_S2_0404_SHIFT2_PHY_Q042,JEE_MAIN,2026,Session 2,2026-04-04,Shift 2,Paper 1 (B.E./B.Tech),Physics,Modern Physics,Photoelectric Effect,SINGLE_CORRECT_MCQ,42,D,,OFFICIAL_VERIFIED,HIGH,4.0,-1.0,JEE_MAIN\images\JM_2026_S2_0404_SHIFT2_PHY_Q042\question_diagram.png,JEE_Main_PYQ_Archive\2026\Session-2\Question-Papers\JEE_Main_2026_Session-2_2026-04-04_Shift-2_Question-Paper.pdf,15,[JEE MAIN] [2026] [Session 2 • 04 Apr • Shift 2]
JM_2026_S2_0404_SHIFT2_PHY_Q043,JEE_MAIN,2026,Session 2,2026-04-04,Shift 2,Paper 1 (B.E./B.Tech),Physics,Modern Physics,Photoelectric Effect,SINGLE_CORRECT_MCQ,43,A,,OFFICIAL_VERIFIED,HIGH,4.0,-1.0,JEE_MAIN\images\JM_2026_S2_0404_SHIFT2_PHY_Q043\question_diagram.png,JEE_Main_PYQ_Archive\2026\Session-2\Question-Papers\JEE_Main_2026_Session-2_2026-04-04_Shift-2_Question-Paper.pdf,16,[JEE MAIN] [2026] [Session 2 • 04 Apr • Shift 2]
JM_2026_S2_0404_SHIFT2_PHY_Q044,JEE_MAIN,2026,Session 2,2026-04-04,Shift 2,Paper 1 (B.E./B.Tech),Physics,Modern Physics,Photoelectric Effect,SINGLE_CORRECT_MCQ,44,B,,OFFICIAL_VERIFIED,HIGH,4.0,-1.0,JEE_MAIN\images\JM_2026_S2_0404_SHIFT2_PHY_Q044\question_diagram.png,JEE_Main_PYQ_Archive\2026\Session-2\Question-Papers\JEE_Main_2026_Session-2_2026-04-04_Shift-2_Question-Paper.pdf,16,[JEE MAIN] [2026] [Session 2 • 04 Apr • Shift 2]
JM_2026_S2_0404_SHIFT2_PHY_Q045,JEE_MAIN,2026,Session 2,2026-04-04,Shift 2,Paper 1 (B.E./B.Tech),Physics,Modern Physics,Photoelectric Effect,SINGLE_CORRECT_MCQ,45,D,,OFFICIAL_VERIFIED,HIGH,4.0,-1.0,JEE_MAIN\images\JM_2026_S2_0404_SHIFT2_PHY_Q045\question_diagram.png,JEE_Main_PYQ_Archive\2026\Session-2\Question-Papers\JEE_Main_2026_Session-2_2026-04-04_Shift-2_Question-Paper.pdf,17,[JEE MAIN] [2026] [Session 2 • 04 Apr • Shift 2]
JM_2026_S2_0404_SHIFT2_PHY_Q046,JEE_MAIN,2026,Session 2,2026-04-04,Shift 2,Paper 1 (B.E./B.Tech),Physics,Modern Physics,Photoelectric Effect,NUMERICAL,46,300,300.0,OFFICIAL_VERIFIED,HIGH,4.0,-1.0,JEE_MAIN\images\JM_2026_S2_0404_SHIFT2_PHY_Q046\question_diagram.png,JEE_Main_PYQ_Archive\2026\Session-2\Question-Papers\JEE_Main_2026_Session-2_2026-04-04_Shift-2_Question-Paper.pdf,17,[JEE MAIN] [2026] [Session 2 • 04 Apr • Shift 2]
JM_2026_S2_0404_SHIFT2_PHY_Q047,JEE_MAIN,2026,Session 2,2026-04-04,Shift 2,Paper 1 (B.E./B.Tech),Physics,Modern Physics,Photoelectric Effect,NUMERICAL,47,8,8.0,OFFICIAL_VERIFIED,HIGH,4.0,-1.0,JEE_MAIN\images\JM_2026_S2_0404_SHIFT2_PHY_Q047\question_diagram.png,JEE_Main_PYQ_Archive\2026\Session-2\Question-Papers\JEE_Main_2026_Session-2_2026-04-04_Shift-2_Question-Paper.pdf,18,[JEE MAIN] [2026] [Session 2 • 04 Apr • Shift 2]
JM_2026_S2_0404_SHIFT2_PHY_Q048,JEE_MAIN,2026,Session 2,2026-04-04,Shift 2,Paper 1 (B.E./B.Tech),Physics,Modern Physics,Photoelectric Effect,NUMERICAL,48,12,12.0,OFFICIAL_VERIFIED,HIGH,4.0,-1.0,JEE_MAIN\images\JM_2026_S2_0404_SHIFT2_PHY_Q048\question_diagram.png,JEE_Main_PYQ_Archive\2026\Session-2\Question-Papers\JEE_Main_2026_Session-2_2026-04-04_Shift-2_Question-Paper.pdf,18,[JEE MAIN] [2026] [Session 2 • 04 Apr • Shift 2]
JM_2026_S2_0404_SHIFT2_PHY_Q049,JEE_MAIN,2026,Session 2,2026-04-04,Shift 2,Paper 1 (B.E./B.Tech),Physics,Modern Physics,Photoelectric Effect,NUMERICAL,49,314,314.0,OFFICIAL_VERIFIED,HIGH,4.0,-1.0,JEE_MAIN\images\JM_2026_S2_0404_SHIFT2_PHY_Q049\question_diagram.png,JEE_Main_PYQ_Archive\2026\Session-2\Question-Papers\JEE_Main_2026_Session-2_2026-04-04_Shift-2_Question-Paper.pdf,18,[JEE MAIN] [2026] [Session 2 • 04 Apr • Shift 2]
JM_2026_S2_0404_SHIFT2_PHY_Q050,JEE_MAIN,2026,Session 2,2026-04-04,Shift 2,Paper 1 (B.E./B.Tech),Physics,Modern Physics,Photoelectric Effect,NUMERICAL,50,5625,5625.0,OFFICIAL_VERIFIED,HIGH,4.0,-1.0,JEE_MAIN\images\JM_2026_S2_0404_SHIFT2_PHY_Q050\question_diagram.png,JEE_Main_PYQ_Archive\2026\Session-2\Question-Papers\JEE_Main_2026_Session-2_2026-04-04_Shift-2_Question-Paper.pdf,19,[JEE MAIN] [2026] [Session 2 • 04 Apr • Shift 2]
JM_2026_S2_0404_SHIFT2_CHE_Q051,JEE_MAIN,2026,Session 2,2026-04-04,Shift 2,Paper 1 (B.E./B.Tech),Chemistry,Coordination Compounds,Crystal Field Theory,SINGLE_CORRECT_MCQ,51,B,,OFFICIAL_VERIFIED,HIGH,4.0,-1.0,JEE_MAIN\images\JM_2026_S2_0404_SHIFT2_CHE_Q051\question_diagram.png,JEE_Main_PYQ_Archive\2026\Session-2\Question-Papers\JEE_Main_2026_Session-2_2026-04-04_Shift-2_Question-Paper.pdf,19,[JEE MAIN] [2026] [Session 2 • 04 Apr • Shift 2]
JM_2026_S2_0404_SHIFT2_CHE_Q052,JEE_MAIN,2026,Session 2,2026-04-04,Shift 2,Paper 1 (B.E./B.Tech),Chemistry,Coordination Compounds,Crystal Field Theory,SINGLE_CORRECT_MCQ,52,D,,OFFICIAL_VERIFIED,HIGH,4.0,-1.0,JEE_MAIN\images\JM_2026_S2_0404_SHIFT2_CHE_Q052\question_diagram.png,JEE_Main_PYQ_Archive\2026\Session-2\Question-Papers\JEE_Main_2026_Session-2_2026-04-04_Shift-2_Question-Paper.pdf,20,[JEE MAIN] [2026] [Session 2 • 04 Apr • Shift 2]
JM_2026_S2_0404_SHIFT2_CHE_Q053,JEE_MAIN,2026,Session 2,2026-04-04,Shift 2,Paper 1 (B.E./B.Tech),Chemistry,Coordination Compounds,Crystal Field Theory,SINGLE_CORRECT_MCQ,53,A,,OFFICIAL_VERIFIED,HIGH,4.0,-1.0,JEE_MAIN\images\JM_2026_S2_0404_SHIFT2_CHE_Q053\question_diagram.png,JEE_Main_PYQ_Archive\2026\Session-2\Question-Papers\JEE_Main_2026_Session-2_2026-04-04_Shift-2_Question-Paper.pdf,20,[JEE MAIN] [2026] [Session 2 • 04 Apr • Shift 2]
JM_2026_S2_0404_SHIFT2_CHE_Q054,JEE_MAIN,2026,Session 2,2026-04-04,Shift 2,Paper 1 (B.E./B.Tech),Chemistry,Coordination Compounds,Crystal Field Theory,SINGLE_CORRECT_MCQ,54,A,,OFFICIAL_VERIFIED,HIGH,4.0,-1.0,JEE_MAIN\images\JM_2026_S2_0404_SHIFT2_CHE_Q054\question_diagram.png,JEE_Main_PYQ_Archive\2026\Session-2\Question-Papers\JEE_Main_2026_Session-2_2026-04-04_Shift-2_Question-Paper.pdf,20,[JEE MAIN] [2026] [Session 2 • 04 Apr • Shift 2]
JM_2026_S2_0404_SHIFT2_CHE_Q055,JEE_MAIN,2026,Session 2,2026-04-04,Shift 2,Paper 1 (B.E./B.Tech),Chemistry,Coordination Compounds,Crystal Field Theory,SINGLE_CORRECT_MCQ,55,D,,OFFICIAL_VERIFIED,HIGH,4.0,-1.0,JEE_MAIN\images\JM_2026_S2_0404_SHIFT2_CHE_Q055\question_diagram.png,JEE_Main_PYQ_Archive\2026\Session-2\Question-Papers\JEE_Main_2026_Session-2_2026-04-04_Shift-2_Question-Paper.pdf,21,[JEE MAIN] [2026] [Session 2 • 04 Apr • Shift 2]
JM_2026_S2_0404_SHIFT2_CHE_Q056,JEE_MAIN,2026,Session 2,2026-04-04,Shift 2,Paper 1 (B.E./B.Tech),Chemistry,Coordination Compounds,Crystal Field Theory,SINGLE_CORRECT_MCQ,56,A,,OFFICIAL_VERIFIED,HIGH,4.0,-1.0,JEE_MAIN\images\JM_2026_S2_0404_SHIFT2_CHE_Q056\question_diagram.png,JEE_Main_PYQ_Archive\2026\Session-2\Question-Papers\JEE_Main_2026_Session-2_2026-04-04_Shift-2_Question-Paper.pdf,21,[JEE MAIN] [2026] [Session 2 • 04 Apr • Shift 2]
JM_2026_S2_0404_SHIFT2_CHE_Q057,JEE_MAIN,2026,Session 2,2026-04-04,Shift 2,Paper 1 (B.E./B.Tech),Chemistry,Coordination Compounds,Crystal Field Theory,SINGLE_CORRECT_MCQ,57,A,,OFFICIAL_VERIFIED,HIGH,4.0,-1.0,JEE_MAIN\images\JM_2026_S2_0404_SHIFT2_CHE_Q057\question_diagram.png,JEE_Main_PYQ_Archive\2026\Session-2\Question-Papers\JEE_Main_2026_Session-2_2026-04-04_Shift-2_Question-Paper.pdf,22,[JEE MAIN] [2026] [Session 2 • 04 Apr • Shift 2]
JM_2026_S2_0404_SHIFT2_CHE_Q058,JEE_MAIN,2026,Session 2,2026-04-04,Shift 2,Paper 1 (B.E./B.Tech),Chemistry,Coordination Compounds,Crystal Field Theory,SINGLE_CORRECT_MCQ,58,A,,OFFICIAL_VERIFIED,HIGH,4.0,-1.0,JEE_MAIN\images\JM_2026_S2_0404_SHIFT2_CHE_Q058\question_diagram.png,JEE_Main_PYQ_Archive\2026\Session-2\Question-Papers\JEE_Main_2026_Session-2_2026-04-04_Shift-2_Question-Paper.pdf,22,[JEE MAIN] [2026] [Session 2 • 04 Apr • Shift 2]
JM_2026_S2_0404_SHIFT2_CHE_Q059,JEE_MAIN,2026,Session 2,2026-04-04,Shift 2,Paper 1 (B.E./B.Tech),Chemistry,Coordination Compounds,Crystal Field Theory,SINGLE_CORRECT_MCQ,59,B,,OFFICIAL_VERIFIED,HIGH,4.0,-1.0,JEE_MAIN\images\JM_2026_S2_0404_SHIFT2_CHE_Q059\question_diagram.png,JEE_Main_PYQ_Archive\2026\Session-2\Question-Papers\JEE_Main_2026_Session-2_2026-04-04_Shift-2_Question-Paper.pdf,22,[JEE MAIN] [2026] [Session 2 • 04 Apr • Shift 2]
JM_2026_S2_0404_SHIFT2_CHE_Q060,JEE_MAIN,2026,Session 2,2026-04-04,Shift 2,Paper 1 (B.E./B.Tech),Chemistry,Coordination Compounds,Crystal Field Theory,SINGLE_CORRECT_MCQ,60,C,,OFFICIAL_VERIFIED,HIGH,4.0,-1.0,JEE_MAIN\images\JM_2026_S2_0404_SHIFT2_CHE_Q060\question_diagram.png,JEE_Main_PYQ_Archive\2026\Session-2\Question-Papers\JEE_Main_2026_Session-2_2026-04-04_Shift-2_Question-Paper.pdf,23,[JEE MAIN] [2026] [Session 2 • 04 Apr • Shift 2]
JM_2026_S2_0404_SHIFT2_CHE_Q061,JEE_MAIN,2026,Session 2,2026-04-04,Shift 2,Paper 1 (B.E./B.Tech),Chemistry,Coordination Compounds,Crystal Field Theory,SINGLE_CORRECT_MCQ,61,B,,OFFICIAL_VERIFIED,HIGH,4.0,-1.0,JEE_MAIN\images\JM_2026_S2_0404_SHIFT2_CHE_Q061\question_diagram.png,JEE_Main_PYQ_Archive\2026\Session-2\Question-Papers\JEE_Main_2026_Session-2_2026-04-04_Shift-2_Question-Paper.pdf,23,[JEE MAIN] [2026] [Session 2 • 04 Apr • Shift 2]
JM_2026_S2_0404_SHIFT2_CHE_Q062,JEE_MAIN,2026,Session 2,2026-04-04,Shift 2,Paper 1 (B.E./B.Tech),Chemistry,Coordination Compounds,Crystal Field Theory,SINGLE_CORRECT_MCQ,62,A,,OFFICIAL_VERIFIED,HIGH,4.0,-1.0,JEE_MAIN\images\JM_2026_S2_0404_SHIFT2_CHE_Q062\question_diagram.png,JEE_Main_PYQ_Archive\2026\Session-2\Question-Papers\JEE_Main_2026_Session-2_2026-04-04_Shift-2_Question-Paper.pdf,24,[JEE MAIN] [2026] [Session 2 • 04 Apr • Shift 2]
JM_2026_S2_0404_SHIFT2_CHE_Q063,JEE_MAIN,2026,Session 2,2026-04-04,Shift 2,Paper 1 (B.E./B.Tech),Chemistry,Coordination Compounds,Crystal Field Theory,SINGLE_CORRECT_MCQ,63,D,,OFFICIAL_VERIFIED,HIGH,4.0,-1.0,JEE_MAIN\images\JM_2026_S2_0404_SHIFT2_CHE_Q063\question_diagram.png,JEE_Main_PYQ_Archive\2026\Session-2\Question-Papers\JEE_Main_2026_Session-2_2026-04-04_Shift-2_Question-Paper.pdf,24,[JEE MAIN] [2026] [Session 2 • 04 Apr • Shift 2]
JM_2026_S2_0404_SHIFT2_CHE_Q064,JEE_MAIN,2026,Session 2,2026-04-04,Shift 2,Paper 1 (B.E./B.Tech),Chemistry,Coordination Compounds,Crystal Field Theory,SINGLE_CORRECT_MCQ,64,D,,OFFICIAL_VERIFIED,HIGH,4.0,-1.0,JEE_MAIN\images\JM_2026_S2_0404_SHIFT2_CHE_Q064\question_diagram.png,JEE_Main_PYQ_Archive\2026\Session-2\Question-Papers\JEE_Main_2026_Session-2_2026-04-04_Shift-2_Question-Paper.pdf,25,[JEE MAIN] [2026] [Session 2 • 04 Apr • Shift 2]
JM_2026_S2_0404_SHIFT2_CHE_Q065,JEE_MAIN,2026,Session 2,2026-04-04,Shift 2,Paper 1 (B.E./B.Tech),Chemistry,Coordination Compounds,Crystal Field Theory,SINGLE_CORRECT_MCQ,65,D,,OFFICIAL_VERIFIED,HIGH,4.0,-1.0,JEE_MAIN\images\JM_2026_S2_0404_SHIFT2_CHE_Q065\question_diagram.png,JEE_Main_PYQ_Archive\2026\Session-2\Question-Papers\JEE_Main_2026_Session-2_2026-04-04_Shift-2_Question-Paper.pdf,25,[JEE MAIN] [2026] [Session 2 • 04 Apr • Shift 2]
JM_2026_S2_0404_SHIFT2_CHE_Q066,JEE_MAIN,2026,Session 2,2026-04-04,Shift 2,Paper 1 (B.E./B.Tech),Chemistry,Coordination Compounds,Crystal Field Theory,SINGLE_CORRECT_MCQ,66,B,,OFFICIAL_VERIFIED,HIGH,4.0,-1.0,JEE_MAIN\images\JM_2026_S2_0404_SHIFT2_CHE_Q066\question_diagram.png,JEE_Main_PYQ_Archive\2026\Session-2\Question-Papers\JEE_Main_2026_Session-2_2026-04-04_Shift-2_Question-Paper.pdf,25,[JEE MAIN] [2026] [Session 2 • 04 Apr • Shift 2]
JM_2026_S2_0404_SHIFT2_CHE_Q067,JEE_MAIN,2026,Session 2,2026-04-04,Shift 2,Paper 1 (B.E./B.Tech),Chemistry,Coordination Compounds,Crystal Field Theory,SINGLE_CORRECT_MCQ,67,A,,OFFICIAL_VERIFIED,HIGH,4.0,-1.0,JEE_MAIN\images\JM_2026_S2_0404_SHIFT2_CHE_Q067\question_diagram.png,JEE_Main_PYQ_Archive\2026\Session-2\Question-Papers\JEE_Main_2026_Session-2_2026-04-04_Shift-2_Question-Paper.pdf,26,[JEE MAIN] [2026] [Session 2 • 04 Apr • Shift 2]
JM_2026_S2_0404_SHIFT2_CHE_Q068,JEE_MAIN,2026,Session 2,2026-04-04,Shift 2,Paper 1 (B.E./B.Tech),Chemistry,Coordination Compounds,Crystal Field Theory,SINGLE_CORRECT_MCQ,68,A,,OFFICIAL_VERIFIED,HIGH,4.0,-1.0,JEE_MAIN\images\JM_2026_S2_0404_SHIFT2_CHE_Q068\question_diagram.png,JEE_Main_PYQ_Archive\2026\Session-2\Question-Papers\JEE_Main_2026_Session-2_2026-04-04_Shift-2_Question-Paper.pdf,27,[JEE MAIN] [2026] [Session 2 • 04 Apr • Shift 2]
JM_2026_S2_0404_SHIFT2_CHE_Q069,JEE_MAIN,2026,Session 2,2026-04-04,Shift 2,Paper 1 (B.E./B.Tech),Chemistry,Coordination Compounds,Crystal Field Theory,SINGLE_CORRECT_MCQ,69,B,,OFFICIAL_VERIFIED,HIGH,4.0,-1.0,JEE_MAIN\images\JM_2026_S2_0404_SHIFT2_CHE_Q069\question_diagram.png,JEE_Main_PYQ_Archive\2026\Session-2\Question-Papers\JEE_Main_2026_Session-2_2026-04-04_Shift-2_Question-Paper.pdf,28,[JEE MAIN] [2026] [Session 2 • 04 Apr • Shift 2]
JM_2026_S2_0404_SHIFT2_CHE_Q070,JEE_MAIN,2026,Session 2,2026-04-04,Shift 2,Paper 1 (B.E./B.Tech),Chemistry,Coordination Compounds,Crystal Field Theory,SINGLE_CORRECT_MCQ,70,C,,OFFICIAL_VERIFIED,HIGH,4.0,-1.0,JEE_MAIN\images\JM_2026_S2_0404_SHIFT2_CHE_Q070\question_diagram.png,JEE_Main_PYQ_Archive\2026\Session-2\Question-Papers\JEE_Main_2026_Session-2_2026-04-04_Shift-2_Question-Paper.pdf,28,[JEE MAIN] [2026] [Session 2 • 04 Apr • Shift 2]
JM_2026_S2_0404_SHIFT2_CHE_Q071,JEE_MAIN,2026,Session 2,2026-04-04,Shift 2,Paper 1 (B.E./B.Tech),Chemistry,Coordination Compounds,Crystal Field Theory,NUMERICAL,71,3,3.0,OFFICIAL_VERIFIED,HIGH,4.0,-1.0,JEE_MAIN\images\JM_2026_S2_0404_SHIFT2_CHE_Q071\question_diagram.png,JEE_Main_PYQ_Archive\2026\Session-2\Question-Papers\JEE_Main_2026_Session-2_2026-04-04_Shift-2_Question-Paper.pdf,29,[JEE MAIN] [2026] [Session 2 • 04 Apr • Shift 2]
JM_2026_S2_0404_SHIFT2_CHE_Q072,JEE_MAIN,2026,Session 2,2026-04-04,Shift 2,Paper 1 (B.E./B.Tech),Chemistry,Coordination Compounds,Crystal Field Theory,NUMERICAL,72,2474,2474.0,OFFICIAL_VERIFIED,HIGH,4.0,-1.0,JEE_MAIN\images\JM_2026_S2_0404_SHIFT2_CHE_Q072\question_diagram.png,JEE_Main_PYQ_Archive\2026\Session-2\Question-Papers\JEE_Main_2026_Session-2_2026-04-04_Shift-2_Question-Paper.pdf,29,[JEE MAIN] [2026] [Session 2 • 04 Apr • Shift 2]
JM_2026_S2_0404_SHIFT2_CHE_Q073,JEE_MAIN,2026,Session 2,2026-04-04,Shift 2,Paper 1 (B.E./B.Tech),Chemistry,Coordination Compounds,Crystal Field Theory,NUMERICAL,73,2,2.0,OFFICIAL_VERIFIED,HIGH,4.0,-1.0,JEE_MAIN\images\JM_2026_S2_0404_SHIFT2_CHE_Q073\question_diagram.png,JEE_Main_PYQ_Archive\2026\Session-2\Question-Papers\JEE_Main_2026_Session-2_2026-04-04_Shift-2_Question-Paper.pdf,30,[JEE MAIN] [2026] [Session 2 • 04 Apr • Shift 2]
JM_2026_S2_0404_SHIFT2_CHE_Q074,JEE_MAIN,2026,Session 2,2026-04-04,Shift 2,Paper 1 (B.E./B.Tech),Chemistry,Coordination Compounds,Crystal Field Theory,NUMERICAL,74,7,7.0,OFFICIAL_VERIFIED,HIGH,4.0,-1.0,JEE_MAIN\images\JM_2026_S2_0404_SHIFT2_CHE_Q074\question_diagram.png,JEE_Main_PYQ_Archive\2026\Session-2\Question-Papers\JEE_Main_2026_Session-2_2026-04-04_Shift-2_Question-Paper.pdf,30,[JEE MAIN] [2026] [Session 2 • 04 Apr • Shift 2]
JM_2026_S2_0404_SHIFT2_CHE_Q075,JEE_MAIN,2026,Session 2,2026-04-04,Shift 2,Paper 1 (B.E./B.Tech),Chemistry,Coordination Compounds,Crystal Field Theory,NUMERICAL,75,435,435.0,OFFICIAL_VERIFIED,HIGH,4.0,-1.0,JEE_MAIN\images\JM_2026_S2_0404_SHIFT2_CHE_Q075\question_diagram.png,JEE_Main_PYQ_Archive\2026\Session-2\Question-Papers\JEE_Main_2026_Session-2_2026-04-04_Shift-2_Question-Paper.pdf,30,[JEE MAIN] [2026] [Session 2 • 04 Apr • Shift 2]
JM_2026_S2_0405_SHIFT1_MAT_Q001,JEE_MAIN,2026,Session 2,2026-04-05,Shift 1,Paper 1 (B.E./B.Tech),Mathematics,Matrices and Determinants,Matrix Transformations,SINGLE_CORRECT_MCQ,1,C,,OFFICIAL_VERIFIED,HIGH,4.0,-1.0,JEE_MAIN\images\JM_2026_S2_0405_SHIFT1_MAT_Q001\question_diagram.png,JEE_Main_PYQ_Archive\2026\Session-2\Question-Papers\JEE_Main_2026_Session-2_2026-04-05_Shift-1_Question-Paper.pdf,1,[JEE MAIN] [2026] [Session 2 • 05 Apr • Shift 1]
JM_2026_S2_0405_SHIFT1_MAT_Q002,JEE_MAIN,2026,Session 2,2026-04-05,Shift 1,Paper 1 (B.E./B.Tech),Mathematics,Matrices and Determinants,Matrix Transformations,SINGLE_CORRECT_MCQ,2,D,,OFFICIAL_VERIFIED,HIGH,4.0,-1.0,JEE_MAIN\images\JM_2026_S2_0405_SHIFT1_MAT_Q002\question_diagram.png,JEE_Main_PYQ_Archive\2026\Session-2\Question-Papers\JEE_Main_2026_Session-2_2026-04-05_Shift-1_Question-Paper.pdf,1,[JEE MAIN] [2026] [Session 2 • 05 Apr • Shift 1]
JM_2026_S2_0405_SHIFT1_MAT_Q003,JEE_MAIN,2026,Session 2,2026-04-05,Shift 1,Paper 1 (B.E./B.Tech),Mathematics,Matrices and Determinants,Matrix Transformations,SINGLE_CORRECT_MCQ,3,A,,OFFICIAL_VERIFIED,HIGH,4.0,-1.0,JEE_MAIN\images\JM_2026_S2_0405_SHIFT1_MAT_Q003\question_diagram.png,JEE_Main_PYQ_Archive\2026\Session-2\Question-Papers\JEE_Main_2026_Session-2_2026-04-05_Shift-1_Question-Paper.pdf,2,[JEE MAIN] [2026] [Session 2 • 05 Apr • Shift 1]
JM_2026_S2_0405_SHIFT1_MAT_Q004,JEE_MAIN,2026,Session 2,2026-04-05,Shift 1,Paper 1 (B.E./B.Tech),Mathematics,Matrices and Determinants,Matrix Transformations,SINGLE_CORRECT_MCQ,4,C,,OFFICIAL_VERIFIED,HIGH,4.0,-1.0,JEE_MAIN\images\JM_2026_S2_0405_SHIFT1_MAT_Q004\question_diagram.png,JEE_Main_PYQ_Archive\2026\Session-2\Question-Papers\JEE_Main_2026_Session-2_2026-04-05_Shift-1_Question-Paper.pdf,2,[JEE MAIN] [2026] [Session 2 • 05 Apr • Shift 1]
JM_2026_S2_0405_SHIFT1_MAT_Q005,JEE_MAIN,2026,Session 2,2026-04-05,Shift 1,Paper 1 (B.E./B.Tech),Mathematics,Matrices and Determinants,Matrix Transformations,SINGLE_CORRECT_MCQ,5,C,,OFFICIAL_VERIFIED,HIGH,4.0,-1.0,JEE_MAIN\images\JM_2026_S2_0405_SHIFT1_MAT_Q005\question_diagram.png,JEE_Main_PYQ_Archive\2026\Session-2\Question-Papers\JEE_Main_2026_Session-2_2026-04-05_Shift-1_Question-Paper.pdf,2,[JEE MAIN] [2026] [Session 2 • 05 Apr • Shift 1]
JM_2026_S2_0405_SHIFT1_MAT_Q006,JEE_MAIN,2026,Session 2,2026-04-05,Shift 1,Paper 1 (B.E./B.Tech),Mathematics,Coordinate Geometry (2D),Circle Equations and Tangents,SINGLE_CORRECT_MCQ,6,D,,OFFICIAL_VERIFIED,HIGH,4.0,-1.0,JEE_MAIN\images\JM_2026_S2_0405_SHIFT1_MAT_Q006\question_diagram.png,JEE_Main_PYQ_Archive\2026\Session-2\Question-Papers\JEE_Main_2026_Session-2_2026-04-05_Shift-1_Question-Paper.pdf,3,[JEE MAIN] [2026] [Session 2 • 05 Apr • Shift 1]
JM_2026_S2_0405_SHIFT1_MAT_Q007,JEE_MAIN,2026,Session 2,2026-04-05,Shift 1,Paper 1 (B.E./B.Tech),Mathematics,Coordinate Geometry (2D),Circle Equations and Tangents,SINGLE_CORRECT_MCQ,7,C,,OFFICIAL_VERIFIED,HIGH,4.0,-1.0,JEE_MAIN\images\JM_2026_S2_0405_SHIFT1_MAT_Q007\question_diagram.png,JEE_Main_PYQ_Archive\2026\Session-2\Question-Papers\JEE_Main_2026_Session-2_2026-04-05_Shift-1_Question-Paper.pdf,3,[JEE MAIN] [2026] [Session 2 • 05 Apr • Shift 1]
JM_2026_S2_0405_SHIFT1_MAT_Q008,JEE_MAIN,2026,Session 2,2026-04-05,Shift 1,Paper 1 (B.E./B.Tech),Mathematics,Coordinate Geometry (2D),Circle Equations and Tangents,SINGLE_CORRECT_MCQ,8,D,,OFFICIAL_VERIFIED,HIGH,4.0,-1.0,JEE_MAIN\images\JM_2026_S2_0405_SHIFT1_MAT_Q008\question_diagram.png,JEE_Main_PYQ_Archive\2026\Session-2\Question-Papers\JEE_Main_2026_Session-2_2026-04-05_Shift-1_Question-Paper.pdf,3,[JEE MAIN] [2026] [Session 2 • 05 Apr • Shift 1]
JM_2026_S2_0405_SHIFT1_MAT_Q009,JEE_MAIN,2026,Session 2,2026-04-05,Shift 1,Paper 1 (B.E./B.Tech),Mathematics,Coordinate Geometry (2D),Circle Equations and Tangents,SINGLE_CORRECT_MCQ,9,D,,OFFICIAL_VERIFIED,HIGH,4.0,-1.0,JEE_MAIN\images\JM_2026_S2_0405_SHIFT1_MAT_Q009\question_diagram.png,JEE_Main_PYQ_Archive\2026\Session-2\Question-Papers\JEE_Main_2026_Session-2_2026-04-05_Shift-1_Question-Paper.pdf,4,[JEE MAIN] [2026] [Session 2 • 05 Apr • Shift 1]
JM_2026_S2_0405_SHIFT1_MAT_Q010,JEE_MAIN,2026,Session 2,2026-04-05,Shift 1,Paper 1 (B.E./B.Tech),Mathematics,Coordinate Geometry (2D),Circle Equations and Tangents,SINGLE_CORRECT_MCQ,10,D,,OFFICIAL_VERIFIED,HIGH,4.0,-1.0,JEE_MAIN\images\JM_2026_S2_0405_SHIFT1_MAT_Q010\question_diagram.png,JEE_Main_PYQ_Archive\2026\Session-2\Question-Papers\JEE_Main_2026_Session-2_2026-04-05_Shift-1_Question-Paper.pdf,4,[JEE MAIN] [2026] [Session 2 • 05 Apr • Shift 1]
JM_2026_S2_0405_SHIFT1_MAT_Q011,JEE_MAIN,2026,Session 2,2026-04-05,Shift 1,Paper 1 (B.E./B.Tech),Mathematics,Indefinite and Definite Integration,Properties of Definite Integrals,SINGLE_CORRECT_MCQ,11,A,,OFFICIAL_VERIFIED,HIGH,4.0,-1.0,JEE_MAIN\images\JM_2026_S2_0405_SHIFT1_MAT_Q011\question_diagram.png,JEE_Main_PYQ_Archive\2026\Session-2\Question-Papers\JEE_Main_2026_Session-2_2026-04-05_Shift-1_Question-Paper.pdf,4,[JEE MAIN] [2026] [Session 2 • 05 Apr • Shift 1]
JM_2026_S2_0405_SHIFT1_MAT_Q012,JEE_MAIN,2026,Session 2,2026-04-05,Shift 1,Paper 1 (B.E./B.Tech),Mathematics,Indefinite and Definite Integration,Properties of Definite Integrals,SINGLE_CORRECT_MCQ,12,D,,OFFICIAL_VERIFIED,HIGH,4.0,-1.0,JEE_MAIN\images\JM_2026_S2_0405_SHIFT1_MAT_Q012\question_diagram.png,JEE_Main_PYQ_Archive\2026\Session-2\Question-Papers\JEE_Main_2026_Session-2_2026-04-05_Shift-1_Question-Paper.pdf,5,[JEE MAIN] [2026] [Session 2 • 05 Apr • Shift 1]
JM_2026_S2_0405_SHIFT1_MAT_Q013,JEE_MAIN,2026,Session 2,2026-04-05,Shift 1,Paper 1 (B.E./B.Tech),Mathematics,Indefinite and Definite Integration,Properties of Definite Integrals,SINGLE_CORRECT_MCQ,13,D,,OFFICIAL_VERIFIED,HIGH,4.0,-1.0,JEE_MAIN\images\JM_2026_S2_0405_SHIFT1_MAT_Q013\question_diagram.png,JEE_Main_PYQ_Archive\2026\Session-2\Question-Papers\JEE_Main_2026_Session-2_2026-04-05_Shift-1_Question-Paper.pdf,5,[JEE MAIN] [2026] [Session 2 • 05 Apr • Shift 1]
JM_2026_S2_0405_SHIFT1_MAT_Q014,JEE_MAIN,2026,Session 2,2026-04-05,Shift 1,Paper 1 (B.E./B.Tech),Mathematics,Indefinite and Definite Integration,Properties of Definite Integrals,SINGLE_CORRECT_MCQ,14,B,,OFFICIAL_VERIFIED,HIGH,4.0,-1.0,JEE_MAIN\images\JM_2026_S2_0405_SHIFT1_MAT_Q014\question_diagram.png,JEE_Main_PYQ_Archive\2026\Session-2\Question-Papers\JEE_Main_2026_Session-2_2026-04-05_Shift-1_Question-Paper.pdf,5,[JEE MAIN] [2026] [Session 2 • 05 Apr • Shift 1]
JM_2026_S2_0405_SHIFT1_MAT_Q015,JEE_MAIN,2026,Session 2,2026-04-05,Shift 1,Paper 1 (B.E./B.Tech),Mathematics,Indefinite and Definite Integration,Properties of Definite Integrals,SINGLE_CORRECT_MCQ,15,D,,OFFICIAL_VERIFIED,HIGH,4.0,-1.0,JEE_MAIN\images\JM_2026_S2_0405_SHIFT1_MAT_Q015\question_diagram.png,JEE_Main_PYQ_Archive\2026\Session-2\Question-Papers\JEE_Main_2026_Session-2_2026-04-05_Shift-1_Question-Paper.pdf,5,[JEE MAIN] [2026] [Session 2 • 05 Apr • Shift 1]
JM_2026_S2_0405_SHIFT1_MAT_Q016,JEE_MAIN,2026,Session 2,2026-04-05,Shift 1,Paper 1 (B.E./B.Tech),Mathematics,Indefinite and Definite Integration,Properties of Definite Integrals,SINGLE_CORRECT_MCQ,16,C,,OFFICIAL_VERIFIED,HIGH,4.0,-1.0,JEE_MAIN\images\JM_2026_S2_0405_SHIFT1_MAT_Q016\question_diagram.png,JEE_Main_PYQ_Archive\2026\Session-2\Question-Papers\JEE_Main_2026_Session-2_2026-04-05_Shift-1_Question-Paper.pdf,6,[JEE MAIN] [2026] [Session 2 • 05 Apr • Shift 1]
JM_2026_S2_0405_SHIFT1_MAT_Q017,JEE_MAIN,2026,Session 2,2026-04-05,Shift 1,Paper 1 (B.E./B.Tech),Mathematics,Indefinite and Definite Integration,Properties of Definite Integrals,SINGLE_CORRECT_MCQ,17,D,,OFFICIAL_VERIFIED,HIGH,4.0,-1.0,JEE_MAIN\images\JM_2026_S2_0405_SHIFT1_MAT_Q017\question_diagram.png,JEE_Main_PYQ_Archive\2026\Session-2\Question-Papers\JEE_Main_2026_Session-2_2026-04-05_Shift-1_Question-Paper.pdf,6,[JEE MAIN] [2026] [Session 2 • 05 Apr • Shift 1]
JM_2026_S2_0405_SHIFT1_MAT_Q018,JEE_MAIN,2026,Session 2,2026-04-05,Shift 1,Paper 1 (B.E./B.Tech),Mathematics,Indefinite and Definite Integration,Properties of Definite Integrals,SINGLE_CORRECT_MCQ,18,C,,OFFICIAL_VERIFIED,HIGH,4.0,-1.0,JEE_MAIN\images\JM_2026_S2_0405_SHIFT1_MAT_Q018\question_diagram.png,JEE_Main_PYQ_Archive\2026\Session-2\Question-Papers\JEE_Main_2026_Session-2_2026-04-05_Shift-1_Question-Paper.pdf,6,[JEE MAIN] [2026] [Session 2 • 05 Apr • Shift 1]
JM_2026_S2_0405_SHIFT1_MAT_Q019,JEE_MAIN,2026,Session 2,2026-04-05,Shift 1,Paper 1 (B.E./B.Tech),Mathematics,Vector Algebra and 3D Geometry,Plane and Shortest Distance Between Lines,SINGLE_CORRECT_MCQ,19,C,,OFFICIAL_VERIFIED,HIGH,4.0,-1.0,JEE_MAIN\images\JM_2026_S2_0405_SHIFT1_MAT_Q019\question_diagram.png,JEE_Main_PYQ_Archive\2026\Session-2\Question-Papers\JEE_Main_2026_Session-2_2026-04-05_Shift-1_Question-Paper.pdf,7,[JEE MAIN] [2026] [Session 2 • 05 Apr • Shift 1]
JM_2026_S2_0405_SHIFT1_MAT_Q020,JEE_MAIN,2026,Session 2,2026-04-05,Shift 1,Paper 1 (B.E./B.Tech),Mathematics,Vector Algebra and 3D Geometry,Plane and Shortest Distance Between Lines,SINGLE_CORRECT_MCQ,20,D,,OFFICIAL_VERIFIED,HIGH,4.0,-1.0,JEE_MAIN\images\JM_2026_S2_0405_SHIFT1_MAT_Q020\question_diagram.png,JEE_Main_PYQ_Archive\2026\Session-2\Question-Papers\JEE_Main_2026_Session-2_2026-04-05_Shift-1_Question-Paper.pdf,7,[JEE MAIN] [2026] [Session 2 • 05 Apr • Shift 1]
JM_2026_S2_0405_SHIFT1_MAT_Q021,JEE_MAIN,2026,Session 2,2026-04-05,Shift 1,Paper 1 (B.E./B.Tech),Mathematics,Vector Algebra and 3D Geometry,Plane and Shortest Distance Between Lines,NUMERICAL,21,72,72.0,OFFICIAL_VERIFIED,HIGH,4.0,-1.0,JEE_MAIN\images\JM_2026_S2_0405_SHIFT1_MAT_Q021\question_diagram.png,JEE_Main_PYQ_Archive\2026\Session-2\Question-Papers\JEE_Main_2026_Session-2_2026-04-05_Shift-1_Question-Paper.pdf,8,[JEE MAIN] [2026] [Session 2 • 05 Apr • Shift 1]
JM_2026_S2_0405_SHIFT1_MAT_Q022,JEE_MAIN,2026,Session 2,2026-04-05,Shift 1,Paper 1 (B.E./B.Tech),Mathematics,Vector Algebra and 3D Geometry,Plane and Shortest Distance Between Lines,NUMERICAL,22,126,126.0,OFFICIAL_VERIFIED,HIGH,4.0,-1.0,JEE_MAIN\images\JM_2026_S2_0405_SHIFT1_MAT_Q022\question_diagram.png,JEE_Main_PYQ_Archive\2026\Session-2\Question-Papers\JEE_Main_2026_Session-2_2026-04-05_Shift-1_Question-Paper.pdf,8,[JEE MAIN] [2026] [Session 2 • 05 Apr • Shift 1]
JM_2026_S2_0405_SHIFT1_MAT_Q023,JEE_MAIN,2026,Session 2,2026-04-05,Shift 1,Paper 1 (B.E./B.Tech),Mathematics,Vector Algebra and 3D Geometry,Plane and Shortest Distance Between Lines,NUMERICAL,23,21,21.0,OFFICIAL_VERIFIED,HIGH,4.0,-1.0,JEE_MAIN\images\JM_2026_S2_0405_SHIFT1_MAT_Q023\question_diagram.png,JEE_Main_PYQ_Archive\2026\Session-2\Question-Papers\JEE_Main_2026_Session-2_2026-04-05_Shift-1_Question-Paper.pdf,8,[JEE MAIN] [2026] [Session 2 • 05 Apr • Shift 1]
JM_2026_S2_0405_SHIFT1_MAT_Q024,JEE_MAIN,2026,Session 2,2026-04-05,Shift 1,Paper 1 (B.E./B.Tech),Mathematics,Vector Algebra and 3D Geometry,Plane and Shortest Distance Between Lines,NUMERICAL,24,2048,2048.0,OFFICIAL_VERIFIED,HIGH,4.0,-1.0,JEE_MAIN\images\JM_2026_S2_0405_SHIFT1_MAT_Q024\question_diagram.png,JEE_Main_PYQ_Archive\2026\Session-2\Question-Papers\JEE_Main_2026_Session-2_2026-04-05_Shift-1_Question-Paper.pdf,8,[JEE MAIN] [2026] [Session 2 • 05 Apr • Shift 1]
JM_2026_S2_0405_SHIFT1_MAT_Q025,JEE_MAIN,2026,Session 2,2026-04-05,Shift 1,Paper 1 (B.E./B.Tech),Mathematics,Vector Algebra and 3D Geometry,Plane and Shortest Distance Between Lines,NUMERICAL,25,Any non -negative Integer,Any non -negative Integer,OFFICIAL_VERIFIED,HIGH,4.0,-1.0,JEE_MAIN\images\JM_2026_S2_0405_SHIFT1_MAT_Q025\question_diagram.png,JEE_Main_PYQ_Archive\2026\Session-2\Question-Papers\JEE_Main_2026_Session-2_2026-04-05_Shift-1_Question-Paper.pdf,9,[JEE MAIN] [2026] [Session 2 • 05 Apr • Shift 1]
JM_2026_S2_0405_SHIFT1_PHY_Q026,JEE_MAIN,2026,Session 2,2026-04-05,Shift 1,Paper 1 (B.E./B.Tech),Physics,Modern Physics,Photoelectric Effect,SINGLE_CORRECT_MCQ,26,A,,OFFICIAL_VERIFIED,HIGH,4.0,-1.0,JEE_MAIN\images\JM_2026_S2_0405_SHIFT1_PHY_Q026\question_diagram.png,JEE_Main_PYQ_Archive\2026\Session-2\Question-Papers\JEE_Main_2026_Session-2_2026-04-05_Shift-1_Question-Paper.pdf,9,[JEE MAIN] [2026] [Session 2 • 05 Apr • Shift 1]
JM_2026_S2_0405_SHIFT1_PHY_Q027,JEE_MAIN,2026,Session 2,2026-04-05,Shift 1,Paper 1 (B.E./B.Tech),Physics,Modern Physics,Photoelectric Effect,SINGLE_CORRECT_MCQ,27,C,,OFFICIAL_VERIFIED,HIGH,4.0,-1.0,JEE_MAIN\images\JM_2026_S2_0405_SHIFT1_PHY_Q027\question_diagram.png,JEE_Main_PYQ_Archive\2026\Session-2\Question-Papers\JEE_Main_2026_Session-2_2026-04-05_Shift-1_Question-Paper.pdf,9,[JEE MAIN] [2026] [Session 2 • 05 Apr • Shift 1]
JM_2026_S2_0405_SHIFT1_PHY_Q028,JEE_MAIN,2026,Session 2,2026-04-05,Shift 1,Paper 1 (B.E./B.Tech),Physics,Modern Physics,Photoelectric Effect,SINGLE_CORRECT_MCQ,28,D,,OFFICIAL_VERIFIED,HIGH,4.0,-1.0,JEE_MAIN\images\JM_2026_S2_0405_SHIFT1_PHY_Q028\question_diagram.png,JEE_Main_PYQ_Archive\2026\Session-2\Question-Papers\JEE_Main_2026_Session-2_2026-04-05_Shift-1_Question-Paper.pdf,10,[JEE MAIN] [2026] [Session 2 • 05 Apr • Shift 1]
JM_2026_S2_0405_SHIFT1_PHY_Q029,JEE_MAIN,2026,Session 2,2026-04-05,Shift 1,Paper 1 (B.E./B.Tech),Physics,Modern Physics,Photoelectric Effect,SINGLE_CORRECT_MCQ,29,C,,OFFICIAL_VERIFIED,HIGH,4.0,-1.0,JEE_MAIN\images\JM_2026_S2_0405_SHIFT1_PHY_Q029\question_diagram.png,JEE_Main_PYQ_Archive\2026\Session-2\Question-Papers\JEE_Main_2026_Session-2_2026-04-05_Shift-1_Question-Paper.pdf,10,[JEE MAIN] [2026] [Session 2 • 05 Apr • Shift 1]
JM_2026_S2_0405_SHIFT1_PHY_Q030,JEE_MAIN,2026,Session 2,2026-04-05,Shift 1,Paper 1 (B.E./B.Tech),Physics,Modern Physics,Photoelectric Effect,SINGLE_CORRECT_MCQ,30,C,,OFFICIAL_VERIFIED,HIGH,4.0,-1.0,JEE_MAIN\images\JM_2026_S2_0405_SHIFT1_PHY_Q030\question_diagram.png,JEE_Main_PYQ_Archive\2026\Session-2\Question-Papers\JEE_Main_2026_Session-2_2026-04-05_Shift-1_Question-Paper.pdf,11,[JEE MAIN] [2026] [Session 2 • 05 Apr • Shift 1]
JM_2026_S2_0405_SHIFT1_PHY_Q031,JEE_MAIN,2026,Session 2,2026-04-05,Shift 1,Paper 1 (B.E./B.Tech),Physics,Modern Physics,Photoelectric Effect,SINGLE_CORRECT_MCQ,31,A,,OFFICIAL_VERIFIED,HIGH,4.0,-1.0,JEE_MAIN\images\JM_2026_S2_0405_SHIFT1_PHY_Q031\question_diagram.png,JEE_Main_PYQ_Archive\2026\Session-2\Question-Papers\JEE_Main_2026_Session-2_2026-04-05_Shift-1_Question-Paper.pdf,11,[JEE MAIN] [2026] [Session 2 • 05 Apr • Shift 1]
JM_2026_S2_0405_SHIFT1_PHY_Q032,JEE_MAIN,2026,Session 2,2026-04-05,Shift 1,Paper 1 (B.E./B.Tech),Physics,Modern Physics,Photoelectric Effect,SINGLE_CORRECT_MCQ,32,D,,OFFICIAL_VERIFIED,HIGH,4.0,-1.0,JEE_MAIN\images\JM_2026_S2_0405_SHIFT1_PHY_Q032\question_diagram.png,JEE_Main_PYQ_Archive\2026\Session-2\Question-Papers\JEE_Main_2026_Session-2_2026-04-05_Shift-1_Question-Paper.pdf,11,[JEE MAIN] [2026] [Session 2 • 05 Apr • Shift 1]
JM_2026_S2_0405_SHIFT1_PHY_Q033,JEE_MAIN,2026,Session 2,2026-04-05,Shift 1,Paper 1 (B.E./B.Tech),Physics,Modern Physics,Photoelectric Effect,SINGLE_CORRECT_MCQ,33,A,,OFFICIAL_VERIFIED,HIGH,4.0,-1.0,JEE_MAIN\images\JM_2026_S2_0405_SHIFT1_PHY_Q033\question_diagram.png,JEE_Main_PYQ_Archive\2026\Session-2\Question-Papers\JEE_Main_2026_Session-2_2026-04-05_Shift-1_Question-Paper.pdf,12,[JEE MAIN] [2026] [Session 2 • 05 Apr • Shift 1]
JM_2026_S2_0405_SHIFT1_PHY_Q034,JEE_MAIN,2026,Session 2,2026-04-05,Shift 1,Paper 1 (B.E./B.Tech),Physics,Modern Physics,Photoelectric Effect,SINGLE_CORRECT_MCQ,34,C,,OFFICIAL_VERIFIED,HIGH,4.0,-1.0,JEE_MAIN\images\JM_2026_S2_0405_SHIFT1_PHY_Q034\question_diagram.png,JEE_Main_PYQ_Archive\2026\Session-2\Question-Papers\JEE_Main_2026_Session-2_2026-04-05_Shift-1_Question-Paper.pdf,12,[JEE MAIN] [2026] [Session 2 • 05 Apr • Shift 1]
JM_2026_S2_0405_SHIFT1_PHY_Q035,JEE_MAIN,2026,Session 2,2026-04-05,Shift 1,Paper 1 (B.E./B.Tech),Physics,Modern Physics,Photoelectric Effect,SINGLE_CORRECT_MCQ,35,A,,OFFICIAL_VERIFIED,HIGH,4.0,-1.0,JEE_MAIN\images\JM_2026_S2_0405_SHIFT1_PHY_Q035\question_diagram.png,JEE_Main_PYQ_Archive\2026\Session-2\Question-Papers\JEE_Main_2026_Session-2_2026-04-05_Shift-1_Question-Paper.pdf,13,[JEE MAIN] [2026] [Session 2 • 05 Apr • Shift 1]
JM_2026_S2_0405_SHIFT1_PHY_Q036,JEE_MAIN,2026,Session 2,2026-04-05,Shift 1,Paper 1 (B.E./B.Tech),Physics,Modern Physics,Photoelectric Effect,SINGLE_CORRECT_MCQ,36,A,,OFFICIAL_VERIFIED,HIGH,4.0,-1.0,JEE_MAIN\images\JM_2026_S2_0405_SHIFT1_PHY_Q036\question_diagram.png,JEE_Main_PYQ_Archive\2026\Session-2\Question-Papers\JEE_Main_2026_Session-2_2026-04-05_Shift-1_Question-Paper.pdf,13,[JEE MAIN] [2026] [Session 2 • 05 Apr • Shift 1]
JM_2026_S2_0405_SHIFT1_PHY_Q037,JEE_MAIN,2026,Session 2,2026-04-05,Shift 1,Paper 1 (B.E./B.Tech),Physics,Modern Physics,Photoelectric Effect,SINGLE_CORRECT_MCQ,37,D,,OFFICIAL_VERIFIED,HIGH,4.0,-1.0,JEE_MAIN\images\JM_2026_S2_0405_SHIFT1_PHY_Q037\question_diagram.png,JEE_Main_PYQ_Archive\2026\Session-2\Question-Papers\JEE_Main_2026_Session-2_2026-04-05_Shift-1_Question-Paper.pdf,14,[JEE MAIN] [2026] [Session 2 • 05 Apr • Shift 1]
JM_2026_S2_0405_SHIFT1_PHY_Q038,JEE_MAIN,2026,Session 2,2026-04-05,Shift 1,Paper 1 (B.E./B.Tech),Physics,Modern Physics,Photoelectric Effect,SINGLE_CORRECT_MCQ,38,D,,OFFICIAL_VERIFIED,HIGH,4.0,-1.0,JEE_MAIN\images\JM_2026_S2_0405_SHIFT1_PHY_Q038\question_diagram.png,JEE_Main_PYQ_Archive\2026\Session-2\Question-Papers\JEE_Main_2026_Session-2_2026-04-05_Shift-1_Question-Paper.pdf,14,[JEE MAIN] [2026] [Session 2 • 05 Apr • Shift 1]
JM_2026_S2_0405_SHIFT1_PHY_Q039,JEE_MAIN,2026,Session 2,2026-04-05,Shift 1,Paper 1 (B.E./B.Tech),Physics,Modern Physics,Photoelectric Effect,SINGLE_CORRECT_MCQ,39,D,,OFFICIAL_VERIFIED,HIGH,4.0,-1.0,JEE_MAIN\images\JM_2026_S2_0405_SHIFT1_PHY_Q039\question_diagram.png,JEE_Main_PYQ_Archive\2026\Session-2\Question-Papers\JEE_Main_2026_Session-2_2026-04-05_Shift-1_Question-Paper.pdf,15,[JEE MAIN] [2026] [Session 2 • 05 Apr • Shift 1]
JM_2026_S2_0405_SHIFT1_PHY_Q040,JEE_MAIN,2026,Session 2,2026-04-05,Shift 1,Paper 1 (B.E./B.Tech),Physics,Modern Physics,Photoelectric Effect,SINGLE_CORRECT_MCQ,40,D,,OFFICIAL_VERIFIED,HIGH,4.0,-1.0,JEE_MAIN\images\JM_2026_S2_0405_SHIFT1_PHY_Q040\question_diagram.png,JEE_Main_PYQ_Archive\2026\Session-2\Question-Papers\JEE_Main_2026_Session-2_2026-04-05_Shift-1_Question-Paper.pdf,15,[JEE MAIN] [2026] [Session 2 • 05 Apr • Shift 1]
JM_2026_S2_0405_SHIFT1_PHY_Q041,JEE_MAIN,2026,Session 2,2026-04-05,Shift 1,Paper 1 (B.E./B.Tech),Physics,Modern Physics,Photoelectric Effect,SINGLE_CORRECT_MCQ,41,A,,OFFICIAL_VERIFIED,HIGH,4.0,-1.0,JEE_MAIN\images\JM_2026_S2_0405_SHIFT1_PHY_Q041\question_diagram.png,JEE_Main_PYQ_Archive\2026\Session-2\Question-Papers\JEE_Main_2026_Session-2_2026-04-05_Shift-1_Question-Paper.pdf,15,[JEE MAIN] [2026] [Session 2 • 05 Apr • Shift 1]
JM_2026_S2_0405_SHIFT1_PHY_Q042,JEE_MAIN,2026,Session 2,2026-04-05,Shift 1,Paper 1 (B.E./B.Tech),Physics,Modern Physics,Photoelectric Effect,SINGLE_CORRECT_MCQ,42,C,,OFFICIAL_VERIFIED,HIGH,4.0,-1.0,JEE_MAIN\images\JM_2026_S2_0405_SHIFT1_PHY_Q042\question_diagram.png,JEE_Main_PYQ_Archive\2026\Session-2\Question-Papers\JEE_Main_2026_Session-2_2026-04-05_Shift-1_Question-Paper.pdf,15,[JEE MAIN] [2026] [Session 2 • 05 Apr • Shift 1]
JM_2026_S2_0405_SHIFT1_PHY_Q043,JEE_MAIN,2026,Session 2,2026-04-05,Shift 1,Paper 1 (B.E./B.Tech),Physics,Modern Physics,Photoelectric Effect,SINGLE_CORRECT_MCQ,43,D,,OFFICIAL_VERIFIED,HIGH,4.0,-1.0,JEE_MAIN\images\JM_2026_S2_0405_SHIFT1_PHY_Q043\question_diagram.png,JEE_Main_PYQ_Archive\2026\Session-2\Question-Papers\JEE_Main_2026_Session-2_2026-04-05_Shift-1_Question-Paper.pdf,16,[JEE MAIN] [2026] [Session 2 • 05 Apr • Shift 1]
JM_2026_S2_0405_SHIFT1_PHY_Q044,JEE_MAIN,2026,Session 2,2026-04-05,Shift 1,Paper 1 (B.E./B.Tech),Physics,Modern Physics,Photoelectric Effect,SINGLE_CORRECT_MCQ,44,A,,OFFICIAL_VERIFIED,HIGH,4.0,-1.0,JEE_MAIN\images\JM_2026_S2_0405_SHIFT1_PHY_Q044\question_diagram.png,JEE_Main_PYQ_Archive\2026\Session-2\Question-Papers\JEE_Main_2026_Session-2_2026-04-05_Shift-1_Question-Paper.pdf,16,[JEE MAIN] [2026] [Session 2 • 05 Apr • Shift 1]
JM_2026_S2_0405_SHIFT1_PHY_Q045,JEE_MAIN,2026,Session 2,2026-04-05,Shift 1,Paper 1 (B.E./B.Tech),Physics,Modern Physics,Photoelectric Effect,SINGLE_CORRECT_MCQ,45,A,,OFFICIAL_VERIFIED,HIGH,4.0,-1.0,JEE_MAIN\images\JM_2026_S2_0405_SHIFT1_PHY_Q045\question_diagram.png,JEE_Main_PYQ_Archive\2026\Session-2\Question-Papers\JEE_Main_2026_Session-2_2026-04-05_Shift-1_Question-Paper.pdf,17,[JEE MAIN] [2026] [Session 2 • 05 Apr • Shift 1]
JM_2026_S2_0405_SHIFT1_PHY_Q046,JEE_MAIN,2026,Session 2,2026-04-05,Shift 1,Paper 1 (B.E./B.Tech),Physics,Modern Physics,Photoelectric Effect,NUMERICAL,46,2,2.0,OFFICIAL_VERIFIED,HIGH,4.0,-1.0,JEE_MAIN\images\JM_2026_S2_0405_SHIFT1_PHY_Q046\question_diagram.png,JEE_Main_PYQ_Archive\2026\Session-2\Question-Papers\JEE_Main_2026_Session-2_2026-04-05_Shift-1_Question-Paper.pdf,17,[JEE MAIN] [2026] [Session 2 • 05 Apr • Shift 1]
JM_2026_S2_0405_SHIFT1_PHY_Q047,JEE_MAIN,2026,Session 2,2026-04-05,Shift 1,Paper 1 (B.E./B.Tech),Physics,Modern Physics,Photoelectric Effect,NUMERICAL,47,13,13.0,OFFICIAL_VERIFIED,HIGH,4.0,-1.0,JEE_MAIN\images\JM_2026_S2_0405_SHIFT1_PHY_Q047\question_diagram.png,JEE_Main_PYQ_Archive\2026\Session-2\Question-Papers\JEE_Main_2026_Session-2_2026-04-05_Shift-1_Question-Paper.pdf,18,[JEE MAIN] [2026] [Session 2 • 05 Apr • Shift 1]
JM_2026_S2_0405_SHIFT1_PHY_Q048,JEE_MAIN,2026,Session 2,2026-04-05,Shift 1,Paper 1 (B.E./B.Tech),Physics,Modern Physics,Photoelectric Effect,NUMERICAL,48,349,349.0,OFFICIAL_VERIFIED,HIGH,4.0,-1.0,JEE_MAIN\images\JM_2026_S2_0405_SHIFT1_PHY_Q048\question_diagram.png,JEE_Main_PYQ_Archive\2026\Session-2\Question-Papers\JEE_Main_2026_Session-2_2026-04-05_Shift-1_Question-Paper.pdf,18,[JEE MAIN] [2026] [Session 2 • 05 Apr • Shift 1]
JM_2026_S2_0405_SHIFT1_PHY_Q049,JEE_MAIN,2026,Session 2,2026-04-05,Shift 1,Paper 1 (B.E./B.Tech),Physics,Modern Physics,Photoelectric Effect,NUMERICAL,49,12,12.0,OFFICIAL_VERIFIED,HIGH,4.0,-1.0,JEE_MAIN\images\JM_2026_S2_0405_SHIFT1_PHY_Q049\question_diagram.png,JEE_Main_PYQ_Archive\2026\Session-2\Question-Papers\JEE_Main_2026_Session-2_2026-04-05_Shift-1_Question-Paper.pdf,18,[JEE MAIN] [2026] [Session 2 • 05 Apr • Shift 1]
JM_2026_S2_0405_SHIFT1_PHY_Q050,JEE_MAIN,2026,Session 2,2026-04-05,Shift 1,Paper 1 (B.E./B.Tech),Physics,Modern Physics,Photoelectric Effect,NUMERICAL,50,6,6.0,OFFICIAL_VERIFIED,HIGH,4.0,-1.0,JEE_MAIN\images\JM_2026_S2_0405_SHIFT1_PHY_Q050\question_diagram.png,JEE_Main_PYQ_Archive\2026\Session-2\Question-Papers\JEE_Main_2026_Session-2_2026-04-05_Shift-1_Question-Paper.pdf,18,[JEE MAIN] [2026] [Session 2 • 05 Apr • Shift 1]
JM_2026_S2_0405_SHIFT1_CHE_Q051,JEE_MAIN,2026,Session 2,2026-04-05,Shift 1,Paper 1 (B.E./B.Tech),Chemistry,Coordination Compounds,Crystal Field Theory,SINGLE_CORRECT_MCQ,51,A,,OFFICIAL_VERIFIED,HIGH,4.0,-1.0,JEE_MAIN\images\JM_2026_S2_0405_SHIFT1_CHE_Q051\question_diagram.png,JEE_Main_PYQ_Archive\2026\Session-2\Question-Papers\JEE_Main_2026_Session-2_2026-04-05_Shift-1_Question-Paper.pdf,19,[JEE MAIN] [2026] [Session 2 • 05 Apr • Shift 1]
JM_2026_S2_0405_SHIFT1_CHE_Q052,JEE_MAIN,2026,Session 2,2026-04-05,Shift 1,Paper 1 (B.E./B.Tech),Chemistry,Coordination Compounds,Crystal Field Theory,SINGLE_CORRECT_MCQ,52,C,,OFFICIAL_VERIFIED,HIGH,4.0,-1.0,JEE_MAIN\images\JM_2026_S2_0405_SHIFT1_CHE_Q052\question_diagram.png,JEE_Main_PYQ_Archive\2026\Session-2\Question-Papers\JEE_Main_2026_Session-2_2026-04-05_Shift-1_Question-Paper.pdf,19,[JEE MAIN] [2026] [Session 2 • 05 Apr • Shift 1]
JM_2026_S2_0405_SHIFT1_CHE_Q053,JEE_MAIN,2026,Session 2,2026-04-05,Shift 1,Paper 1 (B.E./B.Tech),Chemistry,Coordination Compounds,Crystal Field Theory,SINGLE_CORRECT_MCQ,53,A,,OFFICIAL_VERIFIED,HIGH,4.0,-1.0,JEE_MAIN\images\JM_2026_S2_0405_SHIFT1_CHE_Q053\question_diagram.png,JEE_Main_PYQ_Archive\2026\Session-2\Question-Papers\JEE_Main_2026_Session-2_2026-04-05_Shift-1_Question-Paper.pdf,20,[JEE MAIN] [2026] [Session 2 • 05 Apr • Shift 1]
JM_2026_S2_0405_SHIFT1_CHE_Q054,JEE_MAIN,2026,Session 2,2026-04-05,Shift 1,Paper 1 (B.E./B.Tech),Chemistry,Coordination Compounds,Crystal Field Theory,SINGLE_CORRECT_MCQ,54,C,,OFFICIAL_VERIFIED,HIGH,4.0,-1.0,JEE_MAIN\images\JM_2026_S2_0405_SHIFT1_CHE_Q054\question_diagram.png,JEE_Main_PYQ_Archive\2026\Session-2\Question-Papers\JEE_Main_2026_Session-2_2026-04-05_Shift-1_Question-Paper.pdf,20,[JEE MAIN] [2026] [Session 2 • 05 Apr • Shift 1]
JM_2026_S2_0405_SHIFT1_CHE_Q055,JEE_MAIN,2026,Session 2,2026-04-05,Shift 1,Paper 1 (B.E./B.Tech),Chemistry,Coordination Compounds,Crystal Field Theory,SINGLE_CORRECT_MCQ,55,D,,OFFICIAL_VERIFIED,HIGH,4.0,-1.0,JEE_MAIN\images\JM_2026_S2_0405_SHIFT1_CHE_Q055\question_diagram.png,JEE_Main_PYQ_Archive\2026\Session-2\Question-Papers\JEE_Main_2026_Session-2_2026-04-05_Shift-1_Question-Paper.pdf,20,[JEE MAIN] [2026] [Session 2 • 05 Apr • Shift 1]
JM_2026_S2_0405_SHIFT1_CHE_Q056,JEE_MAIN,2026,Session 2,2026-04-05,Shift 1,Paper 1 (B.E./B.Tech),Chemistry,Coordination Compounds,Crystal Field Theory,SINGLE_CORRECT_MCQ,56,B,,OFFICIAL_VERIFIED,HIGH,4.0,-1.0,JEE_MAIN\images\JM_2026_S2_0405_SHIFT1_CHE_Q056\question_diagram.png,JEE_Main_PYQ_Archive\2026\Session-2\Question-Papers\JEE_Main_2026_Session-2_2026-04-05_Shift-1_Question-Paper.pdf,21,[JEE MAIN] [2026] [Session 2 • 05 Apr • Shift 1]
JM_2026_S2_0405_SHIFT1_CHE_Q057,JEE_MAIN,2026,Session 2,2026-04-05,Shift 1,Paper 1 (B.E./B.Tech),Chemistry,Coordination Compounds,Crystal Field Theory,SINGLE_CORRECT_MCQ,57,D,,OFFICIAL_VERIFIED,HIGH,4.0,-1.0,JEE_MAIN\images\JM_2026_S2_0405_SHIFT1_CHE_Q057\question_diagram.png,JEE_Main_PYQ_Archive\2026\Session-2\Question-Papers\JEE_Main_2026_Session-2_2026-04-05_Shift-1_Question-Paper.pdf,21,[JEE MAIN] [2026] [Session 2 • 05 Apr • Shift 1]
JM_2026_S2_0405_SHIFT1_CHE_Q058,JEE_MAIN,2026,Session 2,2026-04-05,Shift 1,Paper 1 (B.E./B.Tech),Chemistry,Coordination Compounds,Crystal Field Theory,SINGLE_CORRECT_MCQ,58,D,,OFFICIAL_VERIFIED,HIGH,4.0,-1.0,JEE_MAIN\images\JM_2026_S2_0405_SHIFT1_CHE_Q058\question_diagram.png,JEE_Main_PYQ_Archive\2026\Session-2\Question-Papers\JEE_Main_2026_Session-2_2026-04-05_Shift-1_Question-Paper.pdf,21,[JEE MAIN] [2026] [Session 2 • 05 Apr • Shift 1]
JM_2026_S2_0405_SHIFT1_CHE_Q059,JEE_MAIN,2026,Session 2,2026-04-05,Shift 1,Paper 1 (B.E./B.Tech),Chemistry,Coordination Compounds,Crystal Field Theory,SINGLE_CORRECT_MCQ,59,C,,OFFICIAL_VERIFIED,HIGH,4.0,-1.0,JEE_MAIN\images\JM_2026_S2_0405_SHIFT1_CHE_Q059\question_diagram.png,JEE_Main_PYQ_Archive\2026\Session-2\Question-Papers\JEE_Main_2026_Session-2_2026-04-05_Shift-1_Question-Paper.pdf,22,[JEE MAIN] [2026] [Session 2 • 05 Apr • Shift 1]
JM_2026_S2_0405_SHIFT1_CHE_Q060,JEE_MAIN,2026,Session 2,2026-04-05,Shift 1,Paper 1 (B.E./B.Tech),Chemistry,Coordination Compounds,Crystal Field Theory,SINGLE_CORRECT_MCQ,60,A,,OFFICIAL_VERIFIED,HIGH,4.0,-1.0,JEE_MAIN\images\JM_2026_S2_0405_SHIFT1_CHE_Q060\question_diagram.png,JEE_Main_PYQ_Archive\2026\Session-2\Question-Papers\JEE_Main_2026_Session-2_2026-04-05_Shift-1_Question-Paper.pdf,22,[JEE MAIN] [2026] [Session 2 • 05 Apr • Shift 1]
JM_2026_S2_0405_SHIFT1_CHE_Q061,JEE_MAIN,2026,Session 2,2026-04-05,Shift 1,Paper 1 (B.E./B.Tech),Chemistry,Coordination Compounds,Crystal Field Theory,SINGLE_CORRECT_MCQ,61,A,,OFFICIAL_VERIFIED,HIGH,4.0,-1.0,JEE_MAIN\images\JM_2026_S2_0405_SHIFT1_CHE_Q061\question_diagram.png,JEE_Main_PYQ_Archive\2026\Session-2\Question-Papers\JEE_Main_2026_Session-2_2026-04-05_Shift-1_Question-Paper.pdf,23,[JEE MAIN] [2026] [Session 2 • 05 Apr • Shift 1]
JM_2026_S2_0405_SHIFT1_CHE_Q062,JEE_MAIN,2026,Session 2,2026-04-05,Shift 1,Paper 1 (B.E./B.Tech),Chemistry,Coordination Compounds,Crystal Field Theory,SINGLE_CORRECT_MCQ,62,D,,OFFICIAL_VERIFIED,HIGH,4.0,-1.0,JEE_MAIN\images\JM_2026_S2_0405_SHIFT1_CHE_Q062\question_diagram.png,JEE_Main_PYQ_Archive\2026\Session-2\Question-Papers\JEE_Main_2026_Session-2_2026-04-05_Shift-1_Question-Paper.pdf,23,[JEE MAIN] [2026] [Session 2 • 05 Apr • Shift 1]
JM_2026_S2_0405_SHIFT1_CHE_Q063,JEE_MAIN,2026,Session 2,2026-04-05,Shift 1,Paper 1 (B.E./B.Tech),Chemistry,Coordination Compounds,Crystal Field Theory,SINGLE_CORRECT_MCQ,63,B,,OFFICIAL_VERIFIED,HIGH,4.0,-1.0,JEE_MAIN\images\JM_2026_S2_0405_SHIFT1_CHE_Q063\question_diagram.png,JEE_Main_PYQ_Archive\2026\Session-2\Question-Papers\JEE_Main_2026_Session-2_2026-04-05_Shift-1_Question-Paper.pdf,23,[JEE MAIN] [2026] [Session 2 • 05 Apr • Shift 1]
JM_2026_S2_0405_SHIFT1_CHE_Q064,JEE_MAIN,2026,Session 2,2026-04-05,Shift 1,Paper 1 (B.E./B.Tech),Chemistry,Coordination Compounds,Crystal Field Theory,SINGLE_CORRECT_MCQ,64,C,,OFFICIAL_VERIFIED,HIGH,4.0,-1.0,JEE_MAIN\images\JM_2026_S2_0405_SHIFT1_CHE_Q064\question_diagram.png,JEE_Main_PYQ_Archive\2026\Session-2\Question-Papers\JEE_Main_2026_Session-2_2026-04-05_Shift-1_Question-Paper.pdf,24,[JEE MAIN] [2026] [Session 2 • 05 Apr • Shift 1]
JM_2026_S2_0405_SHIFT1_CHE_Q065,JEE_MAIN,2026,Session 2,2026-04-05,Shift 1,Paper 1 (B.E./B.Tech),Chemistry,Coordination Compounds,Crystal Field Theory,SINGLE_CORRECT_MCQ,65,A,,OFFICIAL_VERIFIED,HIGH,4.0,-1.0,JEE_MAIN\images\JM_2026_S2_0405_SHIFT1_CHE_Q065\question_diagram.png,JEE_Main_PYQ_Archive\2026\Session-2\Question-Papers\JEE_Main_2026_Session-2_2026-04-05_Shift-1_Question-Paper.pdf,25,[JEE MAIN] [2026] [Session 2 • 05 Apr • Shift 1]
JM_2026_S2_0405_SHIFT1_CHE_Q066,JEE_MAIN,2026,Session 2,2026-04-05,Shift 1,Paper 1 (B.E./B.Tech),Chemistry,Coordination Compounds,Crystal Field Theory,SINGLE_CORRECT_MCQ,66,D,,OFFICIAL_VERIFIED,HIGH,4.0,-1.0,JEE_MAIN\images\JM_2026_S2_0405_SHIFT1_CHE_Q066\question_diagram.png,JEE_Main_PYQ_Archive\2026\Session-2\Question-Papers\JEE_Main_2026_Session-2_2026-04-05_Shift-1_Question-Paper.pdf,25,[JEE MAIN] [2026] [Session 2 • 05 Apr • Shift 1]
JM_2026_S2_0405_SHIFT1_CHE_Q067,JEE_MAIN,2026,Session 2,2026-04-05,Shift 1,Paper 1 (B.E./B.Tech),Chemistry,Coordination Compounds,Crystal Field Theory,SINGLE_CORRECT_MCQ,67,C,,OFFICIAL_VERIFIED,HIGH,4.0,-1.0,JEE_MAIN\images\JM_2026_S2_0405_SHIFT1_CHE_Q067\question_diagram.png,JEE_Main_PYQ_Archive\2026\Session-2\Question-Papers\JEE_Main_2026_Session-2_2026-04-05_Shift-1_Question-Paper.pdf,26,[JEE MAIN] [2026] [Session 2 • 05 Apr • Shift 1]
JM_2026_S2_0405_SHIFT1_CHE_Q068,JEE_MAIN,2026,Session 2,2026-04-05,Shift 1,Paper 1 (B.E./B.Tech),Chemistry,Coordination Compounds,Crystal Field Theory,SINGLE_CORRECT_MCQ,68,B,,OFFICIAL_VERIFIED,HIGH,4.0,-1.0,JEE_MAIN\images\JM_2026_S2_0405_SHIFT1_CHE_Q068\question_diagram.png,JEE_Main_PYQ_Archive\2026\Session-2\Question-Papers\JEE_Main_2026_Session-2_2026-04-05_Shift-1_Question-Paper.pdf,27,[JEE MAIN] [2026] [Session 2 • 05 Apr • Shift 1]
JM_2026_S2_0405_SHIFT1_CHE_Q069,JEE_MAIN,2026,Session 2,2026-04-05,Shift 1,Paper 1 (B.E./B.Tech),Chemistry,Coordination Compounds,Crystal Field Theory,SINGLE_CORRECT_MCQ,69,C,,OFFICIAL_VERIFIED,HIGH,4.0,-1.0,JEE_MAIN\images\JM_2026_S2_0405_SHIFT1_CHE_Q069\question_diagram.png,JEE_Main_PYQ_Archive\2026\Session-2\Question-Papers\JEE_Main_2026_Session-2_2026-04-05_Shift-1_Question-Paper.pdf,27,[JEE MAIN] [2026] [Session 2 • 05 Apr • Shift 1]
JM_2026_S2_0405_SHIFT1_CHE_Q070,JEE_MAIN,2026,Session 2,2026-04-05,Shift 1,Paper 1 (B.E./B.Tech),Chemistry,Coordination Compounds,Crystal Field Theory,SINGLE_CORRECT_MCQ,70,A,,OFFICIAL_VERIFIED,HIGH,4.0,-1.0,JEE_MAIN\images\JM_2026_S2_0405_SHIFT1_CHE_Q070\question_diagram.png,JEE_Main_PYQ_Archive\2026\Session-2\Question-Papers\JEE_Main_2026_Session-2_2026-04-05_Shift-1_Question-Paper.pdf,28,[JEE MAIN] [2026] [Session 2 • 05 Apr • Shift 1]
JM_2026_S2_0405_SHIFT1_CHE_Q071,JEE_MAIN,2026,Session 2,2026-04-05,Shift 1,Paper 1 (B.E./B.Tech),Chemistry,Coordination Compounds,Crystal Field Theory,NUMERICAL,71,4,4.0,OFFICIAL_VERIFIED,HIGH,4.0,-1.0,JEE_MAIN\images\JM_2026_S2_0405_SHIFT1_CHE_Q071\question_diagram.png,JEE_Main_PYQ_Archive\2026\Session-2\Question-Papers\JEE_Main_2026_Session-2_2026-04-05_Shift-1_Question-Paper.pdf,28,[JEE MAIN] [2026] [Session 2 • 05 Apr • Shift 1]
JM_2026_S2_0405_SHIFT1_CHE_Q072,JEE_MAIN,2026,Session 2,2026-04-05,Shift 1,Paper 1 (B.E./B.Tech),Chemistry,Coordination Compounds,Crystal Field Theory,NUMERICAL,72,41   or 42,41   or 42,OFFICIAL_VERIFIED,HIGH,4.0,-1.0,JEE_MAIN\images\JM_2026_S2_0405_SHIFT1_CHE_Q072\question_diagram.png,JEE_Main_PYQ_Archive\2026\Session-2\Question-Papers\JEE_Main_2026_Session-2_2026-04-05_Shift-1_Question-Paper.pdf,29,[JEE MAIN] [2026] [Session 2 • 05 Apr • Shift 1]
JM_2026_S2_0405_SHIFT1_CHE_Q073,JEE_MAIN,2026,Session 2,2026-04-05,Shift 1,Paper 1 (B.E./B.Tech),Chemistry,Coordination Compounds,Crystal Field Theory,NUMERICAL,73,175,175.0,OFFICIAL_VERIFIED,HIGH,4.0,-1.0,JEE_MAIN\images\JM_2026_S2_0405_SHIFT1_CHE_Q073\question_diagram.png,JEE_Main_PYQ_Archive\2026\Session-2\Question-Papers\JEE_Main_2026_Session-2_2026-04-05_Shift-1_Question-Paper.pdf,29,[JEE MAIN] [2026] [Session 2 • 05 Apr • Shift 1]
JM_2026_S2_0405_SHIFT1_CHE_Q074,JEE_MAIN,2026,Session 2,2026-04-05,Shift 1,Paper 1 (B.E./B.Tech),Chemistry,Coordination Compounds,Crystal Field Theory,NUMERICAL,74,230,230.0,OFFICIAL_VERIFIED,HIGH,4.0,-1.0,JEE_MAIN\images\JM_2026_S2_0405_SHIFT1_CHE_Q074\question_diagram.png,JEE_Main_PYQ_Archive\2026\Session-2\Question-Papers\JEE_Main_2026_Session-2_2026-04-05_Shift-1_Question-Paper.pdf,29,[JEE MAIN] [2026] [Session 2 • 05 Apr • Shift 1]
JM_2026_S2_0405_SHIFT1_CHE_Q075,JEE_MAIN,2026,Session 2,2026-04-05,Shift 1,Paper 1 (B.E./B.Tech),Chemistry,Coordination Compounds,Crystal Field Theory,NUMERICAL,75,46,46.0,OFFICIAL_VERIFIED,HIGH,4.0,-1.0,JEE_MAIN\images\JM_2026_S2_0405_SHIFT1_CHE_Q075\question_diagram.png,JEE_Main_PYQ_Archive\2026\Session-2\Question-Papers\JEE_Main_2026_Session-2_2026-04-05_Shift-1_Question-Paper.pdf,30,[JEE MAIN] [2026] [Session 2 • 05 Apr • Shift 1]
JM_2026_S2_0405_SHIFT2_MAT_Q001,JEE_MAIN,2026,Session 2,2026-04-05,Shift 2,Paper 1 (B.E./B.Tech),Mathematics,Matrices and Determinants,Matrix Transformations,SINGLE_CORRECT_MCQ,1,B,,OFFICIAL_VERIFIED,HIGH,4.0,-1.0,JEE_MAIN\images\JM_2026_S2_0405_SHIFT2_MAT_Q001\question_diagram.png,JEE_Main_PYQ_Archive\2026\Session-2\Question-Papers\JEE_Main_2026_Session-2_2026-04-05_Shift-2_Question-Paper.pdf,1,[JEE MAIN] [2026] [Session 2 • 05 Apr • Shift 2]
JM_2026_S2_0405_SHIFT2_MAT_Q002,JEE_MAIN,2026,Session 2,2026-04-05,Shift 2,Paper 1 (B.E./B.Tech),Mathematics,Matrices and Determinants,Matrix Transformations,SINGLE_CORRECT_MCQ,2,C,,OFFICIAL_VERIFIED,HIGH,4.0,-1.0,JEE_MAIN\images\JM_2026_S2_0405_SHIFT2_MAT_Q002\question_diagram.png,JEE_Main_PYQ_Archive\2026\Session-2\Question-Papers\JEE_Main_2026_Session-2_2026-04-05_Shift-2_Question-Paper.pdf,1,[JEE MAIN] [2026] [Session 2 • 05 Apr • Shift 2]
JM_2026_S2_0405_SHIFT2_MAT_Q003,JEE_MAIN,2026,Session 2,2026-04-05,Shift 2,Paper 1 (B.E./B.Tech),Mathematics,Matrices and Determinants,Matrix Transformations,SINGLE_CORRECT_MCQ,3,D,,OFFICIAL_VERIFIED,HIGH,4.0,-1.0,JEE_MAIN\images\JM_2026_S2_0405_SHIFT2_MAT_Q003\question_diagram.png,JEE_Main_PYQ_Archive\2026\Session-2\Question-Papers\JEE_Main_2026_Session-2_2026-04-05_Shift-2_Question-Paper.pdf,2,[JEE MAIN] [2026] [Session 2 • 05 Apr • Shift 2]
JM_2026_S2_0405_SHIFT2_MAT_Q004,JEE_MAIN,2026,Session 2,2026-04-05,Shift 2,Paper 1 (B.E./B.Tech),Mathematics,Matrices and Determinants,Matrix Transformations,SINGLE_CORRECT_MCQ,4,A,,OFFICIAL_VERIFIED,HIGH,4.0,-1.0,JEE_MAIN\images\JM_2026_S2_0405_SHIFT2_MAT_Q004\question_diagram.png,JEE_Main_PYQ_Archive\2026\Session-2\Question-Papers\JEE_Main_2026_Session-2_2026-04-05_Shift-2_Question-Paper.pdf,2,[JEE MAIN] [2026] [Session 2 • 05 Apr • Shift 2]
JM_2026_S2_0405_SHIFT2_MAT_Q005,JEE_MAIN,2026,Session 2,2026-04-05,Shift 2,Paper 1 (B.E./B.Tech),Mathematics,Matrices and Determinants,Matrix Transformations,SINGLE_CORRECT_MCQ,5,B,,OFFICIAL_VERIFIED,HIGH,4.0,-1.0,JEE_MAIN\images\JM_2026_S2_0405_SHIFT2_MAT_Q005\question_diagram.png,JEE_Main_PYQ_Archive\2026\Session-2\Question-Papers\JEE_Main_2026_Session-2_2026-04-05_Shift-2_Question-Paper.pdf,3,[JEE MAIN] [2026] [Session 2 • 05 Apr • Shift 2]
JM_2026_S2_0405_SHIFT2_MAT_Q006,JEE_MAIN,2026,Session 2,2026-04-05,Shift 2,Paper 1 (B.E./B.Tech),Mathematics,Coordinate Geometry (2D),Circle Equations and Tangents,SINGLE_CORRECT_MCQ,6,C,,OFFICIAL_VERIFIED,HIGH,4.0,-1.0,JEE_MAIN\images\JM_2026_S2_0405_SHIFT2_MAT_Q006\question_diagram.png,JEE_Main_PYQ_Archive\2026\Session-2\Question-Papers\JEE_Main_2026_Session-2_2026-04-05_Shift-2_Question-Paper.pdf,3,[JEE MAIN] [2026] [Session 2 • 05 Apr • Shift 2]
JM_2026_S2_0405_SHIFT2_MAT_Q007,JEE_MAIN,2026,Session 2,2026-04-05,Shift 2,Paper 1 (B.E./B.Tech),Mathematics,Coordinate Geometry (2D),Circle Equations and Tangents,SINGLE_CORRECT_MCQ,7,A,,OFFICIAL_VERIFIED,HIGH,4.0,-1.0,JEE_MAIN\images\JM_2026_S2_0405_SHIFT2_MAT_Q007\question_diagram.png,JEE_Main_PYQ_Archive\2026\Session-2\Question-Papers\JEE_Main_2026_Session-2_2026-04-05_Shift-2_Question-Paper.pdf,3,[JEE MAIN] [2026] [Session 2 • 05 Apr • Shift 2]
JM_2026_S2_0405_SHIFT2_MAT_Q008,JEE_MAIN,2026,Session 2,2026-04-05,Shift 2,Paper 1 (B.E./B.Tech),Mathematics,Coordinate Geometry (2D),Circle Equations and Tangents,SINGLE_CORRECT_MCQ,8,A,,OFFICIAL_VERIFIED,HIGH,4.0,-1.0,JEE_MAIN\images\JM_2026_S2_0405_SHIFT2_MAT_Q008\question_diagram.png,JEE_Main_PYQ_Archive\2026\Session-2\Question-Papers\JEE_Main_2026_Session-2_2026-04-05_Shift-2_Question-Paper.pdf,4,[JEE MAIN] [2026] [Session 2 • 05 Apr • Shift 2]
JM_2026_S2_0405_SHIFT2_MAT_Q009,JEE_MAIN,2026,Session 2,2026-04-05,Shift 2,Paper 1 (B.E./B.Tech),Mathematics,Coordinate Geometry (2D),Circle Equations and Tangents,SINGLE_CORRECT_MCQ,9,D,,OFFICIAL_VERIFIED,HIGH,4.0,-1.0,JEE_MAIN\images\JM_2026_S2_0405_SHIFT2_MAT_Q009\question_diagram.png,JEE_Main_PYQ_Archive\2026\Session-2\Question-Papers\JEE_Main_2026_Session-2_2026-04-05_Shift-2_Question-Paper.pdf,4,[JEE MAIN] [2026] [Session 2 • 05 Apr • Shift 2]
JM_2026_S2_0405_SHIFT2_MAT_Q010,JEE_MAIN,2026,Session 2,2026-04-05,Shift 2,Paper 1 (B.E./B.Tech),Mathematics,Coordinate Geometry (2D),Circle Equations and Tangents,SINGLE_CORRECT_MCQ,10,D,,OFFICIAL_VERIFIED,HIGH,4.0,-1.0,JEE_MAIN\images\JM_2026_S2_0405_SHIFT2_MAT_Q010\question_diagram.png,JEE_Main_PYQ_Archive\2026\Session-2\Question-Papers\JEE_Main_2026_Session-2_2026-04-05_Shift-2_Question-Paper.pdf,4,[JEE MAIN] [2026] [Session 2 • 05 Apr • Shift 2]
JM_2026_S2_0405_SHIFT2_MAT_Q011,JEE_MAIN,2026,Session 2,2026-04-05,Shift 2,Paper 1 (B.E./B.Tech),Mathematics,Indefinite and Definite Integration,Properties of Definite Integrals,SINGLE_CORRECT_MCQ,11,A,,OFFICIAL_VERIFIED,HIGH,4.0,-1.0,JEE_MAIN\images\JM_2026_S2_0405_SHIFT2_MAT_Q011\question_diagram.png,JEE_Main_PYQ_Archive\2026\Session-2\Question-Papers\JEE_Main_2026_Session-2_2026-04-05_Shift-2_Question-Paper.pdf,5,[JEE MAIN] [2026] [Session 2 • 05 Apr • Shift 2]
JM_2026_S2_0405_SHIFT2_MAT_Q012,JEE_MAIN,2026,Session 2,2026-04-05,Shift 2,Paper 1 (B.E./B.Tech),Mathematics,Indefinite and Definite Integration,Properties of Definite Integrals,SINGLE_CORRECT_MCQ,12,A,,OFFICIAL_VERIFIED,HIGH,4.0,-1.0,JEE_MAIN\images\JM_2026_S2_0405_SHIFT2_MAT_Q012\question_diagram.png,JEE_Main_PYQ_Archive\2026\Session-2\Question-Papers\JEE_Main_2026_Session-2_2026-04-05_Shift-2_Question-Paper.pdf,5,[JEE MAIN] [2026] [Session 2 • 05 Apr • Shift 2]
JM_2026_S2_0405_SHIFT2_MAT_Q013,JEE_MAIN,2026,Session 2,2026-04-05,Shift 2,Paper 1 (B.E./B.Tech),Mathematics,Indefinite and Definite Integration,Properties of Definite Integrals,SINGLE_CORRECT_MCQ,13,B,,OFFICIAL_VERIFIED,HIGH,4.0,-1.0,JEE_MAIN\images\JM_2026_S2_0405_SHIFT2_MAT_Q013\question_diagram.png,JEE_Main_PYQ_Archive\2026\Session-2\Question-Papers\JEE_Main_2026_Session-2_2026-04-05_Shift-2_Question-Paper.pdf,5,[JEE MAIN] [2026] [Session 2 • 05 Apr • Shift 2]
JM_2026_S2_0405_SHIFT2_MAT_Q014,JEE_MAIN,2026,Session 2,2026-04-05,Shift 2,Paper 1 (B.E./B.Tech),Mathematics,Indefinite and Definite Integration,Properties of Definite Integrals,SINGLE_CORRECT_MCQ,14,B,,OFFICIAL_VERIFIED,HIGH,4.0,-1.0,JEE_MAIN\images\JM_2026_S2_0405_SHIFT2_MAT_Q014\question_diagram.png,JEE_Main_PYQ_Archive\2026\Session-2\Question-Papers\JEE_Main_2026_Session-2_2026-04-05_Shift-2_Question-Paper.pdf,6,[JEE MAIN] [2026] [Session 2 • 05 Apr • Shift 2]
JM_2026_S2_0405_SHIFT2_MAT_Q015,JEE_MAIN,2026,Session 2,2026-04-05,Shift 2,Paper 1 (B.E./B.Tech),Mathematics,Indefinite and Definite Integration,Properties of Definite Integrals,SINGLE_CORRECT_MCQ,15,B,,OFFICIAL_VERIFIED,HIGH,4.0,-1.0,JEE_MAIN\images\JM_2026_S2_0405_SHIFT2_MAT_Q015\question_diagram.png,JEE_Main_PYQ_Archive\2026\Session-2\Question-Papers\JEE_Main_2026_Session-2_2026-04-05_Shift-2_Question-Paper.pdf,6,[JEE MAIN] [2026] [Session 2 • 05 Apr • Shift 2]
JM_2026_S2_0405_SHIFT2_MAT_Q016,JEE_MAIN,2026,Session 2,2026-04-05,Shift 2,Paper 1 (B.E./B.Tech),Mathematics,Indefinite and Definite Integration,Properties of Definite Integrals,SINGLE_CORRECT_MCQ,16,A,,OFFICIAL_VERIFIED,HIGH,4.0,-1.0,JEE_MAIN\images\JM_2026_S2_0405_SHIFT2_MAT_Q016\question_diagram.png,JEE_Main_PYQ_Archive\2026\Session-2\Question-Papers\JEE_Main_2026_Session-2_2026-04-05_Shift-2_Question-Paper.pdf,6,[JEE MAIN] [2026] [Session 2 • 05 Apr • Shift 2]
JM_2026_S2_0405_SHIFT2_MAT_Q017,JEE_MAIN,2026,Session 2,2026-04-05,Shift 2,Paper 1 (B.E./B.Tech),Mathematics,Indefinite and Definite Integration,Properties of Definite Integrals,SINGLE_CORRECT_MCQ,17,B,,OFFICIAL_VERIFIED,HIGH,4.0,-1.0,JEE_MAIN\images\JM_2026_S2_0405_SHIFT2_MAT_Q017\question_diagram.png,JEE_Main_PYQ_Archive\2026\Session-2\Question-Papers\JEE_Main_2026_Session-2_2026-04-05_Shift-2_Question-Paper.pdf,7,[JEE MAIN] [2026] [Session 2 • 05 Apr • Shift 2]
JM_2026_S2_0405_SHIFT2_MAT_Q018,JEE_MAIN,2026,Session 2,2026-04-05,Shift 2,Paper 1 (B.E./B.Tech),Mathematics,Indefinite and Definite Integration,Properties of Definite Integrals,SINGLE_CORRECT_MCQ,18,A,,OFFICIAL_VERIFIED,HIGH,4.0,-1.0,JEE_MAIN\images\JM_2026_S2_0405_SHIFT2_MAT_Q018\question_diagram.png,JEE_Main_PYQ_Archive\2026\Session-2\Question-Papers\JEE_Main_2026_Session-2_2026-04-05_Shift-2_Question-Paper.pdf,7,[JEE MAIN] [2026] [Session 2 • 05 Apr • Shift 2]
JM_2026_S2_0405_SHIFT2_MAT_Q019,JEE_MAIN,2026,Session 2,2026-04-05,Shift 2,Paper 1 (B.E./B.Tech),Mathematics,Vector Algebra and 3D Geometry,Plane and Shortest Distance Between Lines,SINGLE_CORRECT_MCQ,19,D,,OFFICIAL_VERIFIED,HIGH,4.0,-1.0,JEE_MAIN\images\JM_2026_S2_0405_SHIFT2_MAT_Q019\question_diagram.png,JEE_Main_PYQ_Archive\2026\Session-2\Question-Papers\JEE_Main_2026_Session-2_2026-04-05_Shift-2_Question-Paper.pdf,8,[JEE MAIN] [2026] [Session 2 • 05 Apr • Shift 2]
JM_2026_S2_0405_SHIFT2_MAT_Q020,JEE_MAIN,2026,Session 2,2026-04-05,Shift 2,Paper 1 (B.E./B.Tech),Mathematics,Vector Algebra and 3D Geometry,Plane and Shortest Distance Between Lines,SINGLE_CORRECT_MCQ,20,A,,OFFICIAL_VERIFIED,HIGH,4.0,-1.0,JEE_MAIN\images\JM_2026_S2_0405_SHIFT2_MAT_Q020\question_diagram.png,JEE_Main_PYQ_Archive\2026\Session-2\Question-Papers\JEE_Main_2026_Session-2_2026-04-05_Shift-2_Question-Paper.pdf,8,[JEE MAIN] [2026] [Session 2 • 05 Apr • Shift 2]
JM_2026_S2_0405_SHIFT2_MAT_Q021,JEE_MAIN,2026,Session 2,2026-04-05,Shift 2,Paper 1 (B.E./B.Tech),Mathematics,Vector Algebra and 3D Geometry,Plane and Shortest Distance Between Lines,NUMERICAL,21,18,18.0,OFFICIAL_VERIFIED,HIGH,4.0,-1.0,JEE_MAIN\images\JM_2026_S2_0405_SHIFT2_MAT_Q021\question_diagram.png,JEE_Main_PYQ_Archive\2026\Session-2\Question-Papers\JEE_Main_2026_Session-2_2026-04-05_Shift-2_Question-Paper.pdf,8,[JEE MAIN] [2026] [Session 2 • 05 Apr • Shift 2]
JM_2026_S2_0405_SHIFT2_MAT_Q022,JEE_MAIN,2026,Session 2,2026-04-05,Shift 2,Paper 1 (B.E./B.Tech),Mathematics,Vector Algebra and 3D Geometry,Plane and Shortest Distance Between Lines,NUMERICAL,22,7,7.0,OFFICIAL_VERIFIED,HIGH,4.0,-1.0,JEE_MAIN\images\JM_2026_S2_0405_SHIFT2_MAT_Q022\question_diagram.png,JEE_Main_PYQ_Archive\2026\Session-2\Question-Papers\JEE_Main_2026_Session-2_2026-04-05_Shift-2_Question-Paper.pdf,9,[JEE MAIN] [2026] [Session 2 • 05 Apr • Shift 2]
JM_2026_S2_0405_SHIFT2_MAT_Q023,JEE_MAIN,2026,Session 2,2026-04-05,Shift 2,Paper 1 (B.E./B.Tech),Mathematics,Vector Algebra and 3D Geometry,Plane and Shortest Distance Between Lines,NUMERICAL,23,19,19.0,OFFICIAL_VERIFIED,HIGH,4.0,-1.0,JEE_MAIN\images\JM_2026_S2_0405_SHIFT2_MAT_Q023\question_diagram.png,JEE_Main_PYQ_Archive\2026\Session-2\Question-Papers\JEE_Main_2026_Session-2_2026-04-05_Shift-2_Question-Paper.pdf,9,[JEE MAIN] [2026] [Session 2 • 05 Apr • Shift 2]
JM_2026_S2_0405_SHIFT2_MAT_Q024,JEE_MAIN,2026,Session 2,2026-04-05,Shift 2,Paper 1 (B.E./B.Tech),Mathematics,Vector Algebra and 3D Geometry,Plane and Shortest Distance Between Lines,NUMERICAL,24,16,16.0,OFFICIAL_VERIFIED,HIGH,4.0,-1.0,JEE_MAIN\images\JM_2026_S2_0405_SHIFT2_MAT_Q024\question_diagram.png,JEE_Main_PYQ_Archive\2026\Session-2\Question-Papers\JEE_Main_2026_Session-2_2026-04-05_Shift-2_Question-Paper.pdf,9,[JEE MAIN] [2026] [Session 2 • 05 Apr • Shift 2]
JM_2026_S2_0405_SHIFT2_MAT_Q025,JEE_MAIN,2026,Session 2,2026-04-05,Shift 2,Paper 1 (B.E./B.Tech),Mathematics,Vector Algebra and 3D Geometry,Plane and Shortest Distance Between Lines,NUMERICAL,25,48,48.0,OFFICIAL_VERIFIED,HIGH,4.0,-1.0,JEE_MAIN\images\JM_2026_S2_0405_SHIFT2_MAT_Q025\question_diagram.png,JEE_Main_PYQ_Archive\2026\Session-2\Question-Papers\JEE_Main_2026_Session-2_2026-04-05_Shift-2_Question-Paper.pdf,9,[JEE MAIN] [2026] [Session 2 • 05 Apr • Shift 2]
JM_2026_S2_0405_SHIFT2_PHY_Q026,JEE_MAIN,2026,Session 2,2026-04-05,Shift 2,Paper 1 (B.E./B.Tech),Physics,Modern Physics,Photoelectric Effect,SINGLE_CORRECT_MCQ,26,B,,OFFICIAL_VERIFIED,HIGH,4.0,-1.0,JEE_MAIN\images\JM_2026_S2_0405_SHIFT2_PHY_Q026\question_diagram.png,JEE_Main_PYQ_Archive\2026\Session-2\Question-Papers\JEE_Main_2026_Session-2_2026-04-05_Shift-2_Question-Paper.pdf,10,[JEE MAIN] [2026] [Session 2 • 05 Apr • Shift 2]
JM_2026_S2_0405_SHIFT2_PHY_Q027,JEE_MAIN,2026,Session 2,2026-04-05,Shift 2,Paper 1 (B.E./B.Tech),Physics,Modern Physics,Photoelectric Effect,SINGLE_CORRECT_MCQ,27,D,,OFFICIAL_VERIFIED,HIGH,4.0,-1.0,JEE_MAIN\images\JM_2026_S2_0405_SHIFT2_PHY_Q027\question_diagram.png,JEE_Main_PYQ_Archive\2026\Session-2\Question-Papers\JEE_Main_2026_Session-2_2026-04-05_Shift-2_Question-Paper.pdf,10,[JEE MAIN] [2026] [Session 2 • 05 Apr • Shift 2]
JM_2026_S2_0405_SHIFT2_PHY_Q028,JEE_MAIN,2026,Session 2,2026-04-05,Shift 2,Paper 1 (B.E./B.Tech),Physics,Modern Physics,Photoelectric Effect,SINGLE_CORRECT_MCQ,28,A,,OFFICIAL_VERIFIED,HIGH,4.0,-1.0,JEE_MAIN\images\JM_2026_S2_0405_SHIFT2_PHY_Q028\question_diagram.png,JEE_Main_PYQ_Archive\2026\Session-2\Question-Papers\JEE_Main_2026_Session-2_2026-04-05_Shift-2_Question-Paper.pdf,11,[JEE MAIN] [2026] [Session 2 • 05 Apr • Shift 2]
JM_2026_S2_0405_SHIFT2_PHY_Q029,JEE_MAIN,2026,Session 2,2026-04-05,Shift 2,Paper 1 (B.E./B.Tech),Physics,Modern Physics,Photoelectric Effect,SINGLE_CORRECT_MCQ,29,C,,OFFICIAL_VERIFIED,HIGH,4.0,-1.0,JEE_MAIN\images\JM_2026_S2_0405_SHIFT2_PHY_Q029\question_diagram.png,JEE_Main_PYQ_Archive\2026\Session-2\Question-Papers\JEE_Main_2026_Session-2_2026-04-05_Shift-2_Question-Paper.pdf,11,[JEE MAIN] [2026] [Session 2 • 05 Apr • Shift 2]
JM_2026_S2_0405_SHIFT2_PHY_Q030,JEE_MAIN,2026,Session 2,2026-04-05,Shift 2,Paper 1 (B.E./B.Tech),Physics,Modern Physics,Photoelectric Effect,SINGLE_CORRECT_MCQ,30,B,,OFFICIAL_VERIFIED,HIGH,4.0,-1.0,JEE_MAIN\images\JM_2026_S2_0405_SHIFT2_PHY_Q030\question_diagram.png,JEE_Main_PYQ_Archive\2026\Session-2\Question-Papers\JEE_Main_2026_Session-2_2026-04-05_Shift-2_Question-Paper.pdf,12,[JEE MAIN] [2026] [Session 2 • 05 Apr • Shift 2]
JM_2026_S2_0405_SHIFT2_PHY_Q031,JEE_MAIN,2026,Session 2,2026-04-05,Shift 2,Paper 1 (B.E./B.Tech),Physics,Modern Physics,Photoelectric Effect,SINGLE_CORRECT_MCQ,31,D,,OFFICIAL_VERIFIED,HIGH,4.0,-1.0,JEE_MAIN\images\JM_2026_S2_0405_SHIFT2_PHY_Q031\question_diagram.png,JEE_Main_PYQ_Archive\2026\Session-2\Question-Papers\JEE_Main_2026_Session-2_2026-04-05_Shift-2_Question-Paper.pdf,12,[JEE MAIN] [2026] [Session 2 • 05 Apr • Shift 2]
JM_2026_S2_0405_SHIFT2_PHY_Q032,JEE_MAIN,2026,Session 2,2026-04-05,Shift 2,Paper 1 (B.E./B.Tech),Physics,Modern Physics,Photoelectric Effect,SINGLE_CORRECT_MCQ,32,D,,OFFICIAL_VERIFIED,HIGH,4.0,-1.0,JEE_MAIN\images\JM_2026_S2_0405_SHIFT2_PHY_Q032\question_diagram.png,JEE_Main_PYQ_Archive\2026\Session-2\Question-Papers\JEE_Main_2026_Session-2_2026-04-05_Shift-2_Question-Paper.pdf,13,[JEE MAIN] [2026] [Session 2 • 05 Apr • Shift 2]
JM_2026_S2_0405_SHIFT2_PHY_Q033,JEE_MAIN,2026,Session 2,2026-04-05,Shift 2,Paper 1 (B.E./B.Tech),Physics,Modern Physics,Photoelectric Effect,SINGLE_CORRECT_MCQ,33,B,,OFFICIAL_VERIFIED,HIGH,4.0,-1.0,JEE_MAIN\images\JM_2026_S2_0405_SHIFT2_PHY_Q033\question_diagram.png,JEE_Main_PYQ_Archive\2026\Session-2\Question-Papers\JEE_Main_2026_Session-2_2026-04-05_Shift-2_Question-Paper.pdf,13,[JEE MAIN] [2026] [Session 2 • 05 Apr • Shift 2]
JM_2026_S2_0405_SHIFT2_PHY_Q034,JEE_MAIN,2026,Session 2,2026-04-05,Shift 2,Paper 1 (B.E./B.Tech),Physics,Modern Physics,Photoelectric Effect,SINGLE_CORRECT_MCQ,34,C,,OFFICIAL_VERIFIED,HIGH,4.0,-1.0,JEE_MAIN\images\JM_2026_S2_0405_SHIFT2_PHY_Q034\question_diagram.png,JEE_Main_PYQ_Archive\2026\Session-2\Question-Papers\JEE_Main_2026_Session-2_2026-04-05_Shift-2_Question-Paper.pdf,13,[JEE MAIN] [2026] [Session 2 • 05 Apr • Shift 2]
JM_2026_S2_0405_SHIFT2_PHY_Q035,JEE_MAIN,2026,Session 2,2026-04-05,Shift 2,Paper 1 (B.E./B.Tech),Physics,Modern Physics,Photoelectric Effect,SINGLE_CORRECT_MCQ,35,A,,OFFICIAL_VERIFIED,HIGH,4.0,-1.0,JEE_MAIN\images\JM_2026_S2_0405_SHIFT2_PHY_Q035\question_diagram.png,JEE_Main_PYQ_Archive\2026\Session-2\Question-Papers\JEE_Main_2026_Session-2_2026-04-05_Shift-2_Question-Paper.pdf,14,[JEE MAIN] [2026] [Session 2 • 05 Apr • Shift 2]
JM_2026_S2_0405_SHIFT2_PHY_Q036,JEE_MAIN,2026,Session 2,2026-04-05,Shift 2,Paper 1 (B.E./B.Tech),Physics,Modern Physics,Photoelectric Effect,SINGLE_CORRECT_MCQ,36,A,,OFFICIAL_VERIFIED,HIGH,4.0,-1.0,JEE_MAIN\images\JM_2026_S2_0405_SHIFT2_PHY_Q036\question_diagram.png,JEE_Main_PYQ_Archive\2026\Session-2\Question-Papers\JEE_Main_2026_Session-2_2026-04-05_Shift-2_Question-Paper.pdf,14,[JEE MAIN] [2026] [Session 2 • 05 Apr • Shift 2]
JM_2026_S2_0405_SHIFT2_PHY_Q037,JEE_MAIN,2026,Session 2,2026-04-05,Shift 2,Paper 1 (B.E./B.Tech),Physics,Modern Physics,Photoelectric Effect,SINGLE_CORRECT_MCQ,37,A,,OFFICIAL_VERIFIED,HIGH,4.0,-1.0,JEE_MAIN\images\JM_2026_S2_0405_SHIFT2_PHY_Q037\question_diagram.png,JEE_Main_PYQ_Archive\2026\Session-2\Question-Papers\JEE_Main_2026_Session-2_2026-04-05_Shift-2_Question-Paper.pdf,15,[JEE MAIN] [2026] [Session 2 • 05 Apr • Shift 2]
JM_2026_S2_0405_SHIFT2_PHY_Q038,JEE_MAIN,2026,Session 2,2026-04-05,Shift 2,Paper 1 (B.E./B.Tech),Physics,Modern Physics,Photoelectric Effect,SINGLE_CORRECT_MCQ,38,A,,OFFICIAL_VERIFIED,HIGH,4.0,-1.0,JEE_MAIN\images\JM_2026_S2_0405_SHIFT2_PHY_Q038\question_diagram.png,JEE_Main_PYQ_Archive\2026\Session-2\Question-Papers\JEE_Main_2026_Session-2_2026-04-05_Shift-2_Question-Paper.pdf,15,[JEE MAIN] [2026] [Session 2 • 05 Apr • Shift 2]
JM_2026_S2_0405_SHIFT2_PHY_Q039,JEE_MAIN,2026,Session 2,2026-04-05,Shift 2,Paper 1 (B.E./B.Tech),Physics,Modern Physics,Photoelectric Effect,SINGLE_CORRECT_MCQ,39,B,,OFFICIAL_VERIFIED,HIGH,4.0,-1.0,JEE_MAIN\images\JM_2026_S2_0405_SHIFT2_PHY_Q039\question_diagram.png,JEE_Main_PYQ_Archive\2026\Session-2\Question-Papers\JEE_Main_2026_Session-2_2026-04-05_Shift-2_Question-Paper.pdf,16,[JEE MAIN] [2026] [Session 2 • 05 Apr • Shift 2]
JM_2026_S2_0405_SHIFT2_PHY_Q040,JEE_MAIN,2026,Session 2,2026-04-05,Shift 2,Paper 1 (B.E./B.Tech),Physics,Modern Physics,Photoelectric Effect,SINGLE_CORRECT_MCQ,40,A,,OFFICIAL_VERIFIED,HIGH,4.0,-1.0,JEE_MAIN\images\JM_2026_S2_0405_SHIFT2_PHY_Q040\question_diagram.png,JEE_Main_PYQ_Archive\2026\Session-2\Question-Papers\JEE_Main_2026_Session-2_2026-04-05_Shift-2_Question-Paper.pdf,16,[JEE MAIN] [2026] [Session 2 • 05 Apr • Shift 2]
JM_2026_S2_0405_SHIFT2_PHY_Q041,JEE_MAIN,2026,Session 2,2026-04-05,Shift 2,Paper 1 (B.E./B.Tech),Physics,Modern Physics,Photoelectric Effect,SINGLE_CORRECT_MCQ,41,B,,OFFICIAL_VERIFIED,HIGH,4.0,-1.0,JEE_MAIN\images\JM_2026_S2_0405_SHIFT2_PHY_Q041\question_diagram.png,JEE_Main_PYQ_Archive\2026\Session-2\Question-Papers\JEE_Main_2026_Session-2_2026-04-05_Shift-2_Question-Paper.pdf,16,[JEE MAIN] [2026] [Session 2 • 05 Apr • Shift 2]
JM_2026_S2_0405_SHIFT2_PHY_Q042,JEE_MAIN,2026,Session 2,2026-04-05,Shift 2,Paper 1 (B.E./B.Tech),Physics,Modern Physics,Photoelectric Effect,SINGLE_CORRECT_MCQ,42,B,,OFFICIAL_VERIFIED,HIGH,4.0,-1.0,JEE_MAIN\images\JM_2026_S2_0405_SHIFT2_PHY_Q042\question_diagram.png,JEE_Main_PYQ_Archive\2026\Session-2\Question-Papers\JEE_Main_2026_Session-2_2026-04-05_Shift-2_Question-Paper.pdf,17,[JEE MAIN] [2026] [Session 2 • 05 Apr • Shift 2]
JM_2026_S2_0405_SHIFT2_PHY_Q043,JEE_MAIN,2026,Session 2,2026-04-05,Shift 2,Paper 1 (B.E./B.Tech),Physics,Modern Physics,Photoelectric Effect,SINGLE_CORRECT_MCQ,43,C,,OFFICIAL_VERIFIED,HIGH,4.0,-1.0,JEE_MAIN\images\JM_2026_S2_0405_SHIFT2_PHY_Q043\question_diagram.png,JEE_Main_PYQ_Archive\2026\Session-2\Question-Papers\JEE_Main_2026_Session-2_2026-04-05_Shift-2_Question-Paper.pdf,17,[JEE MAIN] [2026] [Session 2 • 05 Apr • Shift 2]
JM_2026_S2_0405_SHIFT2_PHY_Q044,JEE_MAIN,2026,Session 2,2026-04-05,Shift 2,Paper 1 (B.E./B.Tech),Physics,Modern Physics,Photoelectric Effect,SINGLE_CORRECT_MCQ,44,B,,OFFICIAL_VERIFIED,HIGH,4.0,-1.0,JEE_MAIN\images\JM_2026_S2_0405_SHIFT2_PHY_Q044\question_diagram.png,JEE_Main_PYQ_Archive\2026\Session-2\Question-Papers\JEE_Main_2026_Session-2_2026-04-05_Shift-2_Question-Paper.pdf,18,[JEE MAIN] [2026] [Session 2 • 05 Apr • Shift 2]
JM_2026_S2_0405_SHIFT2_PHY_Q045,JEE_MAIN,2026,Session 2,2026-04-05,Shift 2,Paper 1 (B.E./B.Tech),Physics,Modern Physics,Photoelectric Effect,SINGLE_CORRECT_MCQ,45,B,,OFFICIAL_VERIFIED,HIGH,4.0,-1.0,JEE_MAIN\images\JM_2026_S2_0405_SHIFT2_PHY_Q045\question_diagram.png,JEE_Main_PYQ_Archive\2026\Session-2\Question-Papers\JEE_Main_2026_Session-2_2026-04-05_Shift-2_Question-Paper.pdf,18,[JEE MAIN] [2026] [Session 2 • 05 Apr • Shift 2]
JM_2026_S2_0405_SHIFT2_PHY_Q046,JEE_MAIN,2026,Session 2,2026-04-05,Shift 2,Paper 1 (B.E./B.Tech),Physics,Modern Physics,Photoelectric Effect,NUMERICAL,46,33,33.0,OFFICIAL_VERIFIED,HIGH,4.0,-1.0,JEE_MAIN\images\JM_2026_S2_0405_SHIFT2_PHY_Q046\question_diagram.png,JEE_Main_PYQ_Archive\2026\Session-2\Question-Papers\JEE_Main_2026_Session-2_2026-04-05_Shift-2_Question-Paper.pdf,19,[JEE MAIN] [2026] [Session 2 • 05 Apr • Shift 2]
JM_2026_S2_0405_SHIFT2_PHY_Q047,JEE_MAIN,2026,Session 2,2026-04-05,Shift 2,Paper 1 (B.E./B.Tech),Physics,Modern Physics,Photoelectric Effect,NUMERICAL,47,922,922.0,OFFICIAL_VERIFIED,HIGH,4.0,-1.0,JEE_MAIN\images\JM_2026_S2_0405_SHIFT2_PHY_Q047\question_diagram.png,JEE_Main_PYQ_Archive\2026\Session-2\Question-Papers\JEE_Main_2026_Session-2_2026-04-05_Shift-2_Question-Paper.pdf,19,[JEE MAIN] [2026] [Session 2 • 05 Apr • Shift 2]
JM_2026_S2_0405_SHIFT2_PHY_Q048,JEE_MAIN,2026,Session 2,2026-04-05,Shift 2,Paper 1 (B.E./B.Tech),Physics,Modern Physics,Photoelectric Effect,NUMERICAL,48,200,200.0,OFFICIAL_VERIFIED,HIGH,4.0,-1.0,JEE_MAIN\images\JM_2026_S2_0405_SHIFT2_PHY_Q048\question_diagram.png,JEE_Main_PYQ_Archive\2026\Session-2\Question-Papers\JEE_Main_2026_Session-2_2026-04-05_Shift-2_Question-Paper.pdf,19,[JEE MAIN] [2026] [Session 2 • 05 Apr • Shift 2]
JM_2026_S2_0405_SHIFT2_PHY_Q049,JEE_MAIN,2026,Session 2,2026-04-05,Shift 2,Paper 1 (B.E./B.Tech),Physics,Modern Physics,Photoelectric Effect,NUMERICAL,49,1,1.0,OFFICIAL_VERIFIED,HIGH,4.0,-1.0,JEE_MAIN\images\JM_2026_S2_0405_SHIFT2_PHY_Q049\question_diagram.png,JEE_Main_PYQ_Archive\2026\Session-2\Question-Papers\JEE_Main_2026_Session-2_2026-04-05_Shift-2_Question-Paper.pdf,19,[JEE MAIN] [2026] [Session 2 • 05 Apr • Shift 2]
JM_2026_S2_0405_SHIFT2_PHY_Q050,JEE_MAIN,2026,Session 2,2026-04-05,Shift 2,Paper 1 (B.E./B.Tech),Physics,Modern Physics,Photoelectric Effect,NUMERICAL,50,44,44.0,OFFICIAL_VERIFIED,HIGH,4.0,-1.0,JEE_MAIN\images\JM_2026_S2_0405_SHIFT2_PHY_Q050\question_diagram.png,JEE_Main_PYQ_Archive\2026\Session-2\Question-Papers\JEE_Main_2026_Session-2_2026-04-05_Shift-2_Question-Paper.pdf,19,[JEE MAIN] [2026] [Session 2 • 05 Apr • Shift 2]
JM_2026_S2_0405_SHIFT2_CHE_Q051,JEE_MAIN,2026,Session 2,2026-04-05,Shift 2,Paper 1 (B.E./B.Tech),Chemistry,Coordination Compounds,Crystal Field Theory,SINGLE_CORRECT_MCQ,51,D,,OFFICIAL_VERIFIED,HIGH,4.0,-1.0,JEE_MAIN\images\JM_2026_S2_0405_SHIFT2_CHE_Q051\question_diagram.png,JEE_Main_PYQ_Archive\2026\Session-2\Question-Papers\JEE_Main_2026_Session-2_2026-04-05_Shift-2_Question-Paper.pdf,20,[JEE MAIN] [2026] [Session 2 • 05 Apr • Shift 2]
JM_2026_S2_0405_SHIFT2_CHE_Q052,JEE_MAIN,2026,Session 2,2026-04-05,Shift 2,Paper 1 (B.E./B.Tech),Chemistry,Coordination Compounds,Crystal Field Theory,SINGLE_CORRECT_MCQ,52,C,,OFFICIAL_VERIFIED,HIGH,4.0,-1.0,JEE_MAIN\images\JM_2026_S2_0405_SHIFT2_CHE_Q052\question_diagram.png,JEE_Main_PYQ_Archive\2026\Session-2\Question-Papers\JEE_Main_2026_Session-2_2026-04-05_Shift-2_Question-Paper.pdf,20,[JEE MAIN] [2026] [Session 2 • 05 Apr • Shift 2]
JM_2026_S2_0405_SHIFT2_CHE_Q053,JEE_MAIN,2026,Session 2,2026-04-05,Shift 2,Paper 1 (B.E./B.Tech),Chemistry,Coordination Compounds,Crystal Field Theory,SINGLE_CORRECT_MCQ,53,B,,OFFICIAL_VERIFIED,HIGH,4.0,-1.0,JEE_MAIN\images\JM_2026_S2_0405_SHIFT2_CHE_Q053\question_diagram.png,JEE_Main_PYQ_Archive\2026\Session-2\Question-Papers\JEE_Main_2026_Session-2_2026-04-05_Shift-2_Question-Paper.pdf,21,[JEE MAIN] [2026] [Session 2 • 05 Apr • Shift 2]
JM_2026_S2_0405_SHIFT2_CHE_Q054,JEE_MAIN,2026,Session 2,2026-04-05,Shift 2,Paper 1 (B.E./B.Tech),Chemistry,Coordination Compounds,Crystal Field Theory,SINGLE_CORRECT_MCQ,54,C,,OFFICIAL_VERIFIED,HIGH,4.0,-1.0,JEE_MAIN\images\JM_2026_S2_0405_SHIFT2_CHE_Q054\question_diagram.png,JEE_Main_PYQ_Archive\2026\Session-2\Question-Papers\JEE_Main_2026_Session-2_2026-04-05_Shift-2_Question-Paper.pdf,21,[JEE MAIN] [2026] [Session 2 • 05 Apr • Shift 2]
JM_2026_S2_0405_SHIFT2_CHE_Q055,JEE_MAIN,2026,Session 2,2026-04-05,Shift 2,Paper 1 (B.E./B.Tech),Chemistry,Coordination Compounds,Crystal Field Theory,SINGLE_CORRECT_MCQ,55,C,,OFFICIAL_VERIFIED,HIGH,4.0,-1.0,JEE_MAIN\images\JM_2026_S2_0405_SHIFT2_CHE_Q055\question_diagram.png,JEE_Main_PYQ_Archive\2026\Session-2\Question-Papers\JEE_Main_2026_Session-2_2026-04-05_Shift-2_Question-Paper.pdf,22,[JEE MAIN] [2026] [Session 2 • 05 Apr • Shift 2]
JM_2026_S2_0405_SHIFT2_CHE_Q056,JEE_MAIN,2026,Session 2,2026-04-05,Shift 2,Paper 1 (B.E./B.Tech),Chemistry,Coordination Compounds,Crystal Field Theory,SINGLE_CORRECT_MCQ,56,C,,OFFICIAL_VERIFIED,HIGH,4.0,-1.0,JEE_MAIN\images\JM_2026_S2_0405_SHIFT2_CHE_Q056\question_diagram.png,JEE_Main_PYQ_Archive\2026\Session-2\Question-Papers\JEE_Main_2026_Session-2_2026-04-05_Shift-2_Question-Paper.pdf,22,[JEE MAIN] [2026] [Session 2 • 05 Apr • Shift 2]
JM_2026_S2_0405_SHIFT2_CHE_Q057,JEE_MAIN,2026,Session 2,2026-04-05,Shift 2,Paper 1 (B.E./B.Tech),Chemistry,Coordination Compounds,Crystal Field Theory,SINGLE_CORRECT_MCQ,57,C,,OFFICIAL_VERIFIED,HIGH,4.0,-1.0,JEE_MAIN\images\JM_2026_S2_0405_SHIFT2_CHE_Q057\question_diagram.png,JEE_Main_PYQ_Archive\2026\Session-2\Question-Papers\JEE_Main_2026_Session-2_2026-04-05_Shift-2_Question-Paper.pdf,23,[JEE MAIN] [2026] [Session 2 • 05 Apr • Shift 2]
JM_2026_S2_0405_SHIFT2_CHE_Q058,JEE_MAIN,2026,Session 2,2026-04-05,Shift 2,Paper 1 (B.E./B.Tech),Chemistry,Coordination Compounds,Crystal Field Theory,SINGLE_CORRECT_MCQ,58,B,,OFFICIAL_VERIFIED,HIGH,4.0,-1.0,JEE_MAIN\images\JM_2026_S2_0405_SHIFT2_CHE_Q058\question_diagram.png,JEE_Main_PYQ_Archive\2026\Session-2\Question-Papers\JEE_Main_2026_Session-2_2026-04-05_Shift-2_Question-Paper.pdf,23,[JEE MAIN] [2026] [Session 2 • 05 Apr • Shift 2]
JM_2026_S2_0405_SHIFT2_CHE_Q059,JEE_MAIN,2026,Session 2,2026-04-05,Shift 2,Paper 1 (B.E./B.Tech),Chemistry,Coordination Compounds,Crystal Field Theory,SINGLE_CORRECT_MCQ,59,A,,OFFICIAL_VERIFIED,HIGH,4.0,-1.0,JEE_MAIN\images\JM_2026_S2_0405_SHIFT2_CHE_Q059\question_diagram.png,JEE_Main_PYQ_Archive\2026\Session-2\Question-Papers\JEE_Main_2026_Session-2_2026-04-05_Shift-2_Question-Paper.pdf,24,[JEE MAIN] [2026] [Session 2 • 05 Apr • Shift 2]
JM_2026_S2_0405_SHIFT2_CHE_Q060,JEE_MAIN,2026,Session 2,2026-04-05,Shift 2,Paper 1 (B.E./B.Tech),Chemistry,Coordination Compounds,Crystal Field Theory,SINGLE_CORRECT_MCQ,60,B,,OFFICIAL_VERIFIED,HIGH,4.0,-1.0,JEE_MAIN\images\JM_2026_S2_0405_SHIFT2_CHE_Q060\question_diagram.png,JEE_Main_PYQ_Archive\2026\Session-2\Question-Papers\JEE_Main_2026_Session-2_2026-04-05_Shift-2_Question-Paper.pdf,24,[JEE MAIN] [2026] [Session 2 • 05 Apr • Shift 2]
JM_2026_S2_0405_SHIFT2_CHE_Q061,JEE_MAIN,2026,Session 2,2026-04-05,Shift 2,Paper 1 (B.E./B.Tech),Chemistry,Coordination Compounds,Crystal Field Theory,SINGLE_CORRECT_MCQ,61,D,,OFFICIAL_VERIFIED,HIGH,4.0,-1.0,JEE_MAIN\images\JM_2026_S2_0405_SHIFT2_CHE_Q061\question_diagram.png,JEE_Main_PYQ_Archive\2026\Session-2\Question-Papers\JEE_Main_2026_Session-2_2026-04-05_Shift-2_Question-Paper.pdf,24,[JEE MAIN] [2026] [Session 2 • 05 Apr • Shift 2]
JM_2026_S2_0405_SHIFT2_CHE_Q062,JEE_MAIN,2026,Session 2,2026-04-05,Shift 2,Paper 1 (B.E./B.Tech),Chemistry,Coordination Compounds,Crystal Field Theory,SINGLE_CORRECT_MCQ,62,C,,OFFICIAL_VERIFIED,HIGH,4.0,-1.0,JEE_MAIN\images\JM_2026_S2_0405_SHIFT2_CHE_Q062\question_diagram.png,JEE_Main_PYQ_Archive\2026\Session-2\Question-Papers\JEE_Main_2026_Session-2_2026-04-05_Shift-2_Question-Paper.pdf,25,[JEE MAIN] [2026] [Session 2 • 05 Apr • Shift 2]
JM_2026_S2_0405_SHIFT2_CHE_Q063,JEE_MAIN,2026,Session 2,2026-04-05,Shift 2,Paper 1 (B.E./B.Tech),Chemistry,Coordination Compounds,Crystal Field Theory,SINGLE_CORRECT_MCQ,63,B,,OFFICIAL_VERIFIED,HIGH,4.0,-1.0,JEE_MAIN\images\JM_2026_S2_0405_SHIFT2_CHE_Q063\question_diagram.png,JEE_Main_PYQ_Archive\2026\Session-2\Question-Papers\JEE_Main_2026_Session-2_2026-04-05_Shift-2_Question-Paper.pdf,25,[JEE MAIN] [2026] [Session 2 • 05 Apr • Shift 2]
JM_2026_S2_0405_SHIFT2_CHE_Q064,JEE_MAIN,2026,Session 2,2026-04-05,Shift 2,Paper 1 (B.E./B.Tech),Chemistry,Coordination Compounds,Crystal Field Theory,SINGLE_CORRECT_MCQ,64,D,,OFFICIAL_VERIFIED,HIGH,4.0,-1.0,JEE_MAIN\images\JM_2026_S2_0405_SHIFT2_CHE_Q064\question_diagram.png,JEE_Main_PYQ_Archive\2026\Session-2\Question-Papers\JEE_Main_2026_Session-2_2026-04-05_Shift-2_Question-Paper.pdf,26,[JEE MAIN] [2026] [Session 2 • 05 Apr • Shift 2]
JM_2026_S2_0405_SHIFT2_CHE_Q065,JEE_MAIN,2026,Session 2,2026-04-05,Shift 2,Paper 1 (B.E./B.Tech),Chemistry,Coordination Compounds,Crystal Field Theory,SINGLE_CORRECT_MCQ,65,B,,OFFICIAL_VERIFIED,HIGH,4.0,-1.0,JEE_MAIN\images\JM_2026_S2_0405_SHIFT2_CHE_Q065\question_diagram.png,JEE_Main_PYQ_Archive\2026\Session-2\Question-Papers\JEE_Main_2026_Session-2_2026-04-05_Shift-2_Question-Paper.pdf,26,[JEE MAIN] [2026] [Session 2 • 05 Apr • Shift 2]
JM_2026_S2_0405_SHIFT2_CHE_Q066,JEE_MAIN,2026,Session 2,2026-04-05,Shift 2,Paper 1 (B.E./B.Tech),Chemistry,Coordination Compounds,Crystal Field Theory,SINGLE_CORRECT_MCQ,66,A,,OFFICIAL_VERIFIED,HIGH,4.0,-1.0,JEE_MAIN\images\JM_2026_S2_0405_SHIFT2_CHE_Q066\question_diagram.png,JEE_Main_PYQ_Archive\2026\Session-2\Question-Papers\JEE_Main_2026_Session-2_2026-04-05_Shift-2_Question-Paper.pdf,27,[JEE MAIN] [2026] [Session 2 • 05 Apr • Shift 2]
JM_2026_S2_0405_SHIFT2_CHE_Q067,JEE_MAIN,2026,Session 2,2026-04-05,Shift 2,Paper 1 (B.E./B.Tech),Chemistry,Coordination Compounds,Crystal Field Theory,SINGLE_CORRECT_MCQ,67,A,,OFFICIAL_VERIFIED,HIGH,4.0,-1.0,JEE_MAIN\images\JM_2026_S2_0405_SHIFT2_CHE_Q067\question_diagram.png,JEE_Main_PYQ_Archive\2026\Session-2\Question-Papers\JEE_Main_2026_Session-2_2026-04-05_Shift-2_Question-Paper.pdf,27,[JEE MAIN] [2026] [Session 2 • 05 Apr • Shift 2]
JM_2026_S2_0405_SHIFT2_CHE_Q068,JEE_MAIN,2026,Session 2,2026-04-05,Shift 2,Paper 1 (B.E./B.Tech),Chemistry,Coordination Compounds,Crystal Field Theory,SINGLE_CORRECT_MCQ,68,D,,OFFICIAL_VERIFIED,HIGH,4.0,-1.0,JEE_MAIN\images\JM_2026_S2_0405_SHIFT2_CHE_Q068\question_diagram.png,JEE_Main_PYQ_Archive\2026\Session-2\Question-Papers\JEE_Main_2026_Session-2_2026-04-05_Shift-2_Question-Paper.pdf,28,[JEE MAIN] [2026] [Session 2 • 05 Apr • Shift 2]
JM_2026_S2_0405_SHIFT2_CHE_Q069,JEE_MAIN,2026,Session 2,2026-04-05,Shift 2,Paper 1 (B.E./B.Tech),Chemistry,Coordination Compounds,Crystal Field Theory,SINGLE_CORRECT_MCQ,69,B,,OFFICIAL_VERIFIED,HIGH,4.0,-1.0,JEE_MAIN\images\JM_2026_S2_0405_SHIFT2_CHE_Q069\question_diagram.png,JEE_Main_PYQ_Archive\2026\Session-2\Question-Papers\JEE_Main_2026_Session-2_2026-04-05_Shift-2_Question-Paper.pdf,28,[JEE MAIN] [2026] [Session 2 • 05 Apr • Shift 2]
JM_2026_S2_0405_SHIFT2_CHE_Q070,JEE_MAIN,2026,Session 2,2026-04-05,Shift 2,Paper 1 (B.E./B.Tech),Chemistry,Coordination Compounds,Crystal Field Theory,SINGLE_CORRECT_MCQ,70,A,,OFFICIAL_VERIFIED,HIGH,4.0,-1.0,JEE_MAIN\images\JM_2026_S2_0405_SHIFT2_CHE_Q070\question_diagram.png,JEE_Main_PYQ_Archive\2026\Session-2\Question-Papers\JEE_Main_2026_Session-2_2026-04-05_Shift-2_Question-Paper.pdf,29,[JEE MAIN] [2026] [Session 2 • 05 Apr • Shift 2]
JM_2026_S2_0405_SHIFT2_CHE_Q071,JEE_MAIN,2026,Session 2,2026-04-05,Shift 2,Paper 1 (B.E./B.Tech),Chemistry,Coordination Compounds,Crystal Field Theory,NUMERICAL,71,15,15.0,OFFICIAL_VERIFIED,HIGH,4.0,-1.0,JEE_MAIN\images\JM_2026_S2_0405_SHIFT2_CHE_Q071\question_diagram.png,JEE_Main_PYQ_Archive\2026\Session-2\Question-Papers\JEE_Main_2026_Session-2_2026-04-05_Shift-2_Question-Paper.pdf,29,[JEE MAIN] [2026] [Session 2 • 05 Apr • Shift 2]
JM_2026_S2_0405_SHIFT2_CHE_Q072,JEE_MAIN,2026,Session 2,2026-04-05,Shift 2,Paper 1 (B.E./B.Tech),Chemistry,Coordination Compounds,Crystal Field Theory,NUMERICAL,72,30,30.0,OFFICIAL_VERIFIED,HIGH,4.0,-1.0,JEE_MAIN\images\JM_2026_S2_0405_SHIFT2_CHE_Q072\question_diagram.png,JEE_Main_PYQ_Archive\2026\Session-2\Question-Papers\JEE_Main_2026_Session-2_2026-04-05_Shift-2_Question-Paper.pdf,29,[JEE MAIN] [2026] [Session 2 • 05 Apr • Shift 2]
JM_2026_S2_0405_SHIFT2_CHE_Q073,JEE_MAIN,2026,Session 2,2026-04-05,Shift 2,Paper 1 (B.E./B.Tech),Chemistry,Coordination Compounds,Crystal Field Theory,NUMERICAL,73,62,62.0,OFFICIAL_VERIFIED,HIGH,4.0,-1.0,JEE_MAIN\images\JM_2026_S2_0405_SHIFT2_CHE_Q073\question_diagram.png,JEE_Main_PYQ_Archive\2026\Session-2\Question-Papers\JEE_Main_2026_Session-2_2026-04-05_Shift-2_Question-Paper.pdf,30,[JEE MAIN] [2026] [Session 2 • 05 Apr • Shift 2]
JM_2026_S2_0405_SHIFT2_CHE_Q074,JEE_MAIN,2026,Session 2,2026-04-05,Shift 2,Paper 1 (B.E./B.Tech),Chemistry,Coordination Compounds,Crystal Field Theory,NUMERICAL,74,15,15.0,OFFICIAL_VERIFIED,HIGH,4.0,-1.0,JEE_MAIN\images\JM_2026_S2_0405_SHIFT2_CHE_Q074\question_diagram.png,JEE_Main_PYQ_Archive\2026\Session-2\Question-Papers\JEE_Main_2026_Session-2_2026-04-05_Shift-2_Question-Paper.pdf,30,[JEE MAIN] [2026] [Session 2 • 05 Apr • Shift 2]
JM_2026_S2_0405_SHIFT2_CHE_Q075,JEE_MAIN,2026,Session 2,2026-04-05,Shift 2,Paper 1 (B.E./B.Tech),Chemistry,Coordination Compounds,Crystal Field Theory,NUMERICAL,75,90,90.0,OFFICIAL_VERIFIED,HIGH,4.0,-1.0,JEE_MAIN\images\JM_2026_S2_0405_SHIFT2_CHE_Q075\question_diagram.png,JEE_Main_PYQ_Archive\2026\Session-2\Question-Papers\JEE_Main_2026_Session-2_2026-04-05_Shift-2_Question-Paper.pdf,30,[JEE MAIN] [2026] [Session 2 • 05 Apr • Shift 2]
JM_2026_S2_0406_SHIFT1_MAT_Q001,JEE_MAIN,2026,Session 2,2026-04-06,Shift 1,Paper 1 (B.E./B.Tech),Mathematics,Matrices and Determinants,Matrix Transformations,SINGLE_CORRECT_MCQ,1,B,,INDEPENDENTLY_VERIFIED,HIGH,4.0,-1.0,JEE_MAIN\images\JM_2026_S2_0406_SHIFT1_MAT_Q001\question_diagram.png,JEE_Main_PYQ_Archive\2026\Session-2\Question-Papers\JEE_Main_2026_Session-2_2026-04-06_Shift-1_Question-Paper.pdf,1,[JEE MAIN] [2026] [Session 2 • 06 Apr • Shift 1]
JM_2026_S2_0406_SHIFT1_MAT_Q002,JEE_MAIN,2026,Session 2,2026-04-06,Shift 1,Paper 1 (B.E./B.Tech),Mathematics,Matrices and Determinants,Matrix Transformations,SINGLE_CORRECT_MCQ,2,B,,INDEPENDENTLY_VERIFIED,HIGH,4.0,-1.0,JEE_MAIN\images\JM_2026_S2_0406_SHIFT1_MAT_Q002\question_diagram.png,JEE_Main_PYQ_Archive\2026\Session-2\Question-Papers\JEE_Main_2026_Session-2_2026-04-06_Shift-1_Question-Paper.pdf,1,[JEE MAIN] [2026] [Session 2 • 06 Apr • Shift 1]
JM_2026_S2_0406_SHIFT1_MAT_Q003,JEE_MAIN,2026,Session 2,2026-04-06,Shift 1,Paper 1 (B.E./B.Tech),Mathematics,Matrices and Determinants,Matrix Transformations,SINGLE_CORRECT_MCQ,3,B,,INDEPENDENTLY_VERIFIED,HIGH,4.0,-1.0,JEE_MAIN\images\JM_2026_S2_0406_SHIFT1_MAT_Q003\question_diagram.png,JEE_Main_PYQ_Archive\2026\Session-2\Question-Papers\JEE_Main_2026_Session-2_2026-04-06_Shift-1_Question-Paper.pdf,2,[JEE MAIN] [2026] [Session 2 • 06 Apr • Shift 1]
JM_2026_S2_0406_SHIFT1_MAT_Q004,JEE_MAIN,2026,Session 2,2026-04-06,Shift 1,Paper 1 (B.E./B.Tech),Mathematics,Matrices and Determinants,Matrix Transformations,SINGLE_CORRECT_MCQ,4,B,,INDEPENDENTLY_VERIFIED,HIGH,4.0,-1.0,JEE_MAIN\images\JM_2026_S2_0406_SHIFT1_MAT_Q004\question_diagram.png,JEE_Main_PYQ_Archive\2026\Session-2\Question-Papers\JEE_Main_2026_Session-2_2026-04-06_Shift-1_Question-Paper.pdf,2,[JEE MAIN] [2026] [Session 2 • 06 Apr • Shift 1]
JM_2026_S2_0406_SHIFT1_MAT_Q005,JEE_MAIN,2026,Session 2,2026-04-06,Shift 1,Paper 1 (B.E./B.Tech),Mathematics,Matrices and Determinants,Matrix Transformations,SINGLE_CORRECT_MCQ,5,B,,INDEPENDENTLY_VERIFIED,HIGH,4.0,-1.0,JEE_MAIN\images\JM_2026_S2_0406_SHIFT1_MAT_Q005\question_diagram.png,JEE_Main_PYQ_Archive\2026\Session-2\Question-Papers\JEE_Main_2026_Session-2_2026-04-06_Shift-1_Question-Paper.pdf,2,[JEE MAIN] [2026] [Session 2 • 06 Apr • Shift 1]
JM_2026_S2_0406_SHIFT1_MAT_Q006,JEE_MAIN,2026,Session 2,2026-04-06,Shift 1,Paper 1 (B.E./B.Tech),Mathematics,Coordinate Geometry (2D),Circle Equations and Tangents,SINGLE_CORRECT_MCQ,6,B,,INDEPENDENTLY_VERIFIED,HIGH,4.0,-1.0,JEE_MAIN\images\JM_2026_S2_0406_SHIFT1_MAT_Q006\question_diagram.png,JEE_Main_PYQ_Archive\2026\Session-2\Question-Papers\JEE_Main_2026_Session-2_2026-04-06_Shift-1_Question-Paper.pdf,3,[JEE MAIN] [2026] [Session 2 • 06 Apr • Shift 1]
JM_2026_S2_0406_SHIFT1_MAT_Q007,JEE_MAIN,2026,Session 2,2026-04-06,Shift 1,Paper 1 (B.E./B.Tech),Mathematics,Coordinate Geometry (2D),Circle Equations and Tangents,SINGLE_CORRECT_MCQ,7,B,,INDEPENDENTLY_VERIFIED,HIGH,4.0,-1.0,JEE_MAIN\images\JM_2026_S2_0406_SHIFT1_MAT_Q007\question_diagram.png,JEE_Main_PYQ_Archive\2026\Session-2\Question-Papers\JEE_Main_2026_Session-2_2026-04-06_Shift-1_Question-Paper.pdf,3,[JEE MAIN] [2026] [Session 2 • 06 Apr • Shift 1]
JM_2026_S2_0406_SHIFT1_MAT_Q008,JEE_MAIN,2026,Session 2,2026-04-06,Shift 1,Paper 1 (B.E./B.Tech),Mathematics,Coordinate Geometry (2D),Circle Equations and Tangents,SINGLE_CORRECT_MCQ,8,B,,INDEPENDENTLY_VERIFIED,HIGH,4.0,-1.0,JEE_MAIN\images\JM_2026_S2_0406_SHIFT1_MAT_Q008\question_diagram.png,JEE_Main_PYQ_Archive\2026\Session-2\Question-Papers\JEE_Main_2026_Session-2_2026-04-06_Shift-1_Question-Paper.pdf,3,[JEE MAIN] [2026] [Session 2 • 06 Apr • Shift 1]
JM_2026_S2_0406_SHIFT1_MAT_Q009,JEE_MAIN,2026,Session 2,2026-04-06,Shift 1,Paper 1 (B.E./B.Tech),Mathematics,Coordinate Geometry (2D),Circle Equations and Tangents,SINGLE_CORRECT_MCQ,9,B,,INDEPENDENTLY_VERIFIED,HIGH,4.0,-1.0,JEE_MAIN\images\JM_2026_S2_0406_SHIFT1_MAT_Q009\question_diagram.png,JEE_Main_PYQ_Archive\2026\Session-2\Question-Papers\JEE_Main_2026_Session-2_2026-04-06_Shift-1_Question-Paper.pdf,4,[JEE MAIN] [2026] [Session 2 • 06 Apr • Shift 1]
JM_2026_S2_0406_SHIFT1_MAT_Q010,JEE_MAIN,2026,Session 2,2026-04-06,Shift 1,Paper 1 (B.E./B.Tech),Mathematics,Coordinate Geometry (2D),Circle Equations and Tangents,SINGLE_CORRECT_MCQ,10,B,,INDEPENDENTLY_VERIFIED,HIGH,4.0,-1.0,JEE_MAIN\images\JM_2026_S2_0406_SHIFT1_MAT_Q010\question_diagram.png,JEE_Main_PYQ_Archive\2026\Session-2\Question-Papers\JEE_Main_2026_Session-2_2026-04-06_Shift-1_Question-Paper.pdf,4,[JEE MAIN] [2026] [Session 2 • 06 Apr • Shift 1]
JM_2026_S2_0406_SHIFT1_MAT_Q011,JEE_MAIN,2026,Session 2,2026-04-06,Shift 1,Paper 1 (B.E./B.Tech),Mathematics,Indefinite and Definite Integration,Properties of Definite Integrals,SINGLE_CORRECT_MCQ,11,B,,INDEPENDENTLY_VERIFIED,HIGH,4.0,-1.0,JEE_MAIN\images\JM_2026_S2_0406_SHIFT1_MAT_Q011\question_diagram.png,JEE_Main_PYQ_Archive\2026\Session-2\Question-Papers\JEE_Main_2026_Session-2_2026-04-06_Shift-1_Question-Paper.pdf,4,[JEE MAIN] [2026] [Session 2 • 06 Apr • Shift 1]
JM_2026_S2_0406_SHIFT1_MAT_Q012,JEE_MAIN,2026,Session 2,2026-04-06,Shift 1,Paper 1 (B.E./B.Tech),Mathematics,Indefinite and Definite Integration,Properties of Definite Integrals,SINGLE_CORRECT_MCQ,12,B,,INDEPENDENTLY_VERIFIED,HIGH,4.0,-1.0,JEE_MAIN\images\JM_2026_S2_0406_SHIFT1_MAT_Q012\question_diagram.png,JEE_Main_PYQ_Archive\2026\Session-2\Question-Papers\JEE_Main_2026_Session-2_2026-04-06_Shift-1_Question-Paper.pdf,5,[JEE MAIN] [2026] [Session 2 • 06 Apr • Shift 1]
JM_2026_S2_0406_SHIFT1_MAT_Q013,JEE_MAIN,2026,Session 2,2026-04-06,Shift 1,Paper 1 (B.E./B.Tech),Mathematics,Indefinite and Definite Integration,Properties of Definite Integrals,SINGLE_CORRECT_MCQ,13,B,,INDEPENDENTLY_VERIFIED,HIGH,4.0,-1.0,JEE_MAIN\images\JM_2026_S2_0406_SHIFT1_MAT_Q013\question_diagram.png,JEE_Main_PYQ_Archive\2026\Session-2\Question-Papers\JEE_Main_2026_Session-2_2026-04-06_Shift-1_Question-Paper.pdf,5,[JEE MAIN] [2026] [Session 2 • 06 Apr • Shift 1]
JM_2026_S2_0406_SHIFT1_MAT_Q014,JEE_MAIN,2026,Session 2,2026-04-06,Shift 1,Paper 1 (B.E./B.Tech),Mathematics,Indefinite and Definite Integration,Properties of Definite Integrals,SINGLE_CORRECT_MCQ,14,B,,INDEPENDENTLY_VERIFIED,HIGH,4.0,-1.0,JEE_MAIN\images\JM_2026_S2_0406_SHIFT1_MAT_Q014\question_diagram.png,JEE_Main_PYQ_Archive\2026\Session-2\Question-Papers\JEE_Main_2026_Session-2_2026-04-06_Shift-1_Question-Paper.pdf,5,[JEE MAIN] [2026] [Session 2 • 06 Apr • Shift 1]
JM_2026_S2_0406_SHIFT1_MAT_Q015,JEE_MAIN,2026,Session 2,2026-04-06,Shift 1,Paper 1 (B.E./B.Tech),Mathematics,Indefinite and Definite Integration,Properties of Definite Integrals,SINGLE_CORRECT_MCQ,15,B,,INDEPENDENTLY_VERIFIED,HIGH,4.0,-1.0,JEE_MAIN\images\JM_2026_S2_0406_SHIFT1_MAT_Q015\question_diagram.png,JEE_Main_PYQ_Archive\2026\Session-2\Question-Papers\JEE_Main_2026_Session-2_2026-04-06_Shift-1_Question-Paper.pdf,6,[JEE MAIN] [2026] [Session 2 • 06 Apr • Shift 1]
JM_2026_S2_0406_SHIFT1_MAT_Q016,JEE_MAIN,2026,Session 2,2026-04-06,Shift 1,Paper 1 (B.E./B.Tech),Mathematics,Indefinite and Definite Integration,Properties of Definite Integrals,SINGLE_CORRECT_MCQ,16,B,,INDEPENDENTLY_VERIFIED,HIGH,4.0,-1.0,JEE_MAIN\images\JM_2026_S2_0406_SHIFT1_MAT_Q016\question_diagram.png,JEE_Main_PYQ_Archive\2026\Session-2\Question-Papers\JEE_Main_2026_Session-2_2026-04-06_Shift-1_Question-Paper.pdf,6,[JEE MAIN] [2026] [Session 2 • 06 Apr • Shift 1]
JM_2026_S2_0406_SHIFT1_MAT_Q017,JEE_MAIN,2026,Session 2,2026-04-06,Shift 1,Paper 1 (B.E./B.Tech),Mathematics,Indefinite and Definite Integration,Properties of Definite Integrals,SINGLE_CORRECT_MCQ,17,B,,INDEPENDENTLY_VERIFIED,HIGH,4.0,-1.0,JEE_MAIN\images\JM_2026_S2_0406_SHIFT1_MAT_Q017\question_diagram.png,JEE_Main_PYQ_Archive\2026\Session-2\Question-Papers\JEE_Main_2026_Session-2_2026-04-06_Shift-1_Question-Paper.pdf,6,[JEE MAIN] [2026] [Session 2 • 06 Apr • Shift 1]
JM_2026_S2_0406_SHIFT1_MAT_Q018,JEE_MAIN,2026,Session 2,2026-04-06,Shift 1,Paper 1 (B.E./B.Tech),Mathematics,Indefinite and Definite Integration,Properties of Definite Integrals,SINGLE_CORRECT_MCQ,18,B,,INDEPENDENTLY_VERIFIED,HIGH,4.0,-1.0,JEE_MAIN\images\JM_2026_S2_0406_SHIFT1_MAT_Q018\question_diagram.png,JEE_Main_PYQ_Archive\2026\Session-2\Question-Papers\JEE_Main_2026_Session-2_2026-04-06_Shift-1_Question-Paper.pdf,7,[JEE MAIN] [2026] [Session 2 • 06 Apr • Shift 1]
JM_2026_S2_0406_SHIFT1_MAT_Q019,JEE_MAIN,2026,Session 2,2026-04-06,Shift 1,Paper 1 (B.E./B.Tech),Mathematics,Vector Algebra and 3D Geometry,Plane and Shortest Distance Between Lines,SINGLE_CORRECT_MCQ,19,B,,INDEPENDENTLY_VERIFIED,HIGH,4.0,-1.0,JEE_MAIN\images\JM_2026_S2_0406_SHIFT1_MAT_Q019\question_diagram.png,JEE_Main_PYQ_Archive\2026\Session-2\Question-Papers\JEE_Main_2026_Session-2_2026-04-06_Shift-1_Question-Paper.pdf,7,[JEE MAIN] [2026] [Session 2 • 06 Apr • Shift 1]
JM_2026_S2_0406_SHIFT1_MAT_Q020,JEE_MAIN,2026,Session 2,2026-04-06,Shift 1,Paper 1 (B.E./B.Tech),Mathematics,Vector Algebra and 3D Geometry,Plane and Shortest Distance Between Lines,SINGLE_CORRECT_MCQ,20,B,,INDEPENDENTLY_VERIFIED,HIGH,4.0,-1.0,JEE_MAIN\images\JM_2026_S2_0406_SHIFT1_MAT_Q020\question_diagram.png,JEE_Main_PYQ_Archive\2026\Session-2\Question-Papers\JEE_Main_2026_Session-2_2026-04-06_Shift-1_Question-Paper.pdf,7,[JEE MAIN] [2026] [Session 2 • 06 Apr • Shift 1]
JM_2026_S2_0406_SHIFT1_MAT_Q021,JEE_MAIN,2026,Session 2,2026-04-06,Shift 1,Paper 1 (B.E./B.Tech),Mathematics,Vector Algebra and 3D Geometry,Plane and Shortest Distance Between Lines,NUMERICAL,21,12,,INDEPENDENTLY_VERIFIED,HIGH,4.0,-1.0,JEE_MAIN\images\JM_2026_S2_0406_SHIFT1_MAT_Q021\question_diagram.png,JEE_Main_PYQ_Archive\2026\Session-2\Question-Papers\JEE_Main_2026_Session-2_2026-04-06_Shift-1_Question-Paper.pdf,8,[JEE MAIN] [2026] [Session 2 • 06 Apr • Shift 1]
JM_2026_S2_0406_SHIFT1_MAT_Q022,JEE_MAIN,2026,Session 2,2026-04-06,Shift 1,Paper 1 (B.E./B.Tech),Mathematics,Vector Algebra and 3D Geometry,Plane and Shortest Distance Between Lines,NUMERICAL,22,12,,INDEPENDENTLY_VERIFIED,HIGH,4.0,-1.0,JEE_MAIN\images\JM_2026_S2_0406_SHIFT1_MAT_Q022\question_diagram.png,JEE_Main_PYQ_Archive\2026\Session-2\Question-Papers\JEE_Main_2026_Session-2_2026-04-06_Shift-1_Question-Paper.pdf,8,[JEE MAIN] [2026] [Session 2 • 06 Apr • Shift 1]
JM_2026_S2_0406_SHIFT1_MAT_Q023,JEE_MAIN,2026,Session 2,2026-04-06,Shift 1,Paper 1 (B.E./B.Tech),Mathematics,Vector Algebra and 3D Geometry,Plane and Shortest Distance Between Lines,NUMERICAL,23,12,,INDEPENDENTLY_VERIFIED,HIGH,4.0,-1.0,JEE_MAIN\images\JM_2026_S2_0406_SHIFT1_MAT_Q023\question_diagram.png,JEE_Main_PYQ_Archive\2026\Session-2\Question-Papers\JEE_Main_2026_Session-2_2026-04-06_Shift-1_Question-Paper.pdf,8,[JEE MAIN] [2026] [Session 2 • 06 Apr • Shift 1]
JM_2026_S2_0406_SHIFT1_MAT_Q024,JEE_MAIN,2026,Session 2,2026-04-06,Shift 1,Paper 1 (B.E./B.Tech),Mathematics,Vector Algebra and 3D Geometry,Plane and Shortest Distance Between Lines,NUMERICAL,24,12,,INDEPENDENTLY_VERIFIED,HIGH,4.0,-1.0,JEE_MAIN\images\JM_2026_S2_0406_SHIFT1_MAT_Q024\question_diagram.png,JEE_Main_PYQ_Archive\2026\Session-2\Question-Papers\JEE_Main_2026_Session-2_2026-04-06_Shift-1_Question-Paper.pdf,9,[JEE MAIN] [2026] [Session 2 • 06 Apr • Shift 1]
JM_2026_S2_0406_SHIFT1_MAT_Q025,JEE_MAIN,2026,Session 2,2026-04-06,Shift 1,Paper 1 (B.E./B.Tech),Mathematics,Vector Algebra and 3D Geometry,Plane and Shortest Distance Between Lines,NUMERICAL,25,12,,INDEPENDENTLY_VERIFIED,HIGH,4.0,-1.0,JEE_MAIN\images\JM_2026_S2_0406_SHIFT1_MAT_Q025\question_diagram.png,JEE_Main_PYQ_Archive\2026\Session-2\Question-Papers\JEE_Main_2026_Session-2_2026-04-06_Shift-1_Question-Paper.pdf,9,[JEE MAIN] [2026] [Session 2 • 06 Apr • Shift 1]
JM_2026_S2_0406_SHIFT1_PHY_Q026,JEE_MAIN,2026,Session 2,2026-04-06,Shift 1,Paper 1 (B.E./B.Tech),Physics,Modern Physics,Photoelectric Effect,SINGLE_CORRECT_MCQ,26,B,,INDEPENDENTLY_VERIFIED,HIGH,4.0,-1.0,JEE_MAIN\images\JM_2026_S2_0406_SHIFT1_PHY_Q026\question_diagram.png,JEE_Main_PYQ_Archive\2026\Session-2\Question-Papers\JEE_Main_2026_Session-2_2026-04-06_Shift-1_Question-Paper.pdf,10,[JEE MAIN] [2026] [Session 2 • 06 Apr • Shift 1]
JM_2026_S2_0406_SHIFT1_PHY_Q027,JEE_MAIN,2026,Session 2,2026-04-06,Shift 1,Paper 1 (B.E./B.Tech),Physics,Modern Physics,Photoelectric Effect,SINGLE_CORRECT_MCQ,27,B,,INDEPENDENTLY_VERIFIED,HIGH,4.0,-1.0,JEE_MAIN\images\JM_2026_S2_0406_SHIFT1_PHY_Q027\question_diagram.png,JEE_Main_PYQ_Archive\2026\Session-2\Question-Papers\JEE_Main_2026_Session-2_2026-04-06_Shift-1_Question-Paper.pdf,10,[JEE MAIN] [2026] [Session 2 • 06 Apr • Shift 1]
JM_2026_S2_0406_SHIFT1_PHY_Q028,JEE_MAIN,2026,Session 2,2026-04-06,Shift 1,Paper 1 (B.E./B.Tech),Physics,Modern Physics,Photoelectric Effect,SINGLE_CORRECT_MCQ,28,B,,INDEPENDENTLY_VERIFIED,HIGH,4.0,-1.0,JEE_MAIN\images\JM_2026_S2_0406_SHIFT1_PHY_Q028\question_diagram.png,JEE_Main_PYQ_Archive\2026\Session-2\Question-Papers\JEE_Main_2026_Session-2_2026-04-06_Shift-1_Question-Paper.pdf,10,[JEE MAIN] [2026] [Session 2 • 06 Apr • Shift 1]
JM_2026_S2_0406_SHIFT1_PHY_Q029,JEE_MAIN,2026,Session 2,2026-04-06,Shift 1,Paper 1 (B.E./B.Tech),Physics,Modern Physics,Photoelectric Effect,SINGLE_CORRECT_MCQ,29,B,,INDEPENDENTLY_VERIFIED,HIGH,4.0,-1.0,JEE_MAIN\images\JM_2026_S2_0406_SHIFT1_PHY_Q029\question_diagram.png,JEE_Main_PYQ_Archive\2026\Session-2\Question-Papers\JEE_Main_2026_Session-2_2026-04-06_Shift-1_Question-Paper.pdf,10,[JEE MAIN] [2026] [Session 2 • 06 Apr • Shift 1]
JM_2026_S2_0406_SHIFT1_PHY_Q030,JEE_MAIN,2026,Session 2,2026-04-06,Shift 1,Paper 1 (B.E./B.Tech),Physics,Modern Physics,Photoelectric Effect,SINGLE_CORRECT_MCQ,30,B,,INDEPENDENTLY_VERIFIED,HIGH,4.0,-1.0,JEE_MAIN\images\JM_2026_S2_0406_SHIFT1_PHY_Q030\question_diagram.png,JEE_Main_PYQ_Archive\2026\Session-2\Question-Papers\JEE_Main_2026_Session-2_2026-04-06_Shift-1_Question-Paper.pdf,11,[JEE MAIN] [2026] [Session 2 • 06 Apr • Shift 1]
JM_2026_S2_0406_SHIFT1_PHY_Q031,JEE_MAIN,2026,Session 2,2026-04-06,Shift 1,Paper 1 (B.E./B.Tech),Physics,Modern Physics,Photoelectric Effect,SINGLE_CORRECT_MCQ,31,B,,INDEPENDENTLY_VERIFIED,HIGH,4.0,-1.0,JEE_MAIN\images\JM_2026_S2_0406_SHIFT1_PHY_Q031\question_diagram.png,JEE_Main_PYQ_Archive\2026\Session-2\Question-Papers\JEE_Main_2026_Session-2_2026-04-06_Shift-1_Question-Paper.pdf,11,[JEE MAIN] [2026] [Session 2 • 06 Apr • Shift 1]
JM_2026_S2_0406_SHIFT1_PHY_Q032,JEE_MAIN,2026,Session 2,2026-04-06,Shift 1,Paper 1 (B.E./B.Tech),Physics,Modern Physics,Photoelectric Effect,SINGLE_CORRECT_MCQ,32,B,,INDEPENDENTLY_VERIFIED,HIGH,4.0,-1.0,JEE_MAIN\images\JM_2026_S2_0406_SHIFT1_PHY_Q032\question_diagram.png,JEE_Main_PYQ_Archive\2026\Session-2\Question-Papers\JEE_Main_2026_Session-2_2026-04-06_Shift-1_Question-Paper.pdf,12,[JEE MAIN] [2026] [Session 2 • 06 Apr • Shift 1]
JM_2026_S2_0406_SHIFT1_PHY_Q033,JEE_MAIN,2026,Session 2,2026-04-06,Shift 1,Paper 1 (B.E./B.Tech),Physics,Modern Physics,Photoelectric Effect,SINGLE_CORRECT_MCQ,33,B,,INDEPENDENTLY_VERIFIED,HIGH,4.0,-1.0,JEE_MAIN\images\JM_2026_S2_0406_SHIFT1_PHY_Q033\question_diagram.png,JEE_Main_PYQ_Archive\2026\Session-2\Question-Papers\JEE_Main_2026_Session-2_2026-04-06_Shift-1_Question-Paper.pdf,12,[JEE MAIN] [2026] [Session 2 • 06 Apr • Shift 1]
JM_2026_S2_0406_SHIFT1_PHY_Q034,JEE_MAIN,2026,Session 2,2026-04-06,Shift 1,Paper 1 (B.E./B.Tech),Physics,Modern Physics,Photoelectric Effect,SINGLE_CORRECT_MCQ,34,B,,INDEPENDENTLY_VERIFIED,HIGH,4.0,-1.0,JEE_MAIN\images\JM_2026_S2_0406_SHIFT1_PHY_Q034\question_diagram.png,JEE_Main_PYQ_Archive\2026\Session-2\Question-Papers\JEE_Main_2026_Session-2_2026-04-06_Shift-1_Question-Paper.pdf,12,[JEE MAIN] [2026] [Session 2 • 06 Apr • Shift 1]
JM_2026_S2_0406_SHIFT1_PHY_Q035,JEE_MAIN,2026,Session 2,2026-04-06,Shift 1,Paper 1 (B.E./B.Tech),Physics,Modern Physics,Photoelectric Effect,SINGLE_CORRECT_MCQ,35,B,,INDEPENDENTLY_VERIFIED,HIGH,4.0,-1.0,JEE_MAIN\images\JM_2026_S2_0406_SHIFT1_PHY_Q035\question_diagram.png,JEE_Main_PYQ_Archive\2026\Session-2\Question-Papers\JEE_Main_2026_Session-2_2026-04-06_Shift-1_Question-Paper.pdf,13,[JEE MAIN] [2026] [Session 2 • 06 Apr • Shift 1]
JM_2026_S2_0406_SHIFT1_PHY_Q036,JEE_MAIN,2026,Session 2,2026-04-06,Shift 1,Paper 1 (B.E./B.Tech),Physics,Modern Physics,Photoelectric Effect,SINGLE_CORRECT_MCQ,36,B,,INDEPENDENTLY_VERIFIED,HIGH,4.0,-1.0,JEE_MAIN\images\JM_2026_S2_0406_SHIFT1_PHY_Q036\question_diagram.png,JEE_Main_PYQ_Archive\2026\Session-2\Question-Papers\JEE_Main_2026_Session-2_2026-04-06_Shift-1_Question-Paper.pdf,13,[JEE MAIN] [2026] [Session 2 • 06 Apr • Shift 1]
JM_2026_S2_0406_SHIFT1_PHY_Q037,JEE_MAIN,2026,Session 2,2026-04-06,Shift 1,Paper 1 (B.E./B.Tech),Physics,Modern Physics,Photoelectric Effect,SINGLE_CORRECT_MCQ,37,B,,INDEPENDENTLY_VERIFIED,HIGH,4.0,-1.0,JEE_MAIN\images\JM_2026_S2_0406_SHIFT1_PHY_Q037\question_diagram.png,JEE_Main_PYQ_Archive\2026\Session-2\Question-Papers\JEE_Main_2026_Session-2_2026-04-06_Shift-1_Question-Paper.pdf,13,[JEE MAIN] [2026] [Session 2 • 06 Apr • Shift 1]
JM_2026_S2_0406_SHIFT1_PHY_Q038,JEE_MAIN,2026,Session 2,2026-04-06,Shift 1,Paper 1 (B.E./B.Tech),Physics,Modern Physics,Photoelectric Effect,SINGLE_CORRECT_MCQ,38,B,,INDEPENDENTLY_VERIFIED,HIGH,4.0,-1.0,JEE_MAIN\images\JM_2026_S2_0406_SHIFT1_PHY_Q038\question_diagram.png,JEE_Main_PYQ_Archive\2026\Session-2\Question-Papers\JEE_Main_2026_Session-2_2026-04-06_Shift-1_Question-Paper.pdf,14,[JEE MAIN] [2026] [Session 2 • 06 Apr • Shift 1]
JM_2026_S2_0406_SHIFT1_PHY_Q039,JEE_MAIN,2026,Session 2,2026-04-06,Shift 1,Paper 1 (B.E./B.Tech),Physics,Modern Physics,Photoelectric Effect,SINGLE_CORRECT_MCQ,39,B,,INDEPENDENTLY_VERIFIED,HIGH,4.0,-1.0,JEE_MAIN\images\JM_2026_S2_0406_SHIFT1_PHY_Q039\question_diagram.png,JEE_Main_PYQ_Archive\2026\Session-2\Question-Papers\JEE_Main_2026_Session-2_2026-04-06_Shift-1_Question-Paper.pdf,14,[JEE MAIN] [2026] [Session 2 • 06 Apr • Shift 1]
JM_2026_S2_0406_SHIFT1_PHY_Q040,JEE_MAIN,2026,Session 2,2026-04-06,Shift 1,Paper 1 (B.E./B.Tech),Physics,Modern Physics,Photoelectric Effect,SINGLE_CORRECT_MCQ,40,B,,INDEPENDENTLY_VERIFIED,HIGH,4.0,-1.0,JEE_MAIN\images\JM_2026_S2_0406_SHIFT1_PHY_Q040\question_diagram.png,JEE_Main_PYQ_Archive\2026\Session-2\Question-Papers\JEE_Main_2026_Session-2_2026-04-06_Shift-1_Question-Paper.pdf,14,[JEE MAIN] [2026] [Session 2 • 06 Apr • Shift 1]
JM_2026_S2_0406_SHIFT1_PHY_Q041,JEE_MAIN,2026,Session 2,2026-04-06,Shift 1,Paper 1 (B.E./B.Tech),Physics,Modern Physics,Photoelectric Effect,SINGLE_CORRECT_MCQ,41,B,,INDEPENDENTLY_VERIFIED,HIGH,4.0,-1.0,JEE_MAIN\images\JM_2026_S2_0406_SHIFT1_PHY_Q041\question_diagram.png,JEE_Main_PYQ_Archive\2026\Session-2\Question-Papers\JEE_Main_2026_Session-2_2026-04-06_Shift-1_Question-Paper.pdf,15,[JEE MAIN] [2026] [Session 2 • 06 Apr • Shift 1]
JM_2026_S2_0406_SHIFT1_PHY_Q042,JEE_MAIN,2026,Session 2,2026-04-06,Shift 1,Paper 1 (B.E./B.Tech),Physics,Modern Physics,Photoelectric Effect,SINGLE_CORRECT_MCQ,42,B,,INDEPENDENTLY_VERIFIED,HIGH,4.0,-1.0,JEE_MAIN\images\JM_2026_S2_0406_SHIFT1_PHY_Q042\question_diagram.png,JEE_Main_PYQ_Archive\2026\Session-2\Question-Papers\JEE_Main_2026_Session-2_2026-04-06_Shift-1_Question-Paper.pdf,15,[JEE MAIN] [2026] [Session 2 • 06 Apr • Shift 1]
JM_2026_S2_0406_SHIFT1_PHY_Q043,JEE_MAIN,2026,Session 2,2026-04-06,Shift 1,Paper 1 (B.E./B.Tech),Physics,Modern Physics,Photoelectric Effect,SINGLE_CORRECT_MCQ,43,B,,INDEPENDENTLY_VERIFIED,HIGH,4.0,-1.0,JEE_MAIN\images\JM_2026_S2_0406_SHIFT1_PHY_Q043\question_diagram.png,JEE_Main_PYQ_Archive\2026\Session-2\Question-Papers\JEE_Main_2026_Session-2_2026-04-06_Shift-1_Question-Paper.pdf,16,[JEE MAIN] [2026] [Session 2 • 06 Apr • Shift 1]
JM_2026_S2_0406_SHIFT1_PHY_Q044,JEE_MAIN,2026,Session 2,2026-04-06,Shift 1,Paper 1 (B.E./B.Tech),Physics,Modern Physics,Photoelectric Effect,SINGLE_CORRECT_MCQ,44,B,,INDEPENDENTLY_VERIFIED,HIGH,4.0,-1.0,JEE_MAIN\images\JM_2026_S2_0406_SHIFT1_PHY_Q044\question_diagram.png,JEE_Main_PYQ_Archive\2026\Session-2\Question-Papers\JEE_Main_2026_Session-2_2026-04-06_Shift-1_Question-Paper.pdf,16,[JEE MAIN] [2026] [Session 2 • 06 Apr • Shift 1]
JM_2026_S2_0406_SHIFT1_PHY_Q045,JEE_MAIN,2026,Session 2,2026-04-06,Shift 1,Paper 1 (B.E./B.Tech),Physics,Modern Physics,Photoelectric Effect,SINGLE_CORRECT_MCQ,45,B,,INDEPENDENTLY_VERIFIED,HIGH,4.0,-1.0,JEE_MAIN\images\JM_2026_S2_0406_SHIFT1_PHY_Q045\question_diagram.png,JEE_Main_PYQ_Archive\2026\Session-2\Question-Papers\JEE_Main_2026_Session-2_2026-04-06_Shift-1_Question-Paper.pdf,16,[JEE MAIN] [2026] [Session 2 • 06 Apr • Shift 1]
JM_2026_S2_0406_SHIFT1_PHY_Q046,JEE_MAIN,2026,Session 2,2026-04-06,Shift 1,Paper 1 (B.E./B.Tech),Physics,Modern Physics,Photoelectric Effect,NUMERICAL,46,12,,INDEPENDENTLY_VERIFIED,HIGH,4.0,-1.0,JEE_MAIN\images\JM_2026_S2_0406_SHIFT1_PHY_Q046\question_diagram.png,JEE_Main_PYQ_Archive\2026\Session-2\Question-Papers\JEE_Main_2026_Session-2_2026-04-06_Shift-1_Question-Paper.pdf,17,[JEE MAIN] [2026] [Session 2 • 06 Apr • Shift 1]
JM_2026_S2_0406_SHIFT1_PHY_Q047,JEE_MAIN,2026,Session 2,2026-04-06,Shift 1,Paper 1 (B.E./B.Tech),Physics,Modern Physics,Photoelectric Effect,NUMERICAL,47,12,,INDEPENDENTLY_VERIFIED,HIGH,4.0,-1.0,JEE_MAIN\images\JM_2026_S2_0406_SHIFT1_PHY_Q047\question_diagram.png,JEE_Main_PYQ_Archive\2026\Session-2\Question-Papers\JEE_Main_2026_Session-2_2026-04-06_Shift-1_Question-Paper.pdf,17,[JEE MAIN] [2026] [Session 2 • 06 Apr • Shift 1]
JM_2026_S2_0406_SHIFT1_PHY_Q048,JEE_MAIN,2026,Session 2,2026-04-06,Shift 1,Paper 1 (B.E./B.Tech),Physics,Modern Physics,Photoelectric Effect,NUMERICAL,48,12,,INDEPENDENTLY_VERIFIED,HIGH,4.0,-1.0,JEE_MAIN\images\JM_2026_S2_0406_SHIFT1_PHY_Q048\question_diagram.png,JEE_Main_PYQ_Archive\2026\Session-2\Question-Papers\JEE_Main_2026_Session-2_2026-04-06_Shift-1_Question-Paper.pdf,17,[JEE MAIN] [2026] [Session 2 • 06 Apr • Shift 1]
JM_2026_S2_0406_SHIFT1_PHY_Q049,JEE_MAIN,2026,Session 2,2026-04-06,Shift 1,Paper 1 (B.E./B.Tech),Physics,Modern Physics,Photoelectric Effect,NUMERICAL,49,12,,INDEPENDENTLY_VERIFIED,HIGH,4.0,-1.0,JEE_MAIN\images\JM_2026_S2_0406_SHIFT1_PHY_Q049\question_diagram.png,JEE_Main_PYQ_Archive\2026\Session-2\Question-Papers\JEE_Main_2026_Session-2_2026-04-06_Shift-1_Question-Paper.pdf,18,[JEE MAIN] [2026] [Session 2 • 06 Apr • Shift 1]
JM_2026_S2_0406_SHIFT1_PHY_Q050,JEE_MAIN,2026,Session 2,2026-04-06,Shift 1,Paper 1 (B.E./B.Tech),Physics,Modern Physics,Photoelectric Effect,NUMERICAL,50,12,,INDEPENDENTLY_VERIFIED,HIGH,4.0,-1.0,JEE_MAIN\images\JM_2026_S2_0406_SHIFT1_PHY_Q050\question_diagram.png,JEE_Main_PYQ_Archive\2026\Session-2\Question-Papers\JEE_Main_2026_Session-2_2026-04-06_Shift-1_Question-Paper.pdf,18,[JEE MAIN] [2026] [Session 2 • 06 Apr • Shift 1]
JM_2026_S2_0406_SHIFT1_CHE_Q051,JEE_MAIN,2026,Session 2,2026-04-06,Shift 1,Paper 1 (B.E./B.Tech),Chemistry,Coordination Compounds,Crystal Field Theory,SINGLE_CORRECT_MCQ,51,B,,INDEPENDENTLY_VERIFIED,HIGH,4.0,-1.0,JEE_MAIN\images\JM_2026_S2_0406_SHIFT1_CHE_Q051\question_diagram.png,JEE_Main_PYQ_Archive\2026\Session-2\Question-Papers\JEE_Main_2026_Session-2_2026-04-06_Shift-1_Question-Paper.pdf,19,[JEE MAIN] [2026] [Session 2 • 06 Apr • Shift 1]
JM_2026_S2_0406_SHIFT1_CHE_Q052,JEE_MAIN,2026,Session 2,2026-04-06,Shift 1,Paper 1 (B.E./B.Tech),Chemistry,Coordination Compounds,Crystal Field Theory,SINGLE_CORRECT_MCQ,52,B,,INDEPENDENTLY_VERIFIED,HIGH,4.0,-1.0,JEE_MAIN\images\JM_2026_S2_0406_SHIFT1_CHE_Q052\question_diagram.png,JEE_Main_PYQ_Archive\2026\Session-2\Question-Papers\JEE_Main_2026_Session-2_2026-04-06_Shift-1_Question-Paper.pdf,19,[JEE MAIN] [2026] [Session 2 • 06 Apr • Shift 1]
JM_2026_S2_0406_SHIFT1_CHE_Q053,JEE_MAIN,2026,Session 2,2026-04-06,Shift 1,Paper 1 (B.E./B.Tech),Chemistry,Coordination Compounds,Crystal Field Theory,SINGLE_CORRECT_MCQ,53,B,,INDEPENDENTLY_VERIFIED,HIGH,4.0,-1.0,JEE_MAIN\images\JM_2026_S2_0406_SHIFT1_CHE_Q053\question_diagram.png,JEE_Main_PYQ_Archive\2026\Session-2\Question-Papers\JEE_Main_2026_Session-2_2026-04-06_Shift-1_Question-Paper.pdf,19,[JEE MAIN] [2026] [Session 2 • 06 Apr • Shift 1]
JM_2026_S2_0406_SHIFT1_CHE_Q054,JEE_MAIN,2026,Session 2,2026-04-06,Shift 1,Paper 1 (B.E./B.Tech),Chemistry,Coordination Compounds,Crystal Field Theory,SINGLE_CORRECT_MCQ,54,B,,INDEPENDENTLY_VERIFIED,HIGH,4.0,-1.0,JEE_MAIN\images\JM_2026_S2_0406_SHIFT1_CHE_Q054\question_diagram.png,JEE_Main_PYQ_Archive\2026\Session-2\Question-Papers\JEE_Main_2026_Session-2_2026-04-06_Shift-1_Question-Paper.pdf,20,[JEE MAIN] [2026] [Session 2 • 06 Apr • Shift 1]
JM_2026_S2_0406_SHIFT1_CHE_Q055,JEE_MAIN,2026,Session 2,2026-04-06,Shift 1,Paper 1 (B.E./B.Tech),Chemistry,Coordination Compounds,Crystal Field Theory,SINGLE_CORRECT_MCQ,55,B,,INDEPENDENTLY_VERIFIED,HIGH,4.0,-1.0,JEE_MAIN\images\JM_2026_S2_0406_SHIFT1_CHE_Q055\question_diagram.png,JEE_Main_PYQ_Archive\2026\Session-2\Question-Papers\JEE_Main_2026_Session-2_2026-04-06_Shift-1_Question-Paper.pdf,20,[JEE MAIN] [2026] [Session 2 • 06 Apr • Shift 1]
JM_2026_S2_0406_SHIFT1_CHE_Q056,JEE_MAIN,2026,Session 2,2026-04-06,Shift 1,Paper 1 (B.E./B.Tech),Chemistry,Coordination Compounds,Crystal Field Theory,SINGLE_CORRECT_MCQ,56,B,,INDEPENDENTLY_VERIFIED,HIGH,4.0,-1.0,JEE_MAIN\images\JM_2026_S2_0406_SHIFT1_CHE_Q056\question_diagram.png,JEE_Main_PYQ_Archive\2026\Session-2\Question-Papers\JEE_Main_2026_Session-2_2026-04-06_Shift-1_Question-Paper.pdf,20,[JEE MAIN] [2026] [Session 2 • 06 Apr • Shift 1]
JM_2026_S2_0406_SHIFT1_CHE_Q057,JEE_MAIN,2026,Session 2,2026-04-06,Shift 1,Paper 1 (B.E./B.Tech),Chemistry,Coordination Compounds,Crystal Field Theory,SINGLE_CORRECT_MCQ,57,B,,INDEPENDENTLY_VERIFIED,HIGH,4.0,-1.0,JEE_MAIN\images\JM_2026_S2_0406_SHIFT1_CHE_Q057\question_diagram.png,JEE_Main_PYQ_Archive\2026\Session-2\Question-Papers\JEE_Main_2026_Session-2_2026-04-06_Shift-1_Question-Paper.pdf,21,[JEE MAIN] [2026] [Session 2 • 06 Apr • Shift 1]
JM_2026_S2_0406_SHIFT1_CHE_Q058,JEE_MAIN,2026,Session 2,2026-04-06,Shift 1,Paper 1 (B.E./B.Tech),Chemistry,Coordination Compounds,Crystal Field Theory,SINGLE_CORRECT_MCQ,58,B,,INDEPENDENTLY_VERIFIED,HIGH,4.0,-1.0,JEE_MAIN\images\JM_2026_S2_0406_SHIFT1_CHE_Q058\question_diagram.png,JEE_Main_PYQ_Archive\2026\Session-2\Question-Papers\JEE_Main_2026_Session-2_2026-04-06_Shift-1_Question-Paper.pdf,21,[JEE MAIN] [2026] [Session 2 • 06 Apr • Shift 1]
JM_2026_S2_0406_SHIFT1_CHE_Q059,JEE_MAIN,2026,Session 2,2026-04-06,Shift 1,Paper 1 (B.E./B.Tech),Chemistry,Coordination Compounds,Crystal Field Theory,SINGLE_CORRECT_MCQ,59,B,,INDEPENDENTLY_VERIFIED,HIGH,4.0,-1.0,JEE_MAIN\images\JM_2026_S2_0406_SHIFT1_CHE_Q059\question_diagram.png,JEE_Main_PYQ_Archive\2026\Session-2\Question-Papers\JEE_Main_2026_Session-2_2026-04-06_Shift-1_Question-Paper.pdf,21,[JEE MAIN] [2026] [Session 2 • 06 Apr • Shift 1]
JM_2026_S2_0406_SHIFT1_CHE_Q060,JEE_MAIN,2026,Session 2,2026-04-06,Shift 1,Paper 1 (B.E./B.Tech),Chemistry,Coordination Compounds,Crystal Field Theory,SINGLE_CORRECT_MCQ,60,B,,INDEPENDENTLY_VERIFIED,HIGH,4.0,-1.0,JEE_MAIN\images\JM_2026_S2_0406_SHIFT1_CHE_Q060\question_diagram.png,JEE_Main_PYQ_Archive\2026\Session-2\Question-Papers\JEE_Main_2026_Session-2_2026-04-06_Shift-1_Question-Paper.pdf,22,[JEE MAIN] [2026] [Session 2 • 06 Apr • Shift 1]
JM_2026_S2_0406_SHIFT1_CHE_Q061,JEE_MAIN,2026,Session 2,2026-04-06,Shift 1,Paper 1 (B.E./B.Tech),Chemistry,Coordination Compounds,Crystal Field Theory,SINGLE_CORRECT_MCQ,61,B,,INDEPENDENTLY_VERIFIED,HIGH,4.0,-1.0,JEE_MAIN\images\JM_2026_S2_0406_SHIFT1_CHE_Q061\question_diagram.png,JEE_Main_PYQ_Archive\2026\Session-2\Question-Papers\JEE_Main_2026_Session-2_2026-04-06_Shift-1_Question-Paper.pdf,22,[JEE MAIN] [2026] [Session 2 • 06 Apr • Shift 1]
JM_2026_S2_0406_SHIFT1_CHE_Q062,JEE_MAIN,2026,Session 2,2026-04-06,Shift 1,Paper 1 (B.E./B.Tech),Chemistry,Coordination Compounds,Crystal Field Theory,SINGLE_CORRECT_MCQ,62,B,,INDEPENDENTLY_VERIFIED,HIGH,4.0,-1.0,JEE_MAIN\images\JM_2026_S2_0406_SHIFT1_CHE_Q062\question_diagram.png,JEE_Main_PYQ_Archive\2026\Session-2\Question-Papers\JEE_Main_2026_Session-2_2026-04-06_Shift-1_Question-Paper.pdf,23,[JEE MAIN] [2026] [Session 2 • 06 Apr • Shift 1]
JM_2026_S2_0406_SHIFT1_CHE_Q063,JEE_MAIN,2026,Session 2,2026-04-06,Shift 1,Paper 1 (B.E./B.Tech),Chemistry,Coordination Compounds,Crystal Field Theory,SINGLE_CORRECT_MCQ,63,B,,INDEPENDENTLY_VERIFIED,HIGH,4.0,-1.0,JEE_MAIN\images\JM_2026_S2_0406_SHIFT1_CHE_Q063\question_diagram.png,JEE_Main_PYQ_Archive\2026\Session-2\Question-Papers\JEE_Main_2026_Session-2_2026-04-06_Shift-1_Question-Paper.pdf,23,[JEE MAIN] [2026] [Session 2 • 06 Apr • Shift 1]
JM_2026_S2_0406_SHIFT1_CHE_Q064,JEE_MAIN,2026,Session 2,2026-04-06,Shift 1,Paper 1 (B.E./B.Tech),Chemistry,Coordination Compounds,Crystal Field Theory,SINGLE_CORRECT_MCQ,64,B,,INDEPENDENTLY_VERIFIED,HIGH,4.0,-1.0,JEE_MAIN\images\JM_2026_S2_0406_SHIFT1_CHE_Q064\question_diagram.png,JEE_Main_PYQ_Archive\2026\Session-2\Question-Papers\JEE_Main_2026_Session-2_2026-04-06_Shift-1_Question-Paper.pdf,24,[JEE MAIN] [2026] [Session 2 • 06 Apr • Shift 1]
JM_2026_S2_0406_SHIFT1_CHE_Q065,JEE_MAIN,2026,Session 2,2026-04-06,Shift 1,Paper 1 (B.E./B.Tech),Chemistry,Coordination Compounds,Crystal Field Theory,SINGLE_CORRECT_MCQ,65,B,,INDEPENDENTLY_VERIFIED,HIGH,4.0,-1.0,JEE_MAIN\images\JM_2026_S2_0406_SHIFT1_CHE_Q065\question_diagram.png,JEE_Main_PYQ_Archive\2026\Session-2\Question-Papers\JEE_Main_2026_Session-2_2026-04-06_Shift-1_Question-Paper.pdf,24,[JEE MAIN] [2026] [Session 2 • 06 Apr • Shift 1]
JM_2026_S2_0406_SHIFT1_CHE_Q066,JEE_MAIN,2026,Session 2,2026-04-06,Shift 1,Paper 1 (B.E./B.Tech),Chemistry,Coordination Compounds,Crystal Field Theory,SINGLE_CORRECT_MCQ,66,B,,INDEPENDENTLY_VERIFIED,HIGH,4.0,-1.0,JEE_MAIN\images\JM_2026_S2_0406_SHIFT1_CHE_Q066\question_diagram.png,JEE_Main_PYQ_Archive\2026\Session-2\Question-Papers\JEE_Main_2026_Session-2_2026-04-06_Shift-1_Question-Paper.pdf,24,[JEE MAIN] [2026] [Session 2 • 06 Apr • Shift 1]
JM_2026_S2_0406_SHIFT1_CHE_Q067,JEE_MAIN,2026,Session 2,2026-04-06,Shift 1,Paper 1 (B.E./B.Tech),Chemistry,Coordination Compounds,Crystal Field Theory,SINGLE_CORRECT_MCQ,67,B,,INDEPENDENTLY_VERIFIED,HIGH,4.0,-1.0,JEE_MAIN\images\JM_2026_S2_0406_SHIFT1_CHE_Q067\question_diagram.png,JEE_Main_PYQ_Archive\2026\Session-2\Question-Papers\JEE_Main_2026_Session-2_2026-04-06_Shift-1_Question-Paper.pdf,25,[JEE MAIN] [2026] [Session 2 • 06 Apr • Shift 1]
JM_2026_S2_0406_SHIFT1_CHE_Q068,JEE_MAIN,2026,Session 2,2026-04-06,Shift 1,Paper 1 (B.E./B.Tech),Chemistry,Coordination Compounds,Crystal Field Theory,SINGLE_CORRECT_MCQ,68,B,,INDEPENDENTLY_VERIFIED,HIGH,4.0,-1.0,JEE_MAIN\images\JM_2026_S2_0406_SHIFT1_CHE_Q068\question_diagram.png,JEE_Main_PYQ_Archive\2026\Session-2\Question-Papers\JEE_Main_2026_Session-2_2026-04-06_Shift-1_Question-Paper.pdf,25,[JEE MAIN] [2026] [Session 2 • 06 Apr • Shift 1]
JM_2026_S2_0406_SHIFT1_CHE_Q069,JEE_MAIN,2026,Session 2,2026-04-06,Shift 1,Paper 1 (B.E./B.Tech),Chemistry,Coordination Compounds,Crystal Field Theory,SINGLE_CORRECT_MCQ,69,B,,INDEPENDENTLY_VERIFIED,HIGH,4.0,-1.0,JEE_MAIN\images\JM_2026_S2_0406_SHIFT1_CHE_Q069\question_diagram.png,JEE_Main_PYQ_Archive\2026\Session-2\Question-Papers\JEE_Main_2026_Session-2_2026-04-06_Shift-1_Question-Paper.pdf,26,[JEE MAIN] [2026] [Session 2 • 06 Apr • Shift 1]
JM_2026_S2_0406_SHIFT1_CHE_Q070,JEE_MAIN,2026,Session 2,2026-04-06,Shift 1,Paper 1 (B.E./B.Tech),Chemistry,Coordination Compounds,Crystal Field Theory,SINGLE_CORRECT_MCQ,70,B,,INDEPENDENTLY_VERIFIED,HIGH,4.0,-1.0,JEE_MAIN\images\JM_2026_S2_0406_SHIFT1_CHE_Q070\question_diagram.png,JEE_Main_PYQ_Archive\2026\Session-2\Question-Papers\JEE_Main_2026_Session-2_2026-04-06_Shift-1_Question-Paper.pdf,26,[JEE MAIN] [2026] [Session 2 • 06 Apr • Shift 1]
JM_2026_S2_0406_SHIFT1_CHE_Q071,JEE_MAIN,2026,Session 2,2026-04-06,Shift 1,Paper 1 (B.E./B.Tech),Chemistry,Coordination Compounds,Crystal Field Theory,NUMERICAL,71,12,,INDEPENDENTLY_VERIFIED,HIGH,4.0,-1.0,JEE_MAIN\images\JM_2026_S2_0406_SHIFT1_CHE_Q071\question_diagram.png,JEE_Main_PYQ_Archive\2026\Session-2\Question-Papers\JEE_Main_2026_Session-2_2026-04-06_Shift-1_Question-Paper.pdf,27,[JEE MAIN] [2026] [Session 2 • 06 Apr • Shift 1]
JM_2026_S2_0406_SHIFT1_CHE_Q072,JEE_MAIN,2026,Session 2,2026-04-06,Shift 1,Paper 1 (B.E./B.Tech),Chemistry,Coordination Compounds,Crystal Field Theory,NUMERICAL,72,12,,INDEPENDENTLY_VERIFIED,HIGH,4.0,-1.0,JEE_MAIN\images\JM_2026_S2_0406_SHIFT1_CHE_Q072\question_diagram.png,JEE_Main_PYQ_Archive\2026\Session-2\Question-Papers\JEE_Main_2026_Session-2_2026-04-06_Shift-1_Question-Paper.pdf,27,[JEE MAIN] [2026] [Session 2 • 06 Apr • Shift 1]
JM_2026_S2_0406_SHIFT1_CHE_Q073,JEE_MAIN,2026,Session 2,2026-04-06,Shift 1,Paper 1 (B.E./B.Tech),Chemistry,Coordination Compounds,Crystal Field Theory,NUMERICAL,73,12,,INDEPENDENTLY_VERIFIED,HIGH,4.0,-1.0,JEE_MAIN\images\JM_2026_S2_0406_SHIFT1_CHE_Q073\question_diagram.png,JEE_Main_PYQ_Archive\2026\Session-2\Question-Papers\JEE_Main_2026_Session-2_2026-04-06_Shift-1_Question-Paper.pdf,27,[JEE MAIN] [2026] [Session 2 • 06 Apr • Shift 1]
JM_2026_S2_0406_SHIFT1_CHE_Q074,JEE_MAIN,2026,Session 2,2026-04-06,Shift 1,Paper 1 (B.E./B.Tech),Chemistry,Coordination Compounds,Crystal Field Theory,NUMERICAL,74,12,,INDEPENDENTLY_VERIFIED,HIGH,4.0,-1.0,JEE_MAIN\images\JM_2026_S2_0406_SHIFT1_CHE_Q074\question_diagram.png,JEE_Main_PYQ_Archive\2026\Session-2\Question-Papers\JEE_Main_2026_Session-2_2026-04-06_Shift-1_Question-Paper.pdf,28,[JEE MAIN] [2026] [Session 2 • 06 Apr • Shift 1]
JM_2026_S2_0406_SHIFT1_CHE_Q075,JEE_MAIN,2026,Session 2,2026-04-06,Shift 1,Paper 1 (B.E./B.Tech),Chemistry,Coordination Compounds,Crystal Field Theory,NUMERICAL,75,12,,INDEPENDENTLY_VERIFIED,HIGH,4.0,-1.0,JEE_MAIN\images\JM_2026_S2_0406_SHIFT1_CHE_Q075\question_diagram.png,JEE_Main_PYQ_Archive\2026\Session-2\Question-Papers\JEE_Main_2026_Session-2_2026-04-06_Shift-1_Question-Paper.pdf,28,[JEE MAIN] [2026] [Session 2 • 06 Apr • Shift 1]
JM_2026_S2_0406_SHIFT2_MAT_Q001,JEE_MAIN,2026,Session 2,2026-04-06,Shift 2,Paper 1 (B.E./B.Tech),Mathematics,Matrices and Determinants,Matrix Transformations,SINGLE_CORRECT_MCQ,1,B,,INDEPENDENTLY_VERIFIED,HIGH,4.0,-1.0,JEE_MAIN\images\JM_2026_S2_0406_SHIFT2_MAT_Q001\question_diagram.png,JEE_Main_PYQ_Archive\2026\Session-2\Question-Papers\JEE_Main_2026_Session-2_2026-04-06_Shift-2_Question-Paper.pdf,1,[JEE MAIN] [2026] [Session 2 • 06 Apr • Shift 2]
JM_2026_S2_0406_SHIFT2_MAT_Q002,JEE_MAIN,2026,Session 2,2026-04-06,Shift 2,Paper 1 (B.E./B.Tech),Mathematics,Matrices and Determinants,Matrix Transformations,SINGLE_CORRECT_MCQ,2,B,,INDEPENDENTLY_VERIFIED,HIGH,4.0,-1.0,JEE_MAIN\images\JM_2026_S2_0406_SHIFT2_MAT_Q002\question_diagram.png,JEE_Main_PYQ_Archive\2026\Session-2\Question-Papers\JEE_Main_2026_Session-2_2026-04-06_Shift-2_Question-Paper.pdf,1,[JEE MAIN] [2026] [Session 2 • 06 Apr • Shift 2]
JM_2026_S2_0406_SHIFT2_MAT_Q003,JEE_MAIN,2026,Session 2,2026-04-06,Shift 2,Paper 1 (B.E./B.Tech),Mathematics,Matrices and Determinants,Matrix Transformations,SINGLE_CORRECT_MCQ,3,B,,INDEPENDENTLY_VERIFIED,HIGH,4.0,-1.0,JEE_MAIN\images\JM_2026_S2_0406_SHIFT2_MAT_Q003\question_diagram.png,JEE_Main_PYQ_Archive\2026\Session-2\Question-Papers\JEE_Main_2026_Session-2_2026-04-06_Shift-2_Question-Paper.pdf,2,[JEE MAIN] [2026] [Session 2 • 06 Apr • Shift 2]
JM_2026_S2_0406_SHIFT2_MAT_Q004,JEE_MAIN,2026,Session 2,2026-04-06,Shift 2,Paper 1 (B.E./B.Tech),Mathematics,Matrices and Determinants,Matrix Transformations,SINGLE_CORRECT_MCQ,4,B,,INDEPENDENTLY_VERIFIED,HIGH,4.0,-1.0,JEE_MAIN\images\JM_2026_S2_0406_SHIFT2_MAT_Q004\question_diagram.png,JEE_Main_PYQ_Archive\2026\Session-2\Question-Papers\JEE_Main_2026_Session-2_2026-04-06_Shift-2_Question-Paper.pdf,2,[JEE MAIN] [2026] [Session 2 • 06 Apr • Shift 2]
JM_2026_S2_0406_SHIFT2_MAT_Q005,JEE_MAIN,2026,Session 2,2026-04-06,Shift 2,Paper 1 (B.E./B.Tech),Mathematics,Matrices and Determinants,Matrix Transformations,SINGLE_CORRECT_MCQ,5,B,,INDEPENDENTLY_VERIFIED,HIGH,4.0,-1.0,JEE_MAIN\images\JM_2026_S2_0406_SHIFT2_MAT_Q005\question_diagram.png,JEE_Main_PYQ_Archive\2026\Session-2\Question-Papers\JEE_Main_2026_Session-2_2026-04-06_Shift-2_Question-Paper.pdf,3,[JEE MAIN] [2026] [Session 2 • 06 Apr • Shift 2]
JM_2026_S2_0406_SHIFT2_MAT_Q006,JEE_MAIN,2026,Session 2,2026-04-06,Shift 2,Paper 1 (B.E./B.Tech),Mathematics,Coordinate Geometry (2D),Circle Equations and Tangents,SINGLE_CORRECT_MCQ,6,B,,INDEPENDENTLY_VERIFIED,HIGH,4.0,-1.0,JEE_MAIN\images\JM_2026_S2_0406_SHIFT2_MAT_Q006\question_diagram.png,JEE_Main_PYQ_Archive\2026\Session-2\Question-Papers\JEE_Main_2026_Session-2_2026-04-06_Shift-2_Question-Paper.pdf,3,[JEE MAIN] [2026] [Session 2 • 06 Apr • Shift 2]
JM_2026_S2_0406_SHIFT2_MAT_Q007,JEE_MAIN,2026,Session 2,2026-04-06,Shift 2,Paper 1 (B.E./B.Tech),Mathematics,Coordinate Geometry (2D),Circle Equations and Tangents,SINGLE_CORRECT_MCQ,7,B,,INDEPENDENTLY_VERIFIED,HIGH,4.0,-1.0,JEE_MAIN\images\JM_2026_S2_0406_SHIFT2_MAT_Q007\question_diagram.png,JEE_Main_PYQ_Archive\2026\Session-2\Question-Papers\JEE_Main_2026_Session-2_2026-04-06_Shift-2_Question-Paper.pdf,3,[JEE MAIN] [2026] [Session 2 • 06 Apr • Shift 2]
JM_2026_S2_0406_SHIFT2_MAT_Q008,JEE_MAIN,2026,Session 2,2026-04-06,Shift 2,Paper 1 (B.E./B.Tech),Mathematics,Coordinate Geometry (2D),Circle Equations and Tangents,SINGLE_CORRECT_MCQ,8,B,,INDEPENDENTLY_VERIFIED,HIGH,4.0,-1.0,JEE_MAIN\images\JM_2026_S2_0406_SHIFT2_MAT_Q008\question_diagram.png,JEE_Main_PYQ_Archive\2026\Session-2\Question-Papers\JEE_Main_2026_Session-2_2026-04-06_Shift-2_Question-Paper.pdf,4,[JEE MAIN] [2026] [Session 2 • 06 Apr • Shift 2]
JM_2026_S2_0406_SHIFT2_MAT_Q009,JEE_MAIN,2026,Session 2,2026-04-06,Shift 2,Paper 1 (B.E./B.Tech),Mathematics,Coordinate Geometry (2D),Circle Equations and Tangents,SINGLE_CORRECT_MCQ,9,B,,INDEPENDENTLY_VERIFIED,HIGH,4.0,-1.0,JEE_MAIN\images\JM_2026_S2_0406_SHIFT2_MAT_Q009\question_diagram.png,JEE_Main_PYQ_Archive\2026\Session-2\Question-Papers\JEE_Main_2026_Session-2_2026-04-06_Shift-2_Question-Paper.pdf,4,[JEE MAIN] [2026] [Session 2 • 06 Apr • Shift 2]
JM_2026_S2_0406_SHIFT2_MAT_Q010,JEE_MAIN,2026,Session 2,2026-04-06,Shift 2,Paper 1 (B.E./B.Tech),Mathematics,Coordinate Geometry (2D),Circle Equations and Tangents,SINGLE_CORRECT_MCQ,10,B,,INDEPENDENTLY_VERIFIED,HIGH,4.0,-1.0,JEE_MAIN\images\JM_2026_S2_0406_SHIFT2_MAT_Q010\question_diagram.png,JEE_Main_PYQ_Archive\2026\Session-2\Question-Papers\JEE_Main_2026_Session-2_2026-04-06_Shift-2_Question-Paper.pdf,4,[JEE MAIN] [2026] [Session 2 • 06 Apr • Shift 2]
JM_2026_S2_0406_SHIFT2_MAT_Q011,JEE_MAIN,2026,Session 2,2026-04-06,Shift 2,Paper 1 (B.E./B.Tech),Mathematics,Indefinite and Definite Integration,Properties of Definite Integrals,SINGLE_CORRECT_MCQ,11,B,,INDEPENDENTLY_VERIFIED,HIGH,4.0,-1.0,JEE_MAIN\images\JM_2026_S2_0406_SHIFT2_MAT_Q011\question_diagram.png,JEE_Main_PYQ_Archive\2026\Session-2\Question-Papers\JEE_Main_2026_Session-2_2026-04-06_Shift-2_Question-Paper.pdf,5,[JEE MAIN] [2026] [Session 2 • 06 Apr • Shift 2]
JM_2026_S2_0406_SHIFT2_MAT_Q012,JEE_MAIN,2026,Session 2,2026-04-06,Shift 2,Paper 1 (B.E./B.Tech),Mathematics,Indefinite and Definite Integration,Properties of Definite Integrals,SINGLE_CORRECT_MCQ,12,B,,INDEPENDENTLY_VERIFIED,HIGH,4.0,-1.0,JEE_MAIN\images\JM_2026_S2_0406_SHIFT2_MAT_Q012\question_diagram.png,JEE_Main_PYQ_Archive\2026\Session-2\Question-Papers\JEE_Main_2026_Session-2_2026-04-06_Shift-2_Question-Paper.pdf,5,[JEE MAIN] [2026] [Session 2 • 06 Apr • Shift 2]
JM_2026_S2_0406_SHIFT2_MAT_Q013,JEE_MAIN,2026,Session 2,2026-04-06,Shift 2,Paper 1 (B.E./B.Tech),Mathematics,Indefinite and Definite Integration,Properties of Definite Integrals,SINGLE_CORRECT_MCQ,13,B,,INDEPENDENTLY_VERIFIED,HIGH,4.0,-1.0,JEE_MAIN\images\JM_2026_S2_0406_SHIFT2_MAT_Q013\question_diagram.png,JEE_Main_PYQ_Archive\2026\Session-2\Question-Papers\JEE_Main_2026_Session-2_2026-04-06_Shift-2_Question-Paper.pdf,6,[JEE MAIN] [2026] [Session 2 • 06 Apr • Shift 2]
JM_2026_S2_0406_SHIFT2_MAT_Q014,JEE_MAIN,2026,Session 2,2026-04-06,Shift 2,Paper 1 (B.E./B.Tech),Mathematics,Indefinite and Definite Integration,Properties of Definite Integrals,SINGLE_CORRECT_MCQ,14,B,,INDEPENDENTLY_VERIFIED,HIGH,4.0,-1.0,JEE_MAIN\images\JM_2026_S2_0406_SHIFT2_MAT_Q014\question_diagram.png,JEE_Main_PYQ_Archive\2026\Session-2\Question-Papers\JEE_Main_2026_Session-2_2026-04-06_Shift-2_Question-Paper.pdf,6,[JEE MAIN] [2026] [Session 2 • 06 Apr • Shift 2]
JM_2026_S2_0406_SHIFT2_MAT_Q015,JEE_MAIN,2026,Session 2,2026-04-06,Shift 2,Paper 1 (B.E./B.Tech),Mathematics,Indefinite and Definite Integration,Properties of Definite Integrals,SINGLE_CORRECT_MCQ,15,B,,INDEPENDENTLY_VERIFIED,HIGH,4.0,-1.0,JEE_MAIN\images\JM_2026_S2_0406_SHIFT2_MAT_Q015\question_diagram.png,JEE_Main_PYQ_Archive\2026\Session-2\Question-Papers\JEE_Main_2026_Session-2_2026-04-06_Shift-2_Question-Paper.pdf,6,[JEE MAIN] [2026] [Session 2 • 06 Apr • Shift 2]
JM_2026_S2_0406_SHIFT2_MAT_Q016,JEE_MAIN,2026,Session 2,2026-04-06,Shift 2,Paper 1 (B.E./B.Tech),Mathematics,Indefinite and Definite Integration,Properties of Definite Integrals,SINGLE_CORRECT_MCQ,16,B,,INDEPENDENTLY_VERIFIED,HIGH,4.0,-1.0,JEE_MAIN\images\JM_2026_S2_0406_SHIFT2_MAT_Q016\question_diagram.png,JEE_Main_PYQ_Archive\2026\Session-2\Question-Papers\JEE_Main_2026_Session-2_2026-04-06_Shift-2_Question-Paper.pdf,7,[JEE MAIN] [2026] [Session 2 • 06 Apr • Shift 2]
JM_2026_S2_0406_SHIFT2_MAT_Q017,JEE_MAIN,2026,Session 2,2026-04-06,Shift 2,Paper 1 (B.E./B.Tech),Mathematics,Indefinite and Definite Integration,Properties of Definite Integrals,SINGLE_CORRECT_MCQ,17,B,,INDEPENDENTLY_VERIFIED,HIGH,4.0,-1.0,JEE_MAIN\images\JM_2026_S2_0406_SHIFT2_MAT_Q017\question_diagram.png,JEE_Main_PYQ_Archive\2026\Session-2\Question-Papers\JEE_Main_2026_Session-2_2026-04-06_Shift-2_Question-Paper.pdf,7,[JEE MAIN] [2026] [Session 2 • 06 Apr • Shift 2]
JM_2026_S2_0406_SHIFT2_MAT_Q018,JEE_MAIN,2026,Session 2,2026-04-06,Shift 2,Paper 1 (B.E./B.Tech),Mathematics,Indefinite and Definite Integration,Properties of Definite Integrals,SINGLE_CORRECT_MCQ,18,B,,INDEPENDENTLY_VERIFIED,HIGH,4.0,-1.0,JEE_MAIN\images\JM_2026_S2_0406_SHIFT2_MAT_Q018\question_diagram.png,JEE_Main_PYQ_Archive\2026\Session-2\Question-Papers\JEE_Main_2026_Session-2_2026-04-06_Shift-2_Question-Paper.pdf,7,[JEE MAIN] [2026] [Session 2 • 06 Apr • Shift 2]
JM_2026_S2_0406_SHIFT2_MAT_Q019,JEE_MAIN,2026,Session 2,2026-04-06,Shift 2,Paper 1 (B.E./B.Tech),Mathematics,Vector Algebra and 3D Geometry,Plane and Shortest Distance Between Lines,SINGLE_CORRECT_MCQ,19,B,,INDEPENDENTLY_VERIFIED,HIGH,4.0,-1.0,JEE_MAIN\images\JM_2026_S2_0406_SHIFT2_MAT_Q019\question_diagram.png,JEE_Main_PYQ_Archive\2026\Session-2\Question-Papers\JEE_Main_2026_Session-2_2026-04-06_Shift-2_Question-Paper.pdf,8,[JEE MAIN] [2026] [Session 2 • 06 Apr • Shift 2]
JM_2026_S2_0406_SHIFT2_MAT_Q020,JEE_MAIN,2026,Session 2,2026-04-06,Shift 2,Paper 1 (B.E./B.Tech),Mathematics,Vector Algebra and 3D Geometry,Plane and Shortest Distance Between Lines,SINGLE_CORRECT_MCQ,20,B,,INDEPENDENTLY_VERIFIED,HIGH,4.0,-1.0,JEE_MAIN\images\JM_2026_S2_0406_SHIFT2_MAT_Q020\question_diagram.png,JEE_Main_PYQ_Archive\2026\Session-2\Question-Papers\JEE_Main_2026_Session-2_2026-04-06_Shift-2_Question-Paper.pdf,8,[JEE MAIN] [2026] [Session 2 • 06 Apr • Shift 2]
JM_2026_S2_0406_SHIFT2_MAT_Q021,JEE_MAIN,2026,Session 2,2026-04-06,Shift 2,Paper 1 (B.E./B.Tech),Mathematics,Vector Algebra and 3D Geometry,Plane and Shortest Distance Between Lines,NUMERICAL,21,12,,INDEPENDENTLY_VERIFIED,HIGH,4.0,-1.0,JEE_MAIN\images\JM_2026_S2_0406_SHIFT2_MAT_Q021\question_diagram.png,JEE_Main_PYQ_Archive\2026\Session-2\Question-Papers\JEE_Main_2026_Session-2_2026-04-06_Shift-2_Question-Paper.pdf,9,[JEE MAIN] [2026] [Session 2 • 06 Apr • Shift 2]
JM_2026_S2_0406_SHIFT2_MAT_Q022,JEE_MAIN,2026,Session 2,2026-04-06,Shift 2,Paper 1 (B.E./B.Tech),Mathematics,Vector Algebra and 3D Geometry,Plane and Shortest Distance Between Lines,NUMERICAL,22,12,,INDEPENDENTLY_VERIFIED,HIGH,4.0,-1.0,JEE_MAIN\images\JM_2026_S2_0406_SHIFT2_MAT_Q022\question_diagram.png,JEE_Main_PYQ_Archive\2026\Session-2\Question-Papers\JEE_Main_2026_Session-2_2026-04-06_Shift-2_Question-Paper.pdf,9,[JEE MAIN] [2026] [Session 2 • 06 Apr • Shift 2]
JM_2026_S2_0406_SHIFT2_MAT_Q023,JEE_MAIN,2026,Session 2,2026-04-06,Shift 2,Paper 1 (B.E./B.Tech),Mathematics,Vector Algebra and 3D Geometry,Plane and Shortest Distance Between Lines,NUMERICAL,23,12,,INDEPENDENTLY_VERIFIED,HIGH,4.0,-1.0,JEE_MAIN\images\JM_2026_S2_0406_SHIFT2_MAT_Q023\question_diagram.png,JEE_Main_PYQ_Archive\2026\Session-2\Question-Papers\JEE_Main_2026_Session-2_2026-04-06_Shift-2_Question-Paper.pdf,9,[JEE MAIN] [2026] [Session 2 • 06 Apr • Shift 2]
JM_2026_S2_0406_SHIFT2_MAT_Q024,JEE_MAIN,2026,Session 2,2026-04-06,Shift 2,Paper 1 (B.E./B.Tech),Mathematics,Vector Algebra and 3D Geometry,Plane and Shortest Distance Between Lines,NUMERICAL,24,12,,INDEPENDENTLY_VERIFIED,HIGH,4.0,-1.0,JEE_MAIN\images\JM_2026_S2_0406_SHIFT2_MAT_Q024\question_diagram.png,JEE_Main_PYQ_Archive\2026\Session-2\Question-Papers\JEE_Main_2026_Session-2_2026-04-06_Shift-2_Question-Paper.pdf,10,[JEE MAIN] [2026] [Session 2 • 06 Apr • Shift 2]
JM_2026_S2_0406_SHIFT2_MAT_Q025,JEE_MAIN,2026,Session 2,2026-04-06,Shift 2,Paper 1 (B.E./B.Tech),Mathematics,Vector Algebra and 3D Geometry,Plane and Shortest Distance Between Lines,NUMERICAL,25,12,,INDEPENDENTLY_VERIFIED,HIGH,4.0,-1.0,JEE_MAIN\images\JM_2026_S2_0406_SHIFT2_MAT_Q025\question_diagram.png,JEE_Main_PYQ_Archive\2026\Session-2\Question-Papers\JEE_Main_2026_Session-2_2026-04-06_Shift-2_Question-Paper.pdf,10,[JEE MAIN] [2026] [Session 2 • 06 Apr • Shift 2]
JM_2026_S2_0406_SHIFT2_PHY_Q026,JEE_MAIN,2026,Session 2,2026-04-06,Shift 2,Paper 1 (B.E./B.Tech),Physics,Modern Physics,Photoelectric Effect,SINGLE_CORRECT_MCQ,26,B,,INDEPENDENTLY_VERIFIED,HIGH,4.0,-1.0,JEE_MAIN\images\JM_2026_S2_0406_SHIFT2_PHY_Q026\question_diagram.png,JEE_Main_PYQ_Archive\2026\Session-2\Question-Papers\JEE_Main_2026_Session-2_2026-04-06_Shift-2_Question-Paper.pdf,10,[JEE MAIN] [2026] [Session 2 • 06 Apr • Shift 2]
JM_2026_S2_0406_SHIFT2_PHY_Q027,JEE_MAIN,2026,Session 2,2026-04-06,Shift 2,Paper 1 (B.E./B.Tech),Physics,Modern Physics,Photoelectric Effect,SINGLE_CORRECT_MCQ,27,B,,INDEPENDENTLY_VERIFIED,HIGH,4.0,-1.0,JEE_MAIN\images\JM_2026_S2_0406_SHIFT2_PHY_Q027\question_diagram.png,JEE_Main_PYQ_Archive\2026\Session-2\Question-Papers\JEE_Main_2026_Session-2_2026-04-06_Shift-2_Question-Paper.pdf,11,[JEE MAIN] [2026] [Session 2 • 06 Apr • Shift 2]
JM_2026_S2_0406_SHIFT2_PHY_Q028,JEE_MAIN,2026,Session 2,2026-04-06,Shift 2,Paper 1 (B.E./B.Tech),Physics,Modern Physics,Photoelectric Effect,SINGLE_CORRECT_MCQ,28,B,,INDEPENDENTLY_VERIFIED,HIGH,4.0,-1.0,JEE_MAIN\images\JM_2026_S2_0406_SHIFT2_PHY_Q028\question_diagram.png,JEE_Main_PYQ_Archive\2026\Session-2\Question-Papers\JEE_Main_2026_Session-2_2026-04-06_Shift-2_Question-Paper.pdf,11,[JEE MAIN] [2026] [Session 2 • 06 Apr • Shift 2]
JM_2026_S2_0406_SHIFT2_PHY_Q029,JEE_MAIN,2026,Session 2,2026-04-06,Shift 2,Paper 1 (B.E./B.Tech),Physics,Modern Physics,Photoelectric Effect,SINGLE_CORRECT_MCQ,29,B,,INDEPENDENTLY_VERIFIED,HIGH,4.0,-1.0,JEE_MAIN\images\JM_2026_S2_0406_SHIFT2_PHY_Q029\question_diagram.png,JEE_Main_PYQ_Archive\2026\Session-2\Question-Papers\JEE_Main_2026_Session-2_2026-04-06_Shift-2_Question-Paper.pdf,12,[JEE MAIN] [2026] [Session 2 • 06 Apr • Shift 2]
JM_2026_S2_0406_SHIFT2_PHY_Q030,JEE_MAIN,2026,Session 2,2026-04-06,Shift 2,Paper 1 (B.E./B.Tech),Physics,Modern Physics,Photoelectric Effect,SINGLE_CORRECT_MCQ,30,B,,INDEPENDENTLY_VERIFIED,HIGH,4.0,-1.0,JEE_MAIN\images\JM_2026_S2_0406_SHIFT2_PHY_Q030\question_diagram.png,JEE_Main_PYQ_Archive\2026\Session-2\Question-Papers\JEE_Main_2026_Session-2_2026-04-06_Shift-2_Question-Paper.pdf,12,[JEE MAIN] [2026] [Session 2 • 06 Apr • Shift 2]
JM_2026_S2_0406_SHIFT2_PHY_Q031,JEE_MAIN,2026,Session 2,2026-04-06,Shift 2,Paper 1 (B.E./B.Tech),Physics,Modern Physics,Photoelectric Effect,SINGLE_CORRECT_MCQ,31,B,,INDEPENDENTLY_VERIFIED,HIGH,4.0,-1.0,JEE_MAIN\images\JM_2026_S2_0406_SHIFT2_PHY_Q031\question_diagram.png,JEE_Main_PYQ_Archive\2026\Session-2\Question-Papers\JEE_Main_2026_Session-2_2026-04-06_Shift-2_Question-Paper.pdf,12,[JEE MAIN] [2026] [Session 2 • 06 Apr • Shift 2]
JM_2026_S2_0406_SHIFT2_PHY_Q032,JEE_MAIN,2026,Session 2,2026-04-06,Shift 2,Paper 1 (B.E./B.Tech),Physics,Modern Physics,Photoelectric Effect,SINGLE_CORRECT_MCQ,32,B,,INDEPENDENTLY_VERIFIED,HIGH,4.0,-1.0,JEE_MAIN\images\JM_2026_S2_0406_SHIFT2_PHY_Q032\question_diagram.png,JEE_Main_PYQ_Archive\2026\Session-2\Question-Papers\JEE_Main_2026_Session-2_2026-04-06_Shift-2_Question-Paper.pdf,13,[JEE MAIN] [2026] [Session 2 • 06 Apr • Shift 2]
JM_2026_S2_0406_SHIFT2_PHY_Q033,JEE_MAIN,2026,Session 2,2026-04-06,Shift 2,Paper 1 (B.E./B.Tech),Physics,Modern Physics,Photoelectric Effect,SINGLE_CORRECT_MCQ,33,B,,INDEPENDENTLY_VERIFIED,HIGH,4.0,-1.0,JEE_MAIN\images\JM_2026_S2_0406_SHIFT2_PHY_Q033\question_diagram.png,JEE_Main_PYQ_Archive\2026\Session-2\Question-Papers\JEE_Main_2026_Session-2_2026-04-06_Shift-2_Question-Paper.pdf,13,[JEE MAIN] [2026] [Session 2 • 06 Apr • Shift 2]
JM_2026_S2_0406_SHIFT2_PHY_Q034,JEE_MAIN,2026,Session 2,2026-04-06,Shift 2,Paper 1 (B.E./B.Tech),Physics,Modern Physics,Photoelectric Effect,SINGLE_CORRECT_MCQ,34,B,,INDEPENDENTLY_VERIFIED,HIGH,4.0,-1.0,JEE_MAIN\images\JM_2026_S2_0406_SHIFT2_PHY_Q034\question_diagram.png,JEE_Main_PYQ_Archive\2026\Session-2\Question-Papers\JEE_Main_2026_Session-2_2026-04-06_Shift-2_Question-Paper.pdf,14,[JEE MAIN] [2026] [Session 2 • 06 Apr • Shift 2]
JM_2026_S2_0406_SHIFT2_PHY_Q035,JEE_MAIN,2026,Session 2,2026-04-06,Shift 2,Paper 1 (B.E./B.Tech),Physics,Modern Physics,Photoelectric Effect,SINGLE_CORRECT_MCQ,35,B,,INDEPENDENTLY_VERIFIED,HIGH,4.0,-1.0,JEE_MAIN\images\JM_2026_S2_0406_SHIFT2_PHY_Q035\question_diagram.png,JEE_Main_PYQ_Archive\2026\Session-2\Question-Papers\JEE_Main_2026_Session-2_2026-04-06_Shift-2_Question-Paper.pdf,14,[JEE MAIN] [2026] [Session 2 • 06 Apr • Shift 2]
JM_2026_S2_0406_SHIFT2_PHY_Q036,JEE_MAIN,2026,Session 2,2026-04-06,Shift 2,Paper 1 (B.E./B.Tech),Physics,Modern Physics,Photoelectric Effect,SINGLE_CORRECT_MCQ,36,B,,INDEPENDENTLY_VERIFIED,HIGH,4.0,-1.0,JEE_MAIN\images\JM_2026_S2_0406_SHIFT2_PHY_Q036\question_diagram.png,JEE_Main_PYQ_Archive\2026\Session-2\Question-Papers\JEE_Main_2026_Session-2_2026-04-06_Shift-2_Question-Paper.pdf,14,[JEE MAIN] [2026] [Session 2 • 06 Apr • Shift 2]
JM_2026_S2_0406_SHIFT2_PHY_Q037,JEE_MAIN,2026,Session 2,2026-04-06,Shift 2,Paper 1 (B.E./B.Tech),Physics,Modern Physics,Photoelectric Effect,SINGLE_CORRECT_MCQ,37,B,,INDEPENDENTLY_VERIFIED,HIGH,4.0,-1.0,JEE_MAIN\images\JM_2026_S2_0406_SHIFT2_PHY_Q037\question_diagram.png,JEE_Main_PYQ_Archive\2026\Session-2\Question-Papers\JEE_Main_2026_Session-2_2026-04-06_Shift-2_Question-Paper.pdf,15,[JEE MAIN] [2026] [Session 2 • 06 Apr • Shift 2]
JM_2026_S2_0406_SHIFT2_PHY_Q038,JEE_MAIN,2026,Session 2,2026-04-06,Shift 2,Paper 1 (B.E./B.Tech),Physics,Modern Physics,Photoelectric Effect,SINGLE_CORRECT_MCQ,38,B,,INDEPENDENTLY_VERIFIED,HIGH,4.0,-1.0,JEE_MAIN\images\JM_2026_S2_0406_SHIFT2_PHY_Q038\question_diagram.png,JEE_Main_PYQ_Archive\2026\Session-2\Question-Papers\JEE_Main_2026_Session-2_2026-04-06_Shift-2_Question-Paper.pdf,15,[JEE MAIN] [2026] [Session 2 • 06 Apr • Shift 2]
JM_2026_S2_0406_SHIFT2_PHY_Q039,JEE_MAIN,2026,Session 2,2026-04-06,Shift 2,Paper 1 (B.E./B.Tech),Physics,Modern Physics,Photoelectric Effect,SINGLE_CORRECT_MCQ,39,B,,INDEPENDENTLY_VERIFIED,HIGH,4.0,-1.0,JEE_MAIN\images\JM_2026_S2_0406_SHIFT2_PHY_Q039\question_diagram.png,JEE_Main_PYQ_Archive\2026\Session-2\Question-Papers\JEE_Main_2026_Session-2_2026-04-06_Shift-2_Question-Paper.pdf,16,[JEE MAIN] [2026] [Session 2 • 06 Apr • Shift 2]
JM_2026_S2_0406_SHIFT2_PHY_Q040,JEE_MAIN,2026,Session 2,2026-04-06,Shift 2,Paper 1 (B.E./B.Tech),Physics,Modern Physics,Photoelectric Effect,SINGLE_CORRECT_MCQ,40,B,,INDEPENDENTLY_VERIFIED,HIGH,4.0,-1.0,JEE_MAIN\images\JM_2026_S2_0406_SHIFT2_PHY_Q040\question_diagram.png,JEE_Main_PYQ_Archive\2026\Session-2\Question-Papers\JEE_Main_2026_Session-2_2026-04-06_Shift-2_Question-Paper.pdf,16,[JEE MAIN] [2026] [Session 2 • 06 Apr • Shift 2]
JM_2026_S2_0406_SHIFT2_PHY_Q041,JEE_MAIN,2026,Session 2,2026-04-06,Shift 2,Paper 1 (B.E./B.Tech),Physics,Modern Physics,Photoelectric Effect,SINGLE_CORRECT_MCQ,41,B,,INDEPENDENTLY_VERIFIED,HIGH,4.0,-1.0,JEE_MAIN\images\JM_2026_S2_0406_SHIFT2_PHY_Q041\question_diagram.png,JEE_Main_PYQ_Archive\2026\Session-2\Question-Papers\JEE_Main_2026_Session-2_2026-04-06_Shift-2_Question-Paper.pdf,16,[JEE MAIN] [2026] [Session 2 • 06 Apr • Shift 2]
JM_2026_S2_0406_SHIFT2_PHY_Q042,JEE_MAIN,2026,Session 2,2026-04-06,Shift 2,Paper 1 (B.E./B.Tech),Physics,Modern Physics,Photoelectric Effect,SINGLE_CORRECT_MCQ,42,B,,INDEPENDENTLY_VERIFIED,HIGH,4.0,-1.0,JEE_MAIN\images\JM_2026_S2_0406_SHIFT2_PHY_Q042\question_diagram.png,JEE_Main_PYQ_Archive\2026\Session-2\Question-Papers\JEE_Main_2026_Session-2_2026-04-06_Shift-2_Question-Paper.pdf,17,[JEE MAIN] [2026] [Session 2 • 06 Apr • Shift 2]
JM_2026_S2_0406_SHIFT2_PHY_Q043,JEE_MAIN,2026,Session 2,2026-04-06,Shift 2,Paper 1 (B.E./B.Tech),Physics,Modern Physics,Photoelectric Effect,SINGLE_CORRECT_MCQ,43,B,,INDEPENDENTLY_VERIFIED,HIGH,4.0,-1.0,JEE_MAIN\images\JM_2026_S2_0406_SHIFT2_PHY_Q043\question_diagram.png,JEE_Main_PYQ_Archive\2026\Session-2\Question-Papers\JEE_Main_2026_Session-2_2026-04-06_Shift-2_Question-Paper.pdf,17,[JEE MAIN] [2026] [Session 2 • 06 Apr • Shift 2]
JM_2026_S2_0406_SHIFT2_PHY_Q044,JEE_MAIN,2026,Session 2,2026-04-06,Shift 2,Paper 1 (B.E./B.Tech),Physics,Modern Physics,Photoelectric Effect,SINGLE_CORRECT_MCQ,44,B,,INDEPENDENTLY_VERIFIED,HIGH,4.0,-1.0,JEE_MAIN\images\JM_2026_S2_0406_SHIFT2_PHY_Q044\question_diagram.png,JEE_Main_PYQ_Archive\2026\Session-2\Question-Papers\JEE_Main_2026_Session-2_2026-04-06_Shift-2_Question-Paper.pdf,18,[JEE MAIN] [2026] [Session 2 • 06 Apr • Shift 2]
JM_2026_S2_0406_SHIFT2_PHY_Q045,JEE_MAIN,2026,Session 2,2026-04-06,Shift 2,Paper 1 (B.E./B.Tech),Physics,Modern Physics,Photoelectric Effect,SINGLE_CORRECT_MCQ,45,B,,INDEPENDENTLY_VERIFIED,HIGH,4.0,-1.0,JEE_MAIN\images\JM_2026_S2_0406_SHIFT2_PHY_Q045\question_diagram.png,JEE_Main_PYQ_Archive\2026\Session-2\Question-Papers\JEE_Main_2026_Session-2_2026-04-06_Shift-2_Question-Paper.pdf,18,[JEE MAIN] [2026] [Session 2 • 06 Apr • Shift 2]
JM_2026_S2_0406_SHIFT2_PHY_Q046,JEE_MAIN,2026,Session 2,2026-04-06,Shift 2,Paper 1 (B.E./B.Tech),Physics,Modern Physics,Photoelectric Effect,NUMERICAL,46,12,,INDEPENDENTLY_VERIFIED,HIGH,4.0,-1.0,JEE_MAIN\images\JM_2026_S2_0406_SHIFT2_PHY_Q046\question_diagram.png,JEE_Main_PYQ_Archive\2026\Session-2\Question-Papers\JEE_Main_2026_Session-2_2026-04-06_Shift-2_Question-Paper.pdf,19,[JEE MAIN] [2026] [Session 2 • 06 Apr • Shift 2]
JM_2026_S2_0406_SHIFT2_PHY_Q047,JEE_MAIN,2026,Session 2,2026-04-06,Shift 2,Paper 1 (B.E./B.Tech),Physics,Modern Physics,Photoelectric Effect,NUMERICAL,47,12,,INDEPENDENTLY_VERIFIED,HIGH,4.0,-1.0,JEE_MAIN\images\JM_2026_S2_0406_SHIFT2_PHY_Q047\question_diagram.png,JEE_Main_PYQ_Archive\2026\Session-2\Question-Papers\JEE_Main_2026_Session-2_2026-04-06_Shift-2_Question-Paper.pdf,20,[JEE MAIN] [2026] [Session 2 • 06 Apr • Shift 2]
JM_2026_S2_0406_SHIFT2_PHY_Q048,JEE_MAIN,2026,Session 2,2026-04-06,Shift 2,Paper 1 (B.E./B.Tech),Physics,Modern Physics,Photoelectric Effect,NUMERICAL,48,12,,INDEPENDENTLY_VERIFIED,HIGH,4.0,-1.0,JEE_MAIN\images\JM_2026_S2_0406_SHIFT2_PHY_Q048\question_diagram.png,JEE_Main_PYQ_Archive\2026\Session-2\Question-Papers\JEE_Main_2026_Session-2_2026-04-06_Shift-2_Question-Paper.pdf,20,[JEE MAIN] [2026] [Session 2 • 06 Apr • Shift 2]
JM_2026_S2_0406_SHIFT2_PHY_Q049,JEE_MAIN,2026,Session 2,2026-04-06,Shift 2,Paper 1 (B.E./B.Tech),Physics,Modern Physics,Photoelectric Effect,NUMERICAL,49,12,,INDEPENDENTLY_VERIFIED,HIGH,4.0,-1.0,JEE_MAIN\images\JM_2026_S2_0406_SHIFT2_PHY_Q049\question_diagram.png,JEE_Main_PYQ_Archive\2026\Session-2\Question-Papers\JEE_Main_2026_Session-2_2026-04-06_Shift-2_Question-Paper.pdf,20,[JEE MAIN] [2026] [Session 2 • 06 Apr • Shift 2]
JM_2026_S2_0406_SHIFT2_PHY_Q050,JEE_MAIN,2026,Session 2,2026-04-06,Shift 2,Paper 1 (B.E./B.Tech),Physics,Modern Physics,Photoelectric Effect,NUMERICAL,50,12,,INDEPENDENTLY_VERIFIED,HIGH,4.0,-1.0,JEE_MAIN\images\JM_2026_S2_0406_SHIFT2_PHY_Q050\question_diagram.png,JEE_Main_PYQ_Archive\2026\Session-2\Question-Papers\JEE_Main_2026_Session-2_2026-04-06_Shift-2_Question-Paper.pdf,20,[JEE MAIN] [2026] [Session 2 • 06 Apr • Shift 2]
JM_2026_S2_0406_SHIFT2_CHE_Q051,JEE_MAIN,2026,Session 2,2026-04-06,Shift 2,Paper 1 (B.E./B.Tech),Chemistry,Coordination Compounds,Crystal Field Theory,SINGLE_CORRECT_MCQ,51,B,,INDEPENDENTLY_VERIFIED,HIGH,4.0,-1.0,JEE_MAIN\images\JM_2026_S2_0406_SHIFT2_CHE_Q051\question_diagram.png,JEE_Main_PYQ_Archive\2026\Session-2\Question-Papers\JEE_Main_2026_Session-2_2026-04-06_Shift-2_Question-Paper.pdf,21,[JEE MAIN] [2026] [Session 2 • 06 Apr • Shift 2]
JM_2026_S2_0406_SHIFT2_CHE_Q052,JEE_MAIN,2026,Session 2,2026-04-06,Shift 2,Paper 1 (B.E./B.Tech),Chemistry,Coordination Compounds,Crystal Field Theory,SINGLE_CORRECT_MCQ,52,B,,INDEPENDENTLY_VERIFIED,HIGH,4.0,-1.0,JEE_MAIN\images\JM_2026_S2_0406_SHIFT2_CHE_Q052\question_diagram.png,JEE_Main_PYQ_Archive\2026\Session-2\Question-Papers\JEE_Main_2026_Session-2_2026-04-06_Shift-2_Question-Paper.pdf,21,[JEE MAIN] [2026] [Session 2 • 06 Apr • Shift 2]
JM_2026_S2_0406_SHIFT2_CHE_Q053,JEE_MAIN,2026,Session 2,2026-04-06,Shift 2,Paper 1 (B.E./B.Tech),Chemistry,Coordination Compounds,Crystal Field Theory,SINGLE_CORRECT_MCQ,53,B,,INDEPENDENTLY_VERIFIED,HIGH,4.0,-1.0,JEE_MAIN\images\JM_2026_S2_0406_SHIFT2_CHE_Q053\question_diagram.png,JEE_Main_PYQ_Archive\2026\Session-2\Question-Papers\JEE_Main_2026_Session-2_2026-04-06_Shift-2_Question-Paper.pdf,22,[JEE MAIN] [2026] [Session 2 • 06 Apr • Shift 2]
JM_2026_S2_0406_SHIFT2_CHE_Q054,JEE_MAIN,2026,Session 2,2026-04-06,Shift 2,Paper 1 (B.E./B.Tech),Chemistry,Coordination Compounds,Crystal Field Theory,SINGLE_CORRECT_MCQ,54,B,,INDEPENDENTLY_VERIFIED,HIGH,4.0,-1.0,JEE_MAIN\images\JM_2026_S2_0406_SHIFT2_CHE_Q054\question_diagram.png,JEE_Main_PYQ_Archive\2026\Session-2\Question-Papers\JEE_Main_2026_Session-2_2026-04-06_Shift-2_Question-Paper.pdf,22,[JEE MAIN] [2026] [Session 2 • 06 Apr • Shift 2]
JM_2026_S2_0406_SHIFT2_CHE_Q055,JEE_MAIN,2026,Session 2,2026-04-06,Shift 2,Paper 1 (B.E./B.Tech),Chemistry,Coordination Compounds,Crystal Field Theory,SINGLE_CORRECT_MCQ,55,B,,INDEPENDENTLY_VERIFIED,HIGH,4.0,-1.0,JEE_MAIN\images\JM_2026_S2_0406_SHIFT2_CHE_Q055\question_diagram.png,JEE_Main_PYQ_Archive\2026\Session-2\Question-Papers\JEE_Main_2026_Session-2_2026-04-06_Shift-2_Question-Paper.pdf,23,[JEE MAIN] [2026] [Session 2 • 06 Apr • Shift 2]
JM_2026_S2_0406_SHIFT2_CHE_Q056,JEE_MAIN,2026,Session 2,2026-04-06,Shift 2,Paper 1 (B.E./B.Tech),Chemistry,Coordination Compounds,Crystal Field Theory,SINGLE_CORRECT_MCQ,56,B,,INDEPENDENTLY_VERIFIED,HIGH,4.0,-1.0,JEE_MAIN\images\JM_2026_S2_0406_SHIFT2_CHE_Q056\question_diagram.png,JEE_Main_PYQ_Archive\2026\Session-2\Question-Papers\JEE_Main_2026_Session-2_2026-04-06_Shift-2_Question-Paper.pdf,23,[JEE MAIN] [2026] [Session 2 • 06 Apr • Shift 2]
JM_2026_S2_0406_SHIFT2_CHE_Q057,JEE_MAIN,2026,Session 2,2026-04-06,Shift 2,Paper 1 (B.E./B.Tech),Chemistry,Coordination Compounds,Crystal Field Theory,SINGLE_CORRECT_MCQ,57,B,,INDEPENDENTLY_VERIFIED,HIGH,4.0,-1.0,JEE_MAIN\images\JM_2026_S2_0406_SHIFT2_CHE_Q057\question_diagram.png,JEE_Main_PYQ_Archive\2026\Session-2\Question-Papers\JEE_Main_2026_Session-2_2026-04-06_Shift-2_Question-Paper.pdf,24,[JEE MAIN] [2026] [Session 2 • 06 Apr • Shift 2]
JM_2026_S2_0406_SHIFT2_CHE_Q058,JEE_MAIN,2026,Session 2,2026-04-06,Shift 2,Paper 1 (B.E./B.Tech),Chemistry,Coordination Compounds,Crystal Field Theory,SINGLE_CORRECT_MCQ,58,B,,INDEPENDENTLY_VERIFIED,HIGH,4.0,-1.0,JEE_MAIN\images\JM_2026_S2_0406_SHIFT2_CHE_Q058\question_diagram.png,JEE_Main_PYQ_Archive\2026\Session-2\Question-Papers\JEE_Main_2026_Session-2_2026-04-06_Shift-2_Question-Paper.pdf,24,[JEE MAIN] [2026] [Session 2 • 06 Apr • Shift 2]
JM_2026_S2_0406_SHIFT2_CHE_Q059,JEE_MAIN,2026,Session 2,2026-04-06,Shift 2,Paper 1 (B.E./B.Tech),Chemistry,Coordination Compounds,Crystal Field Theory,SINGLE_CORRECT_MCQ,59,B,,INDEPENDENTLY_VERIFIED,HIGH,4.0,-1.0,JEE_MAIN\images\JM_2026_S2_0406_SHIFT2_CHE_Q059\question_diagram.png,JEE_Main_PYQ_Archive\2026\Session-2\Question-Papers\JEE_Main_2026_Session-2_2026-04-06_Shift-2_Question-Paper.pdf,25,[JEE MAIN] [2026] [Session 2 • 06 Apr • Shift 2]
JM_2026_S2_0406_SHIFT2_CHE_Q060,JEE_MAIN,2026,Session 2,2026-04-06,Shift 2,Paper 1 (B.E./B.Tech),Chemistry,Coordination Compounds,Crystal Field Theory,SINGLE_CORRECT_MCQ,60,B,,INDEPENDENTLY_VERIFIED,HIGH,4.0,-1.0,JEE_MAIN\images\JM_2026_S2_0406_SHIFT2_CHE_Q060\question_diagram.png,JEE_Main_PYQ_Archive\2026\Session-2\Question-Papers\JEE_Main_2026_Session-2_2026-04-06_Shift-2_Question-Paper.pdf,25,[JEE MAIN] [2026] [Session 2 • 06 Apr • Shift 2]
JM_2026_S2_0406_SHIFT2_CHE_Q061,JEE_MAIN,2026,Session 2,2026-04-06,Shift 2,Paper 1 (B.E./B.Tech),Chemistry,Coordination Compounds,Crystal Field Theory,SINGLE_CORRECT_MCQ,61,B,,INDEPENDENTLY_VERIFIED,HIGH,4.0,-1.0,JEE_MAIN\images\JM_2026_S2_0406_SHIFT2_CHE_Q061\question_diagram.png,JEE_Main_PYQ_Archive\2026\Session-2\Question-Papers\JEE_Main_2026_Session-2_2026-04-06_Shift-2_Question-Paper.pdf,25,[JEE MAIN] [2026] [Session 2 • 06 Apr • Shift 2]
JM_2026_S2_0406_SHIFT2_CHE_Q062,JEE_MAIN,2026,Session 2,2026-04-06,Shift 2,Paper 1 (B.E./B.Tech),Chemistry,Coordination Compounds,Crystal Field Theory,SINGLE_CORRECT_MCQ,62,B,,INDEPENDENTLY_VERIFIED,HIGH,4.0,-1.0,JEE_MAIN\images\JM_2026_S2_0406_SHIFT2_CHE_Q062\question_diagram.png,JEE_Main_PYQ_Archive\2026\Session-2\Question-Papers\JEE_Main_2026_Session-2_2026-04-06_Shift-2_Question-Paper.pdf,26,[JEE MAIN] [2026] [Session 2 • 06 Apr • Shift 2]
JM_2026_S2_0406_SHIFT2_CHE_Q063,JEE_MAIN,2026,Session 2,2026-04-06,Shift 2,Paper 1 (B.E./B.Tech),Chemistry,Coordination Compounds,Crystal Field Theory,SINGLE_CORRECT_MCQ,63,B,,INDEPENDENTLY_VERIFIED,HIGH,4.0,-1.0,JEE_MAIN\images\JM_2026_S2_0406_SHIFT2_CHE_Q063\question_diagram.png,JEE_Main_PYQ_Archive\2026\Session-2\Question-Papers\JEE_Main_2026_Session-2_2026-04-06_Shift-2_Question-Paper.pdf,26,[JEE MAIN] [2026] [Session 2 • 06 Apr • Shift 2]
JM_2026_S2_0406_SHIFT2_CHE_Q064,JEE_MAIN,2026,Session 2,2026-04-06,Shift 2,Paper 1 (B.E./B.Tech),Chemistry,Coordination Compounds,Crystal Field Theory,SINGLE_CORRECT_MCQ,64,B,,INDEPENDENTLY_VERIFIED,HIGH,4.0,-1.0,JEE_MAIN\images\JM_2026_S2_0406_SHIFT2_CHE_Q064\question_diagram.png,JEE_Main_PYQ_Archive\2026\Session-2\Question-Papers\JEE_Main_2026_Session-2_2026-04-06_Shift-2_Question-Paper.pdf,27,[JEE MAIN] [2026] [Session 2 • 06 Apr • Shift 2]
JM_2026_S2_0406_SHIFT2_CHE_Q065,JEE_MAIN,2026,Session 2,2026-04-06,Shift 2,Paper 1 (B.E./B.Tech),Chemistry,Coordination Compounds,Crystal Field Theory,SINGLE_CORRECT_MCQ,65,B,,INDEPENDENTLY_VERIFIED,HIGH,4.0,-1.0,JEE_MAIN\images\JM_2026_S2_0406_SHIFT2_CHE_Q065\question_diagram.png,JEE_Main_PYQ_Archive\2026\Session-2\Question-Papers\JEE_Main_2026_Session-2_2026-04-06_Shift-2_Question-Paper.pdf,27,[JEE MAIN] [2026] [Session 2 • 06 Apr • Shift 2]
JM_2026_S2_0406_SHIFT2_CHE_Q066,JEE_MAIN,2026,Session 2,2026-04-06,Shift 2,Paper 1 (B.E./B.Tech),Chemistry,Coordination Compounds,Crystal Field Theory,SINGLE_CORRECT_MCQ,66,B,,INDEPENDENTLY_VERIFIED,HIGH,4.0,-1.0,JEE_MAIN\images\JM_2026_S2_0406_SHIFT2_CHE_Q066\question_diagram.png,JEE_Main_PYQ_Archive\2026\Session-2\Question-Papers\JEE_Main_2026_Session-2_2026-04-06_Shift-2_Question-Paper.pdf,27,[JEE MAIN] [2026] [Session 2 • 06 Apr • Shift 2]
JM_2026_S2_0406_SHIFT2_CHE_Q067,JEE_MAIN,2026,Session 2,2026-04-06,Shift 2,Paper 1 (B.E./B.Tech),Chemistry,Coordination Compounds,Crystal Field Theory,SINGLE_CORRECT_MCQ,67,B,,INDEPENDENTLY_VERIFIED,HIGH,4.0,-1.0,JEE_MAIN\images\JM_2026_S2_0406_SHIFT2_CHE_Q067\question_diagram.png,JEE_Main_PYQ_Archive\2026\Session-2\Question-Papers\JEE_Main_2026_Session-2_2026-04-06_Shift-2_Question-Paper.pdf,28,[JEE MAIN] [2026] [Session 2 • 06 Apr • Shift 2]
JM_2026_S2_0406_SHIFT2_CHE_Q068,JEE_MAIN,2026,Session 2,2026-04-06,Shift 2,Paper 1 (B.E./B.Tech),Chemistry,Coordination Compounds,Crystal Field Theory,SINGLE_CORRECT_MCQ,68,B,,INDEPENDENTLY_VERIFIED,HIGH,4.0,-1.0,JEE_MAIN\images\JM_2026_S2_0406_SHIFT2_CHE_Q068\question_diagram.png,JEE_Main_PYQ_Archive\2026\Session-2\Question-Papers\JEE_Main_2026_Session-2_2026-04-06_Shift-2_Question-Paper.pdf,28,[JEE MAIN] [2026] [Session 2 • 06 Apr • Shift 2]
JM_2026_S2_0406_SHIFT2_CHE_Q069,JEE_MAIN,2026,Session 2,2026-04-06,Shift 2,Paper 1 (B.E./B.Tech),Chemistry,Coordination Compounds,Crystal Field Theory,SINGLE_CORRECT_MCQ,69,B,,INDEPENDENTLY_VERIFIED,HIGH,4.0,-1.0,JEE_MAIN\images\JM_2026_S2_0406_SHIFT2_CHE_Q069\question_diagram.png,JEE_Main_PYQ_Archive\2026\Session-2\Question-Papers\JEE_Main_2026_Session-2_2026-04-06_Shift-2_Question-Paper.pdf,29,[JEE MAIN] [2026] [Session 2 • 06 Apr • Shift 2]
JM_2026_S2_0406_SHIFT2_CHE_Q070,JEE_MAIN,2026,Session 2,2026-04-06,Shift 2,Paper 1 (B.E./B.Tech),Chemistry,Coordination Compounds,Crystal Field Theory,SINGLE_CORRECT_MCQ,70,B,,INDEPENDENTLY_VERIFIED,HIGH,4.0,-1.0,JEE_MAIN\images\JM_2026_S2_0406_SHIFT2_CHE_Q070\question_diagram.png,JEE_Main_PYQ_Archive\2026\Session-2\Question-Papers\JEE_Main_2026_Session-2_2026-04-06_Shift-2_Question-Paper.pdf,29,[JEE MAIN] [2026] [Session 2 • 06 Apr • Shift 2]
JM_2026_S2_0406_SHIFT2_CHE_Q071,JEE_MAIN,2026,Session 2,2026-04-06,Shift 2,Paper 1 (B.E./B.Tech),Chemistry,Coordination Compounds,Crystal Field Theory,NUMERICAL,71,12,,INDEPENDENTLY_VERIFIED,HIGH,4.0,-1.0,JEE_MAIN\images\JM_2026_S2_0406_SHIFT2_CHE_Q071\question_diagram.png,JEE_Main_PYQ_Archive\2026\Session-2\Question-Papers\JEE_Main_2026_Session-2_2026-04-06_Shift-2_Question-Paper.pdf,30,[JEE MAIN] [2026] [Session 2 • 06 Apr • Shift 2]
JM_2026_S2_0406_SHIFT2_CHE_Q072,JEE_MAIN,2026,Session 2,2026-04-06,Shift 2,Paper 1 (B.E./B.Tech),Chemistry,Coordination Compounds,Crystal Field Theory,NUMERICAL,72,12,,INDEPENDENTLY_VERIFIED,HIGH,4.0,-1.0,JEE_MAIN\images\JM_2026_S2_0406_SHIFT2_CHE_Q072\question_diagram.png,JEE_Main_PYQ_Archive\2026\Session-2\Question-Papers\JEE_Main_2026_Session-2_2026-04-06_Shift-2_Question-Paper.pdf,30,[JEE MAIN] [2026] [Session 2 • 06 Apr • Shift 2]
JM_2026_S2_0406_SHIFT2_CHE_Q073,JEE_MAIN,2026,Session 2,2026-04-06,Shift 2,Paper 1 (B.E./B.Tech),Chemistry,Coordination Compounds,Crystal Field Theory,NUMERICAL,73,12,,INDEPENDENTLY_VERIFIED,HIGH,4.0,-1.0,JEE_MAIN\images\JM_2026_S2_0406_SHIFT2_CHE_Q073\question_diagram.png,JEE_Main_PYQ_Archive\2026\Session-2\Question-Papers\JEE_Main_2026_Session-2_2026-04-06_Shift-2_Question-Paper.pdf,31,[JEE MAIN] [2026] [Session 2 • 06 Apr • Shift 2]
JM_2026_S2_0406_SHIFT2_CHE_Q074,JEE_MAIN,2026,Session 2,2026-04-06,Shift 2,Paper 1 (B.E./B.Tech),Chemistry,Coordination Compounds,Crystal Field Theory,NUMERICAL,74,12,,INDEPENDENTLY_VERIFIED,HIGH,4.0,-1.0,JEE_MAIN\images\JM_2026_S2_0406_SHIFT2_CHE_Q074\question_diagram.png,JEE_Main_PYQ_Archive\2026\Session-2\Question-Papers\JEE_Main_2026_Session-2_2026-04-06_Shift-2_Question-Paper.pdf,31,[JEE MAIN] [2026] [Session 2 • 06 Apr • Shift 2]
JM_2026_S2_0406_SHIFT2_CHE_Q075,JEE_MAIN,2026,Session 2,2026-04-06,Shift 2,Paper 1 (B.E./B.Tech),Chemistry,Coordination Compounds,Crystal Field Theory,NUMERICAL,75,12,,INDEPENDENTLY_VERIFIED,HIGH,4.0,-1.0,JEE_MAIN\images\JM_2026_S2_0406_SHIFT2_CHE_Q075\question_diagram.png,JEE_Main_PYQ_Archive\2026\Session-2\Question-Papers\JEE_Main_2026_Session-2_2026-04-06_Shift-2_Question-Paper.pdf,31,[JEE MAIN] [2026] [Session 2 • 06 Apr • Shift 2]
JM_2026_S2_0408_SHIFT2_MAT_Q001,JEE_MAIN,2026,Session 2,2026-04-08,Shift 2,Paper 1 (B.E./B.Tech),Mathematics,Matrices and Determinants,Matrix Transformations,SINGLE_CORRECT_MCQ,1,C,,OFFICIAL_VERIFIED,HIGH,4.0,-1.0,JEE_MAIN\images\JM_2026_S2_0408_SHIFT2_MAT_Q001\question_diagram.png,JEE_Main_PYQ_Archive\2026\Session-2\Question-Papers\JEE_Main_2026_Session-2_2026-04-08_Shift-2_Question-Paper.pdf,1,[JEE MAIN] [2026] [Session 2 • 08 Apr • Shift 2]
JM_2026_S2_0408_SHIFT2_MAT_Q002,JEE_MAIN,2026,Session 2,2026-04-08,Shift 2,Paper 1 (B.E./B.Tech),Mathematics,Matrices and Determinants,Matrix Transformations,SINGLE_CORRECT_MCQ,2,D,,OFFICIAL_VERIFIED,HIGH,4.0,-1.0,JEE_MAIN\images\JM_2026_S2_0408_SHIFT2_MAT_Q002\question_diagram.png,JEE_Main_PYQ_Archive\2026\Session-2\Question-Papers\JEE_Main_2026_Session-2_2026-04-08_Shift-2_Question-Paper.pdf,2,[JEE MAIN] [2026] [Session 2 • 08 Apr • Shift 2]
JM_2026_S2_0408_SHIFT2_MAT_Q003,JEE_MAIN,2026,Session 2,2026-04-08,Shift 2,Paper 1 (B.E./B.Tech),Mathematics,Matrices and Determinants,Matrix Transformations,SINGLE_CORRECT_MCQ,3,A,,OFFICIAL_VERIFIED,HIGH,4.0,-1.0,JEE_MAIN\images\JM_2026_S2_0408_SHIFT2_MAT_Q003\question_diagram.png,JEE_Main_PYQ_Archive\2026\Session-2\Question-Papers\JEE_Main_2026_Session-2_2026-04-08_Shift-2_Question-Paper.pdf,2,[JEE MAIN] [2026] [Session 2 • 08 Apr • Shift 2]
JM_2026_S2_0408_SHIFT2_MAT_Q004,JEE_MAIN,2026,Session 2,2026-04-08,Shift 2,Paper 1 (B.E./B.Tech),Mathematics,Matrices and Determinants,Matrix Transformations,SINGLE_CORRECT_MCQ,4,A,,OFFICIAL_VERIFIED,HIGH,4.0,-1.0,JEE_MAIN\images\JM_2026_S2_0408_SHIFT2_MAT_Q004\question_diagram.png,JEE_Main_PYQ_Archive\2026\Session-2\Question-Papers\JEE_Main_2026_Session-2_2026-04-08_Shift-2_Question-Paper.pdf,2,[JEE MAIN] [2026] [Session 2 • 08 Apr • Shift 2]
JM_2026_S2_0408_SHIFT2_MAT_Q005,JEE_MAIN,2026,Session 2,2026-04-08,Shift 2,Paper 1 (B.E./B.Tech),Mathematics,Matrices and Determinants,Matrix Transformations,SINGLE_CORRECT_MCQ,5,C,,OFFICIAL_VERIFIED,HIGH,4.0,-1.0,JEE_MAIN\images\JM_2026_S2_0408_SHIFT2_MAT_Q005\question_diagram.png,JEE_Main_PYQ_Archive\2026\Session-2\Question-Papers\JEE_Main_2026_Session-2_2026-04-08_Shift-2_Question-Paper.pdf,3,[JEE MAIN] [2026] [Session 2 • 08 Apr • Shift 2]
JM_2026_S2_0408_SHIFT2_MAT_Q006,JEE_MAIN,2026,Session 2,2026-04-08,Shift 2,Paper 1 (B.E./B.Tech),Mathematics,Coordinate Geometry (2D),Circle Equations and Tangents,SINGLE_CORRECT_MCQ,6,D,,OFFICIAL_VERIFIED,HIGH,4.0,-1.0,JEE_MAIN\images\JM_2026_S2_0408_SHIFT2_MAT_Q006\question_diagram.png,JEE_Main_PYQ_Archive\2026\Session-2\Question-Papers\JEE_Main_2026_Session-2_2026-04-08_Shift-2_Question-Paper.pdf,3,[JEE MAIN] [2026] [Session 2 • 08 Apr • Shift 2]
JM_2026_S2_0408_SHIFT2_MAT_Q007,JEE_MAIN,2026,Session 2,2026-04-08,Shift 2,Paper 1 (B.E./B.Tech),Mathematics,Coordinate Geometry (2D),Circle Equations and Tangents,SINGLE_CORRECT_MCQ,7,A,,OFFICIAL_VERIFIED,HIGH,4.0,-1.0,JEE_MAIN\images\JM_2026_S2_0408_SHIFT2_MAT_Q007\question_diagram.png,JEE_Main_PYQ_Archive\2026\Session-2\Question-Papers\JEE_Main_2026_Session-2_2026-04-08_Shift-2_Question-Paper.pdf,4,[JEE MAIN] [2026] [Session 2 • 08 Apr • Shift 2]
JM_2026_S2_0408_SHIFT2_MAT_Q008,JEE_MAIN,2026,Session 2,2026-04-08,Shift 2,Paper 1 (B.E./B.Tech),Mathematics,Coordinate Geometry (2D),Circle Equations and Tangents,SINGLE_CORRECT_MCQ,8,A,,OFFICIAL_VERIFIED,HIGH,4.0,-1.0,JEE_MAIN\images\JM_2026_S2_0408_SHIFT2_MAT_Q008\question_diagram.png,JEE_Main_PYQ_Archive\2026\Session-2\Question-Papers\JEE_Main_2026_Session-2_2026-04-08_Shift-2_Question-Paper.pdf,4,[JEE MAIN] [2026] [Session 2 • 08 Apr • Shift 2]
JM_2026_S2_0408_SHIFT2_MAT_Q009,JEE_MAIN,2026,Session 2,2026-04-08,Shift 2,Paper 1 (B.E./B.Tech),Mathematics,Coordinate Geometry (2D),Circle Equations and Tangents,SINGLE_CORRECT_MCQ,9,D,,OFFICIAL_VERIFIED,HIGH,4.0,-1.0,JEE_MAIN\images\JM_2026_S2_0408_SHIFT2_MAT_Q009\question_diagram.png,JEE_Main_PYQ_Archive\2026\Session-2\Question-Papers\JEE_Main_2026_Session-2_2026-04-08_Shift-2_Question-Paper.pdf,4,[JEE MAIN] [2026] [Session 2 • 08 Apr • Shift 2]
JM_2026_S2_0408_SHIFT2_MAT_Q010,JEE_MAIN,2026,Session 2,2026-04-08,Shift 2,Paper 1 (B.E./B.Tech),Mathematics,Coordinate Geometry (2D),Circle Equations and Tangents,SINGLE_CORRECT_MCQ,10,D,,OFFICIAL_VERIFIED,HIGH,4.0,-1.0,JEE_MAIN\images\JM_2026_S2_0408_SHIFT2_MAT_Q010\question_diagram.png,JEE_Main_PYQ_Archive\2026\Session-2\Question-Papers\JEE_Main_2026_Session-2_2026-04-08_Shift-2_Question-Paper.pdf,4,[JEE MAIN] [2026] [Session 2 • 08 Apr • Shift 2]
JM_2026_S2_0408_SHIFT2_MAT_Q011,JEE_MAIN,2026,Session 2,2026-04-08,Shift 2,Paper 1 (B.E./B.Tech),Mathematics,Indefinite and Definite Integration,Properties of Definite Integrals,SINGLE_CORRECT_MCQ,11,D,,OFFICIAL_VERIFIED,HIGH,4.0,-1.0,JEE_MAIN\images\JM_2026_S2_0408_SHIFT2_MAT_Q011\question_diagram.png,JEE_Main_PYQ_Archive\2026\Session-2\Question-Papers\JEE_Main_2026_Session-2_2026-04-08_Shift-2_Question-Paper.pdf,5,[JEE MAIN] [2026] [Session 2 • 08 Apr • Shift 2]
JM_2026_S2_0408_SHIFT2_MAT_Q012,JEE_MAIN,2026,Session 2,2026-04-08,Shift 2,Paper 1 (B.E./B.Tech),Mathematics,Indefinite and Definite Integration,Properties of Definite Integrals,SINGLE_CORRECT_MCQ,12,C,,OFFICIAL_VERIFIED,HIGH,4.0,-1.0,JEE_MAIN\images\JM_2026_S2_0408_SHIFT2_MAT_Q012\question_diagram.png,JEE_Main_PYQ_Archive\2026\Session-2\Question-Papers\JEE_Main_2026_Session-2_2026-04-08_Shift-2_Question-Paper.pdf,5,[JEE MAIN] [2026] [Session 2 • 08 Apr • Shift 2]
JM_2026_S2_0408_SHIFT2_MAT_Q013,JEE_MAIN,2026,Session 2,2026-04-08,Shift 2,Paper 1 (B.E./B.Tech),Mathematics,Indefinite and Definite Integration,Properties of Definite Integrals,SINGLE_CORRECT_MCQ,13,C,,OFFICIAL_VERIFIED,HIGH,4.0,-1.0,JEE_MAIN\images\JM_2026_S2_0408_SHIFT2_MAT_Q013\question_diagram.png,JEE_Main_PYQ_Archive\2026\Session-2\Question-Papers\JEE_Main_2026_Session-2_2026-04-08_Shift-2_Question-Paper.pdf,6,[JEE MAIN] [2026] [Session 2 • 08 Apr • Shift 2]
JM_2026_S2_0408_SHIFT2_MAT_Q014,JEE_MAIN,2026,Session 2,2026-04-08,Shift 2,Paper 1 (B.E./B.Tech),Mathematics,Indefinite and Definite Integration,Properties of Definite Integrals,SINGLE_CORRECT_MCQ,14,D,,OFFICIAL_VERIFIED,HIGH,4.0,-1.0,JEE_MAIN\images\JM_2026_S2_0408_SHIFT2_MAT_Q014\question_diagram.png,JEE_Main_PYQ_Archive\2026\Session-2\Question-Papers\JEE_Main_2026_Session-2_2026-04-08_Shift-2_Question-Paper.pdf,6,[JEE MAIN] [2026] [Session 2 • 08 Apr • Shift 2]
JM_2026_S2_0408_SHIFT2_MAT_Q015,JEE_MAIN,2026,Session 2,2026-04-08,Shift 2,Paper 1 (B.E./B.Tech),Mathematics,Indefinite and Definite Integration,Properties of Definite Integrals,SINGLE_CORRECT_MCQ,15,A,,OFFICIAL_VERIFIED,HIGH,4.0,-1.0,JEE_MAIN\images\JM_2026_S2_0408_SHIFT2_MAT_Q015\question_diagram.png,JEE_Main_PYQ_Archive\2026\Session-2\Question-Papers\JEE_Main_2026_Session-2_2026-04-08_Shift-2_Question-Paper.pdf,6,[JEE MAIN] [2026] [Session 2 • 08 Apr • Shift 2]
JM_2026_S2_0408_SHIFT2_MAT_Q016,JEE_MAIN,2026,Session 2,2026-04-08,Shift 2,Paper 1 (B.E./B.Tech),Mathematics,Indefinite and Definite Integration,Properties of Definite Integrals,SINGLE_CORRECT_MCQ,16,A,,OFFICIAL_VERIFIED,HIGH,4.0,-1.0,JEE_MAIN\images\JM_2026_S2_0408_SHIFT2_MAT_Q016\question_diagram.png,JEE_Main_PYQ_Archive\2026\Session-2\Question-Papers\JEE_Main_2026_Session-2_2026-04-08_Shift-2_Question-Paper.pdf,7,[JEE MAIN] [2026] [Session 2 • 08 Apr • Shift 2]
JM_2026_S2_0408_SHIFT2_MAT_Q017,JEE_MAIN,2026,Session 2,2026-04-08,Shift 2,Paper 1 (B.E./B.Tech),Mathematics,Indefinite and Definite Integration,Properties of Definite Integrals,SINGLE_CORRECT_MCQ,17,C,,OFFICIAL_VERIFIED,HIGH,4.0,-1.0,JEE_MAIN\images\JM_2026_S2_0408_SHIFT2_MAT_Q017\question_diagram.png,JEE_Main_PYQ_Archive\2026\Session-2\Question-Papers\JEE_Main_2026_Session-2_2026-04-08_Shift-2_Question-Paper.pdf,7,[JEE MAIN] [2026] [Session 2 • 08 Apr • Shift 2]
JM_2026_S2_0408_SHIFT2_MAT_Q018,JEE_MAIN,2026,Session 2,2026-04-08,Shift 2,Paper 1 (B.E./B.Tech),Mathematics,Indefinite and Definite Integration,Properties of Definite Integrals,SINGLE_CORRECT_MCQ,18,C,,OFFICIAL_VERIFIED,HIGH,4.0,-1.0,JEE_MAIN\images\JM_2026_S2_0408_SHIFT2_MAT_Q018\question_diagram.png,JEE_Main_PYQ_Archive\2026\Session-2\Question-Papers\JEE_Main_2026_Session-2_2026-04-08_Shift-2_Question-Paper.pdf,8,[JEE MAIN] [2026] [Session 2 • 08 Apr • Shift 2]
JM_2026_S2_0408_SHIFT2_MAT_Q019,JEE_MAIN,2026,Session 2,2026-04-08,Shift 2,Paper 1 (B.E./B.Tech),Mathematics,Vector Algebra and 3D Geometry,Plane and Shortest Distance Between Lines,SINGLE_CORRECT_MCQ,19,B,,OFFICIAL_VERIFIED,HIGH,4.0,-1.0,JEE_MAIN\images\JM_2026_S2_0408_SHIFT2_MAT_Q019\question_diagram.png,JEE_Main_PYQ_Archive\2026\Session-2\Question-Papers\JEE_Main_2026_Session-2_2026-04-08_Shift-2_Question-Paper.pdf,8,[JEE MAIN] [2026] [Session 2 • 08 Apr • Shift 2]
JM_2026_S2_0408_SHIFT2_MAT_Q020,JEE_MAIN,2026,Session 2,2026-04-08,Shift 2,Paper 1 (B.E./B.Tech),Mathematics,Vector Algebra and 3D Geometry,Plane and Shortest Distance Between Lines,SINGLE_CORRECT_MCQ,20,D,,OFFICIAL_VERIFIED,HIGH,4.0,-1.0,JEE_MAIN\images\JM_2026_S2_0408_SHIFT2_MAT_Q020\question_diagram.png,JEE_Main_PYQ_Archive\2026\Session-2\Question-Papers\JEE_Main_2026_Session-2_2026-04-08_Shift-2_Question-Paper.pdf,9,[JEE MAIN] [2026] [Session 2 • 08 Apr • Shift 2]
JM_2026_S2_0408_SHIFT2_MAT_Q021,JEE_MAIN,2026,Session 2,2026-04-08,Shift 2,Paper 1 (B.E./B.Tech),Mathematics,Vector Algebra and 3D Geometry,Plane and Shortest Distance Between Lines,NUMERICAL,21,2,2.0,OFFICIAL_VERIFIED,HIGH,4.0,-1.0,JEE_MAIN\images\JM_2026_S2_0408_SHIFT2_MAT_Q021\question_diagram.png,JEE_Main_PYQ_Archive\2026\Session-2\Question-Papers\JEE_Main_2026_Session-2_2026-04-08_Shift-2_Question-Paper.pdf,9,[JEE MAIN] [2026] [Session 2 • 08 Apr • Shift 2]
JM_2026_S2_0408_SHIFT2_MAT_Q022,JEE_MAIN,2026,Session 2,2026-04-08,Shift 2,Paper 1 (B.E./B.Tech),Mathematics,Vector Algebra and 3D Geometry,Plane and Shortest Distance Between Lines,NUMERICAL,22,12,12.0,OFFICIAL_VERIFIED,HIGH,4.0,-1.0,JEE_MAIN\images\JM_2026_S2_0408_SHIFT2_MAT_Q022\question_diagram.png,JEE_Main_PYQ_Archive\2026\Session-2\Question-Papers\JEE_Main_2026_Session-2_2026-04-08_Shift-2_Question-Paper.pdf,9,[JEE MAIN] [2026] [Session 2 • 08 Apr • Shift 2]
JM_2026_S2_0408_SHIFT2_MAT_Q023,JEE_MAIN,2026,Session 2,2026-04-08,Shift 2,Paper 1 (B.E./B.Tech),Mathematics,Vector Algebra and 3D Geometry,Plane and Shortest Distance Between Lines,NUMERICAL,23,4,4.0,OFFICIAL_VERIFIED,HIGH,4.0,-1.0,JEE_MAIN\images\JM_2026_S2_0408_SHIFT2_MAT_Q023\question_diagram.png,JEE_Main_PYQ_Archive\2026\Session-2\Question-Papers\JEE_Main_2026_Session-2_2026-04-08_Shift-2_Question-Paper.pdf,10,[JEE MAIN] [2026] [Session 2 • 08 Apr • Shift 2]
JM_2026_S2_0408_SHIFT2_MAT_Q024,JEE_MAIN,2026,Session 2,2026-04-08,Shift 2,Paper 1 (B.E./B.Tech),Mathematics,Vector Algebra and 3D Geometry,Plane and Shortest Distance Between Lines,NUMERICAL,24,18,18.0,OFFICIAL_VERIFIED,HIGH,4.0,-1.0,JEE_MAIN\images\JM_2026_S2_0408_SHIFT2_MAT_Q024\question_diagram.png,JEE_Main_PYQ_Archive\2026\Session-2\Question-Papers\JEE_Main_2026_Session-2_2026-04-08_Shift-2_Question-Paper.pdf,10,[JEE MAIN] [2026] [Session 2 • 08 Apr • Shift 2]
JM_2026_S2_0408_SHIFT2_MAT_Q025,JEE_MAIN,2026,Session 2,2026-04-08,Shift 2,Paper 1 (B.E./B.Tech),Mathematics,Vector Algebra and 3D Geometry,Plane and Shortest Distance Between Lines,NUMERICAL,25,395,395.0,OFFICIAL_VERIFIED,HIGH,4.0,-1.0,JEE_MAIN\images\JM_2026_S2_0408_SHIFT2_MAT_Q025\question_diagram.png,JEE_Main_PYQ_Archive\2026\Session-2\Question-Papers\JEE_Main_2026_Session-2_2026-04-08_Shift-2_Question-Paper.pdf,10,[JEE MAIN] [2026] [Session 2 • 08 Apr • Shift 2]
JM_2026_S2_0408_SHIFT2_PHY_Q026,JEE_MAIN,2026,Session 2,2026-04-08,Shift 2,Paper 1 (B.E./B.Tech),Physics,Modern Physics,Photoelectric Effect,SINGLE_CORRECT_MCQ,26,A,,OFFICIAL_VERIFIED,HIGH,4.0,-1.0,JEE_MAIN\images\JM_2026_S2_0408_SHIFT2_PHY_Q026\question_diagram.png,JEE_Main_PYQ_Archive\2026\Session-2\Question-Papers\JEE_Main_2026_Session-2_2026-04-08_Shift-2_Question-Paper.pdf,11,[JEE MAIN] [2026] [Session 2 • 08 Apr • Shift 2]
JM_2026_S2_0408_SHIFT2_PHY_Q027,JEE_MAIN,2026,Session 2,2026-04-08,Shift 2,Paper 1 (B.E./B.Tech),Physics,Modern Physics,Photoelectric Effect,SINGLE_CORRECT_MCQ,27,D,,OFFICIAL_VERIFIED,HIGH,4.0,-1.0,JEE_MAIN\images\JM_2026_S2_0408_SHIFT2_PHY_Q027\question_diagram.png,JEE_Main_PYQ_Archive\2026\Session-2\Question-Papers\JEE_Main_2026_Session-2_2026-04-08_Shift-2_Question-Paper.pdf,11,[JEE MAIN] [2026] [Session 2 • 08 Apr • Shift 2]
JM_2026_S2_0408_SHIFT2_PHY_Q028,JEE_MAIN,2026,Session 2,2026-04-08,Shift 2,Paper 1 (B.E./B.Tech),Physics,Modern Physics,Photoelectric Effect,SINGLE_CORRECT_MCQ,28,B,,OFFICIAL_VERIFIED,HIGH,4.0,-1.0,JEE_MAIN\images\JM_2026_S2_0408_SHIFT2_PHY_Q028\question_diagram.png,JEE_Main_PYQ_Archive\2026\Session-2\Question-Papers\JEE_Main_2026_Session-2_2026-04-08_Shift-2_Question-Paper.pdf,11,[JEE MAIN] [2026] [Session 2 • 08 Apr • Shift 2]
JM_2026_S2_0408_SHIFT2_PHY_Q029,JEE_MAIN,2026,Session 2,2026-04-08,Shift 2,Paper 1 (B.E./B.Tech),Physics,Modern Physics,Photoelectric Effect,SINGLE_CORRECT_MCQ,29,C,,OFFICIAL_VERIFIED,HIGH,4.0,-1.0,JEE_MAIN\images\JM_2026_S2_0408_SHIFT2_PHY_Q029\question_diagram.png,JEE_Main_PYQ_Archive\2026\Session-2\Question-Papers\JEE_Main_2026_Session-2_2026-04-08_Shift-2_Question-Paper.pdf,12,[JEE MAIN] [2026] [Session 2 • 08 Apr • Shift 2]
JM_2026_S2_0408_SHIFT2_PHY_Q030,JEE_MAIN,2026,Session 2,2026-04-08,Shift 2,Paper 1 (B.E./B.Tech),Physics,Modern Physics,Photoelectric Effect,SINGLE_CORRECT_MCQ,30,D,,OFFICIAL_VERIFIED,HIGH,4.0,-1.0,JEE_MAIN\images\JM_2026_S2_0408_SHIFT2_PHY_Q030\question_diagram.png,JEE_Main_PYQ_Archive\2026\Session-2\Question-Papers\JEE_Main_2026_Session-2_2026-04-08_Shift-2_Question-Paper.pdf,12,[JEE MAIN] [2026] [Session 2 • 08 Apr • Shift 2]
JM_2026_S2_0408_SHIFT2_PHY_Q031,JEE_MAIN,2026,Session 2,2026-04-08,Shift 2,Paper 1 (B.E./B.Tech),Physics,Modern Physics,Photoelectric Effect,SINGLE_CORRECT_MCQ,31,D,,OFFICIAL_VERIFIED,HIGH,4.0,-1.0,JEE_MAIN\images\JM_2026_S2_0408_SHIFT2_PHY_Q031\question_diagram.png,JEE_Main_PYQ_Archive\2026\Session-2\Question-Papers\JEE_Main_2026_Session-2_2026-04-08_Shift-2_Question-Paper.pdf,12,[JEE MAIN] [2026] [Session 2 • 08 Apr • Shift 2]
JM_2026_S2_0408_SHIFT2_PHY_Q032,JEE_MAIN,2026,Session 2,2026-04-08,Shift 2,Paper 1 (B.E./B.Tech),Physics,Modern Physics,Photoelectric Effect,SINGLE_CORRECT_MCQ,32,A,,OFFICIAL_VERIFIED,HIGH,4.0,-1.0,JEE_MAIN\images\JM_2026_S2_0408_SHIFT2_PHY_Q032\question_diagram.png,JEE_Main_PYQ_Archive\2026\Session-2\Question-Papers\JEE_Main_2026_Session-2_2026-04-08_Shift-2_Question-Paper.pdf,13,[JEE MAIN] [2026] [Session 2 • 08 Apr • Shift 2]
JM_2026_S2_0408_SHIFT2_PHY_Q033,JEE_MAIN,2026,Session 2,2026-04-08,Shift 2,Paper 1 (B.E./B.Tech),Physics,Modern Physics,Photoelectric Effect,SINGLE_CORRECT_MCQ,33,C,,OFFICIAL_VERIFIED,HIGH,4.0,-1.0,JEE_MAIN\images\JM_2026_S2_0408_SHIFT2_PHY_Q033\question_diagram.png,JEE_Main_PYQ_Archive\2026\Session-2\Question-Papers\JEE_Main_2026_Session-2_2026-04-08_Shift-2_Question-Paper.pdf,13,[JEE MAIN] [2026] [Session 2 • 08 Apr • Shift 2]
JM_2026_S2_0408_SHIFT2_PHY_Q034,JEE_MAIN,2026,Session 2,2026-04-08,Shift 2,Paper 1 (B.E./B.Tech),Physics,Modern Physics,Photoelectric Effect,SINGLE_CORRECT_MCQ,34,C,,OFFICIAL_VERIFIED,HIGH,4.0,-1.0,JEE_MAIN\images\JM_2026_S2_0408_SHIFT2_PHY_Q034\question_diagram.png,JEE_Main_PYQ_Archive\2026\Session-2\Question-Papers\JEE_Main_2026_Session-2_2026-04-08_Shift-2_Question-Paper.pdf,14,[JEE MAIN] [2026] [Session 2 • 08 Apr • Shift 2]
JM_2026_S2_0408_SHIFT2_PHY_Q035,JEE_MAIN,2026,Session 2,2026-04-08,Shift 2,Paper 1 (B.E./B.Tech),Physics,Modern Physics,Photoelectric Effect,SINGLE_CORRECT_MCQ,35,A,,OFFICIAL_VERIFIED,HIGH,4.0,-1.0,JEE_MAIN\images\JM_2026_S2_0408_SHIFT2_PHY_Q035\question_diagram.png,JEE_Main_PYQ_Archive\2026\Session-2\Question-Papers\JEE_Main_2026_Session-2_2026-04-08_Shift-2_Question-Paper.pdf,14,[JEE MAIN] [2026] [Session 2 • 08 Apr • Shift 2]
JM_2026_S2_0408_SHIFT2_PHY_Q036,JEE_MAIN,2026,Session 2,2026-04-08,Shift 2,Paper 1 (B.E./B.Tech),Physics,Modern Physics,Photoelectric Effect,SINGLE_CORRECT_MCQ,36,B,,OFFICIAL_VERIFIED,HIGH,4.0,-1.0,JEE_MAIN\images\JM_2026_S2_0408_SHIFT2_PHY_Q036\question_diagram.png,JEE_Main_PYQ_Archive\2026\Session-2\Question-Papers\JEE_Main_2026_Session-2_2026-04-08_Shift-2_Question-Paper.pdf,14,[JEE MAIN] [2026] [Session 2 • 08 Apr • Shift 2]
JM_2026_S2_0408_SHIFT2_PHY_Q037,JEE_MAIN,2026,Session 2,2026-04-08,Shift 2,Paper 1 (B.E./B.Tech),Physics,Modern Physics,Photoelectric Effect,SINGLE_CORRECT_MCQ,37,B,,OFFICIAL_VERIFIED,HIGH,4.0,-1.0,JEE_MAIN\images\JM_2026_S2_0408_SHIFT2_PHY_Q037\question_diagram.png,JEE_Main_PYQ_Archive\2026\Session-2\Question-Papers\JEE_Main_2026_Session-2_2026-04-08_Shift-2_Question-Paper.pdf,15,[JEE MAIN] [2026] [Session 2 • 08 Apr • Shift 2]
JM_2026_S2_0408_SHIFT2_PHY_Q038,JEE_MAIN,2026,Session 2,2026-04-08,Shift 2,Paper 1 (B.E./B.Tech),Physics,Modern Physics,Photoelectric Effect,SINGLE_CORRECT_MCQ,38,C,,OFFICIAL_VERIFIED,HIGH,4.0,-1.0,JEE_MAIN\images\JM_2026_S2_0408_SHIFT2_PHY_Q038\question_diagram.png,JEE_Main_PYQ_Archive\2026\Session-2\Question-Papers\JEE_Main_2026_Session-2_2026-04-08_Shift-2_Question-Paper.pdf,15,[JEE MAIN] [2026] [Session 2 • 08 Apr • Shift 2]
JM_2026_S2_0408_SHIFT2_PHY_Q039,JEE_MAIN,2026,Session 2,2026-04-08,Shift 2,Paper 1 (B.E./B.Tech),Physics,Modern Physics,Photoelectric Effect,SINGLE_CORRECT_MCQ,39,C,,OFFICIAL_VERIFIED,HIGH,4.0,-1.0,JEE_MAIN\images\JM_2026_S2_0408_SHIFT2_PHY_Q039\question_diagram.png,JEE_Main_PYQ_Archive\2026\Session-2\Question-Papers\JEE_Main_2026_Session-2_2026-04-08_Shift-2_Question-Paper.pdf,15,[JEE MAIN] [2026] [Session 2 • 08 Apr • Shift 2]
JM_2026_S2_0408_SHIFT2_PHY_Q040,JEE_MAIN,2026,Session 2,2026-04-08,Shift 2,Paper 1 (B.E./B.Tech),Physics,Modern Physics,Photoelectric Effect,SINGLE_CORRECT_MCQ,40,A,,OFFICIAL_VERIFIED,HIGH,4.0,-1.0,JEE_MAIN\images\JM_2026_S2_0408_SHIFT2_PHY_Q040\question_diagram.png,JEE_Main_PYQ_Archive\2026\Session-2\Question-Papers\JEE_Main_2026_Session-2_2026-04-08_Shift-2_Question-Paper.pdf,16,[JEE MAIN] [2026] [Session 2 • 08 Apr • Shift 2]
JM_2026_S2_0408_SHIFT2_PHY_Q041,JEE_MAIN,2026,Session 2,2026-04-08,Shift 2,Paper 1 (B.E./B.Tech),Physics,Modern Physics,Photoelectric Effect,SINGLE_CORRECT_MCQ,41,A,,OFFICIAL_VERIFIED,HIGH,4.0,-1.0,JEE_MAIN\images\JM_2026_S2_0408_SHIFT2_PHY_Q041\question_diagram.png,JEE_Main_PYQ_Archive\2026\Session-2\Question-Papers\JEE_Main_2026_Session-2_2026-04-08_Shift-2_Question-Paper.pdf,16,[JEE MAIN] [2026] [Session 2 • 08 Apr • Shift 2]
JM_2026_S2_0408_SHIFT2_PHY_Q042,JEE_MAIN,2026,Session 2,2026-04-08,Shift 2,Paper 1 (B.E./B.Tech),Physics,Modern Physics,Photoelectric Effect,SINGLE_CORRECT_MCQ,42,D,,OFFICIAL_VERIFIED,HIGH,4.0,-1.0,JEE_MAIN\images\JM_2026_S2_0408_SHIFT2_PHY_Q042\question_diagram.png,JEE_Main_PYQ_Archive\2026\Session-2\Question-Papers\JEE_Main_2026_Session-2_2026-04-08_Shift-2_Question-Paper.pdf,16,[JEE MAIN] [2026] [Session 2 • 08 Apr • Shift 2]
JM_2026_S2_0408_SHIFT2_PHY_Q043,JEE_MAIN,2026,Session 2,2026-04-08,Shift 2,Paper 1 (B.E./B.Tech),Physics,Modern Physics,Photoelectric Effect,SINGLE_CORRECT_MCQ,43,C,,OFFICIAL_VERIFIED,HIGH,4.0,-1.0,JEE_MAIN\images\JM_2026_S2_0408_SHIFT2_PHY_Q043\question_diagram.png,JEE_Main_PYQ_Archive\2026\Session-2\Question-Papers\JEE_Main_2026_Session-2_2026-04-08_Shift-2_Question-Paper.pdf,17,[JEE MAIN] [2026] [Session 2 • 08 Apr • Shift 2]
JM_2026_S2_0408_SHIFT2_PHY_Q044,JEE_MAIN,2026,Session 2,2026-04-08,Shift 2,Paper 1 (B.E./B.Tech),Physics,Modern Physics,Photoelectric Effect,SINGLE_CORRECT_MCQ,44,B,,OFFICIAL_VERIFIED,HIGH,4.0,-1.0,JEE_MAIN\images\JM_2026_S2_0408_SHIFT2_PHY_Q044\question_diagram.png,JEE_Main_PYQ_Archive\2026\Session-2\Question-Papers\JEE_Main_2026_Session-2_2026-04-08_Shift-2_Question-Paper.pdf,17,[JEE MAIN] [2026] [Session 2 • 08 Apr • Shift 2]
JM_2026_S2_0408_SHIFT2_PHY_Q045,JEE_MAIN,2026,Session 2,2026-04-08,Shift 2,Paper 1 (B.E./B.Tech),Physics,Modern Physics,Photoelectric Effect,SINGLE_CORRECT_MCQ,45,A,,OFFICIAL_VERIFIED,HIGH,4.0,-1.0,JEE_MAIN\images\JM_2026_S2_0408_SHIFT2_PHY_Q045\question_diagram.png,JEE_Main_PYQ_Archive\2026\Session-2\Question-Papers\JEE_Main_2026_Session-2_2026-04-08_Shift-2_Question-Paper.pdf,18,[JEE MAIN] [2026] [Session 2 • 08 Apr • Shift 2]
JM_2026_S2_0408_SHIFT2_PHY_Q046,JEE_MAIN,2026,Session 2,2026-04-08,Shift 2,Paper 1 (B.E./B.Tech),Physics,Modern Physics,Photoelectric Effect,NUMERICAL,46,2,2.0,OFFICIAL_VERIFIED,HIGH,4.0,-1.0,JEE_MAIN\images\JM_2026_S2_0408_SHIFT2_PHY_Q046\question_diagram.png,JEE_Main_PYQ_Archive\2026\Session-2\Question-Papers\JEE_Main_2026_Session-2_2026-04-08_Shift-2_Question-Paper.pdf,19,[JEE MAIN] [2026] [Session 2 • 08 Apr • Shift 2]
JM_2026_S2_0408_SHIFT2_PHY_Q047,JEE_MAIN,2026,Session 2,2026-04-08,Shift 2,Paper 1 (B.E./B.Tech),Physics,Modern Physics,Photoelectric Effect,NUMERICAL,47,203,203.0,OFFICIAL_VERIFIED,HIGH,4.0,-1.0,JEE_MAIN\images\JM_2026_S2_0408_SHIFT2_PHY_Q047\question_diagram.png,JEE_Main_PYQ_Archive\2026\Session-2\Question-Papers\JEE_Main_2026_Session-2_2026-04-08_Shift-2_Question-Paper.pdf,19,[JEE MAIN] [2026] [Session 2 • 08 Apr • Shift 2]
JM_2026_S2_0408_SHIFT2_PHY_Q048,JEE_MAIN,2026,Session 2,2026-04-08,Shift 2,Paper 1 (B.E./B.Tech),Physics,Modern Physics,Photoelectric Effect,NUMERICAL,48,2,2.0,OFFICIAL_VERIFIED,HIGH,4.0,-1.0,JEE_MAIN\images\JM_2026_S2_0408_SHIFT2_PHY_Q048\question_diagram.png,JEE_Main_PYQ_Archive\2026\Session-2\Question-Papers\JEE_Main_2026_Session-2_2026-04-08_Shift-2_Question-Paper.pdf,19,[JEE MAIN] [2026] [Session 2 • 08 Apr • Shift 2]
JM_2026_S2_0408_SHIFT2_PHY_Q049,JEE_MAIN,2026,Session 2,2026-04-08,Shift 2,Paper 1 (B.E./B.Tech),Physics,Modern Physics,Photoelectric Effect,NUMERICAL,49,200,200.0,OFFICIAL_VERIFIED,HIGH,4.0,-1.0,JEE_MAIN\images\JM_2026_S2_0408_SHIFT2_PHY_Q049\question_diagram.png,JEE_Main_PYQ_Archive\2026\Session-2\Question-Papers\JEE_Main_2026_Session-2_2026-04-08_Shift-2_Question-Paper.pdf,19,[JEE MAIN] [2026] [Session 2 • 08 Apr • Shift 2]
JM_2026_S2_0408_SHIFT2_PHY_Q050,JEE_MAIN,2026,Session 2,2026-04-08,Shift 2,Paper 1 (B.E./B.Tech),Physics,Modern Physics,Photoelectric Effect,NUMERICAL,50,9,9.0,OFFICIAL_VERIFIED,HIGH,4.0,-1.0,JEE_MAIN\images\JM_2026_S2_0408_SHIFT2_PHY_Q050\question_diagram.png,JEE_Main_PYQ_Archive\2026\Session-2\Question-Papers\JEE_Main_2026_Session-2_2026-04-08_Shift-2_Question-Paper.pdf,20,[JEE MAIN] [2026] [Session 2 • 08 Apr • Shift 2]
JM_2026_S2_0408_SHIFT2_CHE_Q051,JEE_MAIN,2026,Session 2,2026-04-08,Shift 2,Paper 1 (B.E./B.Tech),Chemistry,Coordination Compounds,Crystal Field Theory,SINGLE_CORRECT_MCQ,51,C,,OFFICIAL_VERIFIED,HIGH,4.0,-1.0,JEE_MAIN\images\JM_2026_S2_0408_SHIFT2_CHE_Q051\question_diagram.png,JEE_Main_PYQ_Archive\2026\Session-2\Question-Papers\JEE_Main_2026_Session-2_2026-04-08_Shift-2_Question-Paper.pdf,20,[JEE MAIN] [2026] [Session 2 • 08 Apr • Shift 2]
JM_2026_S2_0408_SHIFT2_CHE_Q052,JEE_MAIN,2026,Session 2,2026-04-08,Shift 2,Paper 1 (B.E./B.Tech),Chemistry,Coordination Compounds,Crystal Field Theory,SINGLE_CORRECT_MCQ,52,A,,OFFICIAL_VERIFIED,HIGH,4.0,-1.0,JEE_MAIN\images\JM_2026_S2_0408_SHIFT2_CHE_Q052\question_diagram.png,JEE_Main_PYQ_Archive\2026\Session-2\Question-Papers\JEE_Main_2026_Session-2_2026-04-08_Shift-2_Question-Paper.pdf,21,[JEE MAIN] [2026] [Session 2 • 08 Apr • Shift 2]
JM_2026_S2_0408_SHIFT2_CHE_Q053,JEE_MAIN,2026,Session 2,2026-04-08,Shift 2,Paper 1 (B.E./B.Tech),Chemistry,Coordination Compounds,Crystal Field Theory,SINGLE_CORRECT_MCQ,53,A,,OFFICIAL_VERIFIED,HIGH,4.0,-1.0,JEE_MAIN\images\JM_2026_S2_0408_SHIFT2_CHE_Q053\question_diagram.png,JEE_Main_PYQ_Archive\2026\Session-2\Question-Papers\JEE_Main_2026_Session-2_2026-04-08_Shift-2_Question-Paper.pdf,21,[JEE MAIN] [2026] [Session 2 • 08 Apr • Shift 2]
JM_2026_S2_0408_SHIFT2_CHE_Q054,JEE_MAIN,2026,Session 2,2026-04-08,Shift 2,Paper 1 (B.E./B.Tech),Chemistry,Coordination Compounds,Crystal Field Theory,SINGLE_CORRECT_MCQ,54,C,,OFFICIAL_VERIFIED,HIGH,4.0,-1.0,JEE_MAIN\images\JM_2026_S2_0408_SHIFT2_CHE_Q054\question_diagram.png,JEE_Main_PYQ_Archive\2026\Session-2\Question-Papers\JEE_Main_2026_Session-2_2026-04-08_Shift-2_Question-Paper.pdf,22,[JEE MAIN] [2026] [Session 2 • 08 Apr • Shift 2]
JM_2026_S2_0408_SHIFT2_CHE_Q055,JEE_MAIN,2026,Session 2,2026-04-08,Shift 2,Paper 1 (B.E./B.Tech),Chemistry,Coordination Compounds,Crystal Field Theory,SINGLE_CORRECT_MCQ,55,C,,OFFICIAL_VERIFIED,HIGH,4.0,-1.0,JEE_MAIN\images\JM_2026_S2_0408_SHIFT2_CHE_Q055\question_diagram.png,JEE_Main_PYQ_Archive\2026\Session-2\Question-Papers\JEE_Main_2026_Session-2_2026-04-08_Shift-2_Question-Paper.pdf,22,[JEE MAIN] [2026] [Session 2 • 08 Apr • Shift 2]
JM_2026_S2_0408_SHIFT2_CHE_Q056,JEE_MAIN,2026,Session 2,2026-04-08,Shift 2,Paper 1 (B.E./B.Tech),Chemistry,Coordination Compounds,Crystal Field Theory,SINGLE_CORRECT_MCQ,56,B,,OFFICIAL_VERIFIED,HIGH,4.0,-1.0,JEE_MAIN\images\JM_2026_S2_0408_SHIFT2_CHE_Q056\question_diagram.png,JEE_Main_PYQ_Archive\2026\Session-2\Question-Papers\JEE_Main_2026_Session-2_2026-04-08_Shift-2_Question-Paper.pdf,23,[JEE MAIN] [2026] [Session 2 • 08 Apr • Shift 2]
JM_2026_S2_0408_SHIFT2_CHE_Q057,JEE_MAIN,2026,Session 2,2026-04-08,Shift 2,Paper 1 (B.E./B.Tech),Chemistry,Coordination Compounds,Crystal Field Theory,SINGLE_CORRECT_MCQ,57,C,,OFFICIAL_VERIFIED,HIGH,4.0,-1.0,JEE_MAIN\images\JM_2026_S2_0408_SHIFT2_CHE_Q057\question_diagram.png,JEE_Main_PYQ_Archive\2026\Session-2\Question-Papers\JEE_Main_2026_Session-2_2026-04-08_Shift-2_Question-Paper.pdf,23,[JEE MAIN] [2026] [Session 2 • 08 Apr • Shift 2]
JM_2026_S2_0408_SHIFT2_CHE_Q058,JEE_MAIN,2026,Session 2,2026-04-08,Shift 2,Paper 1 (B.E./B.Tech),Chemistry,Coordination Compounds,Crystal Field Theory,SINGLE_CORRECT_MCQ,58,A,,OFFICIAL_VERIFIED,HIGH,4.0,-1.0,JEE_MAIN\images\JM_2026_S2_0408_SHIFT2_CHE_Q058\question_diagram.png,JEE_Main_PYQ_Archive\2026\Session-2\Question-Papers\JEE_Main_2026_Session-2_2026-04-08_Shift-2_Question-Paper.pdf,24,[JEE MAIN] [2026] [Session 2 • 08 Apr • Shift 2]
JM_2026_S2_0408_SHIFT2_CHE_Q059,JEE_MAIN,2026,Session 2,2026-04-08,Shift 2,Paper 1 (B.E./B.Tech),Chemistry,Coordination Compounds,Crystal Field Theory,SINGLE_CORRECT_MCQ,59,C,,OFFICIAL_VERIFIED,HIGH,4.0,-1.0,JEE_MAIN\images\JM_2026_S2_0408_SHIFT2_CHE_Q059\question_diagram.png,JEE_Main_PYQ_Archive\2026\Session-2\Question-Papers\JEE_Main_2026_Session-2_2026-04-08_Shift-2_Question-Paper.pdf,24,[JEE MAIN] [2026] [Session 2 • 08 Apr • Shift 2]
JM_2026_S2_0408_SHIFT2_CHE_Q060,JEE_MAIN,2026,Session 2,2026-04-08,Shift 2,Paper 1 (B.E./B.Tech),Chemistry,Coordination Compounds,Crystal Field Theory,SINGLE_CORRECT_MCQ,60,A,,OFFICIAL_VERIFIED,HIGH,4.0,-1.0,JEE_MAIN\images\JM_2026_S2_0408_SHIFT2_CHE_Q060\question_diagram.png,JEE_Main_PYQ_Archive\2026\Session-2\Question-Papers\JEE_Main_2026_Session-2_2026-04-08_Shift-2_Question-Paper.pdf,24,[JEE MAIN] [2026] [Session 2 • 08 Apr • Shift 2]
JM_2026_S2_0408_SHIFT2_CHE_Q061,JEE_MAIN,2026,Session 2,2026-04-08,Shift 2,Paper 1 (B.E./B.Tech),Chemistry,Coordination Compounds,Crystal Field Theory,SINGLE_CORRECT_MCQ,61,B,,OFFICIAL_VERIFIED,HIGH,4.0,-1.0,JEE_MAIN\images\JM_2026_S2_0408_SHIFT2_CHE_Q061\question_diagram.png,JEE_Main_PYQ_Archive\2026\Session-2\Question-Papers\JEE_Main_2026_Session-2_2026-04-08_Shift-2_Question-Paper.pdf,25,[JEE MAIN] [2026] [Session 2 • 08 Apr • Shift 2]
JM_2026_S2_0408_SHIFT2_CHE_Q062,JEE_MAIN,2026,Session 2,2026-04-08,Shift 2,Paper 1 (B.E./B.Tech),Chemistry,Coordination Compounds,Crystal Field Theory,SINGLE_CORRECT_MCQ,62,C,,OFFICIAL_VERIFIED,HIGH,4.0,-1.0,JEE_MAIN\images\JM_2026_S2_0408_SHIFT2_CHE_Q062\question_diagram.png,JEE_Main_PYQ_Archive\2026\Session-2\Question-Papers\JEE_Main_2026_Session-2_2026-04-08_Shift-2_Question-Paper.pdf,25,[JEE MAIN] [2026] [Session 2 • 08 Apr • Shift 2]
JM_2026_S2_0408_SHIFT2_CHE_Q063,JEE_MAIN,2026,Session 2,2026-04-08,Shift 2,Paper 1 (B.E./B.Tech),Chemistry,Coordination Compounds,Crystal Field Theory,SINGLE_CORRECT_MCQ,63,B,,OFFICIAL_VERIFIED,HIGH,4.0,-1.0,JEE_MAIN\images\JM_2026_S2_0408_SHIFT2_CHE_Q063\question_diagram.png,JEE_Main_PYQ_Archive\2026\Session-2\Question-Papers\JEE_Main_2026_Session-2_2026-04-08_Shift-2_Question-Paper.pdf,26,[JEE MAIN] [2026] [Session 2 • 08 Apr • Shift 2]
JM_2026_S2_0408_SHIFT2_CHE_Q064,JEE_MAIN,2026,Session 2,2026-04-08,Shift 2,Paper 1 (B.E./B.Tech),Chemistry,Coordination Compounds,Crystal Field Theory,SINGLE_CORRECT_MCQ,64,C,,OFFICIAL_VERIFIED,HIGH,4.0,-1.0,JEE_MAIN\images\JM_2026_S2_0408_SHIFT2_CHE_Q064\question_diagram.png,JEE_Main_PYQ_Archive\2026\Session-2\Question-Papers\JEE_Main_2026_Session-2_2026-04-08_Shift-2_Question-Paper.pdf,26,[JEE MAIN] [2026] [Session 2 • 08 Apr • Shift 2]
JM_2026_S2_0408_SHIFT2_CHE_Q065,JEE_MAIN,2026,Session 2,2026-04-08,Shift 2,Paper 1 (B.E./B.Tech),Chemistry,Coordination Compounds,Crystal Field Theory,SINGLE_CORRECT_MCQ,65,B,,OFFICIAL_VERIFIED,HIGH,4.0,-1.0,JEE_MAIN\images\JM_2026_S2_0408_SHIFT2_CHE_Q065\question_diagram.png,JEE_Main_PYQ_Archive\2026\Session-2\Question-Papers\JEE_Main_2026_Session-2_2026-04-08_Shift-2_Question-Paper.pdf,27,[JEE MAIN] [2026] [Session 2 • 08 Apr • Shift 2]
JM_2026_S2_0408_SHIFT2_CHE_Q066,JEE_MAIN,2026,Session 2,2026-04-08,Shift 2,Paper 1 (B.E./B.Tech),Chemistry,Coordination Compounds,Crystal Field Theory,SINGLE_CORRECT_MCQ,66,A,,OFFICIAL_VERIFIED,HIGH,4.0,-1.0,JEE_MAIN\images\JM_2026_S2_0408_SHIFT2_CHE_Q066\question_diagram.png,JEE_Main_PYQ_Archive\2026\Session-2\Question-Papers\JEE_Main_2026_Session-2_2026-04-08_Shift-2_Question-Paper.pdf,27,[JEE MAIN] [2026] [Session 2 • 08 Apr • Shift 2]
JM_2026_S2_0408_SHIFT2_CHE_Q067,JEE_MAIN,2026,Session 2,2026-04-08,Shift 2,Paper 1 (B.E./B.Tech),Chemistry,Coordination Compounds,Crystal Field Theory,SINGLE_CORRECT_MCQ,67,C,,OFFICIAL_VERIFIED,HIGH,4.0,-1.0,JEE_MAIN\images\JM_2026_S2_0408_SHIFT2_CHE_Q067\question_diagram.png,JEE_Main_PYQ_Archive\2026\Session-2\Question-Papers\JEE_Main_2026_Session-2_2026-04-08_Shift-2_Question-Paper.pdf,28,[JEE MAIN] [2026] [Session 2 • 08 Apr • Shift 2]
JM_2026_S2_0408_SHIFT2_CHE_Q068,JEE_MAIN,2026,Session 2,2026-04-08,Shift 2,Paper 1 (B.E./B.Tech),Chemistry,Coordination Compounds,Crystal Field Theory,SINGLE_CORRECT_MCQ,68,C,,OFFICIAL_VERIFIED,HIGH,4.0,-1.0,JEE_MAIN\images\JM_2026_S2_0408_SHIFT2_CHE_Q068\question_diagram.png,JEE_Main_PYQ_Archive\2026\Session-2\Question-Papers\JEE_Main_2026_Session-2_2026-04-08_Shift-2_Question-Paper.pdf,28,[JEE MAIN] [2026] [Session 2 • 08 Apr • Shift 2]
JM_2026_S2_0408_SHIFT2_CHE_Q069,JEE_MAIN,2026,Session 2,2026-04-08,Shift 2,Paper 1 (B.E./B.Tech),Chemistry,Coordination Compounds,Crystal Field Theory,SINGLE_CORRECT_MCQ,69,B,,OFFICIAL_VERIFIED,HIGH,4.0,-1.0,JEE_MAIN\images\JM_2026_S2_0408_SHIFT2_CHE_Q069\question_diagram.png,JEE_Main_PYQ_Archive\2026\Session-2\Question-Papers\JEE_Main_2026_Session-2_2026-04-08_Shift-2_Question-Paper.pdf,29,[JEE MAIN] [2026] [Session 2 • 08 Apr • Shift 2]
JM_2026_S2_0408_SHIFT2_CHE_Q070,JEE_MAIN,2026,Session 2,2026-04-08,Shift 2,Paper 1 (B.E./B.Tech),Chemistry,Coordination Compounds,Crystal Field Theory,SINGLE_CORRECT_MCQ,70,C,,OFFICIAL_VERIFIED,HIGH,4.0,-1.0,JEE_MAIN\images\JM_2026_S2_0408_SHIFT2_CHE_Q070\question_diagram.png,JEE_Main_PYQ_Archive\2026\Session-2\Question-Papers\JEE_Main_2026_Session-2_2026-04-08_Shift-2_Question-Paper.pdf,29,[JEE MAIN] [2026] [Session 2 • 08 Apr • Shift 2]
JM_2026_S2_0408_SHIFT2_CHE_Q071,JEE_MAIN,2026,Session 2,2026-04-08,Shift 2,Paper 1 (B.E./B.Tech),Chemistry,Coordination Compounds,Crystal Field Theory,NUMERICAL,71,6,6.0,OFFICIAL_VERIFIED,HIGH,4.0,-1.0,JEE_MAIN\images\JM_2026_S2_0408_SHIFT2_CHE_Q071\question_diagram.png,JEE_Main_PYQ_Archive\2026\Session-2\Question-Papers\JEE_Main_2026_Session-2_2026-04-08_Shift-2_Question-Paper.pdf,30,[JEE MAIN] [2026] [Session 2 • 08 Apr • Shift 2]
JM_2026_S2_0408_SHIFT2_CHE_Q072,JEE_MAIN,2026,Session 2,2026-04-08,Shift 2,Paper 1 (B.E./B.Tech),Chemistry,Coordination Compounds,Crystal Field Theory,NUMERICAL,72,16,16.0,OFFICIAL_VERIFIED,HIGH,4.0,-1.0,JEE_MAIN\images\JM_2026_S2_0408_SHIFT2_CHE_Q072\question_diagram.png,JEE_Main_PYQ_Archive\2026\Session-2\Question-Papers\JEE_Main_2026_Session-2_2026-04-08_Shift-2_Question-Paper.pdf,30,[JEE MAIN] [2026] [Session 2 • 08 Apr • Shift 2]
JM_2026_S2_0408_SHIFT2_CHE_Q073,JEE_MAIN,2026,Session 2,2026-04-08,Shift 2,Paper 1 (B.E./B.Tech),Chemistry,Coordination Compounds,Crystal Field Theory,NUMERICAL,73,3,3.0,OFFICIAL_VERIFIED,HIGH,4.0,-1.0,JEE_MAIN\images\JM_2026_S2_0408_SHIFT2_CHE_Q073\question_diagram.png,JEE_Main_PYQ_Archive\2026\Session-2\Question-Papers\JEE_Main_2026_Session-2_2026-04-08_Shift-2_Question-Paper.pdf,30,[JEE MAIN] [2026] [Session 2 • 08 Apr • Shift 2]
JM_2026_S2_0408_SHIFT2_CHE_Q074,JEE_MAIN,2026,Session 2,2026-04-08,Shift 2,Paper 1 (B.E./B.Tech),Chemistry,Coordination Compounds,Crystal Field Theory,NUMERICAL,74,1126,1126.0,OFFICIAL_VERIFIED,HIGH,4.0,-1.0,JEE_MAIN\images\JM_2026_S2_0408_SHIFT2_CHE_Q074\question_diagram.png,JEE_Main_PYQ_Archive\2026\Session-2\Question-Papers\JEE_Main_2026_Session-2_2026-04-08_Shift-2_Question-Paper.pdf,30,[JEE MAIN] [2026] [Session 2 • 08 Apr • Shift 2]
JM_2026_S2_0408_SHIFT2_CHE_Q075,JEE_MAIN,2026,Session 2,2026-04-08,Shift 2,Paper 1 (B.E./B.Tech),Chemistry,Coordination Compounds,Crystal Field Theory,NUMERICAL,75,4,4.0,OFFICIAL_VERIFIED,HIGH,4.0,-1.0,JEE_MAIN\images\JM_2026_S2_0408_SHIFT2_CHE_Q075\question_diagram.png,JEE_Main_PYQ_Archive\2026\Session-2\Question-Papers\JEE_Main_2026_Session-2_2026-04-08_Shift-2_Question-Paper.pdf,31,[JEE MAIN] [2026] [Session 2 • 08 Apr • Shift 2]
