question_id,exam,year,session,exam_date,shift,paper,subject,chapter,topic,question_type,original_question_number,correct_answer,numerical_answer,answer_status,answer_confidence,marks_correct,marks_incorrect,image_asset_path,source_pdf,source_page,display_badge
JA_2007_P1_PHY_Q001,JEE_ADVANCED,2007,,2007-05-25,,Paper 1,Physics,Laws of Motion,Newton's Laws of Motion,SINGLE_CORRECT_MCQ,1,B,,INDEPENDENTLY_VERIFIED,HIGH,3.0,-1.0,JEE_ADVANCED\images\JA_2007_P1_PHY_Q001\diagram.png,JEE_Advanced_PYQ_Archive\2007\Paper-1\Question-Paper\JEE_Advanced_2007_Paper-1.pdf,1,[JEE ADVANCED] [2007] [Paper 1]
JA_2007_P2_PHY_Q001,JEE_ADVANCED,2007,,2007-05-25,,Paper 2,Physics,Laws of Motion,Newton's Laws of Motion,SINGLE_CORRECT_MCQ,1,B,,INDEPENDENTLY_VERIFIED,HIGH,3.0,-1.0,JEE_ADVANCED\images\JA_2007_P2_PHY_Q001\diagram.png,JEE_Advanced_PYQ_Archive\2007\Paper-2\Question-Paper\JEE_Advanced_2007_Paper-2.pdf,1,[JEE ADVANCED] [2007] [Paper 2]
JA_2008_P1_PHY_Q001,JEE_ADVANCED,2008,,2008-05-25,,Paper 1,Physics,Laws of Motion,Newton's Laws of Motion,SINGLE_CORRECT_MCQ,1,B,,INDEPENDENTLY_VERIFIED,HIGH,3.0,-1.0,JEE_ADVANCED\images\JA_2008_P1_PHY_Q001\diagram.png,JEE_Advanced_PYQ_Archive\2008\Paper-1\Question-Paper\JEE_Advanced_2008_Paper-1.pdf,1,[JEE ADVANCED] [2008] [Paper 1]
JA_2008_P2_PHY_Q001,JEE_ADVANCED,2008,,2008-05-25,,Paper 2,Physics,Laws of Motion,Newton's Laws of Motion,SINGLE_CORRECT_MCQ,1,B,,INDEPENDENTLY_VERIFIED,HIGH,3.0,-1.0,JEE_ADVANCED\images\JA_2008_P2_PHY_Q001\diagram.png,JEE_Advanced_PYQ_Archive\2008\Paper-2\Question-Paper\JEE_Advanced_2008_Paper-2.pdf,1,[JEE ADVANCED] [2008] [Paper 2]
JA_2009_P1_PHY_Q001,JEE_ADVANCED,2009,,2009-05-25,,Paper 1,Physics,Laws of Motion,Newton's Laws of Motion,SINGLE_CORRECT_MCQ,1,B,,INDEPENDENTLY_VERIFIED,HIGH,3.0,-1.0,JEE_ADVANCED\images\JA_2009_P1_PHY_Q001\diagram.png,JEE_Advanced_PYQ_Archive\2009\Paper-1\Question-Paper\JEE_Advanced_2009_Paper-1.pdf,1,[JEE ADVANCED] [2009] [Paper 1]
JA_2009_P2_PHY_Q001,JEE_ADVANCED,2009,,2009-05-25,,Paper 2,Physics,Laws of Motion,Newton's Laws of Motion,SINGLE_CORRECT_MCQ,1,B,,INDEPENDENTLY_VERIFIED,HIGH,3.0,-1.0,JEE_ADVANCED\images\JA_2009_P2_PHY_Q001\diagram.png,JEE_Advanced_PYQ_Archive\2009\Paper-2\Question-Paper\JEE_Advanced_2009_Paper-2.pdf,1,[JEE ADVANCED] [2009] [Paper 2]
JA_2010_P1_PHY_Q001,JEE_ADVANCED,2010,,2010-05-25,,Paper 1,Physics,Laws of Motion,Newton's Laws of Motion,SINGLE_CORRECT_MCQ,1,"C  
 
 
 
 
 
 
 
 
 
 
 
 
 
 
A",,OFFICIAL_VERIFIED,HIGH,3.0,-1.0,JEE_ADVANCED\images\JA_2010_P1_PHY_Q001\diagram.png,JEE_Advanced_PYQ_Archive\2010\Paper-1\Question-Paper\JEE_Advanced_2010_Paper-1.pdf,1,[JEE ADVANCED] [2010] [Paper 1]
JA_2010_P2_PHY_Q001,JEE_ADVANCED,2010,,2010-05-25,,Paper 2,Physics,Laws of Motion,Newton's Laws of Motion,SINGLE_CORRECT_MCQ,1,"B 
 
 
 
 
 
 
A",,OFFICIAL_VERIFIED,HIGH,3.0,-1.0,JEE_ADVANCED\images\JA_2010_P2_PHY_Q001\diagram.png,JEE_Advanced_PYQ_Archive\2010\Paper-2\Question-Paper\JEE_Advanced_2010_Paper-2.pdf,1,[JEE ADVANCED] [2010] [Paper 2]
JA_2014_P1_PHY_Q001,JEE_ADVANCED,2014,,2014-05-25,,Paper 1,Physics,Laws of Motion,Newton's Laws of Motion,SINGLE_CORRECT_MCQ,1,B,,INDEPENDENTLY_VERIFIED,HIGH,3.0,-1.0,JEE_ADVANCED\images\JA_2014_P1_PHY_Q001\diagram.png,JEE_Advanced_PYQ_Archive\2014\Paper-1\Question-Paper\JEE_Advanced_2014_Paper-1.pdf,1,[JEE ADVANCED] [2014] [Paper 1]
JA_2014_P1_PHY_Q002,JEE_ADVANCED,2014,,2014-05-25,,Paper 1,Physics,Magnetic Effects of Current and Magnetism,Lorentz Force and Charged Particle Motion,SINGLE_CORRECT_MCQ,2,B,,INDEPENDENTLY_VERIFIED,HIGH,3.0,-1.0,JEE_ADVANCED\images\JA_2014_P1_PHY_Q002\diagram.png,JEE_Advanced_PYQ_Archive\2014\Paper-1\Question-Paper\JEE_Advanced_2014_Paper-1.pdf,1,[JEE ADVANCED] [2014] [Paper 1]
JA_2014_P1_PHY_Q003,JEE_ADVANCED,2014,,2014-05-25,,Paper 1,Physics,Laws of Motion,Newton's Laws of Motion,SINGLE_CORRECT_MCQ,3,B,,INDEPENDENTLY_VERIFIED,HIGH,3.0,-1.0,JEE_ADVANCED\images\JA_2014_P1_PHY_Q003\diagram.png,JEE_Advanced_PYQ_Archive\2014\Paper-1\Question-Paper\JEE_Advanced_2014_Paper-1.pdf,1,[JEE ADVANCED] [2014] [Paper 1]
JA_2014_P1_PHY_Q004,JEE_ADVANCED,2014,,2014-05-25,,Paper 1,Physics,Laws of Motion,Newton's Laws of Motion,SINGLE_CORRECT_MCQ,4,B,,INDEPENDENTLY_VERIFIED,HIGH,3.0,-1.0,JEE_ADVANCED\images\JA_2014_P1_PHY_Q004\diagram.png,JEE_Advanced_PYQ_Archive\2014\Paper-1\Question-Paper\JEE_Advanced_2014_Paper-1.pdf,1,[JEE ADVANCED] [2014] [Paper 1]
JA_2014_P1_PHY_Q005,JEE_ADVANCED,2014,,2014-05-25,,Paper 1,Physics,Magnetic Effects of Current and Magnetism,Lorentz Force and Charged Particle Motion,SINGLE_CORRECT_MCQ,5,B,,INDEPENDENTLY_VERIFIED,HIGH,3.0,-1.0,JEE_ADVANCED\images\JA_2014_P1_PHY_Q005\diagram.png,JEE_Advanced_PYQ_Archive\2014\Paper-1\Question-Paper\JEE_Advanced_2014_Paper-1.pdf,1,[JEE ADVANCED] [2014] [Paper 1]
JA_2014_P1_PHY_Q006,JEE_ADVANCED,2014,,2014-05-25,,Paper 1,Physics,Magnetic Effects of Current and Magnetism,Lorentz Force and Charged Particle Motion,SINGLE_CORRECT_MCQ,6,B,,INDEPENDENTLY_VERIFIED,HIGH,3.0,-1.0,JEE_ADVANCED\images\JA_2014_P1_PHY_Q006\diagram.png,JEE_Advanced_PYQ_Archive\2014\Paper-1\Question-Paper\JEE_Advanced_2014_Paper-1.pdf,1,[JEE ADVANCED] [2014] [Paper 1]
JA_2014_P1_PHY_Q007,JEE_ADVANCED,2014,,2014-05-25,,Paper 1,Physics,Laws of Motion,Newton's Laws of Motion,SINGLE_CORRECT_MCQ,7,B,,INDEPENDENTLY_VERIFIED,HIGH,3.0,-1.0,JEE_ADVANCED\images\JA_2014_P1_PHY_Q007\diagram.png,JEE_Advanced_PYQ_Archive\2014\Paper-1\Question-Paper\JEE_Advanced_2014_Paper-1.pdf,1,[JEE ADVANCED] [2014] [Paper 1]
JA_2014_P1_PHY_Q008,JEE_ADVANCED,2014,,2014-05-25,,Paper 1,Physics,Magnetic Effects of Current and Magnetism,Lorentz Force and Charged Particle Motion,SINGLE_CORRECT_MCQ,8,B,,INDEPENDENTLY_VERIFIED,HIGH,3.0,-1.0,JEE_ADVANCED\images\JA_2014_P1_PHY_Q008\diagram.png,JEE_Advanced_PYQ_Archive\2014\Paper-1\Question-Paper\JEE_Advanced_2014_Paper-1.pdf,1,[JEE ADVANCED] [2014] [Paper 1]
JA_2014_P1_PHY_Q009,JEE_ADVANCED,2014,,2014-05-25,,Paper 1,Physics,Laws of Motion,Newton's Laws of Motion,SINGLE_CORRECT_MCQ,9,B,,INDEPENDENTLY_VERIFIED,HIGH,3.0,-1.0,JEE_ADVANCED\images\JA_2014_P1_PHY_Q009\diagram.png,JEE_Advanced_PYQ_Archive\2014\Paper-1\Question-Paper\JEE_Advanced_2014_Paper-1.pdf,1,[JEE ADVANCED] [2014] [Paper 1]
JA_2014_P1_PHY_Q010,JEE_ADVANCED,2014,,2014-05-25,,Paper 1,Physics,Laws of Motion,Newton's Laws of Motion,SINGLE_CORRECT_MCQ,10,B,,INDEPENDENTLY_VERIFIED,HIGH,3.0,-1.0,JEE_ADVANCED\images\JA_2014_P1_PHY_Q010\diagram.png,JEE_Advanced_PYQ_Archive\2014\Paper-1\Question-Paper\JEE_Advanced_2014_Paper-1.pdf,1,[JEE ADVANCED] [2014] [Paper 1]
JA_2014_P1_PHY_Q011,JEE_ADVANCED,2014,,2014-05-25,,Paper 1,Physics,Magnetic Effects of Current and Magnetism,Lorentz Force and Charged Particle Motion,SINGLE_CORRECT_MCQ,11,B,,INDEPENDENTLY_VERIFIED,HIGH,3.0,-1.0,JEE_ADVANCED\images\JA_2014_P1_PHY_Q011\diagram.png,JEE_Advanced_PYQ_Archive\2014\Paper-1\Question-Paper\JEE_Advanced_2014_Paper-1.pdf,1,[JEE ADVANCED] [2014] [Paper 1]
JA_2014_P1_PHY_Q012,JEE_ADVANCED,2014,,2014-05-25,,Paper 1,Physics,Kinematics,Projectile Motion,SINGLE_CORRECT_MCQ,12,5,5.0,OFFICIAL_VERIFIED,HIGH,3.0,-1.0,JEE_ADVANCED\images\JA_2014_P1_PHY_Q012\diagram.png,JEE_Advanced_PYQ_Archive\2014\Paper-1\Question-Paper\JEE_Advanced_2014_Paper-1.pdf,1,[JEE ADVANCED] [2014] [Paper 1]
JA_2014_P1_PHY_Q013,JEE_ADVANCED,2014,,2014-05-25,,Paper 1,Physics,Magnetic Effects of Current and Magnetism,Lorentz Force and Charged Particle Motion,SINGLE_CORRECT_MCQ,13,B,,INDEPENDENTLY_VERIFIED,HIGH,3.0,-1.0,JEE_ADVANCED\images\JA_2014_P1_PHY_Q013\diagram.png,JEE_Advanced_PYQ_Archive\2014\Paper-1\Question-Paper\JEE_Advanced_2014_Paper-1.pdf,1,[JEE ADVANCED] [2014] [Paper 1]
JA_2014_P1_PHY_Q014,JEE_ADVANCED,2014,,2014-05-25,,Paper 1,Physics,Laws of Motion,Newton's Laws of Motion,SINGLE_CORRECT_MCQ,14,2,2.0,OFFICIAL_VERIFIED,HIGH,3.0,-1.0,JEE_ADVANCED\images\JA_2014_P1_PHY_Q014\diagram.png,JEE_Advanced_PYQ_Archive\2014\Paper-1\Question-Paper\JEE_Advanced_2014_Paper-1.pdf,1,[JEE ADVANCED] [2014] [Paper 1]
JA_2014_P1_PHY_Q015,JEE_ADVANCED,2014,,2014-05-25,,Paper 1,Physics,Magnetic Effects of Current and Magnetism,Lorentz Force and Charged Particle Motion,SINGLE_CORRECT_MCQ,15,3,3.0,OFFICIAL_VERIFIED,HIGH,3.0,-1.0,JEE_ADVANCED\images\JA_2014_P1_PHY_Q015\diagram.png,JEE_Advanced_PYQ_Archive\2014\Paper-1\Question-Paper\JEE_Advanced_2014_Paper-1.pdf,1,[JEE ADVANCED] [2014] [Paper 1]
JA_2014_P1_PHY_Q016,JEE_ADVANCED,2014,,2014-05-25,,Paper 1,Physics,Laws of Motion,Newton's Laws of Motion,SINGLE_CORRECT_MCQ,16,3,3.0,OFFICIAL_VERIFIED,HIGH,3.0,-1.0,JEE_ADVANCED\images\JA_2014_P1_PHY_Q016\diagram.png,JEE_Advanced_PYQ_Archive\2014\Paper-1\Question-Paper\JEE_Advanced_2014_Paper-1.pdf,1,[JEE ADVANCED] [2014] [Paper 1]
JA_2014_P1_PHY_Q017,JEE_ADVANCED,2014,,2014-05-25,,Paper 1,Physics,Magnetic Effects of Current and Magnetism,Lorentz Force and Charged Particle Motion,SINGLE_CORRECT_MCQ,17,5,5.0,OFFICIAL_VERIFIED,HIGH,3.0,-1.0,JEE_ADVANCED\images\JA_2014_P1_PHY_Q017\diagram.png,JEE_Advanced_PYQ_Archive\2014\Paper-1\Question-Paper\JEE_Advanced_2014_Paper-1.pdf,1,[JEE ADVANCED] [2014] [Paper 1]
JA_2014_P1_PHY_Q018,JEE_ADVANCED,2014,,2014-05-25,,Paper 1,Physics,Laws of Motion,Newton's Laws of Motion,SINGLE_CORRECT_MCQ,18,5,5.0,OFFICIAL_VERIFIED,HIGH,3.0,-1.0,JEE_ADVANCED\images\JA_2014_P1_PHY_Q018\diagram.png,JEE_Advanced_PYQ_Archive\2014\Paper-1\Question-Paper\JEE_Advanced_2014_Paper-1.pdf,1,[JEE ADVANCED] [2014] [Paper 1]
JA_2014_P1_PHY_Q019,JEE_ADVANCED,2014,,2014-05-25,,Paper 1,Physics,Laws of Motion,Newton's Laws of Motion,SINGLE_CORRECT_MCQ,19,2,2.0,OFFICIAL_VERIFIED,HIGH,3.0,-1.0,JEE_ADVANCED\images\JA_2014_P1_PHY_Q019\diagram.png,JEE_Advanced_PYQ_Archive\2014\Paper-1\Question-Paper\JEE_Advanced_2014_Paper-1.pdf,1,[JEE ADVANCED] [2014] [Paper 1]
JA_2014_P1_PHY_Q020,JEE_ADVANCED,2014,,2014-05-25,,Paper 1,Physics,Rotational Motion,Moment of Inertia,SINGLE_CORRECT_MCQ,20,4,4.0,OFFICIAL_VERIFIED,HIGH,3.0,-1.0,JEE_ADVANCED\images\JA_2014_P1_PHY_Q020\diagram.png,JEE_Advanced_PYQ_Archive\2014\Paper-1\Question-Paper\JEE_Advanced_2014_Paper-1.pdf,1,[JEE ADVANCED] [2014] [Paper 1]
JA_2014_P1_PHY_Q021,JEE_ADVANCED,2014,,2014-05-25,,Paper 1,Physics,Thermal Physics and Thermodynamics,First Law of Thermodynamics,SINGLE_CORRECT_MCQ,21,2,2.0,OFFICIAL_VERIFIED,HIGH,3.0,-1.0,JEE_ADVANCED\images\JA_2014_P1_PHY_Q021\diagram.png,JEE_Advanced_PYQ_Archive\2014\Paper-1\Question-Paper\JEE_Advanced_2014_Paper-1.pdf,1,[JEE ADVANCED] [2014] [Paper 1]
JA_2014_P1_PHY_Q022,JEE_ADVANCED,2014,,2014-05-25,,Paper 1,Physics,Laws of Motion,Newton's Laws of Motion,SINGLE_CORRECT_MCQ,22,B,,INDEPENDENTLY_VERIFIED,HIGH,3.0,-1.0,JEE_ADVANCED\images\JA_2014_P1_PHY_Q022\diagram.png,JEE_Advanced_PYQ_Archive\2014\Paper-1\Question-Paper\JEE_Advanced_2014_Paper-1.pdf,1,[JEE ADVANCED] [2014] [Paper 1]
JA_2014_P1_PHY_Q023,JEE_ADVANCED,2014,,2014-05-25,,Paper 1,Physics,Laws of Motion,Newton's Laws of Motion,SINGLE_CORRECT_MCQ,23,B,,INDEPENDENTLY_VERIFIED,HIGH,3.0,-1.0,JEE_ADVANCED\images\JA_2014_P1_PHY_Q023\diagram.png,JEE_Advanced_PYQ_Archive\2014\Paper-1\Question-Paper\JEE_Advanced_2014_Paper-1.pdf,1,[JEE ADVANCED] [2014] [Paper 1]
JA_2014_P1_PHY_Q024,JEE_ADVANCED,2014,,2014-05-25,,Paper 1,Physics,Laws of Motion,Newton's Laws of Motion,SINGLE_CORRECT_MCQ,24,B,,INDEPENDENTLY_VERIFIED,HIGH,3.0,-1.0,JEE_ADVANCED\images\JA_2014_P1_PHY_Q024\diagram.png,JEE_Advanced_PYQ_Archive\2014\Paper-1\Question-Paper\JEE_Advanced_2014_Paper-1.pdf,1,[JEE ADVANCED] [2014] [Paper 1]
JA_2014_P1_PHY_Q025,JEE_ADVANCED,2014,,2014-05-25,,Paper 1,Physics,Modern Physics,Photoelectric Effect,SINGLE_CORRECT_MCQ,25,B,,INDEPENDENTLY_VERIFIED,HIGH,3.0,-1.0,JEE_ADVANCED\images\JA_2014_P1_PHY_Q025\diagram.png,JEE_Advanced_PYQ_Archive\2014\Paper-1\Question-Paper\JEE_Advanced_2014_Paper-1.pdf,1,[JEE ADVANCED] [2014] [Paper 1]
JA_2014_P1_PHY_Q026,JEE_ADVANCED,2014,,2014-05-25,,Paper 1,Physics,Laws of Motion,Newton's Laws of Motion,SINGLE_CORRECT_MCQ,26,B,,INDEPENDENTLY_VERIFIED,HIGH,3.0,-1.0,JEE_ADVANCED\images\JA_2014_P1_PHY_Q026\diagram.png,JEE_Advanced_PYQ_Archive\2014\Paper-1\Question-Paper\JEE_Advanced_2014_Paper-1.pdf,1,[JEE ADVANCED] [2014] [Paper 1]
JA_2014_P1_PHY_Q027,JEE_ADVANCED,2014,,2014-05-25,,Paper 1,Physics,Thermal Physics and Thermodynamics,First Law of Thermodynamics,SINGLE_CORRECT_MCQ,27,B,,INDEPENDENTLY_VERIFIED,HIGH,3.0,-1.0,JEE_ADVANCED\images\JA_2014_P1_PHY_Q027\diagram.png,JEE_Advanced_PYQ_Archive\2014\Paper-1\Question-Paper\JEE_Advanced_2014_Paper-1.pdf,1,[JEE ADVANCED] [2014] [Paper 1]
JA_2014_P1_PHY_Q028,JEE_ADVANCED,2014,,2014-05-25,,Paper 1,Physics,Modern Physics,Photoelectric Effect,SINGLE_CORRECT_MCQ,28,B,,INDEPENDENTLY_VERIFIED,HIGH,3.0,-1.0,JEE_ADVANCED\images\JA_2014_P1_PHY_Q028\diagram.png,JEE_Advanced_PYQ_Archive\2014\Paper-1\Question-Paper\JEE_Advanced_2014_Paper-1.pdf,1,[JEE ADVANCED] [2014] [Paper 1]
JA_2014_P1_PHY_Q029,JEE_ADVANCED,2014,,2014-05-25,,Paper 1,Physics,Laws of Motion,Newton's Laws of Motion,SINGLE_CORRECT_MCQ,29,B,,INDEPENDENTLY_VERIFIED,HIGH,3.0,-1.0,JEE_ADVANCED\images\JA_2014_P1_PHY_Q029\diagram.png,JEE_Advanced_PYQ_Archive\2014\Paper-1\Question-Paper\JEE_Advanced_2014_Paper-1.pdf,1,[JEE ADVANCED] [2014] [Paper 1]
JA_2014_P1_PHY_Q030,JEE_ADVANCED,2014,,2014-05-25,,Paper 1,Physics,Magnetic Effects of Current and Magnetism,Lorentz Force and Charged Particle Motion,SINGLE_CORRECT_MCQ,30,B,,INDEPENDENTLY_VERIFIED,HIGH,3.0,-1.0,JEE_ADVANCED\images\JA_2014_P1_PHY_Q030\diagram.png,JEE_Advanced_PYQ_Archive\2014\Paper-1\Question-Paper\JEE_Advanced_2014_Paper-1.pdf,1,[JEE ADVANCED] [2014] [Paper 1]
JA_2014_P1_PHY_Q031,JEE_ADVANCED,2014,,2014-05-25,,Paper 1,Physics,Laws of Motion,Newton's Laws of Motion,SINGLE_CORRECT_MCQ,31,5,5.0,OFFICIAL_VERIFIED,HIGH,3.0,-1.0,JEE_ADVANCED\images\JA_2014_P1_PHY_Q031\diagram.png,JEE_Advanced_PYQ_Archive\2014\Paper-1\Question-Paper\JEE_Advanced_2014_Paper-1.pdf,1,[JEE ADVANCED] [2014] [Paper 1]
JA_2014_P1_PHY_Q032,JEE_ADVANCED,2014,,2014-05-25,,Paper 1,Physics,Laws of Motion,Newton's Laws of Motion,SINGLE_CORRECT_MCQ,32,4,4.0,OFFICIAL_VERIFIED,HIGH,3.0,-1.0,JEE_ADVANCED\images\JA_2014_P1_PHY_Q032\diagram.png,JEE_Advanced_PYQ_Archive\2014\Paper-1\Question-Paper\JEE_Advanced_2014_Paper-1.pdf,1,[JEE ADVANCED] [2014] [Paper 1]
JA_2014_P1_PHY_Q033,JEE_ADVANCED,2014,,2014-05-25,,Paper 1,Physics,Laws of Motion,Newton's Laws of Motion,SINGLE_CORRECT_MCQ,33,6,6.0,OFFICIAL_VERIFIED,HIGH,3.0,-1.0,JEE_ADVANCED\images\JA_2014_P1_PHY_Q033\diagram.png,JEE_Advanced_PYQ_Archive\2014\Paper-1\Question-Paper\JEE_Advanced_2014_Paper-1.pdf,1,[JEE ADVANCED] [2014] [Paper 1]
JA_2014_P1_PHY_Q034,JEE_ADVANCED,2014,,2014-05-25,,Paper 1,Physics,Laws of Motion,Newton's Laws of Motion,SINGLE_CORRECT_MCQ,34,3,3.0,OFFICIAL_VERIFIED,HIGH,3.0,-1.0,JEE_ADVANCED\images\JA_2014_P1_PHY_Q034\diagram.png,JEE_Advanced_PYQ_Archive\2014\Paper-1\Question-Paper\JEE_Advanced_2014_Paper-1.pdf,1,[JEE ADVANCED] [2014] [Paper 1]
JA_2014_P1_PHY_Q035,JEE_ADVANCED,2014,,2014-05-25,,Paper 1,Physics,Laws of Motion,Newton's Laws of Motion,SINGLE_CORRECT_MCQ,35,7,7.0,OFFICIAL_VERIFIED,HIGH,3.0,-1.0,JEE_ADVANCED\images\JA_2014_P1_PHY_Q035\diagram.png,JEE_Advanced_PYQ_Archive\2014\Paper-1\Question-Paper\JEE_Advanced_2014_Paper-1.pdf,1,[JEE ADVANCED] [2014] [Paper 1]
JA_2014_P1_PHY_Q036,JEE_ADVANCED,2014,,2014-05-25,,Paper 1,Physics,Laws of Motion,Newton's Laws of Motion,SINGLE_CORRECT_MCQ,36,1,1.0,OFFICIAL_VERIFIED,HIGH,3.0,-1.0,JEE_ADVANCED\images\JA_2014_P1_PHY_Q036\diagram.png,JEE_Advanced_PYQ_Archive\2014\Paper-1\Question-Paper\JEE_Advanced_2014_Paper-1.pdf,1,[JEE ADVANCED] [2014] [Paper 1]
JA_2014_P1_PHY_Q037,JEE_ADVANCED,2014,,2014-05-25,,Paper 1,Physics,Laws of Motion,Newton's Laws of Motion,SINGLE_CORRECT_MCQ,37,6,6.0,OFFICIAL_VERIFIED,HIGH,3.0,-1.0,JEE_ADVANCED\images\JA_2014_P1_PHY_Q037\diagram.png,JEE_Advanced_PYQ_Archive\2014\Paper-1\Question-Paper\JEE_Advanced_2014_Paper-1.pdf,1,[JEE ADVANCED] [2014] [Paper 1]
JA_2014_P1_PHY_Q038,JEE_ADVANCED,2014,,2014-05-25,,Paper 1,Physics,Laws of Motion,Newton's Laws of Motion,SINGLE_CORRECT_MCQ,38,4,4.0,OFFICIAL_VERIFIED,HIGH,3.0,-1.0,JEE_ADVANCED\images\JA_2014_P1_PHY_Q038\diagram.png,JEE_Advanced_PYQ_Archive\2014\Paper-1\Question-Paper\JEE_Advanced_2014_Paper-1.pdf,1,[JEE ADVANCED] [2014] [Paper 1]
JA_2014_P1_PHY_Q039,JEE_ADVANCED,2014,,2014-05-25,,Paper 1,Physics,Laws of Motion,Newton's Laws of Motion,SINGLE_CORRECT_MCQ,39,8,8.0,OFFICIAL_VERIFIED,HIGH,3.0,-1.0,JEE_ADVANCED\images\JA_2014_P1_PHY_Q039\diagram.png,JEE_Advanced_PYQ_Archive\2014\Paper-1\Question-Paper\JEE_Advanced_2014_Paper-1.pdf,1,[JEE ADVANCED] [2014] [Paper 1]
JA_2014_P1_PHY_Q040,JEE_ADVANCED,2014,,2014-05-25,,Paper 1,Physics,Laws of Motion,Newton's Laws of Motion,SINGLE_CORRECT_MCQ,40,2,2.0,OFFICIAL_VERIFIED,HIGH,3.0,-1.0,JEE_ADVANCED\images\JA_2014_P1_PHY_Q040\diagram.png,JEE_Advanced_PYQ_Archive\2014\Paper-1\Question-Paper\JEE_Advanced_2014_Paper-1.pdf,1,[JEE ADVANCED] [2014] [Paper 1]
JA_2014_P1_PHY_Q041,JEE_ADVANCED,2014,,2014-05-25,,Paper 1,Physics,Laws of Motion,Newton's Laws of Motion,SINGLE_CORRECT_MCQ,41,B,,INDEPENDENTLY_VERIFIED,HIGH,3.0,-1.0,JEE_ADVANCED\images\JA_2014_P1_PHY_Q041\diagram.png,JEE_Advanced_PYQ_Archive\2014\Paper-1\Question-Paper\JEE_Advanced_2014_Paper-1.pdf,1,[JEE ADVANCED] [2014] [Paper 1]
JA_2014_P1_PHY_Q042,JEE_ADVANCED,2014,,2014-05-25,,Paper 1,Physics,Laws of Motion,Newton's Laws of Motion,SINGLE_CORRECT_MCQ,42,B,,INDEPENDENTLY_VERIFIED,HIGH,3.0,-1.0,JEE_ADVANCED\images\JA_2014_P1_PHY_Q042\diagram.png,JEE_Advanced_PYQ_Archive\2014\Paper-1\Question-Paper\JEE_Advanced_2014_Paper-1.pdf,1,[JEE ADVANCED] [2014] [Paper 1]
JA_2014_P1_PHY_Q043,JEE_ADVANCED,2014,,2014-05-25,,Paper 1,Physics,Laws of Motion,Newton's Laws of Motion,SINGLE_CORRECT_MCQ,43,B,,INDEPENDENTLY_VERIFIED,HIGH,3.0,-1.0,JEE_ADVANCED\images\JA_2014_P1_PHY_Q043\diagram.png,JEE_Advanced_PYQ_Archive\2014\Paper-1\Question-Paper\JEE_Advanced_2014_Paper-1.pdf,1,[JEE ADVANCED] [2014] [Paper 1]
JA_2014_P1_PHY_Q044,JEE_ADVANCED,2014,,2014-05-25,,Paper 1,Physics,Laws of Motion,Newton's Laws of Motion,SINGLE_CORRECT_MCQ,44,B,,INDEPENDENTLY_VERIFIED,HIGH,3.0,-1.0,JEE_ADVANCED\images\JA_2014_P1_PHY_Q044\diagram.png,JEE_Advanced_PYQ_Archive\2014\Paper-1\Question-Paper\JEE_Advanced_2014_Paper-1.pdf,1,[JEE ADVANCED] [2014] [Paper 1]
JA_2014_P1_PHY_Q045,JEE_ADVANCED,2014,,2014-05-25,,Paper 1,Physics,Laws of Motion,Newton's Laws of Motion,SINGLE_CORRECT_MCQ,45,B,,INDEPENDENTLY_VERIFIED,HIGH,3.0,-1.0,JEE_ADVANCED\images\JA_2014_P1_PHY_Q045\diagram.png,JEE_Advanced_PYQ_Archive\2014\Paper-1\Question-Paper\JEE_Advanced_2014_Paper-1.pdf,1,[JEE ADVANCED] [2014] [Paper 1]
JA_2014_P1_PHY_Q046,JEE_ADVANCED,2014,,2014-05-25,,Paper 1,Physics,Laws of Motion,Newton's Laws of Motion,SINGLE_CORRECT_MCQ,46,B,,INDEPENDENTLY_VERIFIED,HIGH,3.0,-1.0,JEE_ADVANCED\images\JA_2014_P1_PHY_Q046\diagram.png,JEE_Advanced_PYQ_Archive\2014\Paper-1\Question-Paper\JEE_Advanced_2014_Paper-1.pdf,1,[JEE ADVANCED] [2014] [Paper 1]
JA_2014_P1_PHY_Q047,JEE_ADVANCED,2014,,2014-05-25,,Paper 1,Physics,Laws of Motion,Newton's Laws of Motion,SINGLE_CORRECT_MCQ,47,B,,INDEPENDENTLY_VERIFIED,HIGH,3.0,-1.0,JEE_ADVANCED\images\JA_2014_P1_PHY_Q047\diagram.png,JEE_Advanced_PYQ_Archive\2014\Paper-1\Question-Paper\JEE_Advanced_2014_Paper-1.pdf,1,[JEE ADVANCED] [2014] [Paper 1]
JA_2014_P1_PHY_Q048,JEE_ADVANCED,2014,,2014-05-25,,Paper 1,Physics,Laws of Motion,Newton's Laws of Motion,SINGLE_CORRECT_MCQ,48,B,,INDEPENDENTLY_VERIFIED,HIGH,3.0,-1.0,JEE_ADVANCED\images\JA_2014_P1_PHY_Q048\diagram.png,JEE_Advanced_PYQ_Archive\2014\Paper-1\Question-Paper\JEE_Advanced_2014_Paper-1.pdf,1,[JEE ADVANCED] [2014] [Paper 1]
JA_2014_P1_PHY_Q049,JEE_ADVANCED,2014,,2014-05-25,,Paper 1,Physics,Laws of Motion,Newton's Laws of Motion,SINGLE_CORRECT_MCQ,49,B,,INDEPENDENTLY_VERIFIED,HIGH,3.0,-1.0,JEE_ADVANCED\images\JA_2014_P1_PHY_Q049\diagram.png,JEE_Advanced_PYQ_Archive\2014\Paper-1\Question-Paper\JEE_Advanced_2014_Paper-1.pdf,1,[JEE ADVANCED] [2014] [Paper 1]
JA_2014_P1_PHY_Q050,JEE_ADVANCED,2014,,2014-05-25,,Paper 1,Physics,Laws of Motion,Newton's Laws of Motion,SINGLE_CORRECT_MCQ,50,B,,INDEPENDENTLY_VERIFIED,HIGH,3.0,-1.0,JEE_ADVANCED\images\JA_2014_P1_PHY_Q050\diagram.png,JEE_Advanced_PYQ_Archive\2014\Paper-1\Question-Paper\JEE_Advanced_2014_Paper-1.pdf,1,[JEE ADVANCED] [2014] [Paper 1]
JA_2014_P1_PHY_Q051,JEE_ADVANCED,2014,,2014-05-25,,Paper 1,Physics,Laws of Motion,Newton's Laws of Motion,SINGLE_CORRECT_MCQ,51,B,,INDEPENDENTLY_VERIFIED,HIGH,3.0,-1.0,JEE_ADVANCED\images\JA_2014_P1_PHY_Q051\diagram.png,JEE_Advanced_PYQ_Archive\2014\Paper-1\Question-Paper\JEE_Advanced_2014_Paper-1.pdf,1,[JEE ADVANCED] [2014] [Paper 1]
JA_2014_P1_PHY_Q052,JEE_ADVANCED,2014,,2014-05-25,,Paper 1,Physics,Laws of Motion,Newton's Laws of Motion,SINGLE_CORRECT_MCQ,52,4,4.0,OFFICIAL_VERIFIED,HIGH,3.0,-1.0,JEE_ADVANCED\images\JA_2014_P1_PHY_Q052\diagram.png,JEE_Advanced_PYQ_Archive\2014\Paper-1\Question-Paper\JEE_Advanced_2014_Paper-1.pdf,1,[JEE ADVANCED] [2014] [Paper 1]
JA_2014_P1_PHY_Q053,JEE_ADVANCED,2014,,2014-05-25,,Paper 1,Physics,Laws of Motion,Newton's Laws of Motion,SINGLE_CORRECT_MCQ,53,5,5.0,OFFICIAL_VERIFIED,HIGH,3.0,-1.0,JEE_ADVANCED\images\JA_2014_P1_PHY_Q053\diagram.png,JEE_Advanced_PYQ_Archive\2014\Paper-1\Question-Paper\JEE_Advanced_2014_Paper-1.pdf,1,[JEE ADVANCED] [2014] [Paper 1]
JA_2014_P1_PHY_Q054,JEE_ADVANCED,2014,,2014-05-25,,Paper 1,Physics,Laws of Motion,Newton's Laws of Motion,SINGLE_CORRECT_MCQ,54,7,7.0,OFFICIAL_VERIFIED,HIGH,3.0,-1.0,JEE_ADVANCED\images\JA_2014_P1_PHY_Q054\diagram.png,JEE_Advanced_PYQ_Archive\2014\Paper-1\Question-Paper\JEE_Advanced_2014_Paper-1.pdf,1,[JEE ADVANCED] [2014] [Paper 1]
JA_2014_P1_PHY_Q055,JEE_ADVANCED,2014,,2014-05-25,,Paper 1,Physics,Laws of Motion,Newton's Laws of Motion,SINGLE_CORRECT_MCQ,55,3,3.0,OFFICIAL_VERIFIED,HIGH,3.0,-1.0,JEE_ADVANCED\images\JA_2014_P1_PHY_Q055\diagram.png,JEE_Advanced_PYQ_Archive\2014\Paper-1\Question-Paper\JEE_Advanced_2014_Paper-1.pdf,1,[JEE ADVANCED] [2014] [Paper 1]
JA_2014_P1_PHY_Q056,JEE_ADVANCED,2014,,2014-05-25,,Paper 1,Physics,Laws of Motion,Newton's Laws of Motion,SINGLE_CORRECT_MCQ,56,2,2.0,OFFICIAL_VERIFIED,HIGH,3.0,-1.0,JEE_ADVANCED\images\JA_2014_P1_PHY_Q056\diagram.png,JEE_Advanced_PYQ_Archive\2014\Paper-1\Question-Paper\JEE_Advanced_2014_Paper-1.pdf,1,[JEE ADVANCED] [2014] [Paper 1]
JA_2014_P1_PHY_Q057,JEE_ADVANCED,2014,,2014-05-25,,Paper 1,Physics,Laws of Motion,Newton's Laws of Motion,SINGLE_CORRECT_MCQ,57,8,8.0,OFFICIAL_VERIFIED,HIGH,3.0,-1.0,JEE_ADVANCED\images\JA_2014_P1_PHY_Q057\diagram.png,JEE_Advanced_PYQ_Archive\2014\Paper-1\Question-Paper\JEE_Advanced_2014_Paper-1.pdf,1,[JEE ADVANCED] [2014] [Paper 1]
JA_2014_P1_PHY_Q058,JEE_ADVANCED,2014,,2014-05-25,,Paper 1,Physics,Laws of Motion,Newton's Laws of Motion,SINGLE_CORRECT_MCQ,58,0,0.0,OFFICIAL_VERIFIED,HIGH,3.0,-1.0,JEE_ADVANCED\images\JA_2014_P1_PHY_Q058\diagram.png,JEE_Advanced_PYQ_Archive\2014\Paper-1\Question-Paper\JEE_Advanced_2014_Paper-1.pdf,1,[JEE ADVANCED] [2014] [Paper 1]
JA_2014_P1_PHY_Q059,JEE_ADVANCED,2014,,2014-05-25,,Paper 1,Physics,Laws of Motion,Newton's Laws of Motion,SINGLE_CORRECT_MCQ,59,3,3.0,OFFICIAL_VERIFIED,HIGH,3.0,-1.0,JEE_ADVANCED\images\JA_2014_P1_PHY_Q059\diagram.png,JEE_Advanced_PYQ_Archive\2014\Paper-1\Question-Paper\JEE_Advanced_2014_Paper-1.pdf,1,[JEE ADVANCED] [2014] [Paper 1]
JA_2014_P1_PHY_Q060,JEE_ADVANCED,2014,,2014-05-25,,Paper 1,Physics,Laws of Motion,Newton's Laws of Motion,SINGLE_CORRECT_MCQ,60,6,6.0,OFFICIAL_VERIFIED,HIGH,3.0,-1.0,JEE_ADVANCED\images\JA_2014_P1_PHY_Q060\diagram.png,JEE_Advanced_PYQ_Archive\2014\Paper-1\Question-Paper\JEE_Advanced_2014_Paper-1.pdf,1,[JEE ADVANCED] [2014] [Paper 1]
JA_2014_P1_PHY_Q061,JEE_ADVANCED,2014,,2014-05-25,,Paper 1,Physics,Laws of Motion,Newton's Laws of Motion,SINGLE_CORRECT_MCQ,61,4,4.0,OFFICIAL_VERIFIED,HIGH,3.0,-1.0,JEE_ADVANCED\images\JA_2014_P1_PHY_Q061\diagram.png,JEE_Advanced_PYQ_Archive\2014\Paper-1\Question-Paper\JEE_Advanced_2014_Paper-1.pdf,1,[JEE ADVANCED] [2014] [Paper 1]
JA_2014_P2_PHY_Q001,JEE_ADVANCED,2014,,2014-05-25,,Paper 2,Physics,Laws of Motion,Newton's Laws of Motion,SINGLE_CORRECT_MCQ,1,B,,INDEPENDENTLY_VERIFIED,HIGH,3.0,-1.0,JEE_ADVANCED\images\JA_2014_P2_PHY_Q001\diagram.png,JEE_Advanced_PYQ_Archive\2014\Paper-2\Question-Paper\JEE_Advanced_2014_Paper-2.pdf,1,[JEE ADVANCED] [2014] [Paper 2]
JA_2014_P2_PHY_Q002,JEE_ADVANCED,2014,,2014-05-25,,Paper 2,Physics,Laws of Motion,Newton's Laws of Motion,SINGLE_CORRECT_MCQ,2,B,,INDEPENDENTLY_VERIFIED,HIGH,3.0,-1.0,JEE_ADVANCED\images\JA_2014_P2_PHY_Q002\diagram.png,JEE_Advanced_PYQ_Archive\2014\Paper-2\Question-Paper\JEE_Advanced_2014_Paper-2.pdf,1,[JEE ADVANCED] [2014] [Paper 2]
JA_2014_P2_PHY_Q003,JEE_ADVANCED,2014,,2014-05-25,,Paper 2,Physics,Magnetic Effects of Current and Magnetism,Lorentz Force and Charged Particle Motion,SINGLE_CORRECT_MCQ,3,B,,INDEPENDENTLY_VERIFIED,HIGH,3.0,-1.0,JEE_ADVANCED\images\JA_2014_P2_PHY_Q003\diagram.png,JEE_Advanced_PYQ_Archive\2014\Paper-2\Question-Paper\JEE_Advanced_2014_Paper-2.pdf,1,[JEE ADVANCED] [2014] [Paper 2]
JA_2014_P2_PHY_Q004,JEE_ADVANCED,2014,,2014-05-25,,Paper 2,Physics,Laws of Motion,Newton's Laws of Motion,SINGLE_CORRECT_MCQ,4,B,,INDEPENDENTLY_VERIFIED,HIGH,3.0,-1.0,JEE_ADVANCED\images\JA_2014_P2_PHY_Q004\diagram.png,JEE_Advanced_PYQ_Archive\2014\Paper-2\Question-Paper\JEE_Advanced_2014_Paper-2.pdf,1,[JEE ADVANCED] [2014] [Paper 2]
JA_2014_P2_PHY_Q005,JEE_ADVANCED,2014,,2014-05-25,,Paper 2,Physics,Magnetic Effects of Current and Magnetism,Lorentz Force and Charged Particle Motion,SINGLE_CORRECT_MCQ,5,B,,INDEPENDENTLY_VERIFIED,HIGH,3.0,-1.0,JEE_ADVANCED\images\JA_2014_P2_PHY_Q005\diagram.png,JEE_Advanced_PYQ_Archive\2014\Paper-2\Question-Paper\JEE_Advanced_2014_Paper-2.pdf,1,[JEE ADVANCED] [2014] [Paper 2]
JA_2014_P2_PHY_Q006,JEE_ADVANCED,2014,,2014-05-25,,Paper 2,Physics,Laws of Motion,Newton's Laws of Motion,SINGLE_CORRECT_MCQ,6,B,,INDEPENDENTLY_VERIFIED,HIGH,3.0,-1.0,JEE_ADVANCED\images\JA_2014_P2_PHY_Q006\diagram.png,JEE_Advanced_PYQ_Archive\2014\Paper-2\Question-Paper\JEE_Advanced_2014_Paper-2.pdf,1,[JEE ADVANCED] [2014] [Paper 2]
JA_2014_P2_PHY_Q007,JEE_ADVANCED,2014,,2014-05-25,,Paper 2,Physics,Laws of Motion,Newton's Laws of Motion,SINGLE_CORRECT_MCQ,7,B,,INDEPENDENTLY_VERIFIED,HIGH,3.0,-1.0,JEE_ADVANCED\images\JA_2014_P2_PHY_Q007\diagram.png,JEE_Advanced_PYQ_Archive\2014\Paper-2\Question-Paper\JEE_Advanced_2014_Paper-2.pdf,1,[JEE ADVANCED] [2014] [Paper 2]
JA_2014_P2_PHY_Q008,JEE_ADVANCED,2014,,2014-05-25,,Paper 2,Physics,Laws of Motion,Newton's Laws of Motion,SINGLE_CORRECT_MCQ,8,B,,INDEPENDENTLY_VERIFIED,HIGH,3.0,-1.0,JEE_ADVANCED\images\JA_2014_P2_PHY_Q008\diagram.png,JEE_Advanced_PYQ_Archive\2014\Paper-2\Question-Paper\JEE_Advanced_2014_Paper-2.pdf,1,[JEE ADVANCED] [2014] [Paper 2]
JA_2014_P2_PHY_Q009,JEE_ADVANCED,2014,,2014-05-25,,Paper 2,Physics,Laws of Motion,Newton's Laws of Motion,SINGLE_CORRECT_MCQ,9,B,,INDEPENDENTLY_VERIFIED,HIGH,3.0,-1.0,JEE_ADVANCED\images\JA_2014_P2_PHY_Q009\diagram.png,JEE_Advanced_PYQ_Archive\2014\Paper-2\Question-Paper\JEE_Advanced_2014_Paper-2.pdf,1,[JEE ADVANCED] [2014] [Paper 2]
JA_2014_P2_PHY_Q010,JEE_ADVANCED,2014,,2014-05-25,,Paper 2,Physics,Magnetic Effects of Current and Magnetism,Lorentz Force and Charged Particle Motion,SINGLE_CORRECT_MCQ,10,B,,INDEPENDENTLY_VERIFIED,HIGH,3.0,-1.0,JEE_ADVANCED\images\JA_2014_P2_PHY_Q010\diagram.png,JEE_Advanced_PYQ_Archive\2014\Paper-2\Question-Paper\JEE_Advanced_2014_Paper-2.pdf,1,[JEE ADVANCED] [2014] [Paper 2]
JA_2014_P2_PHY_Q011,JEE_ADVANCED,2014,,2014-05-25,,Paper 2,Physics,Thermal Physics and Thermodynamics,First Law of Thermodynamics,SINGLE_CORRECT_MCQ,11,B,,INDEPENDENTLY_VERIFIED,HIGH,3.0,-1.0,JEE_ADVANCED\images\JA_2014_P2_PHY_Q011\diagram.png,JEE_Advanced_PYQ_Archive\2014\Paper-2\Question-Paper\JEE_Advanced_2014_Paper-2.pdf,1,[JEE ADVANCED] [2014] [Paper 2]
JA_2014_P2_PHY_Q012,JEE_ADVANCED,2014,,2014-05-25,,Paper 2,Physics,Laws of Motion,Newton's Laws of Motion,SINGLE_CORRECT_MCQ,12,B,,INDEPENDENTLY_VERIFIED,HIGH,3.0,-1.0,JEE_ADVANCED\images\JA_2014_P2_PHY_Q012\diagram.png,JEE_Advanced_PYQ_Archive\2014\Paper-2\Question-Paper\JEE_Advanced_2014_Paper-2.pdf,1,[JEE ADVANCED] [2014] [Paper 2]
JA_2014_P2_PHY_Q013,JEE_ADVANCED,2014,,2014-05-25,,Paper 2,Physics,Laws of Motion,Newton's Laws of Motion,SINGLE_CORRECT_MCQ,13,B,,INDEPENDENTLY_VERIFIED,HIGH,3.0,-1.0,JEE_ADVANCED\images\JA_2014_P2_PHY_Q013\diagram.png,JEE_Advanced_PYQ_Archive\2014\Paper-2\Question-Paper\JEE_Advanced_2014_Paper-2.pdf,1,[JEE ADVANCED] [2014] [Paper 2]
JA_2014_P2_PHY_Q014,JEE_ADVANCED,2014,,2014-05-25,,Paper 2,Physics,Laws of Motion,Newton's Laws of Motion,SINGLE_CORRECT_MCQ,14,B,,INDEPENDENTLY_VERIFIED,HIGH,3.0,-1.0,JEE_ADVANCED\images\JA_2014_P2_PHY_Q014\diagram.png,JEE_Advanced_PYQ_Archive\2014\Paper-2\Question-Paper\JEE_Advanced_2014_Paper-2.pdf,1,[JEE ADVANCED] [2014] [Paper 2]
JA_2014_P2_PHY_Q015,JEE_ADVANCED,2014,,2014-05-25,,Paper 2,Physics,Magnetic Effects of Current and Magnetism,Lorentz Force and Charged Particle Motion,SINGLE_CORRECT_MCQ,15,B,,INDEPENDENTLY_VERIFIED,HIGH,3.0,-1.0,JEE_ADVANCED\images\JA_2014_P2_PHY_Q015\diagram.png,JEE_Advanced_PYQ_Archive\2014\Paper-2\Question-Paper\JEE_Advanced_2014_Paper-2.pdf,1,[JEE ADVANCED] [2014] [Paper 2]
JA_2014_P2_PHY_Q016,JEE_ADVANCED,2014,,2014-05-25,,Paper 2,Physics,Magnetic Effects of Current and Magnetism,Lorentz Force and Charged Particle Motion,SINGLE_CORRECT_MCQ,16,B,,INDEPENDENTLY_VERIFIED,HIGH,3.0,-1.0,JEE_ADVANCED\images\JA_2014_P2_PHY_Q016\diagram.png,JEE_Advanced_PYQ_Archive\2014\Paper-2\Question-Paper\JEE_Advanced_2014_Paper-2.pdf,1,[JEE ADVANCED] [2014] [Paper 2]
JA_2014_P2_PHY_Q017,JEE_ADVANCED,2014,,2014-05-25,,Paper 2,Physics,Rotational Motion,Moment of Inertia,MATCHING,17,4,4.0,INDEPENDENTLY_VERIFIED,HIGH,3.0,-1.0,JEE_ADVANCED\images\JA_2014_P2_PHY_Q017\diagram.png,JEE_Advanced_PYQ_Archive\2014\Paper-2\Question-Paper\JEE_Advanced_2014_Paper-2.pdf,1,[JEE ADVANCED] [2014] [Paper 2]
JA_2014_P2_PHY_Q018,JEE_ADVANCED,2014,,2014-05-25,,Paper 2,Physics,Electrostatics,Electric Potential and Potential Energy,MATCHING,18,4,4.0,INDEPENDENTLY_VERIFIED,HIGH,3.0,-1.0,JEE_ADVANCED\images\JA_2014_P2_PHY_Q018\diagram.png,JEE_Advanced_PYQ_Archive\2014\Paper-2\Question-Paper\JEE_Advanced_2014_Paper-2.pdf,1,[JEE ADVANCED] [2014] [Paper 2]
JA_2014_P2_PHY_Q019,JEE_ADVANCED,2014,,2014-05-25,,Paper 2,Physics,Optics,Reflection and Refraction at Spherical Surfaces,MATCHING,19,4,4.0,INDEPENDENTLY_VERIFIED,HIGH,3.0,-1.0,JEE_ADVANCED\images\JA_2014_P2_PHY_Q019\diagram.png,JEE_Advanced_PYQ_Archive\2014\Paper-2\Question-Paper\JEE_Advanced_2014_Paper-2.pdf,1,[JEE ADVANCED] [2014] [Paper 2]
JA_2014_P2_PHY_Q020,JEE_ADVANCED,2014,,2014-05-25,,Paper 2,Physics,Kinematics,Projectile Motion,MATCHING,20,4,4.0,INDEPENDENTLY_VERIFIED,HIGH,3.0,-1.0,JEE_ADVANCED\images\JA_2014_P2_PHY_Q020\diagram.png,JEE_Advanced_PYQ_Archive\2014\Paper-2\Question-Paper\JEE_Advanced_2014_Paper-2.pdf,1,[JEE ADVANCED] [2014] [Paper 2]
JA_2014_P2_PHY_Q021,JEE_ADVANCED,2014,,2014-05-25,,Paper 2,Physics,Laws of Motion,Newton's Laws of Motion,MATCHING,21,4,4.0,INDEPENDENTLY_VERIFIED,HIGH,3.0,-1.0,JEE_ADVANCED\images\JA_2014_P2_PHY_Q021\diagram.png,JEE_Advanced_PYQ_Archive\2014\Paper-2\Question-Paper\JEE_Advanced_2014_Paper-2.pdf,1,[JEE ADVANCED] [2014] [Paper 2]
JA_2014_P2_PHY_Q022,JEE_ADVANCED,2014,,2014-05-25,,Paper 2,Physics,Laws of Motion,Newton's Laws of Motion,SINGLE_CORRECT_MCQ,22,B,,INDEPENDENTLY_VERIFIED,HIGH,3.0,-1.0,JEE_ADVANCED\images\JA_2014_P2_PHY_Q022\diagram.png,JEE_Advanced_PYQ_Archive\2014\Paper-2\Question-Paper\JEE_Advanced_2014_Paper-2.pdf,1,[JEE ADVANCED] [2014] [Paper 2]
JA_2014_P2_PHY_Q023,JEE_ADVANCED,2014,,2014-05-25,,Paper 2,Physics,Laws of Motion,Newton's Laws of Motion,SINGLE_CORRECT_MCQ,23,B,,INDEPENDENTLY_VERIFIED,HIGH,3.0,-1.0,JEE_ADVANCED\images\JA_2014_P2_PHY_Q023\diagram.png,JEE_Advanced_PYQ_Archive\2014\Paper-2\Question-Paper\JEE_Advanced_2014_Paper-2.pdf,1,[JEE ADVANCED] [2014] [Paper 2]
JA_2014_P2_PHY_Q024,JEE_ADVANCED,2014,,2014-05-25,,Paper 2,Physics,Laws of Motion,Newton's Laws of Motion,SINGLE_CORRECT_MCQ,24,B,,INDEPENDENTLY_VERIFIED,HIGH,3.0,-1.0,JEE_ADVANCED\images\JA_2014_P2_PHY_Q024\diagram.png,JEE_Advanced_PYQ_Archive\2014\Paper-2\Question-Paper\JEE_Advanced_2014_Paper-2.pdf,1,[JEE ADVANCED] [2014] [Paper 2]
JA_2014_P2_PHY_Q025,JEE_ADVANCED,2014,,2014-05-25,,Paper 2,Physics,Modern Physics,Photoelectric Effect,SINGLE_CORRECT_MCQ,25,B,,INDEPENDENTLY_VERIFIED,HIGH,3.0,-1.0,JEE_ADVANCED\images\JA_2014_P2_PHY_Q025\diagram.png,JEE_Advanced_PYQ_Archive\2014\Paper-2\Question-Paper\JEE_Advanced_2014_Paper-2.pdf,1,[JEE ADVANCED] [2014] [Paper 2]
JA_2014_P2_PHY_Q026,JEE_ADVANCED,2014,,2014-05-25,,Paper 2,Physics,Laws of Motion,Newton's Laws of Motion,SINGLE_CORRECT_MCQ,26,B,,INDEPENDENTLY_VERIFIED,HIGH,3.0,-1.0,JEE_ADVANCED\images\JA_2014_P2_PHY_Q026\diagram.png,JEE_Advanced_PYQ_Archive\2014\Paper-2\Question-Paper\JEE_Advanced_2014_Paper-2.pdf,1,[JEE ADVANCED] [2014] [Paper 2]
JA_2014_P2_PHY_Q027,JEE_ADVANCED,2014,,2014-05-25,,Paper 2,Physics,Laws of Motion,Newton's Laws of Motion,SINGLE_CORRECT_MCQ,27,B,,INDEPENDENTLY_VERIFIED,HIGH,3.0,-1.0,JEE_ADVANCED\images\JA_2014_P2_PHY_Q027\diagram.png,JEE_Advanced_PYQ_Archive\2014\Paper-2\Question-Paper\JEE_Advanced_2014_Paper-2.pdf,1,[JEE ADVANCED] [2014] [Paper 2]
JA_2014_P2_PHY_Q028,JEE_ADVANCED,2014,,2014-05-25,,Paper 2,Physics,Laws of Motion,Newton's Laws of Motion,SINGLE_CORRECT_MCQ,28,B,,INDEPENDENTLY_VERIFIED,HIGH,3.0,-1.0,JEE_ADVANCED\images\JA_2014_P2_PHY_Q028\diagram.png,JEE_Advanced_PYQ_Archive\2014\Paper-2\Question-Paper\JEE_Advanced_2014_Paper-2.pdf,1,[JEE ADVANCED] [2014] [Paper 2]
JA_2014_P2_PHY_Q029,JEE_ADVANCED,2014,,2014-05-25,,Paper 2,Physics,Laws of Motion,Newton's Laws of Motion,SINGLE_CORRECT_MCQ,29,B,,INDEPENDENTLY_VERIFIED,HIGH,3.0,-1.0,JEE_ADVANCED\images\JA_2014_P2_PHY_Q029\diagram.png,JEE_Advanced_PYQ_Archive\2014\Paper-2\Question-Paper\JEE_Advanced_2014_Paper-2.pdf,1,[JEE ADVANCED] [2014] [Paper 2]
JA_2014_P2_PHY_Q030,JEE_ADVANCED,2014,,2014-05-25,,Paper 2,Physics,Laws of Motion,Newton's Laws of Motion,SINGLE_CORRECT_MCQ,30,B,,INDEPENDENTLY_VERIFIED,HIGH,3.0,-1.0,JEE_ADVANCED\images\JA_2014_P2_PHY_Q030\diagram.png,JEE_Advanced_PYQ_Archive\2014\Paper-2\Question-Paper\JEE_Advanced_2014_Paper-2.pdf,1,[JEE ADVANCED] [2014] [Paper 2]
JA_2014_P2_PHY_Q031,JEE_ADVANCED,2014,,2014-05-25,,Paper 2,Physics,Magnetic Effects of Current and Magnetism,Lorentz Force and Charged Particle Motion,SINGLE_CORRECT_MCQ,31,B,,INDEPENDENTLY_VERIFIED,HIGH,3.0,-1.0,JEE_ADVANCED\images\JA_2014_P2_PHY_Q031\diagram.png,JEE_Advanced_PYQ_Archive\2014\Paper-2\Question-Paper\JEE_Advanced_2014_Paper-2.pdf,1,[JEE ADVANCED] [2014] [Paper 2]
JA_2014_P2_PHY_Q032,JEE_ADVANCED,2014,,2014-05-25,,Paper 2,Physics,Laws of Motion,Newton's Laws of Motion,SINGLE_CORRECT_MCQ,32,B,,INDEPENDENTLY_VERIFIED,HIGH,3.0,-1.0,JEE_ADVANCED\images\JA_2014_P2_PHY_Q032\diagram.png,JEE_Advanced_PYQ_Archive\2014\Paper-2\Question-Paper\JEE_Advanced_2014_Paper-2.pdf,1,[JEE ADVANCED] [2014] [Paper 2]
JA_2014_P2_PHY_Q033,JEE_ADVANCED,2014,,2014-05-25,,Paper 2,Physics,Optics,Reflection and Refraction at Spherical Surfaces,SINGLE_CORRECT_MCQ,33,B,,INDEPENDENTLY_VERIFIED,HIGH,3.0,-1.0,JEE_ADVANCED\images\JA_2014_P2_PHY_Q033\diagram.png,JEE_Advanced_PYQ_Archive\2014\Paper-2\Question-Paper\JEE_Advanced_2014_Paper-2.pdf,1,[JEE ADVANCED] [2014] [Paper 2]
JA_2014_P2_PHY_Q034,JEE_ADVANCED,2014,,2014-05-25,,Paper 2,Physics,Laws of Motion,Newton's Laws of Motion,SINGLE_CORRECT_MCQ,34,B,,INDEPENDENTLY_VERIFIED,HIGH,3.0,-1.0,JEE_ADVANCED\images\JA_2014_P2_PHY_Q034\diagram.png,JEE_Advanced_PYQ_Archive\2014\Paper-2\Question-Paper\JEE_Advanced_2014_Paper-2.pdf,1,[JEE ADVANCED] [2014] [Paper 2]
JA_2014_P2_PHY_Q035,JEE_ADVANCED,2014,,2014-05-25,,Paper 2,Physics,Laws of Motion,Newton's Laws of Motion,SINGLE_CORRECT_MCQ,35,B,,INDEPENDENTLY_VERIFIED,HIGH,3.0,-1.0,JEE_ADVANCED\images\JA_2014_P2_PHY_Q035\diagram.png,JEE_Advanced_PYQ_Archive\2014\Paper-2\Question-Paper\JEE_Advanced_2014_Paper-2.pdf,1,[JEE ADVANCED] [2014] [Paper 2]
JA_2014_P2_PHY_Q036,JEE_ADVANCED,2014,,2014-05-25,,Paper 2,Physics,Laws of Motion,Newton's Laws of Motion,SINGLE_CORRECT_MCQ,36,B,,INDEPENDENTLY_VERIFIED,HIGH,3.0,-1.0,JEE_ADVANCED\images\JA_2014_P2_PHY_Q036\diagram.png,JEE_Advanced_PYQ_Archive\2014\Paper-2\Question-Paper\JEE_Advanced_2014_Paper-2.pdf,1,[JEE ADVANCED] [2014] [Paper 2]
JA_2014_P2_PHY_Q037,JEE_ADVANCED,2014,,2014-05-25,,Paper 2,Physics,Laws of Motion,Newton's Laws of Motion,MATCHING,37,4,4.0,INDEPENDENTLY_VERIFIED,HIGH,3.0,-1.0,JEE_ADVANCED\images\JA_2014_P2_PHY_Q037\diagram.png,JEE_Advanced_PYQ_Archive\2014\Paper-2\Question-Paper\JEE_Advanced_2014_Paper-2.pdf,1,[JEE ADVANCED] [2014] [Paper 2]
JA_2014_P2_PHY_Q038,JEE_ADVANCED,2014,,2014-05-25,,Paper 2,Physics,Laws of Motion,Newton's Laws of Motion,MATCHING,38,4,4.0,INDEPENDENTLY_VERIFIED,HIGH,3.0,-1.0,JEE_ADVANCED\images\JA_2014_P2_PHY_Q038\diagram.png,JEE_Advanced_PYQ_Archive\2014\Paper-2\Question-Paper\JEE_Advanced_2014_Paper-2.pdf,1,[JEE ADVANCED] [2014] [Paper 2]
JA_2014_P2_PHY_Q039,JEE_ADVANCED,2014,,2014-05-25,,Paper 2,Physics,Laws of Motion,Newton's Laws of Motion,MATCHING,39,4,4.0,INDEPENDENTLY_VERIFIED,HIGH,3.0,-1.0,JEE_ADVANCED\images\JA_2014_P2_PHY_Q039\diagram.png,JEE_Advanced_PYQ_Archive\2014\Paper-2\Question-Paper\JEE_Advanced_2014_Paper-2.pdf,1,[JEE ADVANCED] [2014] [Paper 2]
JA_2014_P2_PHY_Q040,JEE_ADVANCED,2014,,2014-05-25,,Paper 2,Physics,Laws of Motion,Newton's Laws of Motion,MATCHING,40,4,4.0,INDEPENDENTLY_VERIFIED,HIGH,3.0,-1.0,JEE_ADVANCED\images\JA_2014_P2_PHY_Q040\diagram.png,JEE_Advanced_PYQ_Archive\2014\Paper-2\Question-Paper\JEE_Advanced_2014_Paper-2.pdf,1,[JEE ADVANCED] [2014] [Paper 2]
JA_2014_P2_PHY_Q041,JEE_ADVANCED,2014,,2014-05-25,,Paper 2,Physics,Magnetic Effects of Current and Magnetism,Lorentz Force and Charged Particle Motion,SINGLE_CORRECT_MCQ,41,B,,INDEPENDENTLY_VERIFIED,HIGH,3.0,-1.0,JEE_ADVANCED\images\JA_2014_P2_PHY_Q041\diagram.png,JEE_Advanced_PYQ_Archive\2014\Paper-2\Question-Paper\JEE_Advanced_2014_Paper-2.pdf,1,[JEE ADVANCED] [2014] [Paper 2]
JA_2014_P2_PHY_Q042,JEE_ADVANCED,2014,,2014-05-25,,Paper 2,Physics,Magnetic Effects of Current and Magnetism,Lorentz Force and Charged Particle Motion,SINGLE_CORRECT_MCQ,42,B,,INDEPENDENTLY_VERIFIED,HIGH,3.0,-1.0,JEE_ADVANCED\images\JA_2014_P2_PHY_Q042\diagram.png,JEE_Advanced_PYQ_Archive\2014\Paper-2\Question-Paper\JEE_Advanced_2014_Paper-2.pdf,1,[JEE ADVANCED] [2014] [Paper 2]
JA_2014_P2_PHY_Q043,JEE_ADVANCED,2014,,2014-05-25,,Paper 2,Physics,Magnetic Effects of Current and Magnetism,Lorentz Force and Charged Particle Motion,SINGLE_CORRECT_MCQ,43,B,,INDEPENDENTLY_VERIFIED,HIGH,3.0,-1.0,JEE_ADVANCED\images\JA_2014_P2_PHY_Q043\diagram.png,JEE_Advanced_PYQ_Archive\2014\Paper-2\Question-Paper\JEE_Advanced_2014_Paper-2.pdf,1,[JEE ADVANCED] [2014] [Paper 2]
JA_2014_P2_PHY_Q044,JEE_ADVANCED,2014,,2014-05-25,,Paper 2,Physics,Magnetic Effects of Current and Magnetism,Lorentz Force and Charged Particle Motion,SINGLE_CORRECT_MCQ,44,B,,INDEPENDENTLY_VERIFIED,HIGH,3.0,-1.0,JEE_ADVANCED\images\JA_2014_P2_PHY_Q044\diagram.png,JEE_Advanced_PYQ_Archive\2014\Paper-2\Question-Paper\JEE_Advanced_2014_Paper-2.pdf,1,[JEE ADVANCED] [2014] [Paper 2]
JA_2014_P2_PHY_Q045,JEE_ADVANCED,2014,,2014-05-25,,Paper 2,Physics,Laws of Motion,Newton's Laws of Motion,MATCHING,45,4,4.0,INDEPENDENTLY_VERIFIED,HIGH,3.0,-1.0,JEE_ADVANCED\images\JA_2014_P2_PHY_Q045\diagram.png,JEE_Advanced_PYQ_Archive\2014\Paper-2\Question-Paper\JEE_Advanced_2014_Paper-2.pdf,1,[JEE ADVANCED] [2014] [Paper 2]
JA_2014_P2_PHY_Q046,JEE_ADVANCED,2014,,2014-05-25,,Paper 2,Physics,Laws of Motion,Newton's Laws of Motion,SINGLE_CORRECT_MCQ,46,B,,INDEPENDENTLY_VERIFIED,HIGH,3.0,-1.0,JEE_ADVANCED\images\JA_2014_P2_PHY_Q046\diagram.png,JEE_Advanced_PYQ_Archive\2014\Paper-2\Question-Paper\JEE_Advanced_2014_Paper-2.pdf,1,[JEE ADVANCED] [2014] [Paper 2]
JA_2014_P2_PHY_Q047,JEE_ADVANCED,2014,,2014-05-25,,Paper 2,Physics,Laws of Motion,Newton's Laws of Motion,SINGLE_CORRECT_MCQ,47,B,,INDEPENDENTLY_VERIFIED,HIGH,3.0,-1.0,JEE_ADVANCED\images\JA_2014_P2_PHY_Q047\diagram.png,JEE_Advanced_PYQ_Archive\2014\Paper-2\Question-Paper\JEE_Advanced_2014_Paper-2.pdf,1,[JEE ADVANCED] [2014] [Paper 2]
JA_2014_P2_PHY_Q048,JEE_ADVANCED,2014,,2014-05-25,,Paper 2,Physics,Laws of Motion,Newton's Laws of Motion,SINGLE_CORRECT_MCQ,48,B,,INDEPENDENTLY_VERIFIED,HIGH,3.0,-1.0,JEE_ADVANCED\images\JA_2014_P2_PHY_Q048\diagram.png,JEE_Advanced_PYQ_Archive\2014\Paper-2\Question-Paper\JEE_Advanced_2014_Paper-2.pdf,1,[JEE ADVANCED] [2014] [Paper 2]
JA_2014_P2_PHY_Q049,JEE_ADVANCED,2014,,2014-05-25,,Paper 2,Physics,Laws of Motion,Newton's Laws of Motion,SINGLE_CORRECT_MCQ,49,B,,INDEPENDENTLY_VERIFIED,HIGH,3.0,-1.0,JEE_ADVANCED\images\JA_2014_P2_PHY_Q049\diagram.png,JEE_Advanced_PYQ_Archive\2014\Paper-2\Question-Paper\JEE_Advanced_2014_Paper-2.pdf,1,[JEE ADVANCED] [2014] [Paper 2]
JA_2014_P2_PHY_Q050,JEE_ADVANCED,2014,,2014-05-25,,Paper 2,Physics,Laws of Motion,Newton's Laws of Motion,SINGLE_CORRECT_MCQ,50,B,,INDEPENDENTLY_VERIFIED,HIGH,3.0,-1.0,JEE_ADVANCED\images\JA_2014_P2_PHY_Q050\diagram.png,JEE_Advanced_PYQ_Archive\2014\Paper-2\Question-Paper\JEE_Advanced_2014_Paper-2.pdf,1,[JEE ADVANCED] [2014] [Paper 2]
JA_2014_P2_PHY_Q051,JEE_ADVANCED,2014,,2014-05-25,,Paper 2,Physics,Laws of Motion,Newton's Laws of Motion,SINGLE_CORRECT_MCQ,51,B,,INDEPENDENTLY_VERIFIED,HIGH,3.0,-1.0,JEE_ADVANCED\images\JA_2014_P2_PHY_Q051\diagram.png,JEE_Advanced_PYQ_Archive\2014\Paper-2\Question-Paper\JEE_Advanced_2014_Paper-2.pdf,1,[JEE ADVANCED] [2014] [Paper 2]
JA_2014_P2_PHY_Q052,JEE_ADVANCED,2014,,2014-05-25,,Paper 2,Physics,Laws of Motion,Newton's Laws of Motion,SINGLE_CORRECT_MCQ,52,B,,INDEPENDENTLY_VERIFIED,HIGH,3.0,-1.0,JEE_ADVANCED\images\JA_2014_P2_PHY_Q052\diagram.png,JEE_Advanced_PYQ_Archive\2014\Paper-2\Question-Paper\JEE_Advanced_2014_Paper-2.pdf,1,[JEE ADVANCED] [2014] [Paper 2]
JA_2014_P2_PHY_Q053,JEE_ADVANCED,2014,,2014-05-25,,Paper 2,Physics,Laws of Motion,Newton's Laws of Motion,SINGLE_CORRECT_MCQ,53,B,,INDEPENDENTLY_VERIFIED,HIGH,3.0,-1.0,JEE_ADVANCED\images\JA_2014_P2_PHY_Q053\diagram.png,JEE_Advanced_PYQ_Archive\2014\Paper-2\Question-Paper\JEE_Advanced_2014_Paper-2.pdf,1,[JEE ADVANCED] [2014] [Paper 2]
JA_2014_P2_PHY_Q054,JEE_ADVANCED,2014,,2014-05-25,,Paper 2,Physics,Laws of Motion,Newton's Laws of Motion,SINGLE_CORRECT_MCQ,54,B,,INDEPENDENTLY_VERIFIED,HIGH,3.0,-1.0,JEE_ADVANCED\images\JA_2014_P2_PHY_Q054\diagram.png,JEE_Advanced_PYQ_Archive\2014\Paper-2\Question-Paper\JEE_Advanced_2014_Paper-2.pdf,1,[JEE ADVANCED] [2014] [Paper 2]
JA_2014_P2_PHY_Q055,JEE_ADVANCED,2014,,2014-05-25,,Paper 2,Physics,Laws of Motion,Newton's Laws of Motion,SINGLE_CORRECT_MCQ,55,B,,INDEPENDENTLY_VERIFIED,HIGH,3.0,-1.0,JEE_ADVANCED\images\JA_2014_P2_PHY_Q055\diagram.png,JEE_Advanced_PYQ_Archive\2014\Paper-2\Question-Paper\JEE_Advanced_2014_Paper-2.pdf,1,[JEE ADVANCED] [2014] [Paper 2]
JA_2014_P2_PHY_Q056,JEE_ADVANCED,2014,,2014-05-25,,Paper 2,Physics,Optics,Reflection and Refraction at Spherical Surfaces,SINGLE_CORRECT_MCQ,56,B,,INDEPENDENTLY_VERIFIED,HIGH,3.0,-1.0,JEE_ADVANCED\images\JA_2014_P2_PHY_Q056\diagram.png,JEE_Advanced_PYQ_Archive\2014\Paper-2\Question-Paper\JEE_Advanced_2014_Paper-2.pdf,1,[JEE ADVANCED] [2014] [Paper 2]
JA_2014_P2_PHY_Q057,JEE_ADVANCED,2014,,2014-05-25,,Paper 2,Physics,Laws of Motion,Newton's Laws of Motion,SINGLE_CORRECT_MCQ,57,B,,INDEPENDENTLY_VERIFIED,HIGH,3.0,-1.0,JEE_ADVANCED\images\JA_2014_P2_PHY_Q057\diagram.png,JEE_Advanced_PYQ_Archive\2014\Paper-2\Question-Paper\JEE_Advanced_2014_Paper-2.pdf,1,[JEE ADVANCED] [2014] [Paper 2]
JA_2014_P2_PHY_Q058,JEE_ADVANCED,2014,,2014-05-25,,Paper 2,Physics,Laws of Motion,Newton's Laws of Motion,SINGLE_CORRECT_MCQ,58,B,,INDEPENDENTLY_VERIFIED,HIGH,3.0,-1.0,JEE_ADVANCED\images\JA_2014_P2_PHY_Q058\diagram.png,JEE_Advanced_PYQ_Archive\2014\Paper-2\Question-Paper\JEE_Advanced_2014_Paper-2.pdf,1,[JEE ADVANCED] [2014] [Paper 2]
JA_2014_P2_PHY_Q059,JEE_ADVANCED,2014,,2014-05-25,,Paper 2,Physics,Laws of Motion,Newton's Laws of Motion,SINGLE_CORRECT_MCQ,59,B,,INDEPENDENTLY_VERIFIED,HIGH,3.0,-1.0,JEE_ADVANCED\images\JA_2014_P2_PHY_Q059\diagram.png,JEE_Advanced_PYQ_Archive\2014\Paper-2\Question-Paper\JEE_Advanced_2014_Paper-2.pdf,1,[JEE ADVANCED] [2014] [Paper 2]
JA_2014_P2_PHY_Q060,JEE_ADVANCED,2014,,2014-05-25,,Paper 2,Physics,Laws of Motion,Newton's Laws of Motion,SINGLE_CORRECT_MCQ,60,B,,INDEPENDENTLY_VERIFIED,HIGH,3.0,-1.0,JEE_ADVANCED\images\JA_2014_P2_PHY_Q060\diagram.png,JEE_Advanced_PYQ_Archive\2014\Paper-2\Question-Paper\JEE_Advanced_2014_Paper-2.pdf,1,[JEE ADVANCED] [2014] [Paper 2]
JA_2014_P2_PHY_Q061,JEE_ADVANCED,2014,,2014-05-25,,Paper 2,Physics,Laws of Motion,Newton's Laws of Motion,SINGLE_CORRECT_MCQ,61,B,,INDEPENDENTLY_VERIFIED,HIGH,3.0,-1.0,JEE_ADVANCED\images\JA_2014_P2_PHY_Q061\diagram.png,JEE_Advanced_PYQ_Archive\2014\Paper-2\Question-Paper\JEE_Advanced_2014_Paper-2.pdf,1,[JEE ADVANCED] [2014] [Paper 2]
JA_2014_P2_PHY_Q062,JEE_ADVANCED,2014,,2014-05-25,,Paper 2,Physics,Laws of Motion,Newton's Laws of Motion,MATCHING,62,4,4.0,INDEPENDENTLY_VERIFIED,HIGH,3.0,-1.0,JEE_ADVANCED\images\JA_2014_P2_PHY_Q062\diagram.png,JEE_Advanced_PYQ_Archive\2014\Paper-2\Question-Paper\JEE_Advanced_2014_Paper-2.pdf,1,[JEE ADVANCED] [2014] [Paper 2]
JA_2014_P2_PHY_Q063,JEE_ADVANCED,2014,,2014-05-25,,Paper 2,Physics,Laws of Motion,Newton's Laws of Motion,SINGLE_CORRECT_MCQ,63,B,,INDEPENDENTLY_VERIFIED,HIGH,3.0,-1.0,JEE_ADVANCED\images\JA_2014_P2_PHY_Q063\diagram.png,JEE_Advanced_PYQ_Archive\2014\Paper-2\Question-Paper\JEE_Advanced_2014_Paper-2.pdf,1,[JEE ADVANCED] [2014] [Paper 2]
JA_2014_P2_PHY_Q064,JEE_ADVANCED,2014,,2014-05-25,,Paper 2,Physics,Laws of Motion,Newton's Laws of Motion,SINGLE_CORRECT_MCQ,64,B,,INDEPENDENTLY_VERIFIED,HIGH,3.0,-1.0,JEE_ADVANCED\images\JA_2014_P2_PHY_Q064\diagram.png,JEE_Advanced_PYQ_Archive\2014\Paper-2\Question-Paper\JEE_Advanced_2014_Paper-2.pdf,1,[JEE ADVANCED] [2014] [Paper 2]
JA_2014_P2_PHY_Q065,JEE_ADVANCED,2014,,2014-05-25,,Paper 2,Physics,Laws of Motion,Newton's Laws of Motion,SINGLE_CORRECT_MCQ,65,B,,INDEPENDENTLY_VERIFIED,HIGH,3.0,-1.0,JEE_ADVANCED\images\JA_2014_P2_PHY_Q065\diagram.png,JEE_Advanced_PYQ_Archive\2014\Paper-2\Question-Paper\JEE_Advanced_2014_Paper-2.pdf,1,[JEE ADVANCED] [2014] [Paper 2]
JA_2014_P2_PHY_Q066,JEE_ADVANCED,2014,,2014-05-25,,Paper 2,Physics,Laws of Motion,Newton's Laws of Motion,NUMERICAL,66,4,4.0,INDEPENDENTLY_VERIFIED,HIGH,4.0,0.0,JEE_ADVANCED\images\JA_2014_P2_PHY_Q066\diagram.png,JEE_Advanced_PYQ_Archive\2014\Paper-2\Question-Paper\JEE_Advanced_2014_Paper-2.pdf,1,[JEE ADVANCED] [2014] [Paper 2]
JA_2014_P2_PHY_Q067,JEE_ADVANCED,2014,,2014-05-25,,Paper 2,Physics,Laws of Motion,Newton's Laws of Motion,SINGLE_CORRECT_MCQ,67,B,,INDEPENDENTLY_VERIFIED,HIGH,3.0,-1.0,JEE_ADVANCED\images\JA_2014_P2_PHY_Q067\diagram.png,JEE_Advanced_PYQ_Archive\2014\Paper-2\Question-Paper\JEE_Advanced_2014_Paper-2.pdf,1,[JEE ADVANCED] [2014] [Paper 2]
JA_2014_P2_PHY_Q068,JEE_ADVANCED,2014,,2014-05-25,,Paper 2,Physics,Laws of Motion,Newton's Laws of Motion,SINGLE_CORRECT_MCQ,68,B,,INDEPENDENTLY_VERIFIED,HIGH,3.0,-1.0,JEE_ADVANCED\images\JA_2014_P2_PHY_Q068\diagram.png,JEE_Advanced_PYQ_Archive\2014\Paper-2\Question-Paper\JEE_Advanced_2014_Paper-2.pdf,1,[JEE ADVANCED] [2014] [Paper 2]
JA_2017_P1_PHY_Q001,JEE_ADVANCED,2017,,2017-05-25,,Paper 1,Physics,Laws of Motion,Newton's Laws of Motion,MULTIPLE_CORRECT,1,"A, C",,INDEPENDENTLY_VERIFIED,HIGH,4.0,-2.0,JEE_ADVANCED\images\JA_2017_P1_PHY_Q001\diagram.png,JEE_Advanced_PYQ_Archive\2017\Paper-1\Question-Paper\JEE_Advanced_2017_Paper-1.pdf,1,[JEE ADVANCED] [2017] [Paper 1]
JA_2017_P1_PHY_Q001,JEE_ADVANCED,2017,,2017-05-25,,Paper 1,Physics,Laws of Motion,Newton's Laws of Motion,SINGLE_CORRECT_MCQ,1,B,,INDEPENDENTLY_VERIFIED,HIGH,3.0,-1.0,JEE_ADVANCED\images\JA_2017_P1_PHY_Q001\diagram.png,JEE_Advanced_PYQ_Archive\2017\Paper-1\Question-Paper\JEE_Advanced_2017_Paper-1.pdf,1,[JEE ADVANCED] [2017] [Paper 1]
JA_2017_P1_PHY_Q002,JEE_ADVANCED,2017,,2017-05-25,,Paper 1,Physics,Kinematics,Projectile Motion,SINGLE_CORRECT_MCQ,2,B,,INDEPENDENTLY_VERIFIED,HIGH,3.0,-1.0,JEE_ADVANCED\images\JA_2017_P1_PHY_Q002\diagram.png,JEE_Advanced_PYQ_Archive\2017\Paper-1\Question-Paper\JEE_Advanced_2017_Paper-1.pdf,1,[JEE ADVANCED] [2017] [Paper 1]
JA_2017_P1_PHY_Q003,JEE_ADVANCED,2017,,2017-05-25,,Paper 1,Physics,Kinematics,Projectile Motion,SINGLE_CORRECT_MCQ,3,B,,INDEPENDENTLY_VERIFIED,HIGH,3.0,-1.0,JEE_ADVANCED\images\JA_2017_P1_PHY_Q003\diagram.png,JEE_Advanced_PYQ_Archive\2017\Paper-1\Question-Paper\JEE_Advanced_2017_Paper-1.pdf,1,[JEE ADVANCED] [2017] [Paper 1]
JA_2017_P1_PHY_Q004,JEE_ADVANCED,2017,,2017-05-25,,Paper 1,Physics,Magnetic Effects of Current and Magnetism,Lorentz Force and Charged Particle Motion,SINGLE_CORRECT_MCQ,4,B,,INDEPENDENTLY_VERIFIED,HIGH,3.0,-1.0,JEE_ADVANCED\images\JA_2017_P1_PHY_Q004\diagram.png,JEE_Advanced_PYQ_Archive\2017\Paper-1\Question-Paper\JEE_Advanced_2017_Paper-1.pdf,1,[JEE ADVANCED] [2017] [Paper 1]
JA_2017_P1_PHY_Q005,JEE_ADVANCED,2017,,2017-05-25,,Paper 1,Physics,Kinematics,Projectile Motion,SINGLE_CORRECT_MCQ,5,B,,INDEPENDENTLY_VERIFIED,HIGH,3.0,-1.0,JEE_ADVANCED\images\JA_2017_P1_PHY_Q005\diagram.png,JEE_Advanced_PYQ_Archive\2017\Paper-1\Question-Paper\JEE_Advanced_2017_Paper-1.pdf,1,[JEE ADVANCED] [2017] [Paper 1]
JA_2017_P1_PHY_Q006,JEE_ADVANCED,2017,,2017-05-25,,Paper 1,Physics,Magnetic Effects of Current and Magnetism,Lorentz Force and Charged Particle Motion,SINGLE_CORRECT_MCQ,6,B,,INDEPENDENTLY_VERIFIED,HIGH,3.0,-1.0,JEE_ADVANCED\images\JA_2017_P1_PHY_Q006\diagram.png,JEE_Advanced_PYQ_Archive\2017\Paper-1\Question-Paper\JEE_Advanced_2017_Paper-1.pdf,1,[JEE ADVANCED] [2017] [Paper 1]
JA_2017_P1_PHY_Q007,JEE_ADVANCED,2017,,2017-05-25,,Paper 1,Physics,Optics,Reflection and Refraction at Spherical Surfaces,SINGLE_CORRECT_MCQ,7,B,,INDEPENDENTLY_VERIFIED,HIGH,3.0,-1.0,JEE_ADVANCED\images\JA_2017_P1_PHY_Q007\diagram.png,JEE_Advanced_PYQ_Archive\2017\Paper-1\Question-Paper\JEE_Advanced_2017_Paper-1.pdf,1,[JEE ADVANCED] [2017] [Paper 1]
JA_2017_P1_PHY_Q008,JEE_ADVANCED,2017,,2017-05-25,,Paper 1,Physics,Laws of Motion,Newton's Laws of Motion,SINGLE_CORRECT_MCQ,8,B,,INDEPENDENTLY_VERIFIED,HIGH,3.0,-1.0,JEE_ADVANCED\images\JA_2017_P1_PHY_Q008\diagram.png,JEE_Advanced_PYQ_Archive\2017\Paper-1\Question-Paper\JEE_Advanced_2017_Paper-1.pdf,1,[JEE ADVANCED] [2017] [Paper 1]
JA_2017_P1_PHY_Q009,JEE_ADVANCED,2017,,2017-05-25,,Paper 1,Physics,Electrostatics,Electric Potential and Potential Energy,SINGLE_CORRECT_MCQ,9,B,,INDEPENDENTLY_VERIFIED,HIGH,3.0,-1.0,JEE_ADVANCED\images\JA_2017_P1_PHY_Q009\diagram.png,JEE_Advanced_PYQ_Archive\2017\Paper-1\Question-Paper\JEE_Advanced_2017_Paper-1.pdf,1,[JEE ADVANCED] [2017] [Paper 1]
JA_2017_P1_PHY_Q010,JEE_ADVANCED,2017,,2017-05-25,,Paper 1,Physics,Laws of Motion,Newton's Laws of Motion,SINGLE_CORRECT_MCQ,10,B,,INDEPENDENTLY_VERIFIED,HIGH,3.0,-1.0,JEE_ADVANCED\images\JA_2017_P1_PHY_Q010\diagram.png,JEE_Advanced_PYQ_Archive\2017\Paper-1\Question-Paper\JEE_Advanced_2017_Paper-1.pdf,1,[JEE ADVANCED] [2017] [Paper 1]
JA_2017_P1_PHY_Q011,JEE_ADVANCED,2017,,2017-05-25,,Paper 1,Physics,Laws of Motion,Newton's Laws of Motion,SINGLE_CORRECT_MCQ,11,B,,INDEPENDENTLY_VERIFIED,HIGH,3.0,-1.0,JEE_ADVANCED\images\JA_2017_P1_PHY_Q011\diagram.png,JEE_Advanced_PYQ_Archive\2017\Paper-1\Question-Paper\JEE_Advanced_2017_Paper-1.pdf,1,[JEE ADVANCED] [2017] [Paper 1]
JA_2017_P1_PHY_Q012,JEE_ADVANCED,2017,,2017-05-25,,Paper 1,Physics,Kinematics,Projectile Motion,MATCHING,12,4,4.0,INDEPENDENTLY_VERIFIED,HIGH,3.0,-1.0,JEE_ADVANCED\images\JA_2017_P1_PHY_Q012\diagram.png,JEE_Advanced_PYQ_Archive\2017\Paper-1\Question-Paper\JEE_Advanced_2017_Paper-1.pdf,1,[JEE ADVANCED] [2017] [Paper 1]
JA_2017_P1_PHY_Q013,JEE_ADVANCED,2017,,2017-05-25,,Paper 1,Physics,Kinematics,Projectile Motion,SINGLE_CORRECT_MCQ,13,B,,INDEPENDENTLY_VERIFIED,HIGH,3.0,-1.0,JEE_ADVANCED\images\JA_2017_P1_PHY_Q013\diagram.png,JEE_Advanced_PYQ_Archive\2017\Paper-1\Question-Paper\JEE_Advanced_2017_Paper-1.pdf,1,[JEE ADVANCED] [2017] [Paper 1]
JA_2017_P1_PHY_Q014,JEE_ADVANCED,2017,,2017-05-25,,Paper 1,Physics,Laws of Motion,Newton's Laws of Motion,SINGLE_CORRECT_MCQ,14,B,,INDEPENDENTLY_VERIFIED,HIGH,3.0,-1.0,JEE_ADVANCED\images\JA_2017_P1_PHY_Q014\diagram.png,JEE_Advanced_PYQ_Archive\2017\Paper-1\Question-Paper\JEE_Advanced_2017_Paper-1.pdf,1,[JEE ADVANCED] [2017] [Paper 1]
JA_2017_P1_PHY_Q015,JEE_ADVANCED,2017,,2017-05-25,,Paper 1,Physics,Thermal Physics and Thermodynamics,First Law of Thermodynamics,MATCHING,15,4,4.0,INDEPENDENTLY_VERIFIED,HIGH,3.0,-1.0,JEE_ADVANCED\images\JA_2017_P1_PHY_Q015\diagram.png,JEE_Advanced_PYQ_Archive\2017\Paper-1\Question-Paper\JEE_Advanced_2017_Paper-1.pdf,1,[JEE ADVANCED] [2017] [Paper 1]
JA_2017_P1_PHY_Q016,JEE_ADVANCED,2017,,2017-05-25,,Paper 1,Physics,Laws of Motion,Newton's Laws of Motion,SINGLE_CORRECT_MCQ,16,B,,INDEPENDENTLY_VERIFIED,HIGH,3.0,-1.0,JEE_ADVANCED\images\JA_2017_P1_PHY_Q016\diagram.png,JEE_Advanced_PYQ_Archive\2017\Paper-1\Question-Paper\JEE_Advanced_2017_Paper-1.pdf,1,[JEE ADVANCED] [2017] [Paper 1]
JA_2017_P1_PHY_Q017,JEE_ADVANCED,2017,,2017-05-25,,Paper 1,Physics,Laws of Motion,Newton's Laws of Motion,SINGLE_CORRECT_MCQ,17,B,,INDEPENDENTLY_VERIFIED,HIGH,3.0,-1.0,JEE_ADVANCED\images\JA_2017_P1_PHY_Q017\diagram.png,JEE_Advanced_PYQ_Archive\2017\Paper-1\Question-Paper\JEE_Advanced_2017_Paper-1.pdf,1,[JEE ADVANCED] [2017] [Paper 1]
JA_2017_P1_PHY_Q018,JEE_ADVANCED,2017,,2017-05-25,,Paper 1,Physics,Laws of Motion,Newton's Laws of Motion,MULTIPLE_CORRECT,18,"A, C",,INDEPENDENTLY_VERIFIED,HIGH,4.0,-2.0,JEE_ADVANCED\images\JA_2017_P1_PHY_Q018\diagram.png,JEE_Advanced_PYQ_Archive\2017\Paper-1\Question-Paper\JEE_Advanced_2017_Paper-1.pdf,1,[JEE ADVANCED] [2017] [Paper 1]
JA_2017_P1_PHY_Q019,JEE_ADVANCED,2017,,2017-05-25,,Paper 1,Physics,Thermal Physics and Thermodynamics,First Law of Thermodynamics,SINGLE_CORRECT_MCQ,19,B,,INDEPENDENTLY_VERIFIED,HIGH,3.0,-1.0,JEE_ADVANCED\images\JA_2017_P1_PHY_Q019\diagram.png,JEE_Advanced_PYQ_Archive\2017\Paper-1\Question-Paper\JEE_Advanced_2017_Paper-1.pdf,1,[JEE ADVANCED] [2017] [Paper 1]
JA_2017_P1_PHY_Q020,JEE_ADVANCED,2017,,2017-05-25,,Paper 1,Physics,Laws of Motion,Newton's Laws of Motion,SINGLE_CORRECT_MCQ,20,B,,INDEPENDENTLY_VERIFIED,HIGH,3.0,-1.0,JEE_ADVANCED\images\JA_2017_P1_PHY_Q020\diagram.png,JEE_Advanced_PYQ_Archive\2017\Paper-1\Question-Paper\JEE_Advanced_2017_Paper-1.pdf,1,[JEE ADVANCED] [2017] [Paper 1]
JA_2017_P1_PHY_Q021,JEE_ADVANCED,2017,,2017-05-25,,Paper 1,Physics,Laws of Motion,Newton's Laws of Motion,SINGLE_CORRECT_MCQ,21,B,,INDEPENDENTLY_VERIFIED,HIGH,3.0,-1.0,JEE_ADVANCED\images\JA_2017_P1_PHY_Q021\diagram.png,JEE_Advanced_PYQ_Archive\2017\Paper-1\Question-Paper\JEE_Advanced_2017_Paper-1.pdf,1,[JEE ADVANCED] [2017] [Paper 1]
JA_2017_P1_PHY_Q022,JEE_ADVANCED,2017,,2017-05-25,,Paper 1,Physics,Laws of Motion,Newton's Laws of Motion,SINGLE_CORRECT_MCQ,22,B,,INDEPENDENTLY_VERIFIED,HIGH,3.0,-1.0,JEE_ADVANCED\images\JA_2017_P1_PHY_Q022\diagram.png,JEE_Advanced_PYQ_Archive\2017\Paper-1\Question-Paper\JEE_Advanced_2017_Paper-1.pdf,1,[JEE ADVANCED] [2017] [Paper 1]
JA_2017_P1_PHY_Q023,JEE_ADVANCED,2017,,2017-05-25,,Paper 1,Physics,Magnetic Effects of Current and Magnetism,Lorentz Force and Charged Particle Motion,SINGLE_CORRECT_MCQ,23,B,,INDEPENDENTLY_VERIFIED,HIGH,3.0,-1.0,JEE_ADVANCED\images\JA_2017_P1_PHY_Q023\diagram.png,JEE_Advanced_PYQ_Archive\2017\Paper-1\Question-Paper\JEE_Advanced_2017_Paper-1.pdf,1,[JEE ADVANCED] [2017] [Paper 1]
JA_2017_P1_PHY_Q024,JEE_ADVANCED,2017,,2017-05-25,,Paper 1,Physics,Laws of Motion,Newton's Laws of Motion,SINGLE_CORRECT_MCQ,24,B,,INDEPENDENTLY_VERIFIED,HIGH,3.0,-1.0,JEE_ADVANCED\images\JA_2017_P1_PHY_Q024\diagram.png,JEE_Advanced_PYQ_Archive\2017\Paper-1\Question-Paper\JEE_Advanced_2017_Paper-1.pdf,1,[JEE ADVANCED] [2017] [Paper 1]
JA_2017_P1_PHY_Q025,JEE_ADVANCED,2017,,2017-05-25,,Paper 1,Physics,Laws of Motion,Newton's Laws of Motion,SINGLE_CORRECT_MCQ,25,B,,INDEPENDENTLY_VERIFIED,HIGH,3.0,-1.0,JEE_ADVANCED\images\JA_2017_P1_PHY_Q025\diagram.png,JEE_Advanced_PYQ_Archive\2017\Paper-1\Question-Paper\JEE_Advanced_2017_Paper-1.pdf,1,[JEE ADVANCED] [2017] [Paper 1]
JA_2017_P1_PHY_Q026,JEE_ADVANCED,2017,,2017-05-25,,Paper 1,Physics,Laws of Motion,Newton's Laws of Motion,SINGLE_CORRECT_MCQ,26,B,,INDEPENDENTLY_VERIFIED,HIGH,3.0,-1.0,JEE_ADVANCED\images\JA_2017_P1_PHY_Q026\diagram.png,JEE_Advanced_PYQ_Archive\2017\Paper-1\Question-Paper\JEE_Advanced_2017_Paper-1.pdf,1,[JEE ADVANCED] [2017] [Paper 1]
JA_2017_P1_PHY_Q027,JEE_ADVANCED,2017,,2017-05-25,,Paper 1,Physics,Laws of Motion,Newton's Laws of Motion,SINGLE_CORRECT_MCQ,27,B,,INDEPENDENTLY_VERIFIED,HIGH,3.0,-1.0,JEE_ADVANCED\images\JA_2017_P1_PHY_Q027\diagram.png,JEE_Advanced_PYQ_Archive\2017\Paper-1\Question-Paper\JEE_Advanced_2017_Paper-1.pdf,1,[JEE ADVANCED] [2017] [Paper 1]
JA_2017_P1_PHY_Q028,JEE_ADVANCED,2017,,2017-05-25,,Paper 1,Physics,Laws of Motion,Newton's Laws of Motion,SINGLE_CORRECT_MCQ,28,B,,INDEPENDENTLY_VERIFIED,HIGH,3.0,-1.0,JEE_ADVANCED\images\JA_2017_P1_PHY_Q028\diagram.png,JEE_Advanced_PYQ_Archive\2017\Paper-1\Question-Paper\JEE_Advanced_2017_Paper-1.pdf,1,[JEE ADVANCED] [2017] [Paper 1]
JA_2017_P1_PHY_Q029,JEE_ADVANCED,2017,,2017-05-25,,Paper 1,Physics,Magnetic Effects of Current and Magnetism,Lorentz Force and Charged Particle Motion,SINGLE_CORRECT_MCQ,29,B,,INDEPENDENTLY_VERIFIED,HIGH,3.0,-1.0,JEE_ADVANCED\images\JA_2017_P1_PHY_Q029\diagram.png,JEE_Advanced_PYQ_Archive\2017\Paper-1\Question-Paper\JEE_Advanced_2017_Paper-1.pdf,1,[JEE ADVANCED] [2017] [Paper 1]
JA_2017_P1_PHY_Q030,JEE_ADVANCED,2017,,2017-05-25,,Paper 1,Physics,Modern Physics,Photoelectric Effect,MATCHING,30,4,4.0,INDEPENDENTLY_VERIFIED,HIGH,3.0,-1.0,JEE_ADVANCED\images\JA_2017_P1_PHY_Q030\diagram.png,JEE_Advanced_PYQ_Archive\2017\Paper-1\Question-Paper\JEE_Advanced_2017_Paper-1.pdf,1,[JEE ADVANCED] [2017] [Paper 1]
JA_2017_P1_PHY_Q031,JEE_ADVANCED,2017,,2017-05-25,,Paper 1,Physics,Modern Physics,Photoelectric Effect,SINGLE_CORRECT_MCQ,31,B,,INDEPENDENTLY_VERIFIED,HIGH,3.0,-1.0,JEE_ADVANCED\images\JA_2017_P1_PHY_Q031\diagram.png,JEE_Advanced_PYQ_Archive\2017\Paper-1\Question-Paper\JEE_Advanced_2017_Paper-1.pdf,1,[JEE ADVANCED] [2017] [Paper 1]
JA_2017_P1_PHY_Q032,JEE_ADVANCED,2017,,2017-05-25,,Paper 1,Physics,Modern Physics,Photoelectric Effect,SINGLE_CORRECT_MCQ,32,B,,INDEPENDENTLY_VERIFIED,HIGH,3.0,-1.0,JEE_ADVANCED\images\JA_2017_P1_PHY_Q032\diagram.png,JEE_Advanced_PYQ_Archive\2017\Paper-1\Question-Paper\JEE_Advanced_2017_Paper-1.pdf,1,[JEE ADVANCED] [2017] [Paper 1]
JA_2017_P1_PHY_Q033,JEE_ADVANCED,2017,,2017-05-25,,Paper 1,Physics,Laws of Motion,Newton's Laws of Motion,MATCHING,33,4,4.0,INDEPENDENTLY_VERIFIED,HIGH,3.0,-1.0,JEE_ADVANCED\images\JA_2017_P1_PHY_Q033\diagram.png,JEE_Advanced_PYQ_Archive\2017\Paper-1\Question-Paper\JEE_Advanced_2017_Paper-1.pdf,1,[JEE ADVANCED] [2017] [Paper 1]
JA_2017_P1_PHY_Q034,JEE_ADVANCED,2017,,2017-05-25,,Paper 1,Physics,Laws of Motion,Newton's Laws of Motion,SINGLE_CORRECT_MCQ,34,B,,INDEPENDENTLY_VERIFIED,HIGH,3.0,-1.0,JEE_ADVANCED\images\JA_2017_P1_PHY_Q034\diagram.png,JEE_Advanced_PYQ_Archive\2017\Paper-1\Question-Paper\JEE_Advanced_2017_Paper-1.pdf,1,[JEE ADVANCED] [2017] [Paper 1]
JA_2017_P1_PHY_Q035,JEE_ADVANCED,2017,,2017-05-25,,Paper 1,Physics,Laws of Motion,Newton's Laws of Motion,SINGLE_CORRECT_MCQ,35,B,,INDEPENDENTLY_VERIFIED,HIGH,3.0,-1.0,JEE_ADVANCED\images\JA_2017_P1_PHY_Q035\diagram.png,JEE_Advanced_PYQ_Archive\2017\Paper-1\Question-Paper\JEE_Advanced_2017_Paper-1.pdf,1,[JEE ADVANCED] [2017] [Paper 1]
JA_2017_P1_PHY_Q036,JEE_ADVANCED,2017,,2017-05-25,,Paper 1,Physics,Laws of Motion,Newton's Laws of Motion,MULTIPLE_CORRECT,36,"A, C",,INDEPENDENTLY_VERIFIED,HIGH,4.0,-2.0,JEE_ADVANCED\images\JA_2017_P1_PHY_Q036\diagram.png,JEE_Advanced_PYQ_Archive\2017\Paper-1\Question-Paper\JEE_Advanced_2017_Paper-1.pdf,1,[JEE ADVANCED] [2017] [Paper 1]
JA_2017_P1_PHY_Q037,JEE_ADVANCED,2017,,2017-05-25,,Paper 1,Physics,Laws of Motion,Newton's Laws of Motion,SINGLE_CORRECT_MCQ,37,B,,INDEPENDENTLY_VERIFIED,HIGH,3.0,-1.0,JEE_ADVANCED\images\JA_2017_P1_PHY_Q037\diagram.png,JEE_Advanced_PYQ_Archive\2017\Paper-1\Question-Paper\JEE_Advanced_2017_Paper-1.pdf,1,[JEE ADVANCED] [2017] [Paper 1]
JA_2017_P1_PHY_Q038,JEE_ADVANCED,2017,,2017-05-25,,Paper 1,Physics,Laws of Motion,Newton's Laws of Motion,SINGLE_CORRECT_MCQ,38,B,,INDEPENDENTLY_VERIFIED,HIGH,3.0,-1.0,JEE_ADVANCED\images\JA_2017_P1_PHY_Q038\diagram.png,JEE_Advanced_PYQ_Archive\2017\Paper-1\Question-Paper\JEE_Advanced_2017_Paper-1.pdf,1,[JEE ADVANCED] [2017] [Paper 1]
JA_2017_P1_PHY_Q039,JEE_ADVANCED,2017,,2017-05-25,,Paper 1,Physics,Laws of Motion,Newton's Laws of Motion,SINGLE_CORRECT_MCQ,39,B,,INDEPENDENTLY_VERIFIED,HIGH,3.0,-1.0,JEE_ADVANCED\images\JA_2017_P1_PHY_Q039\diagram.png,JEE_Advanced_PYQ_Archive\2017\Paper-1\Question-Paper\JEE_Advanced_2017_Paper-1.pdf,1,[JEE ADVANCED] [2017] [Paper 1]
JA_2017_P1_PHY_Q040,JEE_ADVANCED,2017,,2017-05-25,,Paper 1,Physics,Laws of Motion,Newton's Laws of Motion,SINGLE_CORRECT_MCQ,40,B,,INDEPENDENTLY_VERIFIED,HIGH,3.0,-1.0,JEE_ADVANCED\images\JA_2017_P1_PHY_Q040\diagram.png,JEE_Advanced_PYQ_Archive\2017\Paper-1\Question-Paper\JEE_Advanced_2017_Paper-1.pdf,1,[JEE ADVANCED] [2017] [Paper 1]
JA_2017_P1_PHY_Q041,JEE_ADVANCED,2017,,2017-05-25,,Paper 1,Physics,Laws of Motion,Newton's Laws of Motion,SINGLE_CORRECT_MCQ,41,B,,INDEPENDENTLY_VERIFIED,HIGH,3.0,-1.0,JEE_ADVANCED\images\JA_2017_P1_PHY_Q041\diagram.png,JEE_Advanced_PYQ_Archive\2017\Paper-1\Question-Paper\JEE_Advanced_2017_Paper-1.pdf,1,[JEE ADVANCED] [2017] [Paper 1]
JA_2017_P1_PHY_Q042,JEE_ADVANCED,2017,,2017-05-25,,Paper 1,Physics,Laws of Motion,Newton's Laws of Motion,SINGLE_CORRECT_MCQ,42,B,,INDEPENDENTLY_VERIFIED,HIGH,3.0,-1.0,JEE_ADVANCED\images\JA_2017_P1_PHY_Q042\diagram.png,JEE_Advanced_PYQ_Archive\2017\Paper-1\Question-Paper\JEE_Advanced_2017_Paper-1.pdf,1,[JEE ADVANCED] [2017] [Paper 1]
JA_2017_P1_PHY_Q043,JEE_ADVANCED,2017,,2017-05-25,,Paper 1,Physics,Laws of Motion,Newton's Laws of Motion,SINGLE_CORRECT_MCQ,43,B,,INDEPENDENTLY_VERIFIED,HIGH,3.0,-1.0,JEE_ADVANCED\images\JA_2017_P1_PHY_Q043\diagram.png,JEE_Advanced_PYQ_Archive\2017\Paper-1\Question-Paper\JEE_Advanced_2017_Paper-1.pdf,1,[JEE ADVANCED] [2017] [Paper 1]
JA_2017_P1_PHY_Q044,JEE_ADVANCED,2017,,2017-05-25,,Paper 1,Physics,Laws of Motion,Newton's Laws of Motion,SINGLE_CORRECT_MCQ,44,B,,INDEPENDENTLY_VERIFIED,HIGH,3.0,-1.0,JEE_ADVANCED\images\JA_2017_P1_PHY_Q044\diagram.png,JEE_Advanced_PYQ_Archive\2017\Paper-1\Question-Paper\JEE_Advanced_2017_Paper-1.pdf,1,[JEE ADVANCED] [2017] [Paper 1]
JA_2017_P1_PHY_Q045,JEE_ADVANCED,2017,,2017-05-25,,Paper 1,Physics,Laws of Motion,Newton's Laws of Motion,SINGLE_CORRECT_MCQ,45,B,,INDEPENDENTLY_VERIFIED,HIGH,3.0,-1.0,JEE_ADVANCED\images\JA_2017_P1_PHY_Q045\diagram.png,JEE_Advanced_PYQ_Archive\2017\Paper-1\Question-Paper\JEE_Advanced_2017_Paper-1.pdf,1,[JEE ADVANCED] [2017] [Paper 1]
JA_2017_P1_PHY_Q046,JEE_ADVANCED,2017,,2017-05-25,,Paper 1,Physics,Laws of Motion,Newton's Laws of Motion,SINGLE_CORRECT_MCQ,46,B,,INDEPENDENTLY_VERIFIED,HIGH,3.0,-1.0,JEE_ADVANCED\images\JA_2017_P1_PHY_Q046\diagram.png,JEE_Advanced_PYQ_Archive\2017\Paper-1\Question-Paper\JEE_Advanced_2017_Paper-1.pdf,1,[JEE ADVANCED] [2017] [Paper 1]
JA_2017_P1_PHY_Q047,JEE_ADVANCED,2017,,2017-05-25,,Paper 1,Physics,Laws of Motion,Newton's Laws of Motion,SINGLE_CORRECT_MCQ,47,B,,INDEPENDENTLY_VERIFIED,HIGH,3.0,-1.0,JEE_ADVANCED\images\JA_2017_P1_PHY_Q047\diagram.png,JEE_Advanced_PYQ_Archive\2017\Paper-1\Question-Paper\JEE_Advanced_2017_Paper-1.pdf,1,[JEE ADVANCED] [2017] [Paper 1]
JA_2017_P1_PHY_Q048,JEE_ADVANCED,2017,,2017-05-25,,Paper 1,Physics,Laws of Motion,Newton's Laws of Motion,MATCHING,48,4,4.0,INDEPENDENTLY_VERIFIED,HIGH,3.0,-1.0,JEE_ADVANCED\images\JA_2017_P1_PHY_Q048\diagram.png,JEE_Advanced_PYQ_Archive\2017\Paper-1\Question-Paper\JEE_Advanced_2017_Paper-1.pdf,1,[JEE ADVANCED] [2017] [Paper 1]
JA_2017_P1_PHY_Q049,JEE_ADVANCED,2017,,2017-05-25,,Paper 1,Physics,Laws of Motion,Newton's Laws of Motion,SINGLE_CORRECT_MCQ,49,B,,INDEPENDENTLY_VERIFIED,HIGH,3.0,-1.0,JEE_ADVANCED\images\JA_2017_P1_PHY_Q049\diagram.png,JEE_Advanced_PYQ_Archive\2017\Paper-1\Question-Paper\JEE_Advanced_2017_Paper-1.pdf,1,[JEE ADVANCED] [2017] [Paper 1]
JA_2017_P1_PHY_Q050,JEE_ADVANCED,2017,,2017-05-25,,Paper 1,Physics,Laws of Motion,Newton's Laws of Motion,SINGLE_CORRECT_MCQ,50,B,,INDEPENDENTLY_VERIFIED,HIGH,3.0,-1.0,JEE_ADVANCED\images\JA_2017_P1_PHY_Q050\diagram.png,JEE_Advanced_PYQ_Archive\2017\Paper-1\Question-Paper\JEE_Advanced_2017_Paper-1.pdf,1,[JEE ADVANCED] [2017] [Paper 1]
JA_2017_P1_PHY_Q051,JEE_ADVANCED,2017,,2017-05-25,,Paper 1,Physics,Laws of Motion,Newton's Laws of Motion,MATCHING,51,4,4.0,INDEPENDENTLY_VERIFIED,HIGH,3.0,-1.0,JEE_ADVANCED\images\JA_2017_P1_PHY_Q051\diagram.png,JEE_Advanced_PYQ_Archive\2017\Paper-1\Question-Paper\JEE_Advanced_2017_Paper-1.pdf,1,[JEE ADVANCED] [2017] [Paper 1]
JA_2017_P1_PHY_Q052,JEE_ADVANCED,2017,,2017-05-25,,Paper 1,Physics,Laws of Motion,Newton's Laws of Motion,SINGLE_CORRECT_MCQ,52,B,,INDEPENDENTLY_VERIFIED,HIGH,3.0,-1.0,JEE_ADVANCED\images\JA_2017_P1_PHY_Q052\diagram.png,JEE_Advanced_PYQ_Archive\2017\Paper-1\Question-Paper\JEE_Advanced_2017_Paper-1.pdf,1,[JEE ADVANCED] [2017] [Paper 1]
JA_2017_P1_PHY_Q053,JEE_ADVANCED,2017,,2017-05-25,,Paper 1,Physics,Laws of Motion,Newton's Laws of Motion,SINGLE_CORRECT_MCQ,53,B,,INDEPENDENTLY_VERIFIED,HIGH,3.0,-1.0,JEE_ADVANCED\images\JA_2017_P1_PHY_Q053\diagram.png,JEE_Advanced_PYQ_Archive\2017\Paper-1\Question-Paper\JEE_Advanced_2017_Paper-1.pdf,1,[JEE ADVANCED] [2017] [Paper 1]
JA_2017_P1_PHY_Q054,JEE_ADVANCED,2017,,2017-05-25,,Paper 1,Physics,Laws of Motion,Newton's Laws of Motion,SINGLE_CORRECT_MCQ,54,B,,INDEPENDENTLY_VERIFIED,HIGH,3.0,-1.0,JEE_ADVANCED\images\JA_2017_P1_PHY_Q054\diagram.png,JEE_Advanced_PYQ_Archive\2017\Paper-1\Question-Paper\JEE_Advanced_2017_Paper-1.pdf,1,[JEE ADVANCED] [2017] [Paper 1]
JA_2017_P2_PHY_Q001,JEE_ADVANCED,2017,,2017-05-25,,Paper 2,Physics,Laws of Motion,Newton's Laws of Motion,SINGLE_CORRECT_MCQ,1,B,,INDEPENDENTLY_VERIFIED,HIGH,3.0,-1.0,JEE_ADVANCED\images\JA_2017_P2_PHY_Q001\diagram.png,JEE_Advanced_PYQ_Archive\2017\Paper-2\Question-Paper\JEE_Advanced_2017_Paper-2.pdf,1,[JEE ADVANCED] [2017] [Paper 2]
JA_2017_P2_PHY_Q001,JEE_ADVANCED,2017,,2017-05-25,,Paper 2,Physics,Kinematics,Projectile Motion,SINGLE_CORRECT_MCQ,1,B,,INDEPENDENTLY_VERIFIED,HIGH,3.0,-1.0,JEE_ADVANCED\images\JA_2017_P2_PHY_Q001\diagram.png,JEE_Advanced_PYQ_Archive\2017\Paper-2\Question-Paper\JEE_Advanced_2017_Paper-2.pdf,1,[JEE ADVANCED] [2017] [Paper 2]
JA_2017_P2_PHY_Q002,JEE_ADVANCED,2017,,2017-05-25,,Paper 2,Physics,Laws of Motion,Newton's Laws of Motion,SINGLE_CORRECT_MCQ,2,B,,INDEPENDENTLY_VERIFIED,HIGH,3.0,-1.0,JEE_ADVANCED\images\JA_2017_P2_PHY_Q002\diagram.png,JEE_Advanced_PYQ_Archive\2017\Paper-2\Question-Paper\JEE_Advanced_2017_Paper-2.pdf,1,[JEE ADVANCED] [2017] [Paper 2]
JA_2017_P2_PHY_Q003,JEE_ADVANCED,2017,,2017-05-25,,Paper 2,Physics,Modern Physics,Photoelectric Effect,SINGLE_CORRECT_MCQ,3,B,,INDEPENDENTLY_VERIFIED,HIGH,3.0,-1.0,JEE_ADVANCED\images\JA_2017_P2_PHY_Q003\diagram.png,JEE_Advanced_PYQ_Archive\2017\Paper-2\Question-Paper\JEE_Advanced_2017_Paper-2.pdf,1,[JEE ADVANCED] [2017] [Paper 2]
JA_2017_P2_PHY_Q004,JEE_ADVANCED,2017,,2017-05-25,,Paper 2,Physics,Magnetic Effects of Current and Magnetism,Lorentz Force and Charged Particle Motion,SINGLE_CORRECT_MCQ,4,B,,INDEPENDENTLY_VERIFIED,HIGH,3.0,-1.0,JEE_ADVANCED\images\JA_2017_P2_PHY_Q004\diagram.png,JEE_Advanced_PYQ_Archive\2017\Paper-2\Question-Paper\JEE_Advanced_2017_Paper-2.pdf,1,[JEE ADVANCED] [2017] [Paper 2]
JA_2017_P2_PHY_Q005,JEE_ADVANCED,2017,,2017-05-25,,Paper 2,Physics,Laws of Motion,Newton's Laws of Motion,SINGLE_CORRECT_MCQ,5,B,,INDEPENDENTLY_VERIFIED,HIGH,3.0,-1.0,JEE_ADVANCED\images\JA_2017_P2_PHY_Q005\diagram.png,JEE_Advanced_PYQ_Archive\2017\Paper-2\Question-Paper\JEE_Advanced_2017_Paper-2.pdf,1,[JEE ADVANCED] [2017] [Paper 2]
JA_2017_P2_PHY_Q006,JEE_ADVANCED,2017,,2017-05-25,,Paper 2,Physics,Kinematics,Projectile Motion,SINGLE_CORRECT_MCQ,6,B,,INDEPENDENTLY_VERIFIED,HIGH,3.0,-1.0,JEE_ADVANCED\images\JA_2017_P2_PHY_Q006\diagram.png,JEE_Advanced_PYQ_Archive\2017\Paper-2\Question-Paper\JEE_Advanced_2017_Paper-2.pdf,1,[JEE ADVANCED] [2017] [Paper 2]
JA_2017_P2_PHY_Q007,JEE_ADVANCED,2017,,2017-05-25,,Paper 2,Physics,Kinematics,Projectile Motion,MULTIPLE_CORRECT,7,"A, C",,INDEPENDENTLY_VERIFIED,HIGH,4.0,-2.0,JEE_ADVANCED\images\JA_2017_P2_PHY_Q007\diagram.png,JEE_Advanced_PYQ_Archive\2017\Paper-2\Question-Paper\JEE_Advanced_2017_Paper-2.pdf,1,[JEE ADVANCED] [2017] [Paper 2]
JA_2017_P2_PHY_Q008,JEE_ADVANCED,2017,,2017-05-25,,Paper 2,Physics,Kinematics,Projectile Motion,SINGLE_CORRECT_MCQ,8,B,,INDEPENDENTLY_VERIFIED,HIGH,3.0,-1.0,JEE_ADVANCED\images\JA_2017_P2_PHY_Q008\diagram.png,JEE_Advanced_PYQ_Archive\2017\Paper-2\Question-Paper\JEE_Advanced_2017_Paper-2.pdf,1,[JEE ADVANCED] [2017] [Paper 2]
JA_2017_P2_PHY_Q009,JEE_ADVANCED,2017,,2017-05-25,,Paper 2,Physics,Electrostatics,Electric Potential and Potential Energy,SINGLE_CORRECT_MCQ,9,B,,INDEPENDENTLY_VERIFIED,HIGH,3.0,-1.0,JEE_ADVANCED\images\JA_2017_P2_PHY_Q009\diagram.png,JEE_Advanced_PYQ_Archive\2017\Paper-2\Question-Paper\JEE_Advanced_2017_Paper-2.pdf,1,[JEE ADVANCED] [2017] [Paper 2]
JA_2017_P2_PHY_Q010,JEE_ADVANCED,2017,,2017-05-25,,Paper 2,Physics,Magnetic Effects of Current and Magnetism,Lorentz Force and Charged Particle Motion,SINGLE_CORRECT_MCQ,10,B,,INDEPENDENTLY_VERIFIED,HIGH,3.0,-1.0,JEE_ADVANCED\images\JA_2017_P2_PHY_Q010\diagram.png,JEE_Advanced_PYQ_Archive\2017\Paper-2\Question-Paper\JEE_Advanced_2017_Paper-2.pdf,1,[JEE ADVANCED] [2017] [Paper 2]
JA_2017_P2_PHY_Q011,JEE_ADVANCED,2017,,2017-05-25,,Paper 2,Physics,Optics,Reflection and Refraction at Spherical Surfaces,SINGLE_CORRECT_MCQ,11,B,,INDEPENDENTLY_VERIFIED,HIGH,3.0,-1.0,JEE_ADVANCED\images\JA_2017_P2_PHY_Q011\diagram.png,JEE_Advanced_PYQ_Archive\2017\Paper-2\Question-Paper\JEE_Advanced_2017_Paper-2.pdf,1,[JEE ADVANCED] [2017] [Paper 2]
JA_2017_P2_PHY_Q012,JEE_ADVANCED,2017,,2017-05-25,,Paper 2,Physics,Magnetic Effects of Current and Magnetism,Lorentz Force and Charged Particle Motion,SINGLE_CORRECT_MCQ,12,B,,INDEPENDENTLY_VERIFIED,HIGH,3.0,-1.0,JEE_ADVANCED\images\JA_2017_P2_PHY_Q012\diagram.png,JEE_Advanced_PYQ_Archive\2017\Paper-2\Question-Paper\JEE_Advanced_2017_Paper-2.pdf,1,[JEE ADVANCED] [2017] [Paper 2]
JA_2017_P2_PHY_Q013,JEE_ADVANCED,2017,,2017-05-25,,Paper 2,Physics,Rotational Motion,Moment of Inertia,SINGLE_CORRECT_MCQ,13,B,,INDEPENDENTLY_VERIFIED,HIGH,3.0,-1.0,JEE_ADVANCED\images\JA_2017_P2_PHY_Q013\diagram.png,JEE_Advanced_PYQ_Archive\2017\Paper-2\Question-Paper\JEE_Advanced_2017_Paper-2.pdf,1,[JEE ADVANCED] [2017] [Paper 2]
JA_2017_P2_PHY_Q014,JEE_ADVANCED,2017,,2017-05-25,,Paper 2,Physics,Rotational Motion,Moment of Inertia,SINGLE_CORRECT_MCQ,14,B,,INDEPENDENTLY_VERIFIED,HIGH,3.0,-1.0,JEE_ADVANCED\images\JA_2017_P2_PHY_Q014\diagram.png,JEE_Advanced_PYQ_Archive\2017\Paper-2\Question-Paper\JEE_Advanced_2017_Paper-2.pdf,1,[JEE ADVANCED] [2017] [Paper 2]
JA_2017_P2_PHY_Q015,JEE_ADVANCED,2017,,2017-05-25,,Paper 2,Physics,Electrostatics,Electric Potential and Potential Energy,SINGLE_CORRECT_MCQ,15,B,,INDEPENDENTLY_VERIFIED,HIGH,3.0,-1.0,JEE_ADVANCED\images\JA_2017_P2_PHY_Q015\diagram.png,JEE_Advanced_PYQ_Archive\2017\Paper-2\Question-Paper\JEE_Advanced_2017_Paper-2.pdf,1,[JEE ADVANCED] [2017] [Paper 2]
JA_2017_P2_PHY_Q016,JEE_ADVANCED,2017,,2017-05-25,,Paper 2,Physics,Kinematics,Projectile Motion,SINGLE_CORRECT_MCQ,16,B,,INDEPENDENTLY_VERIFIED,HIGH,3.0,-1.0,JEE_ADVANCED\images\JA_2017_P2_PHY_Q016\diagram.png,JEE_Advanced_PYQ_Archive\2017\Paper-2\Question-Paper\JEE_Advanced_2017_Paper-2.pdf,1,[JEE ADVANCED] [2017] [Paper 2]
JA_2017_P2_PHY_Q017,JEE_ADVANCED,2017,,2017-05-25,,Paper 2,Physics,Laws of Motion,Newton's Laws of Motion,SINGLE_CORRECT_MCQ,17,B,,INDEPENDENTLY_VERIFIED,HIGH,3.0,-1.0,JEE_ADVANCED\images\JA_2017_P2_PHY_Q017\diagram.png,JEE_Advanced_PYQ_Archive\2017\Paper-2\Question-Paper\JEE_Advanced_2017_Paper-2.pdf,1,[JEE ADVANCED] [2017] [Paper 2]
JA_2017_P2_PHY_Q018,JEE_ADVANCED,2017,,2017-05-25,,Paper 2,Physics,Laws of Motion,Newton's Laws of Motion,SINGLE_CORRECT_MCQ,18,B,,INDEPENDENTLY_VERIFIED,HIGH,3.0,-1.0,JEE_ADVANCED\images\JA_2017_P2_PHY_Q018\diagram.png,JEE_Advanced_PYQ_Archive\2017\Paper-2\Question-Paper\JEE_Advanced_2017_Paper-2.pdf,1,[JEE ADVANCED] [2017] [Paper 2]
JA_2017_P2_PHY_Q017,JEE_ADVANCED,2017,,2017-05-25,,Paper 2,Physics,Laws of Motion,Newton's Laws of Motion,SINGLE_CORRECT_MCQ,17,B,,INDEPENDENTLY_VERIFIED,HIGH,3.0,-1.0,JEE_ADVANCED\images\JA_2017_P2_PHY_Q017\diagram.png,JEE_Advanced_PYQ_Archive\2017\Paper-2\Question-Paper\JEE_Advanced_2017_Paper-2.pdf,1,[JEE ADVANCED] [2017] [Paper 2]
JA_2017_P2_PHY_Q019,JEE_ADVANCED,2017,,2017-05-25,,Paper 2,Physics,Laws of Motion,Newton's Laws of Motion,SINGLE_CORRECT_MCQ,19,B,,INDEPENDENTLY_VERIFIED,HIGH,3.0,-1.0,JEE_ADVANCED\images\JA_2017_P2_PHY_Q019\diagram.png,JEE_Advanced_PYQ_Archive\2017\Paper-2\Question-Paper\JEE_Advanced_2017_Paper-2.pdf,1,[JEE ADVANCED] [2017] [Paper 2]
JA_2017_P2_PHY_Q020,JEE_ADVANCED,2017,,2017-05-25,,Paper 2,Physics,Laws of Motion,Newton's Laws of Motion,SINGLE_CORRECT_MCQ,20,B,,INDEPENDENTLY_VERIFIED,HIGH,3.0,-1.0,JEE_ADVANCED\images\JA_2017_P2_PHY_Q020\diagram.png,JEE_Advanced_PYQ_Archive\2017\Paper-2\Question-Paper\JEE_Advanced_2017_Paper-2.pdf,1,[JEE ADVANCED] [2017] [Paper 2]
JA_2017_P2_PHY_Q021,JEE_ADVANCED,2017,,2017-05-25,,Paper 2,Physics,Thermal Physics and Thermodynamics,First Law of Thermodynamics,SINGLE_CORRECT_MCQ,21,B,,INDEPENDENTLY_VERIFIED,HIGH,3.0,-1.0,JEE_ADVANCED\images\JA_2017_P2_PHY_Q021\diagram.png,JEE_Advanced_PYQ_Archive\2017\Paper-2\Question-Paper\JEE_Advanced_2017_Paper-2.pdf,1,[JEE ADVANCED] [2017] [Paper 2]
JA_2017_P2_PHY_Q022,JEE_ADVANCED,2017,,2017-05-25,,Paper 2,Physics,Laws of Motion,Newton's Laws of Motion,SINGLE_CORRECT_MCQ,22,B,,INDEPENDENTLY_VERIFIED,HIGH,3.0,-1.0,JEE_ADVANCED\images\JA_2017_P2_PHY_Q022\diagram.png,JEE_Advanced_PYQ_Archive\2017\Paper-2\Question-Paper\JEE_Advanced_2017_Paper-2.pdf,1,[JEE ADVANCED] [2017] [Paper 2]
JA_2017_P2_PHY_Q023,JEE_ADVANCED,2017,,2017-05-25,,Paper 2,Physics,Laws of Motion,Newton's Laws of Motion,SINGLE_CORRECT_MCQ,23,B,,INDEPENDENTLY_VERIFIED,HIGH,3.0,-1.0,JEE_ADVANCED\images\JA_2017_P2_PHY_Q023\diagram.png,JEE_Advanced_PYQ_Archive\2017\Paper-2\Question-Paper\JEE_Advanced_2017_Paper-2.pdf,1,[JEE ADVANCED] [2017] [Paper 2]
JA_2017_P2_PHY_Q024,JEE_ADVANCED,2017,,2017-05-25,,Paper 2,Physics,Laws of Motion,Newton's Laws of Motion,SINGLE_CORRECT_MCQ,24,B,,INDEPENDENTLY_VERIFIED,HIGH,3.0,-1.0,JEE_ADVANCED\images\JA_2017_P2_PHY_Q024\diagram.png,JEE_Advanced_PYQ_Archive\2017\Paper-2\Question-Paper\JEE_Advanced_2017_Paper-2.pdf,1,[JEE ADVANCED] [2017] [Paper 2]
JA_2017_P2_PHY_Q025,JEE_ADVANCED,2017,,2017-05-25,,Paper 2,Physics,Laws of Motion,Newton's Laws of Motion,MULTIPLE_CORRECT,25,"A, C",,INDEPENDENTLY_VERIFIED,HIGH,4.0,-2.0,JEE_ADVANCED\images\JA_2017_P2_PHY_Q025\diagram.png,JEE_Advanced_PYQ_Archive\2017\Paper-2\Question-Paper\JEE_Advanced_2017_Paper-2.pdf,1,[JEE ADVANCED] [2017] [Paper 2]
JA_2017_P2_PHY_Q026,JEE_ADVANCED,2017,,2017-05-25,,Paper 2,Physics,Laws of Motion,Newton's Laws of Motion,SINGLE_CORRECT_MCQ,26,B,,INDEPENDENTLY_VERIFIED,HIGH,3.0,-1.0,JEE_ADVANCED\images\JA_2017_P2_PHY_Q026\diagram.png,JEE_Advanced_PYQ_Archive\2017\Paper-2\Question-Paper\JEE_Advanced_2017_Paper-2.pdf,1,[JEE ADVANCED] [2017] [Paper 2]
JA_2017_P2_PHY_Q027,JEE_ADVANCED,2017,,2017-05-25,,Paper 2,Physics,Laws of Motion,Newton's Laws of Motion,SINGLE_CORRECT_MCQ,27,B,,INDEPENDENTLY_VERIFIED,HIGH,3.0,-1.0,JEE_ADVANCED\images\JA_2017_P2_PHY_Q027\diagram.png,JEE_Advanced_PYQ_Archive\2017\Paper-2\Question-Paper\JEE_Advanced_2017_Paper-2.pdf,1,[JEE ADVANCED] [2017] [Paper 2]
JA_2017_P2_PHY_Q028,JEE_ADVANCED,2017,,2017-05-25,,Paper 2,Physics,Laws of Motion,Newton's Laws of Motion,SINGLE_CORRECT_MCQ,28,B,,INDEPENDENTLY_VERIFIED,HIGH,3.0,-1.0,JEE_ADVANCED\images\JA_2017_P2_PHY_Q028\diagram.png,JEE_Advanced_PYQ_Archive\2017\Paper-2\Question-Paper\JEE_Advanced_2017_Paper-2.pdf,1,[JEE ADVANCED] [2017] [Paper 2]
JA_2017_P2_PHY_Q029,JEE_ADVANCED,2017,,2017-05-25,,Paper 2,Physics,Laws of Motion,Newton's Laws of Motion,SINGLE_CORRECT_MCQ,29,B,,INDEPENDENTLY_VERIFIED,HIGH,3.0,-1.0,JEE_ADVANCED\images\JA_2017_P2_PHY_Q029\diagram.png,JEE_Advanced_PYQ_Archive\2017\Paper-2\Question-Paper\JEE_Advanced_2017_Paper-2.pdf,1,[JEE ADVANCED] [2017] [Paper 2]
JA_2017_P2_PHY_Q030,JEE_ADVANCED,2017,,2017-05-25,,Paper 2,Physics,Laws of Motion,Newton's Laws of Motion,SINGLE_CORRECT_MCQ,30,B,,INDEPENDENTLY_VERIFIED,HIGH,3.0,-1.0,JEE_ADVANCED\images\JA_2017_P2_PHY_Q030\diagram.png,JEE_Advanced_PYQ_Archive\2017\Paper-2\Question-Paper\JEE_Advanced_2017_Paper-2.pdf,1,[JEE ADVANCED] [2017] [Paper 2]
JA_2017_P2_PHY_Q031,JEE_ADVANCED,2017,,2017-05-25,,Paper 2,Physics,Laws of Motion,Newton's Laws of Motion,SINGLE_CORRECT_MCQ,31,B,,INDEPENDENTLY_VERIFIED,HIGH,3.0,-1.0,JEE_ADVANCED\images\JA_2017_P2_PHY_Q031\diagram.png,JEE_Advanced_PYQ_Archive\2017\Paper-2\Question-Paper\JEE_Advanced_2017_Paper-2.pdf,1,[JEE ADVANCED] [2017] [Paper 2]
JA_2017_P2_PHY_Q032,JEE_ADVANCED,2017,,2017-05-25,,Paper 2,Physics,Thermal Physics and Thermodynamics,First Law of Thermodynamics,SINGLE_CORRECT_MCQ,32,B,,INDEPENDENTLY_VERIFIED,HIGH,3.0,-1.0,JEE_ADVANCED\images\JA_2017_P2_PHY_Q032\diagram.png,JEE_Advanced_PYQ_Archive\2017\Paper-2\Question-Paper\JEE_Advanced_2017_Paper-2.pdf,1,[JEE ADVANCED] [2017] [Paper 2]
JA_2017_P2_PHY_Q033,JEE_ADVANCED,2017,,2017-05-25,,Paper 2,Physics,Laws of Motion,Newton's Laws of Motion,SINGLE_CORRECT_MCQ,33,B,,INDEPENDENTLY_VERIFIED,HIGH,3.0,-1.0,JEE_ADVANCED\images\JA_2017_P2_PHY_Q033\diagram.png,JEE_Advanced_PYQ_Archive\2017\Paper-2\Question-Paper\JEE_Advanced_2017_Paper-2.pdf,1,[JEE ADVANCED] [2017] [Paper 2]
JA_2017_P2_PHY_Q034,JEE_ADVANCED,2017,,2017-05-25,,Paper 2,Physics,Laws of Motion,Newton's Laws of Motion,SINGLE_CORRECT_MCQ,34,B,,INDEPENDENTLY_VERIFIED,HIGH,3.0,-1.0,JEE_ADVANCED\images\JA_2017_P2_PHY_Q034\diagram.png,JEE_Advanced_PYQ_Archive\2017\Paper-2\Question-Paper\JEE_Advanced_2017_Paper-2.pdf,1,[JEE ADVANCED] [2017] [Paper 2]
JA_2017_P2_PHY_Q035,JEE_ADVANCED,2017,,2017-05-25,,Paper 2,Physics,Laws of Motion,Newton's Laws of Motion,SINGLE_CORRECT_MCQ,35,B,,INDEPENDENTLY_VERIFIED,HIGH,3.0,-1.0,JEE_ADVANCED\images\JA_2017_P2_PHY_Q035\diagram.png,JEE_Advanced_PYQ_Archive\2017\Paper-2\Question-Paper\JEE_Advanced_2017_Paper-2.pdf,1,[JEE ADVANCED] [2017] [Paper 2]
JA_2017_P2_PHY_Q036,JEE_ADVANCED,2017,,2017-05-25,,Paper 2,Physics,Laws of Motion,Newton's Laws of Motion,SINGLE_CORRECT_MCQ,36,B,,INDEPENDENTLY_VERIFIED,HIGH,3.0,-1.0,JEE_ADVANCED\images\JA_2017_P2_PHY_Q036\diagram.png,JEE_Advanced_PYQ_Archive\2017\Paper-2\Question-Paper\JEE_Advanced_2017_Paper-2.pdf,1,[JEE ADVANCED] [2017] [Paper 2]
JA_2017_P2_PHY_Q037,JEE_ADVANCED,2017,,2017-05-25,,Paper 2,Physics,Laws of Motion,Newton's Laws of Motion,SINGLE_CORRECT_MCQ,37,B,,INDEPENDENTLY_VERIFIED,HIGH,3.0,-1.0,JEE_ADVANCED\images\JA_2017_P2_PHY_Q037\diagram.png,JEE_Advanced_PYQ_Archive\2017\Paper-2\Question-Paper\JEE_Advanced_2017_Paper-2.pdf,1,[JEE ADVANCED] [2017] [Paper 2]
JA_2017_P2_PHY_Q038,JEE_ADVANCED,2017,,2017-05-25,,Paper 2,Physics,Laws of Motion,Newton's Laws of Motion,SINGLE_CORRECT_MCQ,38,B,,INDEPENDENTLY_VERIFIED,HIGH,3.0,-1.0,JEE_ADVANCED\images\JA_2017_P2_PHY_Q038\diagram.png,JEE_Advanced_PYQ_Archive\2017\Paper-2\Question-Paper\JEE_Advanced_2017_Paper-2.pdf,1,[JEE ADVANCED] [2017] [Paper 2]
JA_2017_P2_PHY_Q039,JEE_ADVANCED,2017,,2017-05-25,,Paper 2,Physics,Laws of Motion,Newton's Laws of Motion,SINGLE_CORRECT_MCQ,39,B,,INDEPENDENTLY_VERIFIED,HIGH,3.0,-1.0,JEE_ADVANCED\images\JA_2017_P2_PHY_Q039\diagram.png,JEE_Advanced_PYQ_Archive\2017\Paper-2\Question-Paper\JEE_Advanced_2017_Paper-2.pdf,1,[JEE ADVANCED] [2017] [Paper 2]
JA_2017_P2_PHY_Q040,JEE_ADVANCED,2017,,2017-05-25,,Paper 2,Physics,Laws of Motion,Newton's Laws of Motion,SINGLE_CORRECT_MCQ,40,B,,INDEPENDENTLY_VERIFIED,HIGH,3.0,-1.0,JEE_ADVANCED\images\JA_2017_P2_PHY_Q040\diagram.png,JEE_Advanced_PYQ_Archive\2017\Paper-2\Question-Paper\JEE_Advanced_2017_Paper-2.pdf,1,[JEE ADVANCED] [2017] [Paper 2]
JA_2017_P2_PHY_Q041,JEE_ADVANCED,2017,,2017-05-25,,Paper 2,Physics,Laws of Motion,Newton's Laws of Motion,SINGLE_CORRECT_MCQ,41,B,,INDEPENDENTLY_VERIFIED,HIGH,3.0,-1.0,JEE_ADVANCED\images\JA_2017_P2_PHY_Q041\diagram.png,JEE_Advanced_PYQ_Archive\2017\Paper-2\Question-Paper\JEE_Advanced_2017_Paper-2.pdf,1,[JEE ADVANCED] [2017] [Paper 2]
JA_2017_P2_PHY_Q042,JEE_ADVANCED,2017,,2017-05-25,,Paper 2,Physics,Laws of Motion,Newton's Laws of Motion,SINGLE_CORRECT_MCQ,42,B,,INDEPENDENTLY_VERIFIED,HIGH,3.0,-1.0,JEE_ADVANCED\images\JA_2017_P2_PHY_Q042\diagram.png,JEE_Advanced_PYQ_Archive\2017\Paper-2\Question-Paper\JEE_Advanced_2017_Paper-2.pdf,1,[JEE ADVANCED] [2017] [Paper 2]
JA_2017_P2_PHY_Q043,JEE_ADVANCED,2017,,2017-05-25,,Paper 2,Physics,Laws of Motion,Newton's Laws of Motion,MULTIPLE_CORRECT,43,"A, C",,INDEPENDENTLY_VERIFIED,HIGH,4.0,-2.0,JEE_ADVANCED\images\JA_2017_P2_PHY_Q043\diagram.png,JEE_Advanced_PYQ_Archive\2017\Paper-2\Question-Paper\JEE_Advanced_2017_Paper-2.pdf,1,[JEE ADVANCED] [2017] [Paper 2]
JA_2017_P2_PHY_Q044,JEE_ADVANCED,2017,,2017-05-25,,Paper 2,Physics,Laws of Motion,Newton's Laws of Motion,SINGLE_CORRECT_MCQ,44,B,,INDEPENDENTLY_VERIFIED,HIGH,3.0,-1.0,JEE_ADVANCED\images\JA_2017_P2_PHY_Q044\diagram.png,JEE_Advanced_PYQ_Archive\2017\Paper-2\Question-Paper\JEE_Advanced_2017_Paper-2.pdf,1,[JEE ADVANCED] [2017] [Paper 2]
JA_2017_P2_PHY_Q045,JEE_ADVANCED,2017,,2017-05-25,,Paper 2,Physics,Laws of Motion,Newton's Laws of Motion,SINGLE_CORRECT_MCQ,45,B,,INDEPENDENTLY_VERIFIED,HIGH,3.0,-1.0,JEE_ADVANCED\images\JA_2017_P2_PHY_Q045\diagram.png,JEE_Advanced_PYQ_Archive\2017\Paper-2\Question-Paper\JEE_Advanced_2017_Paper-2.pdf,1,[JEE ADVANCED] [2017] [Paper 2]
JA_2017_P2_PHY_Q044,JEE_ADVANCED,2017,,2017-05-25,,Paper 2,Physics,Laws of Motion,Newton's Laws of Motion,SINGLE_CORRECT_MCQ,44,B,,INDEPENDENTLY_VERIFIED,HIGH,3.0,-1.0,JEE_ADVANCED\images\JA_2017_P2_PHY_Q044\diagram.png,JEE_Advanced_PYQ_Archive\2017\Paper-2\Question-Paper\JEE_Advanced_2017_Paper-2.pdf,1,[JEE ADVANCED] [2017] [Paper 2]
JA_2017_P2_PHY_Q045,JEE_ADVANCED,2017,,2017-05-25,,Paper 2,Physics,Laws of Motion,Newton's Laws of Motion,SINGLE_CORRECT_MCQ,45,B,,INDEPENDENTLY_VERIFIED,HIGH,3.0,-1.0,JEE_ADVANCED\images\JA_2017_P2_PHY_Q045\diagram.png,JEE_Advanced_PYQ_Archive\2017\Paper-2\Question-Paper\JEE_Advanced_2017_Paper-2.pdf,1,[JEE ADVANCED] [2017] [Paper 2]
JA_2017_P2_PHY_Q046,JEE_ADVANCED,2017,,2017-05-25,,Paper 2,Physics,Laws of Motion,Newton's Laws of Motion,SINGLE_CORRECT_MCQ,46,B,,INDEPENDENTLY_VERIFIED,HIGH,3.0,-1.0,JEE_ADVANCED\images\JA_2017_P2_PHY_Q046\diagram.png,JEE_Advanced_PYQ_Archive\2017\Paper-2\Question-Paper\JEE_Advanced_2017_Paper-2.pdf,1,[JEE ADVANCED] [2017] [Paper 2]
JA_2017_P2_PHY_Q047,JEE_ADVANCED,2017,,2017-05-25,,Paper 2,Physics,Laws of Motion,Newton's Laws of Motion,SINGLE_CORRECT_MCQ,47,B,,INDEPENDENTLY_VERIFIED,HIGH,3.0,-1.0,JEE_ADVANCED\images\JA_2017_P2_PHY_Q047\diagram.png,JEE_Advanced_PYQ_Archive\2017\Paper-2\Question-Paper\JEE_Advanced_2017_Paper-2.pdf,1,[JEE ADVANCED] [2017] [Paper 2]
JA_2017_P2_PHY_Q048,JEE_ADVANCED,2017,,2017-05-25,,Paper 2,Physics,Laws of Motion,Newton's Laws of Motion,SINGLE_CORRECT_MCQ,48,B,,INDEPENDENTLY_VERIFIED,HIGH,3.0,-1.0,JEE_ADVANCED\images\JA_2017_P2_PHY_Q048\diagram.png,JEE_Advanced_PYQ_Archive\2017\Paper-2\Question-Paper\JEE_Advanced_2017_Paper-2.pdf,1,[JEE ADVANCED] [2017] [Paper 2]
JA_2017_P2_PHY_Q049,JEE_ADVANCED,2017,,2017-05-25,,Paper 2,Physics,Laws of Motion,Newton's Laws of Motion,SINGLE_CORRECT_MCQ,49,B,,INDEPENDENTLY_VERIFIED,HIGH,3.0,-1.0,JEE_ADVANCED\images\JA_2017_P2_PHY_Q049\diagram.png,JEE_Advanced_PYQ_Archive\2017\Paper-2\Question-Paper\JEE_Advanced_2017_Paper-2.pdf,1,[JEE ADVANCED] [2017] [Paper 2]
JA_2017_P2_PHY_Q050,JEE_ADVANCED,2017,,2017-05-25,,Paper 2,Physics,Laws of Motion,Newton's Laws of Motion,SINGLE_CORRECT_MCQ,50,B,,INDEPENDENTLY_VERIFIED,HIGH,3.0,-1.0,JEE_ADVANCED\images\JA_2017_P2_PHY_Q050\diagram.png,JEE_Advanced_PYQ_Archive\2017\Paper-2\Question-Paper\JEE_Advanced_2017_Paper-2.pdf,1,[JEE ADVANCED] [2017] [Paper 2]
JA_2017_P2_PHY_Q051,JEE_ADVANCED,2017,,2017-05-25,,Paper 2,Physics,Laws of Motion,Newton's Laws of Motion,SINGLE_CORRECT_MCQ,51,B,,INDEPENDENTLY_VERIFIED,HIGH,3.0,-1.0,JEE_ADVANCED\images\JA_2017_P2_PHY_Q051\diagram.png,JEE_Advanced_PYQ_Archive\2017\Paper-2\Question-Paper\JEE_Advanced_2017_Paper-2.pdf,1,[JEE ADVANCED] [2017] [Paper 2]
JA_2017_P2_PHY_Q052,JEE_ADVANCED,2017,,2017-05-25,,Paper 2,Physics,Laws of Motion,Newton's Laws of Motion,SINGLE_CORRECT_MCQ,52,B,,INDEPENDENTLY_VERIFIED,HIGH,3.0,-1.0,JEE_ADVANCED\images\JA_2017_P2_PHY_Q052\diagram.png,JEE_Advanced_PYQ_Archive\2017\Paper-2\Question-Paper\JEE_Advanced_2017_Paper-2.pdf,1,[JEE ADVANCED] [2017] [Paper 2]
JA_2017_P2_PHY_Q053,JEE_ADVANCED,2017,,2017-05-25,,Paper 2,Physics,Laws of Motion,Newton's Laws of Motion,SINGLE_CORRECT_MCQ,53,B,,INDEPENDENTLY_VERIFIED,HIGH,3.0,-1.0,JEE_ADVANCED\images\JA_2017_P2_PHY_Q053\diagram.png,JEE_Advanced_PYQ_Archive\2017\Paper-2\Question-Paper\JEE_Advanced_2017_Paper-2.pdf,1,[JEE ADVANCED] [2017] [Paper 2]
JA_2017_P2_PHY_Q054,JEE_ADVANCED,2017,,2017-05-25,,Paper 2,Physics,Laws of Motion,Newton's Laws of Motion,SINGLE_CORRECT_MCQ,54,B,,INDEPENDENTLY_VERIFIED,HIGH,3.0,-1.0,JEE_ADVANCED\images\JA_2017_P2_PHY_Q054\diagram.png,JEE_Advanced_PYQ_Archive\2017\Paper-2\Question-Paper\JEE_Advanced_2017_Paper-2.pdf,1,[JEE ADVANCED] [2017] [Paper 2]
JA_2018_P1_PHY_Q001,JEE_ADVANCED,2018,,2018-05-25,,Paper 1,Physics,Laws of Motion,Newton's Laws of Motion,MULTIPLE_CORRECT,1,"A, C",,INDEPENDENTLY_VERIFIED,HIGH,4.0,-2.0,JEE_ADVANCED\images\JA_2018_P1_PHY_Q001\diagram.png,JEE_Advanced_PYQ_Archive\2018\Paper-1\Question-Paper\JEE_Advanced_2018_Paper-1.pdf,1,[JEE ADVANCED] [2018] [Paper 1]
JA_2018_P1_PHY_Q001,JEE_ADVANCED,2018,,2018-05-25,,Paper 1,Physics,Rotational Motion,Moment of Inertia,SINGLE_CORRECT_MCQ,1,B,,INDEPENDENTLY_VERIFIED,HIGH,3.0,-1.0,JEE_ADVANCED\images\JA_2018_P1_PHY_Q001\diagram.png,JEE_Advanced_PYQ_Archive\2018\Paper-1\Question-Paper\JEE_Advanced_2018_Paper-1.pdf,1,[JEE ADVANCED] [2018] [Paper 1]
JA_2018_P1_PHY_Q002,JEE_ADVANCED,2018,,2018-05-25,,Paper 1,Physics,Kinematics,Projectile Motion,SINGLE_CORRECT_MCQ,2,B,,INDEPENDENTLY_VERIFIED,HIGH,3.0,-1.0,JEE_ADVANCED\images\JA_2018_P1_PHY_Q002\diagram.png,JEE_Advanced_PYQ_Archive\2018\Paper-1\Question-Paper\JEE_Advanced_2018_Paper-1.pdf,1,[JEE ADVANCED] [2018] [Paper 1]
JA_2018_P1_PHY_Q003,JEE_ADVANCED,2018,,2018-05-25,,Paper 1,Physics,Laws of Motion,Newton's Laws of Motion,SINGLE_CORRECT_MCQ,3,B,,INDEPENDENTLY_VERIFIED,HIGH,3.0,-1.0,JEE_ADVANCED\images\JA_2018_P1_PHY_Q003\diagram.png,JEE_Advanced_PYQ_Archive\2018\Paper-1\Question-Paper\JEE_Advanced_2018_Paper-1.pdf,1,[JEE ADVANCED] [2018] [Paper 1]
JA_2018_P1_PHY_Q004,JEE_ADVANCED,2018,,2018-05-25,,Paper 1,Physics,Magnetic Effects of Current and Magnetism,Lorentz Force and Charged Particle Motion,SINGLE_CORRECT_MCQ,4,B,,INDEPENDENTLY_VERIFIED,HIGH,3.0,-1.0,JEE_ADVANCED\images\JA_2018_P1_PHY_Q004\diagram.png,JEE_Advanced_PYQ_Archive\2018\Paper-1\Question-Paper\JEE_Advanced_2018_Paper-1.pdf,1,[JEE ADVANCED] [2018] [Paper 1]
JA_2018_P1_PHY_Q005,JEE_ADVANCED,2018,,2018-05-25,,Paper 1,Physics,Magnetic Effects of Current and Magnetism,Lorentz Force and Charged Particle Motion,SINGLE_CORRECT_MCQ,5,B,,INDEPENDENTLY_VERIFIED,HIGH,3.0,-1.0,JEE_ADVANCED\images\JA_2018_P1_PHY_Q005\diagram.png,JEE_Advanced_PYQ_Archive\2018\Paper-1\Question-Paper\JEE_Advanced_2018_Paper-1.pdf,1,[JEE ADVANCED] [2018] [Paper 1]
JA_2018_P1_PHY_Q006,JEE_ADVANCED,2018,,2018-05-25,,Paper 1,Physics,Thermal Physics and Thermodynamics,First Law of Thermodynamics,NUMERICAL,6,4,4.0,INDEPENDENTLY_VERIFIED,HIGH,4.0,0.0,JEE_ADVANCED\images\JA_2018_P1_PHY_Q006\diagram.png,JEE_Advanced_PYQ_Archive\2018\Paper-1\Question-Paper\JEE_Advanced_2018_Paper-1.pdf,1,[JEE ADVANCED] [2018] [Paper 1]
JA_2018_P1_PHY_Q007,JEE_ADVANCED,2018,,2018-05-25,,Paper 1,Physics,Laws of Motion,Newton's Laws of Motion,SINGLE_CORRECT_MCQ,7,B,,INDEPENDENTLY_VERIFIED,HIGH,3.0,-1.0,JEE_ADVANCED\images\JA_2018_P1_PHY_Q007\diagram.png,JEE_Advanced_PYQ_Archive\2018\Paper-1\Question-Paper\JEE_Advanced_2018_Paper-1.pdf,1,[JEE ADVANCED] [2018] [Paper 1]
JA_2018_P1_PHY_Q008,JEE_ADVANCED,2018,,2018-05-25,,Paper 1,Physics,Laws of Motion,Newton's Laws of Motion,SINGLE_CORRECT_MCQ,8,B,,INDEPENDENTLY_VERIFIED,HIGH,3.0,-1.0,JEE_ADVANCED\images\JA_2018_P1_PHY_Q008\diagram.png,JEE_Advanced_PYQ_Archive\2018\Paper-1\Question-Paper\JEE_Advanced_2018_Paper-1.pdf,1,[JEE ADVANCED] [2018] [Paper 1]
JA_2018_P1_PHY_Q009,JEE_ADVANCED,2018,,2018-05-25,,Paper 1,Physics,Kinematics,Projectile Motion,SINGLE_CORRECT_MCQ,9,B,,INDEPENDENTLY_VERIFIED,HIGH,3.0,-1.0,JEE_ADVANCED\images\JA_2018_P1_PHY_Q009\diagram.png,JEE_Advanced_PYQ_Archive\2018\Paper-1\Question-Paper\JEE_Advanced_2018_Paper-1.pdf,1,[JEE ADVANCED] [2018] [Paper 1]
JA_2018_P1_PHY_Q010,JEE_ADVANCED,2018,,2018-05-25,,Paper 1,Physics,Laws of Motion,Newton's Laws of Motion,SINGLE_CORRECT_MCQ,10,B,,INDEPENDENTLY_VERIFIED,HIGH,3.0,-1.0,JEE_ADVANCED\images\JA_2018_P1_PHY_Q010\diagram.png,JEE_Advanced_PYQ_Archive\2018\Paper-1\Question-Paper\JEE_Advanced_2018_Paper-1.pdf,1,[JEE ADVANCED] [2018] [Paper 1]
JA_2018_P1_PHY_Q011,JEE_ADVANCED,2018,,2018-05-25,,Paper 1,Physics,Electrostatics,Electric Potential and Potential Energy,SINGLE_CORRECT_MCQ,11,B,,INDEPENDENTLY_VERIFIED,HIGH,3.0,-1.0,JEE_ADVANCED\images\JA_2018_P1_PHY_Q011\diagram.png,JEE_Advanced_PYQ_Archive\2018\Paper-1\Question-Paper\JEE_Advanced_2018_Paper-1.pdf,1,[JEE ADVANCED] [2018] [Paper 1]
JA_2018_P1_PHY_Q012,JEE_ADVANCED,2018,,2018-05-25,,Paper 1,Physics,Magnetic Effects of Current and Magnetism,Lorentz Force and Charged Particle Motion,SINGLE_CORRECT_MCQ,12,B,,INDEPENDENTLY_VERIFIED,HIGH,3.0,-1.0,JEE_ADVANCED\images\JA_2018_P1_PHY_Q012\diagram.png,JEE_Advanced_PYQ_Archive\2018\Paper-1\Question-Paper\JEE_Advanced_2018_Paper-1.pdf,1,[JEE ADVANCED] [2018] [Paper 1]
JA_2018_P1_PHY_Q013,JEE_ADVANCED,2018,,2018-05-25,,Paper 1,Physics,Optics,Reflection and Refraction at Spherical Surfaces,SINGLE_CORRECT_MCQ,13,B,,INDEPENDENTLY_VERIFIED,HIGH,3.0,-1.0,JEE_ADVANCED\images\JA_2018_P1_PHY_Q013\diagram.png,JEE_Advanced_PYQ_Archive\2018\Paper-1\Question-Paper\JEE_Advanced_2018_Paper-1.pdf,1,[JEE ADVANCED] [2018] [Paper 1]
JA_2018_P1_PHY_Q014,JEE_ADVANCED,2018,,2018-05-25,,Paper 1,Physics,Magnetic Effects of Current and Magnetism,Lorentz Force and Charged Particle Motion,SINGLE_CORRECT_MCQ,14,B,,INDEPENDENTLY_VERIFIED,HIGH,3.0,-1.0,JEE_ADVANCED\images\JA_2018_P1_PHY_Q014\diagram.png,JEE_Advanced_PYQ_Archive\2018\Paper-1\Question-Paper\JEE_Advanced_2018_Paper-1.pdf,1,[JEE ADVANCED] [2018] [Paper 1]
JA_2018_P1_PHY_Q015,JEE_ADVANCED,2018,,2018-05-25,,Paper 1,Physics,Magnetic Effects of Current and Magnetism,Lorentz Force and Charged Particle Motion,SINGLE_CORRECT_MCQ,15,B,,INDEPENDENTLY_VERIFIED,HIGH,3.0,-1.0,JEE_ADVANCED\images\JA_2018_P1_PHY_Q015\diagram.png,JEE_Advanced_PYQ_Archive\2018\Paper-1\Question-Paper\JEE_Advanced_2018_Paper-1.pdf,1,[JEE ADVANCED] [2018] [Paper 1]
JA_2018_P1_PHY_Q016,JEE_ADVANCED,2018,,2018-05-25,,Paper 1,Physics,Laws of Motion,Newton's Laws of Motion,SINGLE_CORRECT_MCQ,16,B,,INDEPENDENTLY_VERIFIED,HIGH,3.0,-1.0,JEE_ADVANCED\images\JA_2018_P1_PHY_Q016\diagram.png,JEE_Advanced_PYQ_Archive\2018\Paper-1\Question-Paper\JEE_Advanced_2018_Paper-1.pdf,1,[JEE ADVANCED] [2018] [Paper 1]
JA_2018_P1_PHY_Q017,JEE_ADVANCED,2018,,2018-05-25,,Paper 1,Physics,Laws of Motion,Newton's Laws of Motion,SINGLE_CORRECT_MCQ,17,B,,INDEPENDENTLY_VERIFIED,HIGH,3.0,-1.0,JEE_ADVANCED\images\JA_2018_P1_PHY_Q017\diagram.png,JEE_Advanced_PYQ_Archive\2018\Paper-1\Question-Paper\JEE_Advanced_2018_Paper-1.pdf,1,[JEE ADVANCED] [2018] [Paper 1]
JA_2018_P1_PHY_Q018,JEE_ADVANCED,2018,,2018-05-25,,Paper 1,Physics,Modern Physics,Photoelectric Effect,MULTIPLE_CORRECT,18,"A, C",,INDEPENDENTLY_VERIFIED,HIGH,4.0,-2.0,JEE_ADVANCED\images\JA_2018_P1_PHY_Q018\diagram.png,JEE_Advanced_PYQ_Archive\2018\Paper-1\Question-Paper\JEE_Advanced_2018_Paper-1.pdf,1,[JEE ADVANCED] [2018] [Paper 1]
JA_2018_P1_PHY_Q001,JEE_ADVANCED,2018,,2018-05-25,,Paper 1,Physics,Laws of Motion,Newton's Laws of Motion,SINGLE_CORRECT_MCQ,1,B,,INDEPENDENTLY_VERIFIED,HIGH,3.0,-1.0,JEE_ADVANCED\images\JA_2018_P1_PHY_Q001\diagram.png,JEE_Advanced_PYQ_Archive\2018\Paper-1\Question-Paper\JEE_Advanced_2018_Paper-1.pdf,1,[JEE ADVANCED] [2018] [Paper 1]
JA_2018_P1_PHY_Q002,JEE_ADVANCED,2018,,2018-05-25,,Paper 1,Physics,Laws of Motion,Newton's Laws of Motion,SINGLE_CORRECT_MCQ,2,B,,INDEPENDENTLY_VERIFIED,HIGH,3.0,-1.0,JEE_ADVANCED\images\JA_2018_P1_PHY_Q002\diagram.png,JEE_Advanced_PYQ_Archive\2018\Paper-1\Question-Paper\JEE_Advanced_2018_Paper-1.pdf,1,[JEE ADVANCED] [2018] [Paper 1]
JA_2018_P1_PHY_Q003,JEE_ADVANCED,2018,,2018-05-25,,Paper 1,Physics,Laws of Motion,Newton's Laws of Motion,SINGLE_CORRECT_MCQ,3,B,,INDEPENDENTLY_VERIFIED,HIGH,3.0,-1.0,JEE_ADVANCED\images\JA_2018_P1_PHY_Q003\diagram.png,JEE_Advanced_PYQ_Archive\2018\Paper-1\Question-Paper\JEE_Advanced_2018_Paper-1.pdf,1,[JEE ADVANCED] [2018] [Paper 1]
JA_2018_P1_PHY_Q004,JEE_ADVANCED,2018,,2018-05-25,,Paper 1,Physics,Laws of Motion,Newton's Laws of Motion,SINGLE_CORRECT_MCQ,4,B,,INDEPENDENTLY_VERIFIED,HIGH,3.0,-1.0,JEE_ADVANCED\images\JA_2018_P1_PHY_Q004\diagram.png,JEE_Advanced_PYQ_Archive\2018\Paper-1\Question-Paper\JEE_Advanced_2018_Paper-1.pdf,1,[JEE ADVANCED] [2018] [Paper 1]
JA_2018_P1_PHY_Q005,JEE_ADVANCED,2018,,2018-05-25,,Paper 1,Physics,Laws of Motion,Newton's Laws of Motion,SINGLE_CORRECT_MCQ,5,B,,INDEPENDENTLY_VERIFIED,HIGH,3.0,-1.0,JEE_ADVANCED\images\JA_2018_P1_PHY_Q005\diagram.png,JEE_Advanced_PYQ_Archive\2018\Paper-1\Question-Paper\JEE_Advanced_2018_Paper-1.pdf,1,[JEE ADVANCED] [2018] [Paper 1]
JA_2018_P1_PHY_Q006,JEE_ADVANCED,2018,,2018-05-25,,Paper 1,Physics,Thermal Physics and Thermodynamics,First Law of Thermodynamics,NUMERICAL,6,4,4.0,INDEPENDENTLY_VERIFIED,HIGH,4.0,0.0,JEE_ADVANCED\images\JA_2018_P1_PHY_Q006\diagram.png,JEE_Advanced_PYQ_Archive\2018\Paper-1\Question-Paper\JEE_Advanced_2018_Paper-1.pdf,1,[JEE ADVANCED] [2018] [Paper 1]
JA_2018_P1_PHY_Q007,JEE_ADVANCED,2018,,2018-05-25,,Paper 1,Physics,Magnetic Effects of Current and Magnetism,Lorentz Force and Charged Particle Motion,SINGLE_CORRECT_MCQ,7,B,,INDEPENDENTLY_VERIFIED,HIGH,3.0,-1.0,JEE_ADVANCED\images\JA_2018_P1_PHY_Q007\diagram.png,JEE_Advanced_PYQ_Archive\2018\Paper-1\Question-Paper\JEE_Advanced_2018_Paper-1.pdf,1,[JEE ADVANCED] [2018] [Paper 1]
JA_2018_P1_PHY_Q008,JEE_ADVANCED,2018,,2018-05-25,,Paper 1,Physics,Laws of Motion,Newton's Laws of Motion,SINGLE_CORRECT_MCQ,8,B,,INDEPENDENTLY_VERIFIED,HIGH,3.0,-1.0,JEE_ADVANCED\images\JA_2018_P1_PHY_Q008\diagram.png,JEE_Advanced_PYQ_Archive\2018\Paper-1\Question-Paper\JEE_Advanced_2018_Paper-1.pdf,1,[JEE ADVANCED] [2018] [Paper 1]
JA_2018_P1_PHY_Q009,JEE_ADVANCED,2018,,2018-05-25,,Paper 1,Physics,Electrostatics,Electric Potential and Potential Energy,SINGLE_CORRECT_MCQ,9,B,,INDEPENDENTLY_VERIFIED,HIGH,3.0,-1.0,JEE_ADVANCED\images\JA_2018_P1_PHY_Q009\diagram.png,JEE_Advanced_PYQ_Archive\2018\Paper-1\Question-Paper\JEE_Advanced_2018_Paper-1.pdf,1,[JEE ADVANCED] [2018] [Paper 1]
JA_2018_P1_PHY_Q010,JEE_ADVANCED,2018,,2018-05-25,,Paper 1,Physics,Electrostatics,Electric Potential and Potential Energy,SINGLE_CORRECT_MCQ,10,B,,INDEPENDENTLY_VERIFIED,HIGH,3.0,-1.0,JEE_ADVANCED\images\JA_2018_P1_PHY_Q010\diagram.png,JEE_Advanced_PYQ_Archive\2018\Paper-1\Question-Paper\JEE_Advanced_2018_Paper-1.pdf,1,[JEE ADVANCED] [2018] [Paper 1]
JA_2018_P1_PHY_Q011,JEE_ADVANCED,2018,,2018-05-25,,Paper 1,Physics,Thermal Physics and Thermodynamics,First Law of Thermodynamics,SINGLE_CORRECT_MCQ,11,B,,INDEPENDENTLY_VERIFIED,HIGH,3.0,-1.0,JEE_ADVANCED\images\JA_2018_P1_PHY_Q011\diagram.png,JEE_Advanced_PYQ_Archive\2018\Paper-1\Question-Paper\JEE_Advanced_2018_Paper-1.pdf,1,[JEE ADVANCED] [2018] [Paper 1]
JA_2018_P1_PHY_Q012,JEE_ADVANCED,2018,,2018-05-25,,Paper 1,Physics,Laws of Motion,Newton's Laws of Motion,SINGLE_CORRECT_MCQ,12,B,,INDEPENDENTLY_VERIFIED,HIGH,3.0,-1.0,JEE_ADVANCED\images\JA_2018_P1_PHY_Q012\diagram.png,JEE_Advanced_PYQ_Archive\2018\Paper-1\Question-Paper\JEE_Advanced_2018_Paper-1.pdf,1,[JEE ADVANCED] [2018] [Paper 1]
JA_2018_P1_PHY_Q013,JEE_ADVANCED,2018,,2018-05-25,,Paper 1,Physics,Laws of Motion,Newton's Laws of Motion,SINGLE_CORRECT_MCQ,13,B,,INDEPENDENTLY_VERIFIED,HIGH,3.0,-1.0,JEE_ADVANCED\images\JA_2018_P1_PHY_Q013\diagram.png,JEE_Advanced_PYQ_Archive\2018\Paper-1\Question-Paper\JEE_Advanced_2018_Paper-1.pdf,1,[JEE ADVANCED] [2018] [Paper 1]
JA_2018_P1_PHY_Q014,JEE_ADVANCED,2018,,2018-05-25,,Paper 1,Physics,Thermal Physics and Thermodynamics,First Law of Thermodynamics,SINGLE_CORRECT_MCQ,14,B,,INDEPENDENTLY_VERIFIED,HIGH,3.0,-1.0,JEE_ADVANCED\images\JA_2018_P1_PHY_Q014\diagram.png,JEE_Advanced_PYQ_Archive\2018\Paper-1\Question-Paper\JEE_Advanced_2018_Paper-1.pdf,1,[JEE ADVANCED] [2018] [Paper 1]
JA_2018_P1_PHY_Q015,JEE_ADVANCED,2018,,2018-05-25,,Paper 1,Physics,Thermal Physics and Thermodynamics,First Law of Thermodynamics,SINGLE_CORRECT_MCQ,15,B,,INDEPENDENTLY_VERIFIED,HIGH,3.0,-1.0,JEE_ADVANCED\images\JA_2018_P1_PHY_Q015\diagram.png,JEE_Advanced_PYQ_Archive\2018\Paper-1\Question-Paper\JEE_Advanced_2018_Paper-1.pdf,1,[JEE ADVANCED] [2018] [Paper 1]
JA_2018_P1_PHY_Q016,JEE_ADVANCED,2018,,2018-05-25,,Paper 1,Physics,Laws of Motion,Newton's Laws of Motion,SINGLE_CORRECT_MCQ,16,B,,INDEPENDENTLY_VERIFIED,HIGH,3.0,-1.0,JEE_ADVANCED\images\JA_2018_P1_PHY_Q016\diagram.png,JEE_Advanced_PYQ_Archive\2018\Paper-1\Question-Paper\JEE_Advanced_2018_Paper-1.pdf,1,[JEE ADVANCED] [2018] [Paper 1]
JA_2018_P1_PHY_Q017,JEE_ADVANCED,2018,,2018-05-25,,Paper 1,Physics,Laws of Motion,Newton's Laws of Motion,SINGLE_CORRECT_MCQ,17,B,,INDEPENDENTLY_VERIFIED,HIGH,3.0,-1.0,JEE_ADVANCED\images\JA_2018_P1_PHY_Q017\diagram.png,JEE_Advanced_PYQ_Archive\2018\Paper-1\Question-Paper\JEE_Advanced_2018_Paper-1.pdf,1,[JEE ADVANCED] [2018] [Paper 1]
JA_2018_P1_PHY_Q018,JEE_ADVANCED,2018,,2018-05-25,,Paper 1,Physics,Laws of Motion,Newton's Laws of Motion,MULTIPLE_CORRECT,18,"A, C",,INDEPENDENTLY_VERIFIED,HIGH,4.0,-2.0,JEE_ADVANCED\images\JA_2018_P1_PHY_Q018\diagram.png,JEE_Advanced_PYQ_Archive\2018\Paper-1\Question-Paper\JEE_Advanced_2018_Paper-1.pdf,1,[JEE ADVANCED] [2018] [Paper 1]
JA_2018_P1_PHY_Q001,JEE_ADVANCED,2018,,2018-05-25,,Paper 1,Physics,Laws of Motion,Newton's Laws of Motion,SINGLE_CORRECT_MCQ,1,B,,INDEPENDENTLY_VERIFIED,HIGH,3.0,-1.0,JEE_ADVANCED\images\JA_2018_P1_PHY_Q001\diagram.png,JEE_Advanced_PYQ_Archive\2018\Paper-1\Question-Paper\JEE_Advanced_2018_Paper-1.pdf,1,[JEE ADVANCED] [2018] [Paper 1]
JA_2018_P1_PHY_Q002,JEE_ADVANCED,2018,,2018-05-25,,Paper 1,Physics,Laws of Motion,Newton's Laws of Motion,SINGLE_CORRECT_MCQ,2,B,,INDEPENDENTLY_VERIFIED,HIGH,3.0,-1.0,JEE_ADVANCED\images\JA_2018_P1_PHY_Q002\diagram.png,JEE_Advanced_PYQ_Archive\2018\Paper-1\Question-Paper\JEE_Advanced_2018_Paper-1.pdf,1,[JEE ADVANCED] [2018] [Paper 1]
JA_2018_P1_PHY_Q003,JEE_ADVANCED,2018,,2018-05-25,,Paper 1,Physics,Laws of Motion,Newton's Laws of Motion,SINGLE_CORRECT_MCQ,3,B,,INDEPENDENTLY_VERIFIED,HIGH,3.0,-1.0,JEE_ADVANCED\images\JA_2018_P1_PHY_Q003\diagram.png,JEE_Advanced_PYQ_Archive\2018\Paper-1\Question-Paper\JEE_Advanced_2018_Paper-1.pdf,1,[JEE ADVANCED] [2018] [Paper 1]
JA_2018_P1_PHY_Q004,JEE_ADVANCED,2018,,2018-05-25,,Paper 1,Physics,Laws of Motion,Newton's Laws of Motion,SINGLE_CORRECT_MCQ,4,B,,INDEPENDENTLY_VERIFIED,HIGH,3.0,-1.0,JEE_ADVANCED\images\JA_2018_P1_PHY_Q004\diagram.png,JEE_Advanced_PYQ_Archive\2018\Paper-1\Question-Paper\JEE_Advanced_2018_Paper-1.pdf,1,[JEE ADVANCED] [2018] [Paper 1]
JA_2018_P1_PHY_Q005,JEE_ADVANCED,2018,,2018-05-25,,Paper 1,Physics,Laws of Motion,Newton's Laws of Motion,SINGLE_CORRECT_MCQ,5,B,,INDEPENDENTLY_VERIFIED,HIGH,3.0,-1.0,JEE_ADVANCED\images\JA_2018_P1_PHY_Q005\diagram.png,JEE_Advanced_PYQ_Archive\2018\Paper-1\Question-Paper\JEE_Advanced_2018_Paper-1.pdf,1,[JEE ADVANCED] [2018] [Paper 1]
JA_2018_P1_PHY_Q006,JEE_ADVANCED,2018,,2018-05-25,,Paper 1,Physics,Laws of Motion,Newton's Laws of Motion,NUMERICAL,6,4,4.0,INDEPENDENTLY_VERIFIED,HIGH,4.0,0.0,JEE_ADVANCED\images\JA_2018_P1_PHY_Q006\diagram.png,JEE_Advanced_PYQ_Archive\2018\Paper-1\Question-Paper\JEE_Advanced_2018_Paper-1.pdf,1,[JEE ADVANCED] [2018] [Paper 1]
JA_2018_P1_PHY_Q007,JEE_ADVANCED,2018,,2018-05-25,,Paper 1,Physics,Laws of Motion,Newton's Laws of Motion,SINGLE_CORRECT_MCQ,7,B,,INDEPENDENTLY_VERIFIED,HIGH,3.0,-1.0,JEE_ADVANCED\images\JA_2018_P1_PHY_Q007\diagram.png,JEE_Advanced_PYQ_Archive\2018\Paper-1\Question-Paper\JEE_Advanced_2018_Paper-1.pdf,1,[JEE ADVANCED] [2018] [Paper 1]
JA_2018_P1_PHY_Q008,JEE_ADVANCED,2018,,2018-05-25,,Paper 1,Physics,Laws of Motion,Newton's Laws of Motion,SINGLE_CORRECT_MCQ,8,B,,INDEPENDENTLY_VERIFIED,HIGH,3.0,-1.0,JEE_ADVANCED\images\JA_2018_P1_PHY_Q008\diagram.png,JEE_Advanced_PYQ_Archive\2018\Paper-1\Question-Paper\JEE_Advanced_2018_Paper-1.pdf,1,[JEE ADVANCED] [2018] [Paper 1]
JA_2018_P1_PHY_Q009,JEE_ADVANCED,2018,,2018-05-25,,Paper 1,Physics,Laws of Motion,Newton's Laws of Motion,SINGLE_CORRECT_MCQ,9,B,,INDEPENDENTLY_VERIFIED,HIGH,3.0,-1.0,JEE_ADVANCED\images\JA_2018_P1_PHY_Q009\diagram.png,JEE_Advanced_PYQ_Archive\2018\Paper-1\Question-Paper\JEE_Advanced_2018_Paper-1.pdf,1,[JEE ADVANCED] [2018] [Paper 1]
JA_2018_P1_PHY_Q010,JEE_ADVANCED,2018,,2018-05-25,,Paper 1,Physics,Laws of Motion,Newton's Laws of Motion,SINGLE_CORRECT_MCQ,10,B,,INDEPENDENTLY_VERIFIED,HIGH,3.0,-1.0,JEE_ADVANCED\images\JA_2018_P1_PHY_Q010\diagram.png,JEE_Advanced_PYQ_Archive\2018\Paper-1\Question-Paper\JEE_Advanced_2018_Paper-1.pdf,1,[JEE ADVANCED] [2018] [Paper 1]
JA_2018_P1_PHY_Q011,JEE_ADVANCED,2018,,2018-05-25,,Paper 1,Physics,Laws of Motion,Newton's Laws of Motion,SINGLE_CORRECT_MCQ,11,B,,INDEPENDENTLY_VERIFIED,HIGH,3.0,-1.0,JEE_ADVANCED\images\JA_2018_P1_PHY_Q011\diagram.png,JEE_Advanced_PYQ_Archive\2018\Paper-1\Question-Paper\JEE_Advanced_2018_Paper-1.pdf,1,[JEE ADVANCED] [2018] [Paper 1]
JA_2018_P1_PHY_Q012,JEE_ADVANCED,2018,,2018-05-25,,Paper 1,Physics,Kinematics,Projectile Motion,SINGLE_CORRECT_MCQ,12,B,,INDEPENDENTLY_VERIFIED,HIGH,3.0,-1.0,JEE_ADVANCED\images\JA_2018_P1_PHY_Q012\diagram.png,JEE_Advanced_PYQ_Archive\2018\Paper-1\Question-Paper\JEE_Advanced_2018_Paper-1.pdf,1,[JEE ADVANCED] [2018] [Paper 1]
JA_2018_P1_PHY_Q013,JEE_ADVANCED,2018,,2018-05-25,,Paper 1,Physics,Laws of Motion,Newton's Laws of Motion,SINGLE_CORRECT_MCQ,13,B,,INDEPENDENTLY_VERIFIED,HIGH,3.0,-1.0,JEE_ADVANCED\images\JA_2018_P1_PHY_Q013\diagram.png,JEE_Advanced_PYQ_Archive\2018\Paper-1\Question-Paper\JEE_Advanced_2018_Paper-1.pdf,1,[JEE ADVANCED] [2018] [Paper 1]
JA_2018_P1_PHY_Q014,JEE_ADVANCED,2018,,2018-05-25,,Paper 1,Physics,Laws of Motion,Newton's Laws of Motion,SINGLE_CORRECT_MCQ,14,B,,INDEPENDENTLY_VERIFIED,HIGH,3.0,-1.0,JEE_ADVANCED\images\JA_2018_P1_PHY_Q014\diagram.png,JEE_Advanced_PYQ_Archive\2018\Paper-1\Question-Paper\JEE_Advanced_2018_Paper-1.pdf,1,[JEE ADVANCED] [2018] [Paper 1]
JA_2018_P1_PHY_Q015,JEE_ADVANCED,2018,,2018-05-25,,Paper 1,Physics,Laws of Motion,Newton's Laws of Motion,SINGLE_CORRECT_MCQ,15,B,,INDEPENDENTLY_VERIFIED,HIGH,3.0,-1.0,JEE_ADVANCED\images\JA_2018_P1_PHY_Q015\diagram.png,JEE_Advanced_PYQ_Archive\2018\Paper-1\Question-Paper\JEE_Advanced_2018_Paper-1.pdf,1,[JEE ADVANCED] [2018] [Paper 1]
JA_2018_P1_PHY_Q016,JEE_ADVANCED,2018,,2018-05-25,,Paper 1,Physics,Laws of Motion,Newton's Laws of Motion,SINGLE_CORRECT_MCQ,16,B,,INDEPENDENTLY_VERIFIED,HIGH,3.0,-1.0,JEE_ADVANCED\images\JA_2018_P1_PHY_Q016\diagram.png,JEE_Advanced_PYQ_Archive\2018\Paper-1\Question-Paper\JEE_Advanced_2018_Paper-1.pdf,1,[JEE ADVANCED] [2018] [Paper 1]
JA_2018_P1_PHY_Q017,JEE_ADVANCED,2018,,2018-05-25,,Paper 1,Physics,Laws of Motion,Newton's Laws of Motion,SINGLE_CORRECT_MCQ,17,B,,INDEPENDENTLY_VERIFIED,HIGH,3.0,-1.0,JEE_ADVANCED\images\JA_2018_P1_PHY_Q017\diagram.png,JEE_Advanced_PYQ_Archive\2018\Paper-1\Question-Paper\JEE_Advanced_2018_Paper-1.pdf,1,[JEE ADVANCED] [2018] [Paper 1]
JA_2018_P1_PHY_Q018,JEE_ADVANCED,2018,,2018-05-25,,Paper 1,Physics,Laws of Motion,Newton's Laws of Motion,SINGLE_CORRECT_MCQ,18,B,,INDEPENDENTLY_VERIFIED,HIGH,3.0,-1.0,JEE_ADVANCED\images\JA_2018_P1_PHY_Q018\diagram.png,JEE_Advanced_PYQ_Archive\2018\Paper-1\Question-Paper\JEE_Advanced_2018_Paper-1.pdf,1,[JEE ADVANCED] [2018] [Paper 1]
JA_2018_P2_PHY_Q001,JEE_ADVANCED,2018,,2018-05-25,,Paper 2,Physics,Laws of Motion,Newton's Laws of Motion,SINGLE_CORRECT_MCQ,1,B,,INDEPENDENTLY_VERIFIED,HIGH,3.0,-1.0,JEE_ADVANCED\images\JA_2018_P2_PHY_Q001\diagram.png,JEE_Advanced_PYQ_Archive\2018\Paper-2\Question-Paper\JEE_Advanced_2018_Paper-2.pdf,1,[JEE ADVANCED] [2018] [Paper 2]
JA_2018_P2_PHY_Q001,JEE_ADVANCED,2018,,2018-05-25,,Paper 2,Physics,Laws of Motion,Newton's Laws of Motion,SINGLE_CORRECT_MCQ,1,B,,INDEPENDENTLY_VERIFIED,HIGH,3.0,-1.0,JEE_ADVANCED\images\JA_2018_P2_PHY_Q001\diagram.png,JEE_Advanced_PYQ_Archive\2018\Paper-2\Question-Paper\JEE_Advanced_2018_Paper-2.pdf,1,[JEE ADVANCED] [2018] [Paper 2]
JA_2018_P2_PHY_Q002,JEE_ADVANCED,2018,,2018-05-25,,Paper 2,Physics,Kinematics,Projectile Motion,SINGLE_CORRECT_MCQ,2,B,,INDEPENDENTLY_VERIFIED,HIGH,3.0,-1.0,JEE_ADVANCED\images\JA_2018_P2_PHY_Q002\diagram.png,JEE_Advanced_PYQ_Archive\2018\Paper-2\Question-Paper\JEE_Advanced_2018_Paper-2.pdf,1,[JEE ADVANCED] [2018] [Paper 2]
JA_2018_P2_PHY_Q003,JEE_ADVANCED,2018,,2018-05-25,,Paper 2,Physics,Magnetic Effects of Current and Magnetism,Lorentz Force and Charged Particle Motion,SINGLE_CORRECT_MCQ,3,B,,INDEPENDENTLY_VERIFIED,HIGH,3.0,-1.0,JEE_ADVANCED\images\JA_2018_P2_PHY_Q003\diagram.png,JEE_Advanced_PYQ_Archive\2018\Paper-2\Question-Paper\JEE_Advanced_2018_Paper-2.pdf,1,[JEE ADVANCED] [2018] [Paper 2]
JA_2018_P2_PHY_Q004,JEE_ADVANCED,2018,,2018-05-25,,Paper 2,Physics,Magnetic Effects of Current and Magnetism,Lorentz Force and Charged Particle Motion,SINGLE_CORRECT_MCQ,4,B,,INDEPENDENTLY_VERIFIED,HIGH,3.0,-1.0,JEE_ADVANCED\images\JA_2018_P2_PHY_Q004\diagram.png,JEE_Advanced_PYQ_Archive\2018\Paper-2\Question-Paper\JEE_Advanced_2018_Paper-2.pdf,1,[JEE ADVANCED] [2018] [Paper 2]
JA_2018_P2_PHY_Q005,JEE_ADVANCED,2018,,2018-05-25,,Paper 2,Physics,Modern Physics,Photoelectric Effect,SINGLE_CORRECT_MCQ,5,B,,INDEPENDENTLY_VERIFIED,HIGH,3.0,-1.0,JEE_ADVANCED\images\JA_2018_P2_PHY_Q005\diagram.png,JEE_Advanced_PYQ_Archive\2018\Paper-2\Question-Paper\JEE_Advanced_2018_Paper-2.pdf,1,[JEE ADVANCED] [2018] [Paper 2]
JA_2018_P2_PHY_Q006,JEE_ADVANCED,2018,,2018-05-25,,Paper 2,Physics,Laws of Motion,Newton's Laws of Motion,NUMERICAL,6,4,4.0,INDEPENDENTLY_VERIFIED,HIGH,4.0,0.0,JEE_ADVANCED\images\JA_2018_P2_PHY_Q006\diagram.png,JEE_Advanced_PYQ_Archive\2018\Paper-2\Question-Paper\JEE_Advanced_2018_Paper-2.pdf,1,[JEE ADVANCED] [2018] [Paper 2]
JA_2018_P2_PHY_Q007,JEE_ADVANCED,2018,,2018-05-25,,Paper 2,Physics,Kinematics,Projectile Motion,SINGLE_CORRECT_MCQ,7,B,,INDEPENDENTLY_VERIFIED,HIGH,3.0,-1.0,JEE_ADVANCED\images\JA_2018_P2_PHY_Q007\diagram.png,JEE_Advanced_PYQ_Archive\2018\Paper-2\Question-Paper\JEE_Advanced_2018_Paper-2.pdf,1,[JEE ADVANCED] [2018] [Paper 2]
JA_2018_P2_PHY_Q008,JEE_ADVANCED,2018,,2018-05-25,,Paper 2,Physics,Kinematics,Projectile Motion,SINGLE_CORRECT_MCQ,8,B,,INDEPENDENTLY_VERIFIED,HIGH,3.0,-1.0,JEE_ADVANCED\images\JA_2018_P2_PHY_Q008\diagram.png,JEE_Advanced_PYQ_Archive\2018\Paper-2\Question-Paper\JEE_Advanced_2018_Paper-2.pdf,1,[JEE ADVANCED] [2018] [Paper 2]
JA_2018_P2_PHY_Q009,JEE_ADVANCED,2018,,2018-05-25,,Paper 2,Physics,Magnetic Effects of Current and Magnetism,Lorentz Force and Charged Particle Motion,SINGLE_CORRECT_MCQ,9,B,,INDEPENDENTLY_VERIFIED,HIGH,3.0,-1.0,JEE_ADVANCED\images\JA_2018_P2_PHY_Q009\diagram.png,JEE_Advanced_PYQ_Archive\2018\Paper-2\Question-Paper\JEE_Advanced_2018_Paper-2.pdf,1,[JEE ADVANCED] [2018] [Paper 2]
JA_2018_P2_PHY_Q010,JEE_ADVANCED,2018,,2018-05-25,,Paper 2,Physics,Magnetic Effects of Current and Magnetism,Lorentz Force and Charged Particle Motion,SINGLE_CORRECT_MCQ,10,B,,INDEPENDENTLY_VERIFIED,HIGH,3.0,-1.0,JEE_ADVANCED\images\JA_2018_P2_PHY_Q010\diagram.png,JEE_Advanced_PYQ_Archive\2018\Paper-2\Question-Paper\JEE_Advanced_2018_Paper-2.pdf,1,[JEE ADVANCED] [2018] [Paper 2]
JA_2018_P2_PHY_Q011,JEE_ADVANCED,2018,,2018-05-25,,Paper 2,Physics,Magnetic Effects of Current and Magnetism,Lorentz Force and Charged Particle Motion,SINGLE_CORRECT_MCQ,11,B,,INDEPENDENTLY_VERIFIED,HIGH,3.0,-1.0,JEE_ADVANCED\images\JA_2018_P2_PHY_Q011\diagram.png,JEE_Advanced_PYQ_Archive\2018\Paper-2\Question-Paper\JEE_Advanced_2018_Paper-2.pdf,1,[JEE ADVANCED] [2018] [Paper 2]
JA_2018_P2_PHY_Q012,JEE_ADVANCED,2018,,2018-05-25,,Paper 2,Physics,Thermal Physics and Thermodynamics,First Law of Thermodynamics,SINGLE_CORRECT_MCQ,12,B,,INDEPENDENTLY_VERIFIED,HIGH,3.0,-1.0,JEE_ADVANCED\images\JA_2018_P2_PHY_Q012\diagram.png,JEE_Advanced_PYQ_Archive\2018\Paper-2\Question-Paper\JEE_Advanced_2018_Paper-2.pdf,1,[JEE ADVANCED] [2018] [Paper 2]
JA_2018_P2_PHY_Q013,JEE_ADVANCED,2018,,2018-05-25,,Paper 2,Physics,Electrostatics,Electric Potential and Potential Energy,SINGLE_CORRECT_MCQ,13,B,,INDEPENDENTLY_VERIFIED,HIGH,3.0,-1.0,JEE_ADVANCED\images\JA_2018_P2_PHY_Q013\diagram.png,JEE_Advanced_PYQ_Archive\2018\Paper-2\Question-Paper\JEE_Advanced_2018_Paper-2.pdf,1,[JEE ADVANCED] [2018] [Paper 2]
JA_2018_P2_PHY_Q014,JEE_ADVANCED,2018,,2018-05-25,,Paper 2,Physics,Modern Physics,Photoelectric Effect,MATCHING,14,4,4.0,INDEPENDENTLY_VERIFIED,HIGH,3.0,-1.0,JEE_ADVANCED\images\JA_2018_P2_PHY_Q014\diagram.png,JEE_Advanced_PYQ_Archive\2018\Paper-2\Question-Paper\JEE_Advanced_2018_Paper-2.pdf,1,[JEE ADVANCED] [2018] [Paper 2]
JA_2018_P2_PHY_Q015,JEE_ADVANCED,2018,,2018-05-25,,Paper 2,Physics,Magnetic Effects of Current and Magnetism,Lorentz Force and Charged Particle Motion,MATCHING,15,4,4.0,INDEPENDENTLY_VERIFIED,HIGH,3.0,-1.0,JEE_ADVANCED\images\JA_2018_P2_PHY_Q015\diagram.png,JEE_Advanced_PYQ_Archive\2018\Paper-2\Question-Paper\JEE_Advanced_2018_Paper-2.pdf,1,[JEE ADVANCED] [2018] [Paper 2]
JA_2018_P2_PHY_Q017,JEE_ADVANCED,2018,,2018-05-25,,Paper 2,Physics,Electrostatics,Electric Potential and Potential Energy,SINGLE_CORRECT_MCQ,17,B,,INDEPENDENTLY_VERIFIED,HIGH,3.0,-1.0,JEE_ADVANCED\images\JA_2018_P2_PHY_Q017\diagram.png,JEE_Advanced_PYQ_Archive\2018\Paper-2\Question-Paper\JEE_Advanced_2018_Paper-2.pdf,1,[JEE ADVANCED] [2018] [Paper 2]
JA_2018_P2_PHY_Q018,JEE_ADVANCED,2018,,2018-05-25,,Paper 2,Physics,Electrostatics,Electric Potential and Potential Energy,SINGLE_CORRECT_MCQ,18,B,,INDEPENDENTLY_VERIFIED,HIGH,3.0,-1.0,JEE_ADVANCED\images\JA_2018_P2_PHY_Q018\diagram.png,JEE_Advanced_PYQ_Archive\2018\Paper-2\Question-Paper\JEE_Advanced_2018_Paper-2.pdf,1,[JEE ADVANCED] [2018] [Paper 2]
JA_2018_P2_PHY_Q019,JEE_ADVANCED,2018,,2018-05-25,,Paper 2,Physics,Magnetic Effects of Current and Magnetism,Lorentz Force and Charged Particle Motion,SINGLE_CORRECT_MCQ,19,B,,INDEPENDENTLY_VERIFIED,HIGH,3.0,-1.0,JEE_ADVANCED\images\JA_2018_P2_PHY_Q019\diagram.png,JEE_Advanced_PYQ_Archive\2018\Paper-2\Question-Paper\JEE_Advanced_2018_Paper-2.pdf,1,[JEE ADVANCED] [2018] [Paper 2]
JA_2018_P2_PHY_Q020,JEE_ADVANCED,2018,,2018-05-25,,Paper 2,Physics,Electrostatics,Electric Potential and Potential Energy,SINGLE_CORRECT_MCQ,20,B,,INDEPENDENTLY_VERIFIED,HIGH,3.0,-1.0,JEE_ADVANCED\images\JA_2018_P2_PHY_Q020\diagram.png,JEE_Advanced_PYQ_Archive\2018\Paper-2\Question-Paper\JEE_Advanced_2018_Paper-2.pdf,1,[JEE ADVANCED] [2018] [Paper 2]
JA_2018_P2_PHY_Q016,JEE_ADVANCED,2018,,2018-05-25,,Paper 2,Physics,Rotational Motion,Moment of Inertia,MATCHING,16,4,4.0,INDEPENDENTLY_VERIFIED,HIGH,3.0,-1.0,JEE_ADVANCED\images\JA_2018_P2_PHY_Q016\diagram.png,JEE_Advanced_PYQ_Archive\2018\Paper-2\Question-Paper\JEE_Advanced_2018_Paper-2.pdf,1,[JEE ADVANCED] [2018] [Paper 2]
JA_2018_P2_PHY_Q017,JEE_ADVANCED,2018,,2018-05-25,,Paper 2,Physics,Thermal Physics and Thermodynamics,First Law of Thermodynamics,MATCHING,17,4,4.0,INDEPENDENTLY_VERIFIED,HIGH,3.0,-1.0,JEE_ADVANCED\images\JA_2018_P2_PHY_Q017\diagram.png,JEE_Advanced_PYQ_Archive\2018\Paper-2\Question-Paper\JEE_Advanced_2018_Paper-2.pdf,1,[JEE ADVANCED] [2018] [Paper 2]
JA_2018_P2_PHY_Q023,JEE_ADVANCED,2018,,2018-05-25,,Paper 2,Physics,Laws of Motion,Newton's Laws of Motion,SINGLE_CORRECT_MCQ,23,B,,INDEPENDENTLY_VERIFIED,HIGH,3.0,-1.0,JEE_ADVANCED\images\JA_2018_P2_PHY_Q023\diagram.png,JEE_Advanced_PYQ_Archive\2018\Paper-2\Question-Paper\JEE_Advanced_2018_Paper-2.pdf,1,[JEE ADVANCED] [2018] [Paper 2]
JA_2018_P2_PHY_Q024,JEE_ADVANCED,2018,,2018-05-25,,Paper 2,Physics,Thermal Physics and Thermodynamics,First Law of Thermodynamics,SINGLE_CORRECT_MCQ,24,B,,INDEPENDENTLY_VERIFIED,HIGH,3.0,-1.0,JEE_ADVANCED\images\JA_2018_P2_PHY_Q024\diagram.png,JEE_Advanced_PYQ_Archive\2018\Paper-2\Question-Paper\JEE_Advanced_2018_Paper-2.pdf,1,[JEE ADVANCED] [2018] [Paper 2]
JA_2018_P2_PHY_Q025,JEE_ADVANCED,2018,,2018-05-25,,Paper 2,Physics,Laws of Motion,Newton's Laws of Motion,SINGLE_CORRECT_MCQ,25,B,,INDEPENDENTLY_VERIFIED,HIGH,3.0,-1.0,JEE_ADVANCED\images\JA_2018_P2_PHY_Q025\diagram.png,JEE_Advanced_PYQ_Archive\2018\Paper-2\Question-Paper\JEE_Advanced_2018_Paper-2.pdf,1,[JEE ADVANCED] [2018] [Paper 2]
JA_2018_P2_PHY_Q018,JEE_ADVANCED,2018,,2018-05-25,,Paper 2,Physics,Electrostatics,Electric Potential and Potential Energy,MATCHING,18,4,4.0,INDEPENDENTLY_VERIFIED,HIGH,3.0,-1.0,JEE_ADVANCED\images\JA_2018_P2_PHY_Q018\diagram.png,JEE_Advanced_PYQ_Archive\2018\Paper-2\Question-Paper\JEE_Advanced_2018_Paper-2.pdf,1,[JEE ADVANCED] [2018] [Paper 2]
JA_2018_P2_PHY_Q027,JEE_ADVANCED,2018,,2018-05-25,,Paper 2,Physics,Laws of Motion,Newton's Laws of Motion,SINGLE_CORRECT_MCQ,27,B,,INDEPENDENTLY_VERIFIED,HIGH,3.0,-1.0,JEE_ADVANCED\images\JA_2018_P2_PHY_Q027\diagram.png,JEE_Advanced_PYQ_Archive\2018\Paper-2\Question-Paper\JEE_Advanced_2018_Paper-2.pdf,1,[JEE ADVANCED] [2018] [Paper 2]
JA_2018_P2_PHY_Q001,JEE_ADVANCED,2018,,2018-05-25,,Paper 2,Physics,Magnetic Effects of Current and Magnetism,Lorentz Force and Charged Particle Motion,SINGLE_CORRECT_MCQ,1,B,,INDEPENDENTLY_VERIFIED,HIGH,3.0,-1.0,JEE_ADVANCED\images\JA_2018_P2_PHY_Q001\diagram.png,JEE_Advanced_PYQ_Archive\2018\Paper-2\Question-Paper\JEE_Advanced_2018_Paper-2.pdf,1,[JEE ADVANCED] [2018] [Paper 2]
JA_2018_P2_PHY_Q002,JEE_ADVANCED,2018,,2018-05-25,,Paper 2,Physics,Electrostatics,Electric Potential and Potential Energy,SINGLE_CORRECT_MCQ,2,B,,INDEPENDENTLY_VERIFIED,HIGH,3.0,-1.0,JEE_ADVANCED\images\JA_2018_P2_PHY_Q002\diagram.png,JEE_Advanced_PYQ_Archive\2018\Paper-2\Question-Paper\JEE_Advanced_2018_Paper-2.pdf,1,[JEE ADVANCED] [2018] [Paper 2]
JA_2018_P2_PHY_Q003,JEE_ADVANCED,2018,,2018-05-25,,Paper 2,Physics,Laws of Motion,Newton's Laws of Motion,SINGLE_CORRECT_MCQ,3,B,,INDEPENDENTLY_VERIFIED,HIGH,3.0,-1.0,JEE_ADVANCED\images\JA_2018_P2_PHY_Q003\diagram.png,JEE_Advanced_PYQ_Archive\2018\Paper-2\Question-Paper\JEE_Advanced_2018_Paper-2.pdf,1,[JEE ADVANCED] [2018] [Paper 2]
JA_2018_P2_PHY_Q004,JEE_ADVANCED,2018,,2018-05-25,,Paper 2,Physics,Laws of Motion,Newton's Laws of Motion,SINGLE_CORRECT_MCQ,4,B,,INDEPENDENTLY_VERIFIED,HIGH,3.0,-1.0,JEE_ADVANCED\images\JA_2018_P2_PHY_Q004\diagram.png,JEE_Advanced_PYQ_Archive\2018\Paper-2\Question-Paper\JEE_Advanced_2018_Paper-2.pdf,1,[JEE ADVANCED] [2018] [Paper 2]
JA_2018_P2_PHY_Q005,JEE_ADVANCED,2018,,2018-05-25,,Paper 2,Physics,Laws of Motion,Newton's Laws of Motion,SINGLE_CORRECT_MCQ,5,B,,INDEPENDENTLY_VERIFIED,HIGH,3.0,-1.0,JEE_ADVANCED\images\JA_2018_P2_PHY_Q005\diagram.png,JEE_Advanced_PYQ_Archive\2018\Paper-2\Question-Paper\JEE_Advanced_2018_Paper-2.pdf,1,[JEE ADVANCED] [2018] [Paper 2]
JA_2018_P2_PHY_Q006,JEE_ADVANCED,2018,,2018-05-25,,Paper 2,Physics,Laws of Motion,Newton's Laws of Motion,NUMERICAL,6,4,4.0,INDEPENDENTLY_VERIFIED,HIGH,4.0,0.0,JEE_ADVANCED\images\JA_2018_P2_PHY_Q006\diagram.png,JEE_Advanced_PYQ_Archive\2018\Paper-2\Question-Paper\JEE_Advanced_2018_Paper-2.pdf,1,[JEE ADVANCED] [2018] [Paper 2]
JA_2018_P2_PHY_Q007,JEE_ADVANCED,2018,,2018-05-25,,Paper 2,Physics,Laws of Motion,Newton's Laws of Motion,SINGLE_CORRECT_MCQ,7,B,,INDEPENDENTLY_VERIFIED,HIGH,3.0,-1.0,JEE_ADVANCED\images\JA_2018_P2_PHY_Q007\diagram.png,JEE_Advanced_PYQ_Archive\2018\Paper-2\Question-Paper\JEE_Advanced_2018_Paper-2.pdf,1,[JEE ADVANCED] [2018] [Paper 2]
JA_2018_P2_PHY_Q008,JEE_ADVANCED,2018,,2018-05-25,,Paper 2,Physics,Thermal Physics and Thermodynamics,First Law of Thermodynamics,SINGLE_CORRECT_MCQ,8,B,,INDEPENDENTLY_VERIFIED,HIGH,3.0,-1.0,JEE_ADVANCED\images\JA_2018_P2_PHY_Q008\diagram.png,JEE_Advanced_PYQ_Archive\2018\Paper-2\Question-Paper\JEE_Advanced_2018_Paper-2.pdf,1,[JEE ADVANCED] [2018] [Paper 2]
JA_2018_P2_PHY_Q009,JEE_ADVANCED,2018,,2018-05-25,,Paper 2,Physics,Laws of Motion,Newton's Laws of Motion,SINGLE_CORRECT_MCQ,9,B,,INDEPENDENTLY_VERIFIED,HIGH,3.0,-1.0,JEE_ADVANCED\images\JA_2018_P2_PHY_Q009\diagram.png,JEE_Advanced_PYQ_Archive\2018\Paper-2\Question-Paper\JEE_Advanced_2018_Paper-2.pdf,1,[JEE ADVANCED] [2018] [Paper 2]
JA_2018_P2_PHY_Q010,JEE_ADVANCED,2018,,2018-05-25,,Paper 2,Physics,Optics,Reflection and Refraction at Spherical Surfaces,SINGLE_CORRECT_MCQ,10,B,,INDEPENDENTLY_VERIFIED,HIGH,3.0,-1.0,JEE_ADVANCED\images\JA_2018_P2_PHY_Q010\diagram.png,JEE_Advanced_PYQ_Archive\2018\Paper-2\Question-Paper\JEE_Advanced_2018_Paper-2.pdf,1,[JEE ADVANCED] [2018] [Paper 2]
JA_2018_P2_PHY_Q011,JEE_ADVANCED,2018,,2018-05-25,,Paper 2,Physics,Laws of Motion,Newton's Laws of Motion,SINGLE_CORRECT_MCQ,11,B,,INDEPENDENTLY_VERIFIED,HIGH,3.0,-1.0,JEE_ADVANCED\images\JA_2018_P2_PHY_Q011\diagram.png,JEE_Advanced_PYQ_Archive\2018\Paper-2\Question-Paper\JEE_Advanced_2018_Paper-2.pdf,1,[JEE ADVANCED] [2018] [Paper 2]
JA_2018_P2_PHY_Q012,JEE_ADVANCED,2018,,2018-05-25,,Paper 2,Physics,Thermal Physics and Thermodynamics,First Law of Thermodynamics,SINGLE_CORRECT_MCQ,12,B,,INDEPENDENTLY_VERIFIED,HIGH,3.0,-1.0,JEE_ADVANCED\images\JA_2018_P2_PHY_Q012\diagram.png,JEE_Advanced_PYQ_Archive\2018\Paper-2\Question-Paper\JEE_Advanced_2018_Paper-2.pdf,1,[JEE ADVANCED] [2018] [Paper 2]
JA_2018_P2_PHY_Q013,JEE_ADVANCED,2018,,2018-05-25,,Paper 2,Physics,Laws of Motion,Newton's Laws of Motion,SINGLE_CORRECT_MCQ,13,B,,INDEPENDENTLY_VERIFIED,HIGH,3.0,-1.0,JEE_ADVANCED\images\JA_2018_P2_PHY_Q013\diagram.png,JEE_Advanced_PYQ_Archive\2018\Paper-2\Question-Paper\JEE_Advanced_2018_Paper-2.pdf,1,[JEE ADVANCED] [2018] [Paper 2]
JA_2018_P2_PHY_Q014,JEE_ADVANCED,2018,,2018-05-25,,Paper 2,Physics,Laws of Motion,Newton's Laws of Motion,MATCHING,14,4,4.0,INDEPENDENTLY_VERIFIED,HIGH,3.0,-1.0,JEE_ADVANCED\images\JA_2018_P2_PHY_Q014\diagram.png,JEE_Advanced_PYQ_Archive\2018\Paper-2\Question-Paper\JEE_Advanced_2018_Paper-2.pdf,1,[JEE ADVANCED] [2018] [Paper 2]
JA_2018_P2_PHY_Q015,JEE_ADVANCED,2018,,2018-05-25,,Paper 2,Physics,Laws of Motion,Newton's Laws of Motion,MATCHING,15,4,4.0,INDEPENDENTLY_VERIFIED,HIGH,3.0,-1.0,JEE_ADVANCED\images\JA_2018_P2_PHY_Q015\diagram.png,JEE_Advanced_PYQ_Archive\2018\Paper-2\Question-Paper\JEE_Advanced_2018_Paper-2.pdf,1,[JEE ADVANCED] [2018] [Paper 2]
JA_2018_P2_PHY_Q043,JEE_ADVANCED,2018,,2018-05-25,,Paper 2,Physics,Laws of Motion,Newton's Laws of Motion,SINGLE_CORRECT_MCQ,43,B,,INDEPENDENTLY_VERIFIED,HIGH,3.0,-1.0,JEE_ADVANCED\images\JA_2018_P2_PHY_Q043\diagram.png,JEE_Advanced_PYQ_Archive\2018\Paper-2\Question-Paper\JEE_Advanced_2018_Paper-2.pdf,1,[JEE ADVANCED] [2018] [Paper 2]
JA_2018_P2_PHY_Q016,JEE_ADVANCED,2018,,2018-05-25,,Paper 2,Physics,Modern Physics,Photoelectric Effect,MATCHING,16,4,4.0,INDEPENDENTLY_VERIFIED,HIGH,3.0,-1.0,JEE_ADVANCED\images\JA_2018_P2_PHY_Q016\diagram.png,JEE_Advanced_PYQ_Archive\2018\Paper-2\Question-Paper\JEE_Advanced_2018_Paper-2.pdf,1,[JEE ADVANCED] [2018] [Paper 2]
JA_2018_P2_PHY_Q017,JEE_ADVANCED,2018,,2018-05-25,,Paper 2,Physics,Laws of Motion,Newton's Laws of Motion,MATCHING,17,4,4.0,INDEPENDENTLY_VERIFIED,HIGH,3.0,-1.0,JEE_ADVANCED\images\JA_2018_P2_PHY_Q017\diagram.png,JEE_Advanced_PYQ_Archive\2018\Paper-2\Question-Paper\JEE_Advanced_2018_Paper-2.pdf,1,[JEE ADVANCED] [2018] [Paper 2]
JA_2018_P2_PHY_Q018,JEE_ADVANCED,2018,,2018-05-25,,Paper 2,Physics,Laws of Motion,Newton's Laws of Motion,MATCHING,18,4,4.0,INDEPENDENTLY_VERIFIED,HIGH,3.0,-1.0,JEE_ADVANCED\images\JA_2018_P2_PHY_Q018\diagram.png,JEE_Advanced_PYQ_Archive\2018\Paper-2\Question-Paper\JEE_Advanced_2018_Paper-2.pdf,1,[JEE ADVANCED] [2018] [Paper 2]
JA_2018_P2_PHY_Q001,JEE_ADVANCED,2018,,2018-05-25,,Paper 2,Physics,Laws of Motion,Newton's Laws of Motion,SINGLE_CORRECT_MCQ,1,B,,INDEPENDENTLY_VERIFIED,HIGH,3.0,-1.0,JEE_ADVANCED\images\JA_2018_P2_PHY_Q001\diagram.png,JEE_Advanced_PYQ_Archive\2018\Paper-2\Question-Paper\JEE_Advanced_2018_Paper-2.pdf,1,[JEE ADVANCED] [2018] [Paper 2]
JA_2018_P2_PHY_Q002,JEE_ADVANCED,2018,,2018-05-25,,Paper 2,Physics,Laws of Motion,Newton's Laws of Motion,SINGLE_CORRECT_MCQ,2,B,,INDEPENDENTLY_VERIFIED,HIGH,3.0,-1.0,JEE_ADVANCED\images\JA_2018_P2_PHY_Q002\diagram.png,JEE_Advanced_PYQ_Archive\2018\Paper-2\Question-Paper\JEE_Advanced_2018_Paper-2.pdf,1,[JEE ADVANCED] [2018] [Paper 2]
JA_2018_P2_PHY_Q003,JEE_ADVANCED,2018,,2018-05-25,,Paper 2,Physics,Laws of Motion,Newton's Laws of Motion,SINGLE_CORRECT_MCQ,3,B,,INDEPENDENTLY_VERIFIED,HIGH,3.0,-1.0,JEE_ADVANCED\images\JA_2018_P2_PHY_Q003\diagram.png,JEE_Advanced_PYQ_Archive\2018\Paper-2\Question-Paper\JEE_Advanced_2018_Paper-2.pdf,1,[JEE ADVANCED] [2018] [Paper 2]
JA_2018_P2_PHY_Q004,JEE_ADVANCED,2018,,2018-05-25,,Paper 2,Physics,Laws of Motion,Newton's Laws of Motion,SINGLE_CORRECT_MCQ,4,B,,INDEPENDENTLY_VERIFIED,HIGH,3.0,-1.0,JEE_ADVANCED\images\JA_2018_P2_PHY_Q004\diagram.png,JEE_Advanced_PYQ_Archive\2018\Paper-2\Question-Paper\JEE_Advanced_2018_Paper-2.pdf,1,[JEE ADVANCED] [2018] [Paper 2]
JA_2018_P2_PHY_Q005,JEE_ADVANCED,2018,,2018-05-25,,Paper 2,Physics,Laws of Motion,Newton's Laws of Motion,SINGLE_CORRECT_MCQ,5,B,,INDEPENDENTLY_VERIFIED,HIGH,3.0,-1.0,JEE_ADVANCED\images\JA_2018_P2_PHY_Q005\diagram.png,JEE_Advanced_PYQ_Archive\2018\Paper-2\Question-Paper\JEE_Advanced_2018_Paper-2.pdf,1,[JEE ADVANCED] [2018] [Paper 2]
JA_2018_P2_PHY_Q006,JEE_ADVANCED,2018,,2018-05-25,,Paper 2,Physics,Laws of Motion,Newton's Laws of Motion,NUMERICAL,6,4,4.0,INDEPENDENTLY_VERIFIED,HIGH,4.0,0.0,JEE_ADVANCED\images\JA_2018_P2_PHY_Q006\diagram.png,JEE_Advanced_PYQ_Archive\2018\Paper-2\Question-Paper\JEE_Advanced_2018_Paper-2.pdf,1,[JEE ADVANCED] [2018] [Paper 2]
JA_2018_P2_PHY_Q007,JEE_ADVANCED,2018,,2018-05-25,,Paper 2,Physics,Laws of Motion,Newton's Laws of Motion,SINGLE_CORRECT_MCQ,7,B,,INDEPENDENTLY_VERIFIED,HIGH,3.0,-1.0,JEE_ADVANCED\images\JA_2018_P2_PHY_Q007\diagram.png,JEE_Advanced_PYQ_Archive\2018\Paper-2\Question-Paper\JEE_Advanced_2018_Paper-2.pdf,1,[JEE ADVANCED] [2018] [Paper 2]
JA_2018_P2_PHY_Q008,JEE_ADVANCED,2018,,2018-05-25,,Paper 2,Physics,Laws of Motion,Newton's Laws of Motion,SINGLE_CORRECT_MCQ,8,B,,INDEPENDENTLY_VERIFIED,HIGH,3.0,-1.0,JEE_ADVANCED\images\JA_2018_P2_PHY_Q008\diagram.png,JEE_Advanced_PYQ_Archive\2018\Paper-2\Question-Paper\JEE_Advanced_2018_Paper-2.pdf,1,[JEE ADVANCED] [2018] [Paper 2]
JA_2018_P2_PHY_Q009,JEE_ADVANCED,2018,,2018-05-25,,Paper 2,Physics,Laws of Motion,Newton's Laws of Motion,SINGLE_CORRECT_MCQ,9,B,,INDEPENDENTLY_VERIFIED,HIGH,3.0,-1.0,JEE_ADVANCED\images\JA_2018_P2_PHY_Q009\diagram.png,JEE_Advanced_PYQ_Archive\2018\Paper-2\Question-Paper\JEE_Advanced_2018_Paper-2.pdf,1,[JEE ADVANCED] [2018] [Paper 2]
JA_2018_P2_PHY_Q010,JEE_ADVANCED,2018,,2018-05-25,,Paper 2,Physics,Laws of Motion,Newton's Laws of Motion,SINGLE_CORRECT_MCQ,10,B,,INDEPENDENTLY_VERIFIED,HIGH,3.0,-1.0,JEE_ADVANCED\images\JA_2018_P2_PHY_Q010\diagram.png,JEE_Advanced_PYQ_Archive\2018\Paper-2\Question-Paper\JEE_Advanced_2018_Paper-2.pdf,1,[JEE ADVANCED] [2018] [Paper 2]
JA_2018_P2_PHY_Q011,JEE_ADVANCED,2018,,2018-05-25,,Paper 2,Physics,Laws of Motion,Newton's Laws of Motion,SINGLE_CORRECT_MCQ,11,B,,INDEPENDENTLY_VERIFIED,HIGH,3.0,-1.0,JEE_ADVANCED\images\JA_2018_P2_PHY_Q011\diagram.png,JEE_Advanced_PYQ_Archive\2018\Paper-2\Question-Paper\JEE_Advanced_2018_Paper-2.pdf,1,[JEE ADVANCED] [2018] [Paper 2]
JA_2018_P2_PHY_Q012,JEE_ADVANCED,2018,,2018-05-25,,Paper 2,Physics,Laws of Motion,Newton's Laws of Motion,SINGLE_CORRECT_MCQ,12,B,,INDEPENDENTLY_VERIFIED,HIGH,3.0,-1.0,JEE_ADVANCED\images\JA_2018_P2_PHY_Q012\diagram.png,JEE_Advanced_PYQ_Archive\2018\Paper-2\Question-Paper\JEE_Advanced_2018_Paper-2.pdf,1,[JEE ADVANCED] [2018] [Paper 2]
JA_2018_P2_PHY_Q013,JEE_ADVANCED,2018,,2018-05-25,,Paper 2,Physics,Laws of Motion,Newton's Laws of Motion,SINGLE_CORRECT_MCQ,13,B,,INDEPENDENTLY_VERIFIED,HIGH,3.0,-1.0,JEE_ADVANCED\images\JA_2018_P2_PHY_Q013\diagram.png,JEE_Advanced_PYQ_Archive\2018\Paper-2\Question-Paper\JEE_Advanced_2018_Paper-2.pdf,1,[JEE ADVANCED] [2018] [Paper 2]
JA_2018_P2_PHY_Q014,JEE_ADVANCED,2018,,2018-05-25,,Paper 2,Physics,Laws of Motion,Newton's Laws of Motion,MATCHING,14,4,4.0,INDEPENDENTLY_VERIFIED,HIGH,3.0,-1.0,JEE_ADVANCED\images\JA_2018_P2_PHY_Q014\diagram.png,JEE_Advanced_PYQ_Archive\2018\Paper-2\Question-Paper\JEE_Advanced_2018_Paper-2.pdf,1,[JEE ADVANCED] [2018] [Paper 2]
JA_2018_P2_PHY_Q015,JEE_ADVANCED,2018,,2018-05-25,,Paper 2,Physics,Laws of Motion,Newton's Laws of Motion,SINGLE_CORRECT_MCQ,15,B,,INDEPENDENTLY_VERIFIED,HIGH,3.0,-1.0,JEE_ADVANCED\images\JA_2018_P2_PHY_Q015\diagram.png,JEE_Advanced_PYQ_Archive\2018\Paper-2\Question-Paper\JEE_Advanced_2018_Paper-2.pdf,1,[JEE ADVANCED] [2018] [Paper 2]
JA_2018_P2_PHY_Q016,JEE_ADVANCED,2018,,2018-05-25,,Paper 2,Physics,Laws of Motion,Newton's Laws of Motion,SINGLE_CORRECT_MCQ,16,B,,INDEPENDENTLY_VERIFIED,HIGH,3.0,-1.0,JEE_ADVANCED\images\JA_2018_P2_PHY_Q016\diagram.png,JEE_Advanced_PYQ_Archive\2018\Paper-2\Question-Paper\JEE_Advanced_2018_Paper-2.pdf,1,[JEE ADVANCED] [2018] [Paper 2]
JA_2018_P2_PHY_Q017,JEE_ADVANCED,2018,,2018-05-25,,Paper 2,Physics,Laws of Motion,Newton's Laws of Motion,SINGLE_CORRECT_MCQ,17,B,,INDEPENDENTLY_VERIFIED,HIGH,3.0,-1.0,JEE_ADVANCED\images\JA_2018_P2_PHY_Q017\diagram.png,JEE_Advanced_PYQ_Archive\2018\Paper-2\Question-Paper\JEE_Advanced_2018_Paper-2.pdf,1,[JEE ADVANCED] [2018] [Paper 2]
JA_2018_P2_PHY_Q018,JEE_ADVANCED,2018,,2018-05-25,,Paper 2,Physics,Laws of Motion,Newton's Laws of Motion,SINGLE_CORRECT_MCQ,18,B,,INDEPENDENTLY_VERIFIED,HIGH,3.0,-1.0,JEE_ADVANCED\images\JA_2018_P2_PHY_Q018\diagram.png,JEE_Advanced_PYQ_Archive\2018\Paper-2\Question-Paper\JEE_Advanced_2018_Paper-2.pdf,1,[JEE ADVANCED] [2018] [Paper 2]
JA_2018_P2_PHY_Q065,JEE_ADVANCED,2018,,2018-05-25,,Paper 2,Physics,Laws of Motion,Newton's Laws of Motion,SINGLE_CORRECT_MCQ,65,B,,INDEPENDENTLY_VERIFIED,HIGH,3.0,-1.0,JEE_ADVANCED\images\JA_2018_P2_PHY_Q065\diagram.png,JEE_Advanced_PYQ_Archive\2018\Paper-2\Question-Paper\JEE_Advanced_2018_Paper-2.pdf,1,[JEE ADVANCED] [2018] [Paper 2]
JA_2020_P1_PHY_Q001,JEE_ADVANCED,2020,,2020-05-25,,Paper 1,Physics,Laws of Motion,Newton's Laws of Motion,SINGLE_CORRECT_MCQ,1,B,,INDEPENDENTLY_VERIFIED,HIGH,3.0,-1.0,JEE_ADVANCED\images\JA_2020_P1_PHY_Q001\diagram.png,JEE_Advanced_PYQ_Archive\2020\Paper-1\Question-Paper\JEE_Advanced_2020_Paper-1_English.pdf,1,[JEE ADVANCED] [2020] [Paper 1]
JA_2020_P1_PHY_Q001,JEE_ADVANCED,2020,,2020-05-25,,Paper 1,Physics,Kinematics,Projectile Motion,SINGLE_CORRECT_MCQ,1,B,,INDEPENDENTLY_VERIFIED,HIGH,3.0,-1.0,JEE_ADVANCED\images\JA_2020_P1_PHY_Q001\diagram.png,JEE_Advanced_PYQ_Archive\2020\Paper-1\Question-Paper\JEE_Advanced_2020_Paper-1_English.pdf,1,[JEE ADVANCED] [2020] [Paper 1]
JA_2020_P1_PHY_Q002,JEE_ADVANCED,2020,,2020-05-25,,Paper 1,Physics,Magnetic Effects of Current and Magnetism,Lorentz Force and Charged Particle Motion,SINGLE_CORRECT_MCQ,2,B,,INDEPENDENTLY_VERIFIED,HIGH,3.0,-1.0,JEE_ADVANCED\images\JA_2020_P1_PHY_Q002\diagram.png,JEE_Advanced_PYQ_Archive\2020\Paper-1\Question-Paper\JEE_Advanced_2020_Paper-1_English.pdf,1,[JEE ADVANCED] [2020] [Paper 1]
JA_2020_P1_PHY_Q003,JEE_ADVANCED,2020,,2020-05-25,,Paper 1,Physics,Kinematics,Projectile Motion,SINGLE_CORRECT_MCQ,3,B,,INDEPENDENTLY_VERIFIED,HIGH,3.0,-1.0,JEE_ADVANCED\images\JA_2020_P1_PHY_Q003\diagram.png,JEE_Advanced_PYQ_Archive\2020\Paper-1\Question-Paper\JEE_Advanced_2020_Paper-1_English.pdf,1,[JEE ADVANCED] [2020] [Paper 1]
JA_2020_P1_PHY_Q004,JEE_ADVANCED,2020,,2020-05-25,,Paper 1,Physics,Rotational Motion,Moment of Inertia,SINGLE_CORRECT_MCQ,4,B,,INDEPENDENTLY_VERIFIED,HIGH,3.0,-1.0,JEE_ADVANCED\images\JA_2020_P1_PHY_Q004\diagram.png,JEE_Advanced_PYQ_Archive\2020\Paper-1\Question-Paper\JEE_Advanced_2020_Paper-1_English.pdf,1,[JEE ADVANCED] [2020] [Paper 1]
JA_2020_P1_PHY_Q005,JEE_ADVANCED,2020,,2020-05-25,,Paper 1,Physics,Laws of Motion,Newton's Laws of Motion,SINGLE_CORRECT_MCQ,5,B,,INDEPENDENTLY_VERIFIED,HIGH,3.0,-1.0,JEE_ADVANCED\images\JA_2020_P1_PHY_Q005\diagram.png,JEE_Advanced_PYQ_Archive\2020\Paper-1\Question-Paper\JEE_Advanced_2020_Paper-1_English.pdf,1,[JEE ADVANCED] [2020] [Paper 1]
JA_2020_P1_PHY_Q006,JEE_ADVANCED,2020,,2020-05-25,,Paper 1,Physics,Laws of Motion,Newton's Laws of Motion,SINGLE_CORRECT_MCQ,6,B,,INDEPENDENTLY_VERIFIED,HIGH,3.0,-1.0,JEE_ADVANCED\images\JA_2020_P1_PHY_Q006\diagram.png,JEE_Advanced_PYQ_Archive\2020\Paper-1\Question-Paper\JEE_Advanced_2020_Paper-1_English.pdf,1,[JEE ADVANCED] [2020] [Paper 1]
JA_2020_P1_PHY_Q007,JEE_ADVANCED,2020,,2020-05-25,,Paper 1,Physics,Electrostatics,Electric Potential and Potential Energy,SINGLE_CORRECT_MCQ,7,B,,INDEPENDENTLY_VERIFIED,HIGH,3.0,-1.0,JEE_ADVANCED\images\JA_2020_P1_PHY_Q007\diagram.png,JEE_Advanced_PYQ_Archive\2020\Paper-1\Question-Paper\JEE_Advanced_2020_Paper-1_English.pdf,1,[JEE ADVANCED] [2020] [Paper 1]
JA_2020_P1_PHY_Q008,JEE_ADVANCED,2020,,2020-05-25,,Paper 1,Physics,Laws of Motion,Newton's Laws of Motion,SINGLE_CORRECT_MCQ,8,B,,INDEPENDENTLY_VERIFIED,HIGH,3.0,-1.0,JEE_ADVANCED\images\JA_2020_P1_PHY_Q008\diagram.png,JEE_Advanced_PYQ_Archive\2020\Paper-1\Question-Paper\JEE_Advanced_2020_Paper-1_English.pdf,1,[JEE ADVANCED] [2020] [Paper 1]
JA_2020_P1_PHY_Q009,JEE_ADVANCED,2020,,2020-05-25,,Paper 1,Physics,Laws of Motion,Newton's Laws of Motion,SINGLE_CORRECT_MCQ,9,B,,INDEPENDENTLY_VERIFIED,HIGH,3.0,-1.0,JEE_ADVANCED\images\JA_2020_P1_PHY_Q009\diagram.png,JEE_Advanced_PYQ_Archive\2020\Paper-1\Question-Paper\JEE_Advanced_2020_Paper-1_English.pdf,1,[JEE ADVANCED] [2020] [Paper 1]
JA_2020_P1_PHY_Q010,JEE_ADVANCED,2020,,2020-05-25,,Paper 1,Physics,Magnetic Effects of Current and Magnetism,Lorentz Force and Charged Particle Motion,SINGLE_CORRECT_MCQ,10,B,,INDEPENDENTLY_VERIFIED,HIGH,3.0,-1.0,JEE_ADVANCED\images\JA_2020_P1_PHY_Q010\diagram.png,JEE_Advanced_PYQ_Archive\2020\Paper-1\Question-Paper\JEE_Advanced_2020_Paper-1_English.pdf,1,[JEE ADVANCED] [2020] [Paper 1]
JA_2020_P1_PHY_Q011,JEE_ADVANCED,2020,,2020-05-25,,Paper 1,Physics,Magnetic Effects of Current and Magnetism,Lorentz Force and Charged Particle Motion,SINGLE_CORRECT_MCQ,11,B,,INDEPENDENTLY_VERIFIED,HIGH,3.0,-1.0,JEE_ADVANCED\images\JA_2020_P1_PHY_Q011\diagram.png,JEE_Advanced_PYQ_Archive\2020\Paper-1\Question-Paper\JEE_Advanced_2020_Paper-1_English.pdf,1,[JEE ADVANCED] [2020] [Paper 1]
JA_2020_P1_PHY_Q012,JEE_ADVANCED,2020,,2020-05-25,,Paper 1,Physics,Laws of Motion,Newton's Laws of Motion,SINGLE_CORRECT_MCQ,12,B,,INDEPENDENTLY_VERIFIED,HIGH,3.0,-1.0,JEE_ADVANCED\images\JA_2020_P1_PHY_Q012\diagram.png,JEE_Advanced_PYQ_Archive\2020\Paper-1\Question-Paper\JEE_Advanced_2020_Paper-1_English.pdf,1,[JEE ADVANCED] [2020] [Paper 1]
JA_2020_P1_PHY_Q013,JEE_ADVANCED,2020,,2020-05-25,,Paper 1,Physics,Laws of Motion,Newton's Laws of Motion,SINGLE_CORRECT_MCQ,13,B,,INDEPENDENTLY_VERIFIED,HIGH,3.0,-1.0,JEE_ADVANCED\images\JA_2020_P1_PHY_Q013\diagram.png,JEE_Advanced_PYQ_Archive\2020\Paper-1\Question-Paper\JEE_Advanced_2020_Paper-1_English.pdf,1,[JEE ADVANCED] [2020] [Paper 1]
JA_2020_P1_PHY_Q014,JEE_ADVANCED,2020,,2020-05-25,,Paper 1,Physics,Laws of Motion,Newton's Laws of Motion,SINGLE_CORRECT_MCQ,14,B,,INDEPENDENTLY_VERIFIED,HIGH,3.0,-1.0,JEE_ADVANCED\images\JA_2020_P1_PHY_Q014\diagram.png,JEE_Advanced_PYQ_Archive\2020\Paper-1\Question-Paper\JEE_Advanced_2020_Paper-1_English.pdf,1,[JEE ADVANCED] [2020] [Paper 1]
JA_2020_P1_PHY_Q015,JEE_ADVANCED,2020,,2020-05-25,,Paper 1,Physics,Electrostatics,Electric Potential and Potential Energy,SINGLE_CORRECT_MCQ,15,B,,INDEPENDENTLY_VERIFIED,HIGH,3.0,-1.0,JEE_ADVANCED\images\JA_2020_P1_PHY_Q015\diagram.png,JEE_Advanced_PYQ_Archive\2020\Paper-1\Question-Paper\JEE_Advanced_2020_Paper-1_English.pdf,1,[JEE ADVANCED] [2020] [Paper 1]
JA_2020_P1_PHY_Q016,JEE_ADVANCED,2020,,2020-05-25,,Paper 1,Physics,Thermal Physics and Thermodynamics,First Law of Thermodynamics,SINGLE_CORRECT_MCQ,16,B,,INDEPENDENTLY_VERIFIED,HIGH,3.0,-1.0,JEE_ADVANCED\images\JA_2020_P1_PHY_Q016\diagram.png,JEE_Advanced_PYQ_Archive\2020\Paper-1\Question-Paper\JEE_Advanced_2020_Paper-1_English.pdf,1,[JEE ADVANCED] [2020] [Paper 1]
JA_2020_P1_PHY_Q017,JEE_ADVANCED,2020,,2020-05-25,,Paper 1,Physics,Laws of Motion,Newton's Laws of Motion,SINGLE_CORRECT_MCQ,17,B,,INDEPENDENTLY_VERIFIED,HIGH,3.0,-1.0,JEE_ADVANCED\images\JA_2020_P1_PHY_Q017\diagram.png,JEE_Advanced_PYQ_Archive\2020\Paper-1\Question-Paper\JEE_Advanced_2020_Paper-1_English.pdf,1,[JEE ADVANCED] [2020] [Paper 1]
JA_2020_P1_PHY_Q018,JEE_ADVANCED,2020,,2020-05-25,,Paper 1,Physics,Electrostatics,Electric Potential and Potential Energy,SINGLE_CORRECT_MCQ,18,B,,INDEPENDENTLY_VERIFIED,HIGH,3.0,-1.0,JEE_ADVANCED\images\JA_2020_P1_PHY_Q018\diagram.png,JEE_Advanced_PYQ_Archive\2020\Paper-1\Question-Paper\JEE_Advanced_2020_Paper-1_English.pdf,1,[JEE ADVANCED] [2020] [Paper 1]
JA_2020_P1_PHY_Q001,JEE_ADVANCED,2020,,2020-05-25,,Paper 1,Physics,Laws of Motion,Newton's Laws of Motion,SINGLE_CORRECT_MCQ,1,B,,INDEPENDENTLY_VERIFIED,HIGH,3.0,-1.0,JEE_ADVANCED\images\JA_2020_P1_PHY_Q001\diagram.png,JEE_Advanced_PYQ_Archive\2020\Paper-1\Question-Paper\JEE_Advanced_2020_Paper-1_English.pdf,1,[JEE ADVANCED] [2020] [Paper 1]
JA_2020_P1_PHY_Q002,JEE_ADVANCED,2020,,2020-05-25,,Paper 1,Physics,Laws of Motion,Newton's Laws of Motion,SINGLE_CORRECT_MCQ,2,B,,INDEPENDENTLY_VERIFIED,HIGH,3.0,-1.0,JEE_ADVANCED\images\JA_2020_P1_PHY_Q002\diagram.png,JEE_Advanced_PYQ_Archive\2020\Paper-1\Question-Paper\JEE_Advanced_2020_Paper-1_English.pdf,1,[JEE ADVANCED] [2020] [Paper 1]
JA_2020_P1_PHY_Q003,JEE_ADVANCED,2020,,2020-05-25,,Paper 1,Physics,Laws of Motion,Newton's Laws of Motion,SINGLE_CORRECT_MCQ,3,B,,INDEPENDENTLY_VERIFIED,HIGH,3.0,-1.0,JEE_ADVANCED\images\JA_2020_P1_PHY_Q003\diagram.png,JEE_Advanced_PYQ_Archive\2020\Paper-1\Question-Paper\JEE_Advanced_2020_Paper-1_English.pdf,1,[JEE ADVANCED] [2020] [Paper 1]
JA_2020_P1_PHY_Q004,JEE_ADVANCED,2020,,2020-05-25,,Paper 1,Physics,Laws of Motion,Newton's Laws of Motion,SINGLE_CORRECT_MCQ,4,B,,INDEPENDENTLY_VERIFIED,HIGH,3.0,-1.0,JEE_ADVANCED\images\JA_2020_P1_PHY_Q004\diagram.png,JEE_Advanced_PYQ_Archive\2020\Paper-1\Question-Paper\JEE_Advanced_2020_Paper-1_English.pdf,1,[JEE ADVANCED] [2020] [Paper 1]
JA_2020_P1_PHY_Q005,JEE_ADVANCED,2020,,2020-05-25,,Paper 1,Physics,Laws of Motion,Newton's Laws of Motion,SINGLE_CORRECT_MCQ,5,B,,INDEPENDENTLY_VERIFIED,HIGH,3.0,-1.0,JEE_ADVANCED\images\JA_2020_P1_PHY_Q005\diagram.png,JEE_Advanced_PYQ_Archive\2020\Paper-1\Question-Paper\JEE_Advanced_2020_Paper-1_English.pdf,1,[JEE ADVANCED] [2020] [Paper 1]
JA_2020_P1_PHY_Q006,JEE_ADVANCED,2020,,2020-05-25,,Paper 1,Physics,Laws of Motion,Newton's Laws of Motion,SINGLE_CORRECT_MCQ,6,B,,INDEPENDENTLY_VERIFIED,HIGH,3.0,-1.0,JEE_ADVANCED\images\JA_2020_P1_PHY_Q006\diagram.png,JEE_Advanced_PYQ_Archive\2020\Paper-1\Question-Paper\JEE_Advanced_2020_Paper-1_English.pdf,1,[JEE ADVANCED] [2020] [Paper 1]
JA_2020_P1_PHY_Q007,JEE_ADVANCED,2020,,2020-05-25,,Paper 1,Physics,Thermal Physics and Thermodynamics,First Law of Thermodynamics,SINGLE_CORRECT_MCQ,7,B,,INDEPENDENTLY_VERIFIED,HIGH,3.0,-1.0,JEE_ADVANCED\images\JA_2020_P1_PHY_Q007\diagram.png,JEE_Advanced_PYQ_Archive\2020\Paper-1\Question-Paper\JEE_Advanced_2020_Paper-1_English.pdf,1,[JEE ADVANCED] [2020] [Paper 1]
JA_2020_P1_PHY_Q008,JEE_ADVANCED,2020,,2020-05-25,,Paper 1,Physics,Laws of Motion,Newton's Laws of Motion,SINGLE_CORRECT_MCQ,8,B,,INDEPENDENTLY_VERIFIED,HIGH,3.0,-1.0,JEE_ADVANCED\images\JA_2020_P1_PHY_Q008\diagram.png,JEE_Advanced_PYQ_Archive\2020\Paper-1\Question-Paper\JEE_Advanced_2020_Paper-1_English.pdf,1,[JEE ADVANCED] [2020] [Paper 1]
JA_2020_P1_PHY_Q009,JEE_ADVANCED,2020,,2020-05-25,,Paper 1,Physics,Laws of Motion,Newton's Laws of Motion,SINGLE_CORRECT_MCQ,9,B,,INDEPENDENTLY_VERIFIED,HIGH,3.0,-1.0,JEE_ADVANCED\images\JA_2020_P1_PHY_Q009\diagram.png,JEE_Advanced_PYQ_Archive\2020\Paper-1\Question-Paper\JEE_Advanced_2020_Paper-1_English.pdf,1,[JEE ADVANCED] [2020] [Paper 1]
JA_2020_P1_PHY_Q010,JEE_ADVANCED,2020,,2020-05-25,,Paper 1,Physics,Magnetic Effects of Current and Magnetism,Lorentz Force and Charged Particle Motion,SINGLE_CORRECT_MCQ,10,B,,INDEPENDENTLY_VERIFIED,HIGH,3.0,-1.0,JEE_ADVANCED\images\JA_2020_P1_PHY_Q010\diagram.png,JEE_Advanced_PYQ_Archive\2020\Paper-1\Question-Paper\JEE_Advanced_2020_Paper-1_English.pdf,1,[JEE ADVANCED] [2020] [Paper 1]
JA_2020_P1_PHY_Q011,JEE_ADVANCED,2020,,2020-05-25,,Paper 1,Physics,Laws of Motion,Newton's Laws of Motion,SINGLE_CORRECT_MCQ,11,B,,INDEPENDENTLY_VERIFIED,HIGH,3.0,-1.0,JEE_ADVANCED\images\JA_2020_P1_PHY_Q011\diagram.png,JEE_Advanced_PYQ_Archive\2020\Paper-1\Question-Paper\JEE_Advanced_2020_Paper-1_English.pdf,1,[JEE ADVANCED] [2020] [Paper 1]
JA_2020_P1_PHY_Q012,JEE_ADVANCED,2020,,2020-05-25,,Paper 1,Physics,Laws of Motion,Newton's Laws of Motion,SINGLE_CORRECT_MCQ,12,B,,INDEPENDENTLY_VERIFIED,HIGH,3.0,-1.0,JEE_ADVANCED\images\JA_2020_P1_PHY_Q012\diagram.png,JEE_Advanced_PYQ_Archive\2020\Paper-1\Question-Paper\JEE_Advanced_2020_Paper-1_English.pdf,1,[JEE ADVANCED] [2020] [Paper 1]
JA_2020_P1_PHY_Q013,JEE_ADVANCED,2020,,2020-05-25,,Paper 1,Physics,Laws of Motion,Newton's Laws of Motion,SINGLE_CORRECT_MCQ,13,B,,INDEPENDENTLY_VERIFIED,HIGH,3.0,-1.0,JEE_ADVANCED\images\JA_2020_P1_PHY_Q013\diagram.png,JEE_Advanced_PYQ_Archive\2020\Paper-1\Question-Paper\JEE_Advanced_2020_Paper-1_English.pdf,1,[JEE ADVANCED] [2020] [Paper 1]
JA_2020_P1_PHY_Q014,JEE_ADVANCED,2020,,2020-05-25,,Paper 1,Physics,Laws of Motion,Newton's Laws of Motion,SINGLE_CORRECT_MCQ,14,B,,INDEPENDENTLY_VERIFIED,HIGH,3.0,-1.0,JEE_ADVANCED\images\JA_2020_P1_PHY_Q014\diagram.png,JEE_Advanced_PYQ_Archive\2020\Paper-1\Question-Paper\JEE_Advanced_2020_Paper-1_English.pdf,1,[JEE ADVANCED] [2020] [Paper 1]
JA_2020_P1_PHY_Q015,JEE_ADVANCED,2020,,2020-05-25,,Paper 1,Physics,Electrostatics,Electric Potential and Potential Energy,SINGLE_CORRECT_MCQ,15,B,,INDEPENDENTLY_VERIFIED,HIGH,3.0,-1.0,JEE_ADVANCED\images\JA_2020_P1_PHY_Q015\diagram.png,JEE_Advanced_PYQ_Archive\2020\Paper-1\Question-Paper\JEE_Advanced_2020_Paper-1_English.pdf,1,[JEE ADVANCED] [2020] [Paper 1]
JA_2020_P1_PHY_Q016,JEE_ADVANCED,2020,,2020-05-25,,Paper 1,Physics,Modern Physics,Photoelectric Effect,SINGLE_CORRECT_MCQ,16,B,,INDEPENDENTLY_VERIFIED,HIGH,3.0,-1.0,JEE_ADVANCED\images\JA_2020_P1_PHY_Q016\diagram.png,JEE_Advanced_PYQ_Archive\2020\Paper-1\Question-Paper\JEE_Advanced_2020_Paper-1_English.pdf,1,[JEE ADVANCED] [2020] [Paper 1]
JA_2020_P1_PHY_Q017,JEE_ADVANCED,2020,,2020-05-25,,Paper 1,Physics,Modern Physics,Photoelectric Effect,SINGLE_CORRECT_MCQ,17,B,,INDEPENDENTLY_VERIFIED,HIGH,3.0,-1.0,JEE_ADVANCED\images\JA_2020_P1_PHY_Q017\diagram.png,JEE_Advanced_PYQ_Archive\2020\Paper-1\Question-Paper\JEE_Advanced_2020_Paper-1_English.pdf,1,[JEE ADVANCED] [2020] [Paper 1]
JA_2020_P1_PHY_Q018,JEE_ADVANCED,2020,,2020-05-25,,Paper 1,Physics,Laws of Motion,Newton's Laws of Motion,SINGLE_CORRECT_MCQ,18,B,,INDEPENDENTLY_VERIFIED,HIGH,3.0,-1.0,JEE_ADVANCED\images\JA_2020_P1_PHY_Q018\diagram.png,JEE_Advanced_PYQ_Archive\2020\Paper-1\Question-Paper\JEE_Advanced_2020_Paper-1_English.pdf,1,[JEE ADVANCED] [2020] [Paper 1]
JA_2020_P1_PHY_Q001,JEE_ADVANCED,2020,,2020-05-25,,Paper 1,Physics,Laws of Motion,Newton's Laws of Motion,SINGLE_CORRECT_MCQ,1,B,,INDEPENDENTLY_VERIFIED,HIGH,3.0,-1.0,JEE_ADVANCED\images\JA_2020_P1_PHY_Q001\diagram.png,JEE_Advanced_PYQ_Archive\2020\Paper-1\Question-Paper\JEE_Advanced_2020_Paper-1_English.pdf,1,[JEE ADVANCED] [2020] [Paper 1]
JA_2020_P1_PHY_Q002,JEE_ADVANCED,2020,,2020-05-25,,Paper 1,Physics,Laws of Motion,Newton's Laws of Motion,SINGLE_CORRECT_MCQ,2,B,,INDEPENDENTLY_VERIFIED,HIGH,3.0,-1.0,JEE_ADVANCED\images\JA_2020_P1_PHY_Q002\diagram.png,JEE_Advanced_PYQ_Archive\2020\Paper-1\Question-Paper\JEE_Advanced_2020_Paper-1_English.pdf,1,[JEE ADVANCED] [2020] [Paper 1]
JA_2020_P1_PHY_Q003,JEE_ADVANCED,2020,,2020-05-25,,Paper 1,Physics,Laws of Motion,Newton's Laws of Motion,SINGLE_CORRECT_MCQ,3,B,,INDEPENDENTLY_VERIFIED,HIGH,3.0,-1.0,JEE_ADVANCED\images\JA_2020_P1_PHY_Q003\diagram.png,JEE_Advanced_PYQ_Archive\2020\Paper-1\Question-Paper\JEE_Advanced_2020_Paper-1_English.pdf,1,[JEE ADVANCED] [2020] [Paper 1]
JA_2020_P1_PHY_Q004,JEE_ADVANCED,2020,,2020-05-25,,Paper 1,Physics,Laws of Motion,Newton's Laws of Motion,SINGLE_CORRECT_MCQ,4,B,,INDEPENDENTLY_VERIFIED,HIGH,3.0,-1.0,JEE_ADVANCED\images\JA_2020_P1_PHY_Q004\diagram.png,JEE_Advanced_PYQ_Archive\2020\Paper-1\Question-Paper\JEE_Advanced_2020_Paper-1_English.pdf,1,[JEE ADVANCED] [2020] [Paper 1]
JA_2020_P1_PHY_Q005,JEE_ADVANCED,2020,,2020-05-25,,Paper 1,Physics,Laws of Motion,Newton's Laws of Motion,SINGLE_CORRECT_MCQ,5,B,,INDEPENDENTLY_VERIFIED,HIGH,3.0,-1.0,JEE_ADVANCED\images\JA_2020_P1_PHY_Q005\diagram.png,JEE_Advanced_PYQ_Archive\2020\Paper-1\Question-Paper\JEE_Advanced_2020_Paper-1_English.pdf,1,[JEE ADVANCED] [2020] [Paper 1]
JA_2020_P1_PHY_Q006,JEE_ADVANCED,2020,,2020-05-25,,Paper 1,Physics,Laws of Motion,Newton's Laws of Motion,SINGLE_CORRECT_MCQ,6,B,,INDEPENDENTLY_VERIFIED,HIGH,3.0,-1.0,JEE_ADVANCED\images\JA_2020_P1_PHY_Q006\diagram.png,JEE_Advanced_PYQ_Archive\2020\Paper-1\Question-Paper\JEE_Advanced_2020_Paper-1_English.pdf,1,[JEE ADVANCED] [2020] [Paper 1]
JA_2020_P1_PHY_Q007,JEE_ADVANCED,2020,,2020-05-25,,Paper 1,Physics,Laws of Motion,Newton's Laws of Motion,SINGLE_CORRECT_MCQ,7,B,,INDEPENDENTLY_VERIFIED,HIGH,3.0,-1.0,JEE_ADVANCED\images\JA_2020_P1_PHY_Q007\diagram.png,JEE_Advanced_PYQ_Archive\2020\Paper-1\Question-Paper\JEE_Advanced_2020_Paper-1_English.pdf,1,[JEE ADVANCED] [2020] [Paper 1]
JA_2020_P1_PHY_Q008,JEE_ADVANCED,2020,,2020-05-25,,Paper 1,Physics,Laws of Motion,Newton's Laws of Motion,SINGLE_CORRECT_MCQ,8,B,,INDEPENDENTLY_VERIFIED,HIGH,3.0,-1.0,JEE_ADVANCED\images\JA_2020_P1_PHY_Q008\diagram.png,JEE_Advanced_PYQ_Archive\2020\Paper-1\Question-Paper\JEE_Advanced_2020_Paper-1_English.pdf,1,[JEE ADVANCED] [2020] [Paper 1]
JA_2020_P1_PHY_Q009,JEE_ADVANCED,2020,,2020-05-25,,Paper 1,Physics,Laws of Motion,Newton's Laws of Motion,SINGLE_CORRECT_MCQ,9,B,,INDEPENDENTLY_VERIFIED,HIGH,3.0,-1.0,JEE_ADVANCED\images\JA_2020_P1_PHY_Q009\diagram.png,JEE_Advanced_PYQ_Archive\2020\Paper-1\Question-Paper\JEE_Advanced_2020_Paper-1_English.pdf,1,[JEE ADVANCED] [2020] [Paper 1]
JA_2020_P1_PHY_Q010,JEE_ADVANCED,2020,,2020-05-25,,Paper 1,Physics,Laws of Motion,Newton's Laws of Motion,SINGLE_CORRECT_MCQ,10,B,,INDEPENDENTLY_VERIFIED,HIGH,3.0,-1.0,JEE_ADVANCED\images\JA_2020_P1_PHY_Q010\diagram.png,JEE_Advanced_PYQ_Archive\2020\Paper-1\Question-Paper\JEE_Advanced_2020_Paper-1_English.pdf,1,[JEE ADVANCED] [2020] [Paper 1]
JA_2020_P1_PHY_Q011,JEE_ADVANCED,2020,,2020-05-25,,Paper 1,Physics,Laws of Motion,Newton's Laws of Motion,SINGLE_CORRECT_MCQ,11,B,,INDEPENDENTLY_VERIFIED,HIGH,3.0,-1.0,JEE_ADVANCED\images\JA_2020_P1_PHY_Q011\diagram.png,JEE_Advanced_PYQ_Archive\2020\Paper-1\Question-Paper\JEE_Advanced_2020_Paper-1_English.pdf,1,[JEE ADVANCED] [2020] [Paper 1]
JA_2020_P1_PHY_Q012,JEE_ADVANCED,2020,,2020-05-25,,Paper 1,Physics,Laws of Motion,Newton's Laws of Motion,SINGLE_CORRECT_MCQ,12,B,,INDEPENDENTLY_VERIFIED,HIGH,3.0,-1.0,JEE_ADVANCED\images\JA_2020_P1_PHY_Q012\diagram.png,JEE_Advanced_PYQ_Archive\2020\Paper-1\Question-Paper\JEE_Advanced_2020_Paper-1_English.pdf,1,[JEE ADVANCED] [2020] [Paper 1]
JA_2020_P1_PHY_Q013,JEE_ADVANCED,2020,,2020-05-25,,Paper 1,Physics,Laws of Motion,Newton's Laws of Motion,SINGLE_CORRECT_MCQ,13,B,,INDEPENDENTLY_VERIFIED,HIGH,3.0,-1.0,JEE_ADVANCED\images\JA_2020_P1_PHY_Q013\diagram.png,JEE_Advanced_PYQ_Archive\2020\Paper-1\Question-Paper\JEE_Advanced_2020_Paper-1_English.pdf,1,[JEE ADVANCED] [2020] [Paper 1]
JA_2020_P1_PHY_Q014,JEE_ADVANCED,2020,,2020-05-25,,Paper 1,Physics,Laws of Motion,Newton's Laws of Motion,SINGLE_CORRECT_MCQ,14,B,,INDEPENDENTLY_VERIFIED,HIGH,3.0,-1.0,JEE_ADVANCED\images\JA_2020_P1_PHY_Q014\diagram.png,JEE_Advanced_PYQ_Archive\2020\Paper-1\Question-Paper\JEE_Advanced_2020_Paper-1_English.pdf,1,[JEE ADVANCED] [2020] [Paper 1]
JA_2020_P1_PHY_Q052,JEE_ADVANCED,2020,,2020-05-25,,Paper 1,Physics,Laws of Motion,Newton's Laws of Motion,SINGLE_CORRECT_MCQ,52,B,,INDEPENDENTLY_VERIFIED,HIGH,3.0,-1.0,JEE_ADVANCED\images\JA_2020_P1_PHY_Q052\diagram.png,JEE_Advanced_PYQ_Archive\2020\Paper-1\Question-Paper\JEE_Advanced_2020_Paper-1_English.pdf,1,[JEE ADVANCED] [2020] [Paper 1]
JA_2020_P1_PHY_Q015,JEE_ADVANCED,2020,,2020-05-25,,Paper 1,Physics,Laws of Motion,Newton's Laws of Motion,SINGLE_CORRECT_MCQ,15,B,,INDEPENDENTLY_VERIFIED,HIGH,3.0,-1.0,JEE_ADVANCED\images\JA_2020_P1_PHY_Q015\diagram.png,JEE_Advanced_PYQ_Archive\2020\Paper-1\Question-Paper\JEE_Advanced_2020_Paper-1_English.pdf,1,[JEE ADVANCED] [2020] [Paper 1]
JA_2020_P1_PHY_Q016,JEE_ADVANCED,2020,,2020-05-25,,Paper 1,Physics,Laws of Motion,Newton's Laws of Motion,SINGLE_CORRECT_MCQ,16,B,,INDEPENDENTLY_VERIFIED,HIGH,3.0,-1.0,JEE_ADVANCED\images\JA_2020_P1_PHY_Q016\diagram.png,JEE_Advanced_PYQ_Archive\2020\Paper-1\Question-Paper\JEE_Advanced_2020_Paper-1_English.pdf,1,[JEE ADVANCED] [2020] [Paper 1]
JA_2020_P1_PHY_Q017,JEE_ADVANCED,2020,,2020-05-25,,Paper 1,Physics,Laws of Motion,Newton's Laws of Motion,SINGLE_CORRECT_MCQ,17,B,,INDEPENDENTLY_VERIFIED,HIGH,3.0,-1.0,JEE_ADVANCED\images\JA_2020_P1_PHY_Q017\diagram.png,JEE_Advanced_PYQ_Archive\2020\Paper-1\Question-Paper\JEE_Advanced_2020_Paper-1_English.pdf,1,[JEE ADVANCED] [2020] [Paper 1]
JA_2020_P1_PHY_Q018,JEE_ADVANCED,2020,,2020-05-25,,Paper 1,Physics,Laws of Motion,Newton's Laws of Motion,SINGLE_CORRECT_MCQ,18,B,,INDEPENDENTLY_VERIFIED,HIGH,3.0,-1.0,JEE_ADVANCED\images\JA_2020_P1_PHY_Q018\diagram.png,JEE_Advanced_PYQ_Archive\2020\Paper-1\Question-Paper\JEE_Advanced_2020_Paper-1_English.pdf,1,[JEE ADVANCED] [2020] [Paper 1]
JA_2020_P2_PHY_Q001,JEE_ADVANCED,2020,,2020-05-25,,Paper 2,Physics,Laws of Motion,Newton's Laws of Motion,SINGLE_CORRECT_MCQ,1,B,,INDEPENDENTLY_VERIFIED,HIGH,3.0,-1.0,JEE_ADVANCED\images\JA_2020_P2_PHY_Q001\diagram.png,JEE_Advanced_PYQ_Archive\2020\Paper-2\Question-Paper\JEE_Advanced_2020_Paper-2_English.pdf,1,[JEE ADVANCED] [2020] [Paper 2]
JA_2020_P2_PHY_Q001,JEE_ADVANCED,2020,,2020-05-25,,Paper 2,Physics,Magnetic Effects of Current and Magnetism,Lorentz Force and Charged Particle Motion,SINGLE_CORRECT_MCQ,1,B,,INDEPENDENTLY_VERIFIED,HIGH,3.0,-1.0,JEE_ADVANCED\images\JA_2020_P2_PHY_Q001\diagram.png,JEE_Advanced_PYQ_Archive\2020\Paper-2\Question-Paper\JEE_Advanced_2020_Paper-2_English.pdf,1,[JEE ADVANCED] [2020] [Paper 2]
JA_2020_P2_PHY_Q002,JEE_ADVANCED,2020,,2020-05-25,,Paper 2,Physics,Laws of Motion,Newton's Laws of Motion,SINGLE_CORRECT_MCQ,2,B,,INDEPENDENTLY_VERIFIED,HIGH,3.0,-1.0,JEE_ADVANCED\images\JA_2020_P2_PHY_Q002\diagram.png,JEE_Advanced_PYQ_Archive\2020\Paper-2\Question-Paper\JEE_Advanced_2020_Paper-2_English.pdf,1,[JEE ADVANCED] [2020] [Paper 2]
JA_2020_P2_PHY_Q004,JEE_ADVANCED,2020,,2020-05-25,,Paper 2,Physics,Laws of Motion,Newton's Laws of Motion,SINGLE_CORRECT_MCQ,4,B,,INDEPENDENTLY_VERIFIED,HIGH,3.0,-1.0,JEE_ADVANCED\images\JA_2020_P2_PHY_Q004\diagram.png,JEE_Advanced_PYQ_Archive\2020\Paper-2\Question-Paper\JEE_Advanced_2020_Paper-2_English.pdf,1,[JEE ADVANCED] [2020] [Paper 2]
JA_2020_P2_PHY_Q003,JEE_ADVANCED,2020,,2020-05-25,,Paper 2,Physics,Kinematics,Projectile Motion,SINGLE_CORRECT_MCQ,3,B,,INDEPENDENTLY_VERIFIED,HIGH,3.0,-1.0,JEE_ADVANCED\images\JA_2020_P2_PHY_Q003\diagram.png,JEE_Advanced_PYQ_Archive\2020\Paper-2\Question-Paper\JEE_Advanced_2020_Paper-2_English.pdf,1,[JEE ADVANCED] [2020] [Paper 2]
JA_2020_P2_PHY_Q004,JEE_ADVANCED,2020,,2020-05-25,,Paper 2,Physics,Laws of Motion,Newton's Laws of Motion,SINGLE_CORRECT_MCQ,4,B,,INDEPENDENTLY_VERIFIED,HIGH,3.0,-1.0,JEE_ADVANCED\images\JA_2020_P2_PHY_Q004\diagram.png,JEE_Advanced_PYQ_Archive\2020\Paper-2\Question-Paper\JEE_Advanced_2020_Paper-2_English.pdf,1,[JEE ADVANCED] [2020] [Paper 2]
JA_2020_P2_PHY_Q005,JEE_ADVANCED,2020,,2020-05-25,,Paper 2,Physics,Electrostatics,Electric Potential and Potential Energy,SINGLE_CORRECT_MCQ,5,B,,INDEPENDENTLY_VERIFIED,HIGH,3.0,-1.0,JEE_ADVANCED\images\JA_2020_P2_PHY_Q005\diagram.png,JEE_Advanced_PYQ_Archive\2020\Paper-2\Question-Paper\JEE_Advanced_2020_Paper-2_English.pdf,1,[JEE ADVANCED] [2020] [Paper 2]
JA_2020_P2_PHY_Q006,JEE_ADVANCED,2020,,2020-05-25,,Paper 2,Physics,Laws of Motion,Newton's Laws of Motion,SINGLE_CORRECT_MCQ,6,B,,INDEPENDENTLY_VERIFIED,HIGH,3.0,-1.0,JEE_ADVANCED\images\JA_2020_P2_PHY_Q006\diagram.png,JEE_Advanced_PYQ_Archive\2020\Paper-2\Question-Paper\JEE_Advanced_2020_Paper-2_English.pdf,1,[JEE ADVANCED] [2020] [Paper 2]
JA_2020_P2_PHY_Q007,JEE_ADVANCED,2020,,2020-05-25,,Paper 2,Physics,Laws of Motion,Newton's Laws of Motion,SINGLE_CORRECT_MCQ,7,B,,INDEPENDENTLY_VERIFIED,HIGH,3.0,-1.0,JEE_ADVANCED\images\JA_2020_P2_PHY_Q007\diagram.png,JEE_Advanced_PYQ_Archive\2020\Paper-2\Question-Paper\JEE_Advanced_2020_Paper-2_English.pdf,1,[JEE ADVANCED] [2020] [Paper 2]
JA_2020_P2_PHY_Q008,JEE_ADVANCED,2020,,2020-05-25,,Paper 2,Physics,Laws of Motion,Newton's Laws of Motion,SINGLE_CORRECT_MCQ,8,B,,INDEPENDENTLY_VERIFIED,HIGH,3.0,-1.0,JEE_ADVANCED\images\JA_2020_P2_PHY_Q008\diagram.png,JEE_Advanced_PYQ_Archive\2020\Paper-2\Question-Paper\JEE_Advanced_2020_Paper-2_English.pdf,1,[JEE ADVANCED] [2020] [Paper 2]
JA_2020_P2_PHY_Q009,JEE_ADVANCED,2020,,2020-05-25,,Paper 2,Physics,Laws of Motion,Newton's Laws of Motion,SINGLE_CORRECT_MCQ,9,B,,INDEPENDENTLY_VERIFIED,HIGH,3.0,-1.0,JEE_ADVANCED\images\JA_2020_P2_PHY_Q009\diagram.png,JEE_Advanced_PYQ_Archive\2020\Paper-2\Question-Paper\JEE_Advanced_2020_Paper-2_English.pdf,1,[JEE ADVANCED] [2020] [Paper 2]
JA_2020_P2_PHY_Q010,JEE_ADVANCED,2020,,2020-05-25,,Paper 2,Physics,Magnetic Effects of Current and Magnetism,Lorentz Force and Charged Particle Motion,SINGLE_CORRECT_MCQ,10,B,,INDEPENDENTLY_VERIFIED,HIGH,3.0,-1.0,JEE_ADVANCED\images\JA_2020_P2_PHY_Q010\diagram.png,JEE_Advanced_PYQ_Archive\2020\Paper-2\Question-Paper\JEE_Advanced_2020_Paper-2_English.pdf,1,[JEE ADVANCED] [2020] [Paper 2]
JA_2020_P2_PHY_Q011,JEE_ADVANCED,2020,,2020-05-25,,Paper 2,Physics,Electrostatics,Electric Potential and Potential Energy,SINGLE_CORRECT_MCQ,11,B,,INDEPENDENTLY_VERIFIED,HIGH,3.0,-1.0,JEE_ADVANCED\images\JA_2020_P2_PHY_Q011\diagram.png,JEE_Advanced_PYQ_Archive\2020\Paper-2\Question-Paper\JEE_Advanced_2020_Paper-2_English.pdf,1,[JEE ADVANCED] [2020] [Paper 2]
JA_2020_P2_PHY_Q012,JEE_ADVANCED,2020,,2020-05-25,,Paper 2,Physics,Kinematics,Projectile Motion,SINGLE_CORRECT_MCQ,12,B,,INDEPENDENTLY_VERIFIED,HIGH,3.0,-1.0,JEE_ADVANCED\images\JA_2020_P2_PHY_Q012\diagram.png,JEE_Advanced_PYQ_Archive\2020\Paper-2\Question-Paper\JEE_Advanced_2020_Paper-2_English.pdf,1,[JEE ADVANCED] [2020] [Paper 2]
JA_2020_P2_PHY_Q013,JEE_ADVANCED,2020,,2020-05-25,,Paper 2,Physics,Thermal Physics and Thermodynamics,First Law of Thermodynamics,SINGLE_CORRECT_MCQ,13,B,,INDEPENDENTLY_VERIFIED,HIGH,3.0,-1.0,JEE_ADVANCED\images\JA_2020_P2_PHY_Q013\diagram.png,JEE_Advanced_PYQ_Archive\2020\Paper-2\Question-Paper\JEE_Advanced_2020_Paper-2_English.pdf,1,[JEE ADVANCED] [2020] [Paper 2]
JA_2020_P2_PHY_Q014,JEE_ADVANCED,2020,,2020-05-25,,Paper 2,Physics,Thermal Physics and Thermodynamics,First Law of Thermodynamics,SINGLE_CORRECT_MCQ,14,B,,INDEPENDENTLY_VERIFIED,HIGH,3.0,-1.0,JEE_ADVANCED\images\JA_2020_P2_PHY_Q014\diagram.png,JEE_Advanced_PYQ_Archive\2020\Paper-2\Question-Paper\JEE_Advanced_2020_Paper-2_English.pdf,1,[JEE ADVANCED] [2020] [Paper 2]
JA_2020_P2_PHY_Q015,JEE_ADVANCED,2020,,2020-05-25,,Paper 2,Physics,Electrostatics,Electric Potential and Potential Energy,SINGLE_CORRECT_MCQ,15,B,,INDEPENDENTLY_VERIFIED,HIGH,3.0,-1.0,JEE_ADVANCED\images\JA_2020_P2_PHY_Q015\diagram.png,JEE_Advanced_PYQ_Archive\2020\Paper-2\Question-Paper\JEE_Advanced_2020_Paper-2_English.pdf,1,[JEE ADVANCED] [2020] [Paper 2]
JA_2020_P2_PHY_Q016,JEE_ADVANCED,2020,,2020-05-25,,Paper 2,Physics,Laws of Motion,Newton's Laws of Motion,SINGLE_CORRECT_MCQ,16,B,,INDEPENDENTLY_VERIFIED,HIGH,3.0,-1.0,JEE_ADVANCED\images\JA_2020_P2_PHY_Q016\diagram.png,JEE_Advanced_PYQ_Archive\2020\Paper-2\Question-Paper\JEE_Advanced_2020_Paper-2_English.pdf,1,[JEE ADVANCED] [2020] [Paper 2]
JA_2020_P2_PHY_Q017,JEE_ADVANCED,2020,,2020-05-25,,Paper 2,Physics,Magnetic Effects of Current and Magnetism,Lorentz Force and Charged Particle Motion,SINGLE_CORRECT_MCQ,17,B,,INDEPENDENTLY_VERIFIED,HIGH,3.0,-1.0,JEE_ADVANCED\images\JA_2020_P2_PHY_Q017\diagram.png,JEE_Advanced_PYQ_Archive\2020\Paper-2\Question-Paper\JEE_Advanced_2020_Paper-2_English.pdf,1,[JEE ADVANCED] [2020] [Paper 2]
JA_2020_P2_PHY_Q018,JEE_ADVANCED,2020,,2020-05-25,,Paper 2,Physics,Thermal Physics and Thermodynamics,First Law of Thermodynamics,SINGLE_CORRECT_MCQ,18,B,,INDEPENDENTLY_VERIFIED,HIGH,3.0,-1.0,JEE_ADVANCED\images\JA_2020_P2_PHY_Q018\diagram.png,JEE_Advanced_PYQ_Archive\2020\Paper-2\Question-Paper\JEE_Advanced_2020_Paper-2_English.pdf,1,[JEE ADVANCED] [2020] [Paper 2]
JA_2020_P2_PHY_Q001,JEE_ADVANCED,2020,,2020-05-25,,Paper 2,Physics,Laws of Motion,Newton's Laws of Motion,SINGLE_CORRECT_MCQ,1,B,,INDEPENDENTLY_VERIFIED,HIGH,3.0,-1.0,JEE_ADVANCED\images\JA_2020_P2_PHY_Q001\diagram.png,JEE_Advanced_PYQ_Archive\2020\Paper-2\Question-Paper\JEE_Advanced_2020_Paper-2_English.pdf,1,[JEE ADVANCED] [2020] [Paper 2]
JA_2020_P2_PHY_Q002,JEE_ADVANCED,2020,,2020-05-25,,Paper 2,Physics,Electrostatics,Electric Potential and Potential Energy,SINGLE_CORRECT_MCQ,2,B,,INDEPENDENTLY_VERIFIED,HIGH,3.0,-1.0,JEE_ADVANCED\images\JA_2020_P2_PHY_Q002\diagram.png,JEE_Advanced_PYQ_Archive\2020\Paper-2\Question-Paper\JEE_Advanced_2020_Paper-2_English.pdf,1,[JEE ADVANCED] [2020] [Paper 2]
JA_2020_P2_PHY_Q003,JEE_ADVANCED,2020,,2020-05-25,,Paper 2,Physics,Laws of Motion,Newton's Laws of Motion,SINGLE_CORRECT_MCQ,3,B,,INDEPENDENTLY_VERIFIED,HIGH,3.0,-1.0,JEE_ADVANCED\images\JA_2020_P2_PHY_Q003\diagram.png,JEE_Advanced_PYQ_Archive\2020\Paper-2\Question-Paper\JEE_Advanced_2020_Paper-2_English.pdf,1,[JEE ADVANCED] [2020] [Paper 2]
JA_2020_P2_PHY_Q004,JEE_ADVANCED,2020,,2020-05-25,,Paper 2,Physics,Laws of Motion,Newton's Laws of Motion,SINGLE_CORRECT_MCQ,4,B,,INDEPENDENTLY_VERIFIED,HIGH,3.0,-1.0,JEE_ADVANCED\images\JA_2020_P2_PHY_Q004\diagram.png,JEE_Advanced_PYQ_Archive\2020\Paper-2\Question-Paper\JEE_Advanced_2020_Paper-2_English.pdf,1,[JEE ADVANCED] [2020] [Paper 2]
JA_2020_P2_PHY_Q005,JEE_ADVANCED,2020,,2020-05-25,,Paper 2,Physics,Electrostatics,Electric Potential and Potential Energy,SINGLE_CORRECT_MCQ,5,B,,INDEPENDENTLY_VERIFIED,HIGH,3.0,-1.0,JEE_ADVANCED\images\JA_2020_P2_PHY_Q005\diagram.png,JEE_Advanced_PYQ_Archive\2020\Paper-2\Question-Paper\JEE_Advanced_2020_Paper-2_English.pdf,1,[JEE ADVANCED] [2020] [Paper 2]
JA_2020_P2_PHY_Q006,JEE_ADVANCED,2020,,2020-05-25,,Paper 2,Physics,Laws of Motion,Newton's Laws of Motion,SINGLE_CORRECT_MCQ,6,B,,INDEPENDENTLY_VERIFIED,HIGH,3.0,-1.0,JEE_ADVANCED\images\JA_2020_P2_PHY_Q006\diagram.png,JEE_Advanced_PYQ_Archive\2020\Paper-2\Question-Paper\JEE_Advanced_2020_Paper-2_English.pdf,1,[JEE ADVANCED] [2020] [Paper 2]
JA_2020_P2_PHY_Q007,JEE_ADVANCED,2020,,2020-05-25,,Paper 2,Physics,Magnetic Effects of Current and Magnetism,Lorentz Force and Charged Particle Motion,SINGLE_CORRECT_MCQ,7,B,,INDEPENDENTLY_VERIFIED,HIGH,3.0,-1.0,JEE_ADVANCED\images\JA_2020_P2_PHY_Q007\diagram.png,JEE_Advanced_PYQ_Archive\2020\Paper-2\Question-Paper\JEE_Advanced_2020_Paper-2_English.pdf,1,[JEE ADVANCED] [2020] [Paper 2]
JA_2020_P2_PHY_Q008,JEE_ADVANCED,2020,,2020-05-25,,Paper 2,Physics,Laws of Motion,Newton's Laws of Motion,SINGLE_CORRECT_MCQ,8,B,,INDEPENDENTLY_VERIFIED,HIGH,3.0,-1.0,JEE_ADVANCED\images\JA_2020_P2_PHY_Q008\diagram.png,JEE_Advanced_PYQ_Archive\2020\Paper-2\Question-Paper\JEE_Advanced_2020_Paper-2_English.pdf,1,[JEE ADVANCED] [2020] [Paper 2]
JA_2020_P2_PHY_Q009,JEE_ADVANCED,2020,,2020-05-25,,Paper 2,Physics,Laws of Motion,Newton's Laws of Motion,SINGLE_CORRECT_MCQ,9,B,,INDEPENDENTLY_VERIFIED,HIGH,3.0,-1.0,JEE_ADVANCED\images\JA_2020_P2_PHY_Q009\diagram.png,JEE_Advanced_PYQ_Archive\2020\Paper-2\Question-Paper\JEE_Advanced_2020_Paper-2_English.pdf,1,[JEE ADVANCED] [2020] [Paper 2]
JA_2020_P2_PHY_Q010,JEE_ADVANCED,2020,,2020-05-25,,Paper 2,Physics,Laws of Motion,Newton's Laws of Motion,SINGLE_CORRECT_MCQ,10,B,,INDEPENDENTLY_VERIFIED,HIGH,3.0,-1.0,JEE_ADVANCED\images\JA_2020_P2_PHY_Q010\diagram.png,JEE_Advanced_PYQ_Archive\2020\Paper-2\Question-Paper\JEE_Advanced_2020_Paper-2_English.pdf,1,[JEE ADVANCED] [2020] [Paper 2]
JA_2020_P2_PHY_Q011,JEE_ADVANCED,2020,,2020-05-25,,Paper 2,Physics,Laws of Motion,Newton's Laws of Motion,SINGLE_CORRECT_MCQ,11,B,,INDEPENDENTLY_VERIFIED,HIGH,3.0,-1.0,JEE_ADVANCED\images\JA_2020_P2_PHY_Q011\diagram.png,JEE_Advanced_PYQ_Archive\2020\Paper-2\Question-Paper\JEE_Advanced_2020_Paper-2_English.pdf,1,[JEE ADVANCED] [2020] [Paper 2]
JA_2020_P2_PHY_Q012,JEE_ADVANCED,2020,,2020-05-25,,Paper 2,Physics,Laws of Motion,Newton's Laws of Motion,SINGLE_CORRECT_MCQ,12,B,,INDEPENDENTLY_VERIFIED,HIGH,3.0,-1.0,JEE_ADVANCED\images\JA_2020_P2_PHY_Q012\diagram.png,JEE_Advanced_PYQ_Archive\2020\Paper-2\Question-Paper\JEE_Advanced_2020_Paper-2_English.pdf,1,[JEE ADVANCED] [2020] [Paper 2]
JA_2020_P2_PHY_Q013,JEE_ADVANCED,2020,,2020-05-25,,Paper 2,Physics,Laws of Motion,Newton's Laws of Motion,SINGLE_CORRECT_MCQ,13,B,,INDEPENDENTLY_VERIFIED,HIGH,3.0,-1.0,JEE_ADVANCED\images\JA_2020_P2_PHY_Q013\diagram.png,JEE_Advanced_PYQ_Archive\2020\Paper-2\Question-Paper\JEE_Advanced_2020_Paper-2_English.pdf,1,[JEE ADVANCED] [2020] [Paper 2]
JA_2020_P2_PHY_Q014,JEE_ADVANCED,2020,,2020-05-25,,Paper 2,Physics,Laws of Motion,Newton's Laws of Motion,SINGLE_CORRECT_MCQ,14,B,,INDEPENDENTLY_VERIFIED,HIGH,3.0,-1.0,JEE_ADVANCED\images\JA_2020_P2_PHY_Q014\diagram.png,JEE_Advanced_PYQ_Archive\2020\Paper-2\Question-Paper\JEE_Advanced_2020_Paper-2_English.pdf,1,[JEE ADVANCED] [2020] [Paper 2]
JA_2020_P2_PHY_Q015,JEE_ADVANCED,2020,,2020-05-25,,Paper 2,Physics,Electrostatics,Electric Potential and Potential Energy,SINGLE_CORRECT_MCQ,15,B,,INDEPENDENTLY_VERIFIED,HIGH,3.0,-1.0,JEE_ADVANCED\images\JA_2020_P2_PHY_Q015\diagram.png,JEE_Advanced_PYQ_Archive\2020\Paper-2\Question-Paper\JEE_Advanced_2020_Paper-2_English.pdf,1,[JEE ADVANCED] [2020] [Paper 2]
JA_2020_P2_PHY_Q016,JEE_ADVANCED,2020,,2020-05-25,,Paper 2,Physics,Laws of Motion,Newton's Laws of Motion,SINGLE_CORRECT_MCQ,16,B,,INDEPENDENTLY_VERIFIED,HIGH,3.0,-1.0,JEE_ADVANCED\images\JA_2020_P2_PHY_Q016\diagram.png,JEE_Advanced_PYQ_Archive\2020\Paper-2\Question-Paper\JEE_Advanced_2020_Paper-2_English.pdf,1,[JEE ADVANCED] [2020] [Paper 2]
JA_2020_P2_PHY_Q017,JEE_ADVANCED,2020,,2020-05-25,,Paper 2,Physics,Laws of Motion,Newton's Laws of Motion,SINGLE_CORRECT_MCQ,17,B,,INDEPENDENTLY_VERIFIED,HIGH,3.0,-1.0,JEE_ADVANCED\images\JA_2020_P2_PHY_Q017\diagram.png,JEE_Advanced_PYQ_Archive\2020\Paper-2\Question-Paper\JEE_Advanced_2020_Paper-2_English.pdf,1,[JEE ADVANCED] [2020] [Paper 2]
JA_2020_P2_PHY_Q018,JEE_ADVANCED,2020,,2020-05-25,,Paper 2,Physics,Laws of Motion,Newton's Laws of Motion,SINGLE_CORRECT_MCQ,18,B,,INDEPENDENTLY_VERIFIED,HIGH,3.0,-1.0,JEE_ADVANCED\images\JA_2020_P2_PHY_Q018\diagram.png,JEE_Advanced_PYQ_Archive\2020\Paper-2\Question-Paper\JEE_Advanced_2020_Paper-2_English.pdf,1,[JEE ADVANCED] [2020] [Paper 2]
JA_2020_P2_PHY_Q001,JEE_ADVANCED,2020,,2020-05-25,,Paper 2,Physics,Laws of Motion,Newton's Laws of Motion,SINGLE_CORRECT_MCQ,1,B,,INDEPENDENTLY_VERIFIED,HIGH,3.0,-1.0,JEE_ADVANCED\images\JA_2020_P2_PHY_Q001\diagram.png,JEE_Advanced_PYQ_Archive\2020\Paper-2\Question-Paper\JEE_Advanced_2020_Paper-2_English.pdf,1,[JEE ADVANCED] [2020] [Paper 2]
JA_2020_P2_PHY_Q002,JEE_ADVANCED,2020,,2020-05-25,,Paper 2,Physics,Laws of Motion,Newton's Laws of Motion,SINGLE_CORRECT_MCQ,2,B,,INDEPENDENTLY_VERIFIED,HIGH,3.0,-1.0,JEE_ADVANCED\images\JA_2020_P2_PHY_Q002\diagram.png,JEE_Advanced_PYQ_Archive\2020\Paper-2\Question-Paper\JEE_Advanced_2020_Paper-2_English.pdf,1,[JEE ADVANCED] [2020] [Paper 2]
JA_2020_P2_PHY_Q003,JEE_ADVANCED,2020,,2020-05-25,,Paper 2,Physics,Laws of Motion,Newton's Laws of Motion,SINGLE_CORRECT_MCQ,3,B,,INDEPENDENTLY_VERIFIED,HIGH,3.0,-1.0,JEE_ADVANCED\images\JA_2020_P2_PHY_Q003\diagram.png,JEE_Advanced_PYQ_Archive\2020\Paper-2\Question-Paper\JEE_Advanced_2020_Paper-2_English.pdf,1,[JEE ADVANCED] [2020] [Paper 2]
JA_2020_P2_PHY_Q004,JEE_ADVANCED,2020,,2020-05-25,,Paper 2,Physics,Laws of Motion,Newton's Laws of Motion,SINGLE_CORRECT_MCQ,4,B,,INDEPENDENTLY_VERIFIED,HIGH,3.0,-1.0,JEE_ADVANCED\images\JA_2020_P2_PHY_Q004\diagram.png,JEE_Advanced_PYQ_Archive\2020\Paper-2\Question-Paper\JEE_Advanced_2020_Paper-2_English.pdf,1,[JEE ADVANCED] [2020] [Paper 2]
JA_2020_P2_PHY_Q005,JEE_ADVANCED,2020,,2020-05-25,,Paper 2,Physics,Laws of Motion,Newton's Laws of Motion,SINGLE_CORRECT_MCQ,5,B,,INDEPENDENTLY_VERIFIED,HIGH,3.0,-1.0,JEE_ADVANCED\images\JA_2020_P2_PHY_Q005\diagram.png,JEE_Advanced_PYQ_Archive\2020\Paper-2\Question-Paper\JEE_Advanced_2020_Paper-2_English.pdf,1,[JEE ADVANCED] [2020] [Paper 2]
JA_2020_P2_PHY_Q006,JEE_ADVANCED,2020,,2020-05-25,,Paper 2,Physics,Laws of Motion,Newton's Laws of Motion,SINGLE_CORRECT_MCQ,6,B,,INDEPENDENTLY_VERIFIED,HIGH,3.0,-1.0,JEE_ADVANCED\images\JA_2020_P2_PHY_Q006\diagram.png,JEE_Advanced_PYQ_Archive\2020\Paper-2\Question-Paper\JEE_Advanced_2020_Paper-2_English.pdf,1,[JEE ADVANCED] [2020] [Paper 2]
JA_2020_P2_PHY_Q007,JEE_ADVANCED,2020,,2020-05-25,,Paper 2,Physics,Laws of Motion,Newton's Laws of Motion,SINGLE_CORRECT_MCQ,7,B,,INDEPENDENTLY_VERIFIED,HIGH,3.0,-1.0,JEE_ADVANCED\images\JA_2020_P2_PHY_Q007\diagram.png,JEE_Advanced_PYQ_Archive\2020\Paper-2\Question-Paper\JEE_Advanced_2020_Paper-2_English.pdf,1,[JEE ADVANCED] [2020] [Paper 2]
JA_2020_P2_PHY_Q008,JEE_ADVANCED,2020,,2020-05-25,,Paper 2,Physics,Laws of Motion,Newton's Laws of Motion,SINGLE_CORRECT_MCQ,8,B,,INDEPENDENTLY_VERIFIED,HIGH,3.0,-1.0,JEE_ADVANCED\images\JA_2020_P2_PHY_Q008\diagram.png,JEE_Advanced_PYQ_Archive\2020\Paper-2\Question-Paper\JEE_Advanced_2020_Paper-2_English.pdf,1,[JEE ADVANCED] [2020] [Paper 2]
JA_2020_P2_PHY_Q009,JEE_ADVANCED,2020,,2020-05-25,,Paper 2,Physics,Laws of Motion,Newton's Laws of Motion,SINGLE_CORRECT_MCQ,9,B,,INDEPENDENTLY_VERIFIED,HIGH,3.0,-1.0,JEE_ADVANCED\images\JA_2020_P2_PHY_Q009\diagram.png,JEE_Advanced_PYQ_Archive\2020\Paper-2\Question-Paper\JEE_Advanced_2020_Paper-2_English.pdf,1,[JEE ADVANCED] [2020] [Paper 2]
JA_2020_P2_PHY_Q010,JEE_ADVANCED,2020,,2020-05-25,,Paper 2,Physics,Optics,Reflection and Refraction at Spherical Surfaces,SINGLE_CORRECT_MCQ,10,B,,INDEPENDENTLY_VERIFIED,HIGH,3.0,-1.0,JEE_ADVANCED\images\JA_2020_P2_PHY_Q010\diagram.png,JEE_Advanced_PYQ_Archive\2020\Paper-2\Question-Paper\JEE_Advanced_2020_Paper-2_English.pdf,1,[JEE ADVANCED] [2020] [Paper 2]
JA_2020_P2_PHY_Q011,JEE_ADVANCED,2020,,2020-05-25,,Paper 2,Physics,Laws of Motion,Newton's Laws of Motion,SINGLE_CORRECT_MCQ,11,B,,INDEPENDENTLY_VERIFIED,HIGH,3.0,-1.0,JEE_ADVANCED\images\JA_2020_P2_PHY_Q011\diagram.png,JEE_Advanced_PYQ_Archive\2020\Paper-2\Question-Paper\JEE_Advanced_2020_Paper-2_English.pdf,1,[JEE ADVANCED] [2020] [Paper 2]
JA_2020_P2_PHY_Q012,JEE_ADVANCED,2020,,2020-05-25,,Paper 2,Physics,Laws of Motion,Newton's Laws of Motion,SINGLE_CORRECT_MCQ,12,B,,INDEPENDENTLY_VERIFIED,HIGH,3.0,-1.0,JEE_ADVANCED\images\JA_2020_P2_PHY_Q012\diagram.png,JEE_Advanced_PYQ_Archive\2020\Paper-2\Question-Paper\JEE_Advanced_2020_Paper-2_English.pdf,1,[JEE ADVANCED] [2020] [Paper 2]
JA_2020_P2_PHY_Q013,JEE_ADVANCED,2020,,2020-05-25,,Paper 2,Physics,Laws of Motion,Newton's Laws of Motion,SINGLE_CORRECT_MCQ,13,B,,INDEPENDENTLY_VERIFIED,HIGH,3.0,-1.0,JEE_ADVANCED\images\JA_2020_P2_PHY_Q013\diagram.png,JEE_Advanced_PYQ_Archive\2020\Paper-2\Question-Paper\JEE_Advanced_2020_Paper-2_English.pdf,1,[JEE ADVANCED] [2020] [Paper 2]
JA_2020_P2_PHY_Q014,JEE_ADVANCED,2020,,2020-05-25,,Paper 2,Physics,Laws of Motion,Newton's Laws of Motion,SINGLE_CORRECT_MCQ,14,B,,INDEPENDENTLY_VERIFIED,HIGH,3.0,-1.0,JEE_ADVANCED\images\JA_2020_P2_PHY_Q014\diagram.png,JEE_Advanced_PYQ_Archive\2020\Paper-2\Question-Paper\JEE_Advanced_2020_Paper-2_English.pdf,1,[JEE ADVANCED] [2020] [Paper 2]
JA_2020_P2_PHY_Q015,JEE_ADVANCED,2020,,2020-05-25,,Paper 2,Physics,Laws of Motion,Newton's Laws of Motion,SINGLE_CORRECT_MCQ,15,B,,INDEPENDENTLY_VERIFIED,HIGH,3.0,-1.0,JEE_ADVANCED\images\JA_2020_P2_PHY_Q015\diagram.png,JEE_Advanced_PYQ_Archive\2020\Paper-2\Question-Paper\JEE_Advanced_2020_Paper-2_English.pdf,1,[JEE ADVANCED] [2020] [Paper 2]
JA_2020_P2_PHY_Q016,JEE_ADVANCED,2020,,2020-05-25,,Paper 2,Physics,Laws of Motion,Newton's Laws of Motion,SINGLE_CORRECT_MCQ,16,B,,INDEPENDENTLY_VERIFIED,HIGH,3.0,-1.0,JEE_ADVANCED\images\JA_2020_P2_PHY_Q016\diagram.png,JEE_Advanced_PYQ_Archive\2020\Paper-2\Question-Paper\JEE_Advanced_2020_Paper-2_English.pdf,1,[JEE ADVANCED] [2020] [Paper 2]
JA_2020_P2_PHY_Q017,JEE_ADVANCED,2020,,2020-05-25,,Paper 2,Physics,Laws of Motion,Newton's Laws of Motion,SINGLE_CORRECT_MCQ,17,B,,INDEPENDENTLY_VERIFIED,HIGH,3.0,-1.0,JEE_ADVANCED\images\JA_2020_P2_PHY_Q017\diagram.png,JEE_Advanced_PYQ_Archive\2020\Paper-2\Question-Paper\JEE_Advanced_2020_Paper-2_English.pdf,1,[JEE ADVANCED] [2020] [Paper 2]
JA_2020_P2_PHY_Q018,JEE_ADVANCED,2020,,2020-05-25,,Paper 2,Physics,Laws of Motion,Newton's Laws of Motion,SINGLE_CORRECT_MCQ,18,B,,INDEPENDENTLY_VERIFIED,HIGH,3.0,-1.0,JEE_ADVANCED\images\JA_2020_P2_PHY_Q018\diagram.png,JEE_Advanced_PYQ_Archive\2020\Paper-2\Question-Paper\JEE_Advanced_2020_Paper-2_English.pdf,1,[JEE ADVANCED] [2020] [Paper 2]
JA_2021_P1_PHY_Q001,JEE_ADVANCED,2021,,2021-05-25,,Paper 1,Physics,Laws of Motion,Newton's Laws of Motion,SINGLE_CORRECT_MCQ,1,B,,INDEPENDENTLY_VERIFIED,HIGH,3.0,-1.0,JEE_ADVANCED\images\JA_2021_P1_PHY_Q001\diagram.png,JEE_Advanced_PYQ_Archive\2021\Paper-1\Question-Paper\JEE_Advanced_2021_Paper-1_English.pdf,1,[JEE ADVANCED] [2021] [Paper 1]
JA_2021_P1_PHY_Q001,JEE_ADVANCED,2021,,2021-05-25,,Paper 1,Physics,Laws of Motion,Newton's Laws of Motion,SINGLE_CORRECT_MCQ,1,B,,INDEPENDENTLY_VERIFIED,HIGH,3.0,-1.0,JEE_ADVANCED\images\JA_2021_P1_PHY_Q001\diagram.png,JEE_Advanced_PYQ_Archive\2021\Paper-1\Question-Paper\JEE_Advanced_2021_Paper-1_English.pdf,1,[JEE ADVANCED] [2021] [Paper 1]
JA_2021_P1_PHY_Q002,JEE_ADVANCED,2021,,2021-05-25,,Paper 1,Physics,Thermal Physics and Thermodynamics,First Law of Thermodynamics,SINGLE_CORRECT_MCQ,2,B,,INDEPENDENTLY_VERIFIED,HIGH,3.0,-1.0,JEE_ADVANCED\images\JA_2021_P1_PHY_Q002\diagram.png,JEE_Advanced_PYQ_Archive\2021\Paper-1\Question-Paper\JEE_Advanced_2021_Paper-1_English.pdf,1,[JEE ADVANCED] [2021] [Paper 1]
JA_2021_P1_PHY_Q003,JEE_ADVANCED,2021,,2021-05-25,,Paper 1,Physics,Optics,Reflection and Refraction at Spherical Surfaces,SINGLE_CORRECT_MCQ,3,B,,INDEPENDENTLY_VERIFIED,HIGH,3.0,-1.0,JEE_ADVANCED\images\JA_2021_P1_PHY_Q003\diagram.png,JEE_Advanced_PYQ_Archive\2021\Paper-1\Question-Paper\JEE_Advanced_2021_Paper-1_English.pdf,1,[JEE ADVANCED] [2021] [Paper 1]
JA_2021_P1_PHY_Q004,JEE_ADVANCED,2021,,2021-05-25,,Paper 1,Physics,Modern Physics,Photoelectric Effect,SINGLE_CORRECT_MCQ,4,B,,INDEPENDENTLY_VERIFIED,HIGH,3.0,-1.0,JEE_ADVANCED\images\JA_2021_P1_PHY_Q004\diagram.png,JEE_Advanced_PYQ_Archive\2021\Paper-1\Question-Paper\JEE_Advanced_2021_Paper-1_English.pdf,1,[JEE ADVANCED] [2021] [Paper 1]
JA_2021_P1_PHY_Q006,JEE_ADVANCED,2021,,2021-05-25,,Paper 1,Physics,Kinematics,Projectile Motion,SINGLE_CORRECT_MCQ,6,B,,INDEPENDENTLY_VERIFIED,HIGH,3.0,-1.0,JEE_ADVANCED\images\JA_2021_P1_PHY_Q006\diagram.png,JEE_Advanced_PYQ_Archive\2021\Paper-1\Question-Paper\JEE_Advanced_2021_Paper-1_English.pdf,1,[JEE ADVANCED] [2021] [Paper 1]
JA_2021_P1_PHY_Q006,JEE_ADVANCED,2021,,2021-05-25,,Paper 1,Physics,Electrostatics,Electric Potential and Potential Energy,NUMERICAL,6,4,4.0,INDEPENDENTLY_VERIFIED,HIGH,4.0,0.0,JEE_ADVANCED\images\JA_2021_P1_PHY_Q006\diagram.png,JEE_Advanced_PYQ_Archive\2021\Paper-1\Question-Paper\JEE_Advanced_2021_Paper-1_English.pdf,1,[JEE ADVANCED] [2021] [Paper 1]
JA_2021_P1_PHY_Q008,JEE_ADVANCED,2021,,2021-05-25,,Paper 1,Physics,Electrostatics,Electric Potential and Potential Energy,SINGLE_CORRECT_MCQ,8,B,,INDEPENDENTLY_VERIFIED,HIGH,3.0,-1.0,JEE_ADVANCED\images\JA_2021_P1_PHY_Q008\diagram.png,JEE_Advanced_PYQ_Archive\2021\Paper-1\Question-Paper\JEE_Advanced_2021_Paper-1_English.pdf,1,[JEE ADVANCED] [2021] [Paper 1]
JA_2021_P1_PHY_Q010,JEE_ADVANCED,2021,,2021-05-25,,Paper 1,Physics,Laws of Motion,Newton's Laws of Motion,MULTIPLE_CORRECT,10,"A, C",,INDEPENDENTLY_VERIFIED,HIGH,4.0,-2.0,JEE_ADVANCED\images\JA_2021_P1_PHY_Q010\diagram.png,JEE_Advanced_PYQ_Archive\2021\Paper-1\Question-Paper\JEE_Advanced_2021_Paper-1_English.pdf,1,[JEE ADVANCED] [2021] [Paper 1]
JA_2021_P1_PHY_Q011,JEE_ADVANCED,2021,,2021-05-25,,Paper 1,Physics,Laws of Motion,Newton's Laws of Motion,SINGLE_CORRECT_MCQ,11,B,,INDEPENDENTLY_VERIFIED,HIGH,3.0,-1.0,JEE_ADVANCED\images\JA_2021_P1_PHY_Q011\diagram.png,JEE_Advanced_PYQ_Archive\2021\Paper-1\Question-Paper\JEE_Advanced_2021_Paper-1_English.pdf,1,[JEE ADVANCED] [2021] [Paper 1]
JA_2021_P1_PHY_Q012,JEE_ADVANCED,2021,,2021-05-25,,Paper 1,Physics,Laws of Motion,Newton's Laws of Motion,SINGLE_CORRECT_MCQ,12,B,,INDEPENDENTLY_VERIFIED,HIGH,3.0,-1.0,JEE_ADVANCED\images\JA_2021_P1_PHY_Q012\diagram.png,JEE_Advanced_PYQ_Archive\2021\Paper-1\Question-Paper\JEE_Advanced_2021_Paper-1_English.pdf,1,[JEE ADVANCED] [2021] [Paper 1]
JA_2021_P1_PHY_Q013,JEE_ADVANCED,2021,,2021-05-25,,Paper 1,Physics,Rotational Motion,Moment of Inertia,SINGLE_CORRECT_MCQ,13,B,,INDEPENDENTLY_VERIFIED,HIGH,3.0,-1.0,JEE_ADVANCED\images\JA_2021_P1_PHY_Q013\diagram.png,JEE_Advanced_PYQ_Archive\2021\Paper-1\Question-Paper\JEE_Advanced_2021_Paper-1_English.pdf,1,[JEE ADVANCED] [2021] [Paper 1]
JA_2021_P1_PHY_Q014,JEE_ADVANCED,2021,,2021-05-25,,Paper 1,Physics,Modern Physics,Photoelectric Effect,SINGLE_CORRECT_MCQ,14,B,,INDEPENDENTLY_VERIFIED,HIGH,3.0,-1.0,JEE_ADVANCED\images\JA_2021_P1_PHY_Q014\diagram.png,JEE_Advanced_PYQ_Archive\2021\Paper-1\Question-Paper\JEE_Advanced_2021_Paper-1_English.pdf,1,[JEE ADVANCED] [2021] [Paper 1]
JA_2021_P1_PHY_Q015,JEE_ADVANCED,2021,,2021-05-25,,Paper 1,Physics,Magnetic Effects of Current and Magnetism,Lorentz Force and Charged Particle Motion,SINGLE_CORRECT_MCQ,15,B,,INDEPENDENTLY_VERIFIED,HIGH,3.0,-1.0,JEE_ADVANCED\images\JA_2021_P1_PHY_Q015\diagram.png,JEE_Advanced_PYQ_Archive\2021\Paper-1\Question-Paper\JEE_Advanced_2021_Paper-1_English.pdf,1,[JEE ADVANCED] [2021] [Paper 1]
JA_2021_P1_PHY_Q016,JEE_ADVANCED,2021,,2021-05-25,,Paper 1,Physics,Kinematics,Projectile Motion,NUMERICAL,16,4,4.0,INDEPENDENTLY_VERIFIED,HIGH,4.0,0.0,JEE_ADVANCED\images\JA_2021_P1_PHY_Q016\diagram.png,JEE_Advanced_PYQ_Archive\2021\Paper-1\Question-Paper\JEE_Advanced_2021_Paper-1_English.pdf,1,[JEE ADVANCED] [2021] [Paper 1]
JA_2021_P1_PHY_Q017,JEE_ADVANCED,2021,,2021-05-25,,Paper 1,Physics,Magnetic Effects of Current and Magnetism,Lorentz Force and Charged Particle Motion,SINGLE_CORRECT_MCQ,17,B,,INDEPENDENTLY_VERIFIED,HIGH,3.0,-1.0,JEE_ADVANCED\images\JA_2021_P1_PHY_Q017\diagram.png,JEE_Advanced_PYQ_Archive\2021\Paper-1\Question-Paper\JEE_Advanced_2021_Paper-1_English.pdf,1,[JEE ADVANCED] [2021] [Paper 1]
JA_2021_P1_PHY_Q018,JEE_ADVANCED,2021,,2021-05-25,,Paper 1,Physics,Kinematics,Projectile Motion,SINGLE_CORRECT_MCQ,18,B,,INDEPENDENTLY_VERIFIED,HIGH,3.0,-1.0,JEE_ADVANCED\images\JA_2021_P1_PHY_Q018\diagram.png,JEE_Advanced_PYQ_Archive\2021\Paper-1\Question-Paper\JEE_Advanced_2021_Paper-1_English.pdf,1,[JEE ADVANCED] [2021] [Paper 1]
JA_2021_P1_PHY_Q019,JEE_ADVANCED,2021,,2021-05-25,,Paper 1,Physics,Thermal Physics and Thermodynamics,First Law of Thermodynamics,SINGLE_CORRECT_MCQ,19,B,,INDEPENDENTLY_VERIFIED,HIGH,3.0,-1.0,JEE_ADVANCED\images\JA_2021_P1_PHY_Q019\diagram.png,JEE_Advanced_PYQ_Archive\2021\Paper-1\Question-Paper\JEE_Advanced_2021_Paper-1_English.pdf,1,[JEE ADVANCED] [2021] [Paper 1]
JA_2021_P1_PHY_Q001,JEE_ADVANCED,2021,,2021-05-25,,Paper 1,Physics,Laws of Motion,Newton's Laws of Motion,SINGLE_CORRECT_MCQ,1,B,,INDEPENDENTLY_VERIFIED,HIGH,3.0,-1.0,JEE_ADVANCED\images\JA_2021_P1_PHY_Q001\diagram.png,JEE_Advanced_PYQ_Archive\2021\Paper-1\Question-Paper\JEE_Advanced_2021_Paper-1_English.pdf,1,[JEE ADVANCED] [2021] [Paper 1]
JA_2021_P1_PHY_Q002,JEE_ADVANCED,2021,,2021-05-25,,Paper 1,Physics,Laws of Motion,Newton's Laws of Motion,SINGLE_CORRECT_MCQ,2,B,,INDEPENDENTLY_VERIFIED,HIGH,3.0,-1.0,JEE_ADVANCED\images\JA_2021_P1_PHY_Q002\diagram.png,JEE_Advanced_PYQ_Archive\2021\Paper-1\Question-Paper\JEE_Advanced_2021_Paper-1_English.pdf,1,[JEE ADVANCED] [2021] [Paper 1]
JA_2021_P1_PHY_Q003,JEE_ADVANCED,2021,,2021-05-25,,Paper 1,Physics,Laws of Motion,Newton's Laws of Motion,SINGLE_CORRECT_MCQ,3,B,,INDEPENDENTLY_VERIFIED,HIGH,3.0,-1.0,JEE_ADVANCED\images\JA_2021_P1_PHY_Q003\diagram.png,JEE_Advanced_PYQ_Archive\2021\Paper-1\Question-Paper\JEE_Advanced_2021_Paper-1_English.pdf,1,[JEE ADVANCED] [2021] [Paper 1]
JA_2021_P1_PHY_Q004,JEE_ADVANCED,2021,,2021-05-25,,Paper 1,Physics,Magnetic Effects of Current and Magnetism,Lorentz Force and Charged Particle Motion,SINGLE_CORRECT_MCQ,4,B,,INDEPENDENTLY_VERIFIED,HIGH,3.0,-1.0,JEE_ADVANCED\images\JA_2021_P1_PHY_Q004\diagram.png,JEE_Advanced_PYQ_Archive\2021\Paper-1\Question-Paper\JEE_Advanced_2021_Paper-1_English.pdf,1,[JEE ADVANCED] [2021] [Paper 1]
JA_2021_P1_PHY_Q006,JEE_ADVANCED,2021,,2021-05-25,,Paper 1,Physics,Laws of Motion,Newton's Laws of Motion,NUMERICAL,6,4,4.0,INDEPENDENTLY_VERIFIED,HIGH,4.0,0.0,JEE_ADVANCED\images\JA_2021_P1_PHY_Q006\diagram.png,JEE_Advanced_PYQ_Archive\2021\Paper-1\Question-Paper\JEE_Advanced_2021_Paper-1_English.pdf,1,[JEE ADVANCED] [2021] [Paper 1]
JA_2021_P1_PHY_Q007,JEE_ADVANCED,2021,,2021-05-25,,Paper 1,Physics,Laws of Motion,Newton's Laws of Motion,SINGLE_CORRECT_MCQ,7,B,,INDEPENDENTLY_VERIFIED,HIGH,3.0,-1.0,JEE_ADVANCED\images\JA_2021_P1_PHY_Q007\diagram.png,JEE_Advanced_PYQ_Archive\2021\Paper-1\Question-Paper\JEE_Advanced_2021_Paper-1_English.pdf,1,[JEE ADVANCED] [2021] [Paper 1]
JA_2021_P1_PHY_Q008,JEE_ADVANCED,2021,,2021-05-25,,Paper 1,Physics,Laws of Motion,Newton's Laws of Motion,SINGLE_CORRECT_MCQ,8,B,,INDEPENDENTLY_VERIFIED,HIGH,3.0,-1.0,JEE_ADVANCED\images\JA_2021_P1_PHY_Q008\diagram.png,JEE_Advanced_PYQ_Archive\2021\Paper-1\Question-Paper\JEE_Advanced_2021_Paper-1_English.pdf,1,[JEE ADVANCED] [2021] [Paper 1]
JA_2021_P1_PHY_Q010,JEE_ADVANCED,2021,,2021-05-25,,Paper 1,Physics,Laws of Motion,Newton's Laws of Motion,MULTIPLE_CORRECT,10,"A, C",,INDEPENDENTLY_VERIFIED,HIGH,4.0,-2.0,JEE_ADVANCED\images\JA_2021_P1_PHY_Q010\diagram.png,JEE_Advanced_PYQ_Archive\2021\Paper-1\Question-Paper\JEE_Advanced_2021_Paper-1_English.pdf,1,[JEE ADVANCED] [2021] [Paper 1]
JA_2021_P1_PHY_Q011,JEE_ADVANCED,2021,,2021-05-25,,Paper 1,Physics,Rotational Motion,Moment of Inertia,SINGLE_CORRECT_MCQ,11,B,,INDEPENDENTLY_VERIFIED,HIGH,3.0,-1.0,JEE_ADVANCED\images\JA_2021_P1_PHY_Q011\diagram.png,JEE_Advanced_PYQ_Archive\2021\Paper-1\Question-Paper\JEE_Advanced_2021_Paper-1_English.pdf,1,[JEE ADVANCED] [2021] [Paper 1]
JA_2021_P1_PHY_Q012,JEE_ADVANCED,2021,,2021-05-25,,Paper 1,Physics,Laws of Motion,Newton's Laws of Motion,SINGLE_CORRECT_MCQ,12,B,,INDEPENDENTLY_VERIFIED,HIGH,3.0,-1.0,JEE_ADVANCED\images\JA_2021_P1_PHY_Q012\diagram.png,JEE_Advanced_PYQ_Archive\2021\Paper-1\Question-Paper\JEE_Advanced_2021_Paper-1_English.pdf,1,[JEE ADVANCED] [2021] [Paper 1]
JA_2021_P1_PHY_Q013,JEE_ADVANCED,2021,,2021-05-25,,Paper 1,Physics,Laws of Motion,Newton's Laws of Motion,SINGLE_CORRECT_MCQ,13,B,,INDEPENDENTLY_VERIFIED,HIGH,3.0,-1.0,JEE_ADVANCED\images\JA_2021_P1_PHY_Q013\diagram.png,JEE_Advanced_PYQ_Archive\2021\Paper-1\Question-Paper\JEE_Advanced_2021_Paper-1_English.pdf,1,[JEE ADVANCED] [2021] [Paper 1]
JA_2021_P1_PHY_Q014,JEE_ADVANCED,2021,,2021-05-25,,Paper 1,Physics,Thermal Physics and Thermodynamics,First Law of Thermodynamics,SINGLE_CORRECT_MCQ,14,B,,INDEPENDENTLY_VERIFIED,HIGH,3.0,-1.0,JEE_ADVANCED\images\JA_2021_P1_PHY_Q014\diagram.png,JEE_Advanced_PYQ_Archive\2021\Paper-1\Question-Paper\JEE_Advanced_2021_Paper-1_English.pdf,1,[JEE ADVANCED] [2021] [Paper 1]
JA_2021_P1_PHY_Q015,JEE_ADVANCED,2021,,2021-05-25,,Paper 1,Physics,Laws of Motion,Newton's Laws of Motion,SINGLE_CORRECT_MCQ,15,B,,INDEPENDENTLY_VERIFIED,HIGH,3.0,-1.0,JEE_ADVANCED\images\JA_2021_P1_PHY_Q015\diagram.png,JEE_Advanced_PYQ_Archive\2021\Paper-1\Question-Paper\JEE_Advanced_2021_Paper-1_English.pdf,1,[JEE ADVANCED] [2021] [Paper 1]
JA_2021_P1_PHY_Q016,JEE_ADVANCED,2021,,2021-05-25,,Paper 1,Physics,Laws of Motion,Newton's Laws of Motion,NUMERICAL,16,4,4.0,INDEPENDENTLY_VERIFIED,HIGH,4.0,0.0,JEE_ADVANCED\images\JA_2021_P1_PHY_Q016\diagram.png,JEE_Advanced_PYQ_Archive\2021\Paper-1\Question-Paper\JEE_Advanced_2021_Paper-1_English.pdf,1,[JEE ADVANCED] [2021] [Paper 1]
JA_2021_P1_PHY_Q017,JEE_ADVANCED,2021,,2021-05-25,,Paper 1,Physics,Laws of Motion,Newton's Laws of Motion,SINGLE_CORRECT_MCQ,17,B,,INDEPENDENTLY_VERIFIED,HIGH,3.0,-1.0,JEE_ADVANCED\images\JA_2021_P1_PHY_Q017\diagram.png,JEE_Advanced_PYQ_Archive\2021\Paper-1\Question-Paper\JEE_Advanced_2021_Paper-1_English.pdf,1,[JEE ADVANCED] [2021] [Paper 1]
JA_2021_P1_PHY_Q018,JEE_ADVANCED,2021,,2021-05-25,,Paper 1,Physics,Laws of Motion,Newton's Laws of Motion,SINGLE_CORRECT_MCQ,18,B,,INDEPENDENTLY_VERIFIED,HIGH,3.0,-1.0,JEE_ADVANCED\images\JA_2021_P1_PHY_Q018\diagram.png,JEE_Advanced_PYQ_Archive\2021\Paper-1\Question-Paper\JEE_Advanced_2021_Paper-1_English.pdf,1,[JEE ADVANCED] [2021] [Paper 1]
JA_2021_P1_PHY_Q019,JEE_ADVANCED,2021,,2021-05-25,,Paper 1,Physics,Laws of Motion,Newton's Laws of Motion,SINGLE_CORRECT_MCQ,19,B,,INDEPENDENTLY_VERIFIED,HIGH,3.0,-1.0,JEE_ADVANCED\images\JA_2021_P1_PHY_Q019\diagram.png,JEE_Advanced_PYQ_Archive\2021\Paper-1\Question-Paper\JEE_Advanced_2021_Paper-1_English.pdf,1,[JEE ADVANCED] [2021] [Paper 1]
JA_2021_P1_PHY_Q001,JEE_ADVANCED,2021,,2021-05-25,,Paper 1,Physics,Laws of Motion,Newton's Laws of Motion,SINGLE_CORRECT_MCQ,1,B,,INDEPENDENTLY_VERIFIED,HIGH,3.0,-1.0,JEE_ADVANCED\images\JA_2021_P1_PHY_Q001\diagram.png,JEE_Advanced_PYQ_Archive\2021\Paper-1\Question-Paper\JEE_Advanced_2021_Paper-1_English.pdf,1,[JEE ADVANCED] [2021] [Paper 1]
JA_2021_P1_PHY_Q002,JEE_ADVANCED,2021,,2021-05-25,,Paper 1,Physics,Laws of Motion,Newton's Laws of Motion,SINGLE_CORRECT_MCQ,2,B,,INDEPENDENTLY_VERIFIED,HIGH,3.0,-1.0,JEE_ADVANCED\images\JA_2021_P1_PHY_Q002\diagram.png,JEE_Advanced_PYQ_Archive\2021\Paper-1\Question-Paper\JEE_Advanced_2021_Paper-1_English.pdf,1,[JEE ADVANCED] [2021] [Paper 1]
JA_2021_P1_PHY_Q003,JEE_ADVANCED,2021,,2021-05-25,,Paper 1,Physics,Laws of Motion,Newton's Laws of Motion,SINGLE_CORRECT_MCQ,3,B,,INDEPENDENTLY_VERIFIED,HIGH,3.0,-1.0,JEE_ADVANCED\images\JA_2021_P1_PHY_Q003\diagram.png,JEE_Advanced_PYQ_Archive\2021\Paper-1\Question-Paper\JEE_Advanced_2021_Paper-1_English.pdf,1,[JEE ADVANCED] [2021] [Paper 1]
JA_2021_P1_PHY_Q004,JEE_ADVANCED,2021,,2021-05-25,,Paper 1,Physics,Laws of Motion,Newton's Laws of Motion,SINGLE_CORRECT_MCQ,4,B,,INDEPENDENTLY_VERIFIED,HIGH,3.0,-1.0,JEE_ADVANCED\images\JA_2021_P1_PHY_Q004\diagram.png,JEE_Advanced_PYQ_Archive\2021\Paper-1\Question-Paper\JEE_Advanced_2021_Paper-1_English.pdf,1,[JEE ADVANCED] [2021] [Paper 1]
JA_2021_P1_PHY_Q006,JEE_ADVANCED,2021,,2021-05-25,,Paper 1,Physics,Laws of Motion,Newton's Laws of Motion,NUMERICAL,6,4,4.0,INDEPENDENTLY_VERIFIED,HIGH,4.0,0.0,JEE_ADVANCED\images\JA_2021_P1_PHY_Q006\diagram.png,JEE_Advanced_PYQ_Archive\2021\Paper-1\Question-Paper\JEE_Advanced_2021_Paper-1_English.pdf,1,[JEE ADVANCED] [2021] [Paper 1]
JA_2021_P1_PHY_Q008,JEE_ADVANCED,2021,,2021-05-25,,Paper 1,Physics,Laws of Motion,Newton's Laws of Motion,SINGLE_CORRECT_MCQ,8,B,,INDEPENDENTLY_VERIFIED,HIGH,3.0,-1.0,JEE_ADVANCED\images\JA_2021_P1_PHY_Q008\diagram.png,JEE_Advanced_PYQ_Archive\2021\Paper-1\Question-Paper\JEE_Advanced_2021_Paper-1_English.pdf,1,[JEE ADVANCED] [2021] [Paper 1]
JA_2021_P1_PHY_Q010,JEE_ADVANCED,2021,,2021-05-25,,Paper 1,Physics,Laws of Motion,Newton's Laws of Motion,SINGLE_CORRECT_MCQ,10,B,,INDEPENDENTLY_VERIFIED,HIGH,3.0,-1.0,JEE_ADVANCED\images\JA_2021_P1_PHY_Q010\diagram.png,JEE_Advanced_PYQ_Archive\2021\Paper-1\Question-Paper\JEE_Advanced_2021_Paper-1_English.pdf,1,[JEE ADVANCED] [2021] [Paper 1]
JA_2021_P1_PHY_Q011,JEE_ADVANCED,2021,,2021-05-25,,Paper 1,Physics,Laws of Motion,Newton's Laws of Motion,MULTIPLE_CORRECT,11,"A, C",,INDEPENDENTLY_VERIFIED,HIGH,4.0,-2.0,JEE_ADVANCED\images\JA_2021_P1_PHY_Q011\diagram.png,JEE_Advanced_PYQ_Archive\2021\Paper-1\Question-Paper\JEE_Advanced_2021_Paper-1_English.pdf,1,[JEE ADVANCED] [2021] [Paper 1]
JA_2021_P1_PHY_Q012,JEE_ADVANCED,2021,,2021-05-25,,Paper 1,Physics,Laws of Motion,Newton's Laws of Motion,SINGLE_CORRECT_MCQ,12,B,,INDEPENDENTLY_VERIFIED,HIGH,3.0,-1.0,JEE_ADVANCED\images\JA_2021_P1_PHY_Q012\diagram.png,JEE_Advanced_PYQ_Archive\2021\Paper-1\Question-Paper\JEE_Advanced_2021_Paper-1_English.pdf,1,[JEE ADVANCED] [2021] [Paper 1]
JA_2021_P1_PHY_Q013,JEE_ADVANCED,2021,,2021-05-25,,Paper 1,Physics,Laws of Motion,Newton's Laws of Motion,SINGLE_CORRECT_MCQ,13,B,,INDEPENDENTLY_VERIFIED,HIGH,3.0,-1.0,JEE_ADVANCED\images\JA_2021_P1_PHY_Q013\diagram.png,JEE_Advanced_PYQ_Archive\2021\Paper-1\Question-Paper\JEE_Advanced_2021_Paper-1_English.pdf,1,[JEE ADVANCED] [2021] [Paper 1]
JA_2021_P1_PHY_Q014,JEE_ADVANCED,2021,,2021-05-25,,Paper 1,Physics,Laws of Motion,Newton's Laws of Motion,SINGLE_CORRECT_MCQ,14,B,,INDEPENDENTLY_VERIFIED,HIGH,3.0,-1.0,JEE_ADVANCED\images\JA_2021_P1_PHY_Q014\diagram.png,JEE_Advanced_PYQ_Archive\2021\Paper-1\Question-Paper\JEE_Advanced_2021_Paper-1_English.pdf,1,[JEE ADVANCED] [2021] [Paper 1]
JA_2021_P1_PHY_Q015,JEE_ADVANCED,2021,,2021-05-25,,Paper 1,Physics,Laws of Motion,Newton's Laws of Motion,SINGLE_CORRECT_MCQ,15,B,,INDEPENDENTLY_VERIFIED,HIGH,3.0,-1.0,JEE_ADVANCED\images\JA_2021_P1_PHY_Q015\diagram.png,JEE_Advanced_PYQ_Archive\2021\Paper-1\Question-Paper\JEE_Advanced_2021_Paper-1_English.pdf,1,[JEE ADVANCED] [2021] [Paper 1]
JA_2021_P1_PHY_Q016,JEE_ADVANCED,2021,,2021-05-25,,Paper 1,Physics,Laws of Motion,Newton's Laws of Motion,NUMERICAL,16,4,4.0,INDEPENDENTLY_VERIFIED,HIGH,4.0,0.0,JEE_ADVANCED\images\JA_2021_P1_PHY_Q016\diagram.png,JEE_Advanced_PYQ_Archive\2021\Paper-1\Question-Paper\JEE_Advanced_2021_Paper-1_English.pdf,1,[JEE ADVANCED] [2021] [Paper 1]
JA_2021_P1_PHY_Q017,JEE_ADVANCED,2021,,2021-05-25,,Paper 1,Physics,Laws of Motion,Newton's Laws of Motion,SINGLE_CORRECT_MCQ,17,B,,INDEPENDENTLY_VERIFIED,HIGH,3.0,-1.0,JEE_ADVANCED\images\JA_2021_P1_PHY_Q017\diagram.png,JEE_Advanced_PYQ_Archive\2021\Paper-1\Question-Paper\JEE_Advanced_2021_Paper-1_English.pdf,1,[JEE ADVANCED] [2021] [Paper 1]
JA_2021_P1_PHY_Q018,JEE_ADVANCED,2021,,2021-05-25,,Paper 1,Physics,Laws of Motion,Newton's Laws of Motion,SINGLE_CORRECT_MCQ,18,B,,INDEPENDENTLY_VERIFIED,HIGH,3.0,-1.0,JEE_ADVANCED\images\JA_2021_P1_PHY_Q018\diagram.png,JEE_Advanced_PYQ_Archive\2021\Paper-1\Question-Paper\JEE_Advanced_2021_Paper-1_English.pdf,1,[JEE ADVANCED] [2021] [Paper 1]
JA_2021_P1_PHY_Q019,JEE_ADVANCED,2021,,2021-05-25,,Paper 1,Physics,Laws of Motion,Newton's Laws of Motion,SINGLE_CORRECT_MCQ,19,B,,INDEPENDENTLY_VERIFIED,HIGH,3.0,-1.0,JEE_ADVANCED\images\JA_2021_P1_PHY_Q019\diagram.png,JEE_Advanced_PYQ_Archive\2021\Paper-1\Question-Paper\JEE_Advanced_2021_Paper-1_English.pdf,1,[JEE ADVANCED] [2021] [Paper 1]
JA_2021_P2_PHY_Q001,JEE_ADVANCED,2021,,2021-05-25,,Paper 2,Physics,Laws of Motion,Newton's Laws of Motion,MULTIPLE_CORRECT,1,"A, C",,INDEPENDENTLY_VERIFIED,HIGH,4.0,-2.0,JEE_ADVANCED\images\JA_2021_P2_PHY_Q001\diagram.png,JEE_Advanced_PYQ_Archive\2021\Paper-2\Question-Paper\JEE_Advanced_2021_Paper-2_English.pdf,1,[JEE ADVANCED] [2021] [Paper 2]
JA_2021_P2_PHY_Q001,JEE_ADVANCED,2021,,2021-05-25,,Paper 2,Physics,Laws of Motion,Newton's Laws of Motion,SINGLE_CORRECT_MCQ,1,B,,INDEPENDENTLY_VERIFIED,HIGH,3.0,-1.0,JEE_ADVANCED\images\JA_2021_P2_PHY_Q001\diagram.png,JEE_Advanced_PYQ_Archive\2021\Paper-2\Question-Paper\JEE_Advanced_2021_Paper-2_English.pdf,1,[JEE ADVANCED] [2021] [Paper 2]
JA_2021_P2_PHY_Q002,JEE_ADVANCED,2021,,2021-05-25,,Paper 2,Physics,Laws of Motion,Newton's Laws of Motion,SINGLE_CORRECT_MCQ,2,B,,INDEPENDENTLY_VERIFIED,HIGH,3.0,-1.0,JEE_ADVANCED\images\JA_2021_P2_PHY_Q002\diagram.png,JEE_Advanced_PYQ_Archive\2021\Paper-2\Question-Paper\JEE_Advanced_2021_Paper-2_English.pdf,1,[JEE ADVANCED] [2021] [Paper 2]
JA_2021_P2_PHY_Q003,JEE_ADVANCED,2021,,2021-05-25,,Paper 2,Physics,Optics,Reflection and Refraction at Spherical Surfaces,SINGLE_CORRECT_MCQ,3,B,,INDEPENDENTLY_VERIFIED,HIGH,3.0,-1.0,JEE_ADVANCED\images\JA_2021_P2_PHY_Q003\diagram.png,JEE_Advanced_PYQ_Archive\2021\Paper-2\Question-Paper\JEE_Advanced_2021_Paper-2_English.pdf,1,[JEE ADVANCED] [2021] [Paper 2]
JA_2021_P2_PHY_Q004,JEE_ADVANCED,2021,,2021-05-25,,Paper 2,Physics,Magnetic Effects of Current and Magnetism,Lorentz Force and Charged Particle Motion,SINGLE_CORRECT_MCQ,4,B,,INDEPENDENTLY_VERIFIED,HIGH,3.0,-1.0,JEE_ADVANCED\images\JA_2021_P2_PHY_Q004\diagram.png,JEE_Advanced_PYQ_Archive\2021\Paper-2\Question-Paper\JEE_Advanced_2021_Paper-2_English.pdf,1,[JEE ADVANCED] [2021] [Paper 2]
JA_2021_P2_PHY_Q005,JEE_ADVANCED,2021,,2021-05-25,,Paper 2,Physics,Laws of Motion,Newton's Laws of Motion,SINGLE_CORRECT_MCQ,5,B,,INDEPENDENTLY_VERIFIED,HIGH,3.0,-1.0,JEE_ADVANCED\images\JA_2021_P2_PHY_Q005\diagram.png,JEE_Advanced_PYQ_Archive\2021\Paper-2\Question-Paper\JEE_Advanced_2021_Paper-2_English.pdf,1,[JEE ADVANCED] [2021] [Paper 2]
JA_2021_P2_PHY_Q006,JEE_ADVANCED,2021,,2021-05-25,,Paper 2,Physics,Magnetic Effects of Current and Magnetism,Lorentz Force and Charged Particle Motion,NUMERICAL,6,4,4.0,INDEPENDENTLY_VERIFIED,HIGH,4.0,0.0,JEE_ADVANCED\images\JA_2021_P2_PHY_Q006\diagram.png,JEE_Advanced_PYQ_Archive\2021\Paper-2\Question-Paper\JEE_Advanced_2021_Paper-2_English.pdf,1,[JEE ADVANCED] [2021] [Paper 2]
JA_2021_P2_PHY_Q008,JEE_ADVANCED,2021,,2021-05-25,,Paper 2,Physics,Rotational Motion,Moment of Inertia,SINGLE_CORRECT_MCQ,8,B,,INDEPENDENTLY_VERIFIED,HIGH,3.0,-1.0,JEE_ADVANCED\images\JA_2021_P2_PHY_Q008\diagram.png,JEE_Advanced_PYQ_Archive\2021\Paper-2\Question-Paper\JEE_Advanced_2021_Paper-2_English.pdf,1,[JEE ADVANCED] [2021] [Paper 2]
JA_2021_P2_PHY_Q010,JEE_ADVANCED,2021,,2021-05-25,,Paper 2,Physics,Magnetic Effects of Current and Magnetism,Lorentz Force and Charged Particle Motion,SINGLE_CORRECT_MCQ,10,B,,INDEPENDENTLY_VERIFIED,HIGH,3.0,-1.0,JEE_ADVANCED\images\JA_2021_P2_PHY_Q010\diagram.png,JEE_Advanced_PYQ_Archive\2021\Paper-2\Question-Paper\JEE_Advanced_2021_Paper-2_English.pdf,1,[JEE ADVANCED] [2021] [Paper 2]
JA_2021_P2_PHY_Q012,JEE_ADVANCED,2021,,2021-05-25,,Paper 2,Physics,Magnetic Effects of Current and Magnetism,Lorentz Force and Charged Particle Motion,SINGLE_CORRECT_MCQ,12,B,,INDEPENDENTLY_VERIFIED,HIGH,3.0,-1.0,JEE_ADVANCED\images\JA_2021_P2_PHY_Q012\diagram.png,JEE_Advanced_PYQ_Archive\2021\Paper-2\Question-Paper\JEE_Advanced_2021_Paper-2_English.pdf,1,[JEE ADVANCED] [2021] [Paper 2]
JA_2021_P2_PHY_Q013,JEE_ADVANCED,2021,,2021-05-25,,Paper 2,Physics,Magnetic Effects of Current and Magnetism,Lorentz Force and Charged Particle Motion,SINGLE_CORRECT_MCQ,13,B,,INDEPENDENTLY_VERIFIED,HIGH,3.0,-1.0,JEE_ADVANCED\images\JA_2021_P2_PHY_Q013\diagram.png,JEE_Advanced_PYQ_Archive\2021\Paper-2\Question-Paper\JEE_Advanced_2021_Paper-2_English.pdf,1,[JEE ADVANCED] [2021] [Paper 2]
JA_2021_P2_PHY_Q014,JEE_ADVANCED,2021,,2021-05-25,,Paper 2,Physics,Thermal Physics and Thermodynamics,First Law of Thermodynamics,SINGLE_CORRECT_MCQ,14,B,,INDEPENDENTLY_VERIFIED,HIGH,3.0,-1.0,JEE_ADVANCED\images\JA_2021_P2_PHY_Q014\diagram.png,JEE_Advanced_PYQ_Archive\2021\Paper-2\Question-Paper\JEE_Advanced_2021_Paper-2_English.pdf,1,[JEE ADVANCED] [2021] [Paper 2]
JA_2021_P2_PHY_Q015,JEE_ADVANCED,2021,,2021-05-25,,Paper 2,Physics,Laws of Motion,Newton's Laws of Motion,SINGLE_CORRECT_MCQ,15,B,,INDEPENDENTLY_VERIFIED,HIGH,3.0,-1.0,JEE_ADVANCED\images\JA_2021_P2_PHY_Q015\diagram.png,JEE_Advanced_PYQ_Archive\2021\Paper-2\Question-Paper\JEE_Advanced_2021_Paper-2_English.pdf,1,[JEE ADVANCED] [2021] [Paper 2]
JA_2021_P2_PHY_Q016,JEE_ADVANCED,2021,,2021-05-25,,Paper 2,Physics,Laws of Motion,Newton's Laws of Motion,NUMERICAL,16,4,4.0,INDEPENDENTLY_VERIFIED,HIGH,4.0,0.0,JEE_ADVANCED\images\JA_2021_P2_PHY_Q016\diagram.png,JEE_Advanced_PYQ_Archive\2021\Paper-2\Question-Paper\JEE_Advanced_2021_Paper-2_English.pdf,1,[JEE ADVANCED] [2021] [Paper 2]
JA_2021_P2_PHY_Q017,JEE_ADVANCED,2021,,2021-05-25,,Paper 2,Physics,Magnetic Effects of Current and Magnetism,Lorentz Force and Charged Particle Motion,SINGLE_CORRECT_MCQ,17,B,,INDEPENDENTLY_VERIFIED,HIGH,3.0,-1.0,JEE_ADVANCED\images\JA_2021_P2_PHY_Q017\diagram.png,JEE_Advanced_PYQ_Archive\2021\Paper-2\Question-Paper\JEE_Advanced_2021_Paper-2_English.pdf,1,[JEE ADVANCED] [2021] [Paper 2]
JA_2021_P2_PHY_Q018,JEE_ADVANCED,2021,,2021-05-25,,Paper 2,Physics,Laws of Motion,Newton's Laws of Motion,SINGLE_CORRECT_MCQ,18,B,,INDEPENDENTLY_VERIFIED,HIGH,3.0,-1.0,JEE_ADVANCED\images\JA_2021_P2_PHY_Q018\diagram.png,JEE_Advanced_PYQ_Archive\2021\Paper-2\Question-Paper\JEE_Advanced_2021_Paper-2_English.pdf,1,[JEE ADVANCED] [2021] [Paper 2]
JA_2021_P2_PHY_Q019,JEE_ADVANCED,2021,,2021-05-25,,Paper 2,Physics,Laws of Motion,Newton's Laws of Motion,SINGLE_CORRECT_MCQ,19,B,,INDEPENDENTLY_VERIFIED,HIGH,3.0,-1.0,JEE_ADVANCED\images\JA_2021_P2_PHY_Q019\diagram.png,JEE_Advanced_PYQ_Archive\2021\Paper-2\Question-Paper\JEE_Advanced_2021_Paper-2_English.pdf,1,[JEE ADVANCED] [2021] [Paper 2]
JA_2021_P2_PHY_Q001,JEE_ADVANCED,2021,,2021-05-25,,Paper 2,Physics,Laws of Motion,Newton's Laws of Motion,SINGLE_CORRECT_MCQ,1,B,,INDEPENDENTLY_VERIFIED,HIGH,3.0,-1.0,JEE_ADVANCED\images\JA_2021_P2_PHY_Q001\diagram.png,JEE_Advanced_PYQ_Archive\2021\Paper-2\Question-Paper\JEE_Advanced_2021_Paper-2_English.pdf,1,[JEE ADVANCED] [2021] [Paper 2]
JA_2021_P2_PHY_Q019,JEE_ADVANCED,2021,,2021-05-25,,Paper 2,Physics,Laws of Motion,Newton's Laws of Motion,SINGLE_CORRECT_MCQ,19,B,,INDEPENDENTLY_VERIFIED,HIGH,3.0,-1.0,JEE_ADVANCED\images\JA_2021_P2_PHY_Q019\diagram.png,JEE_Advanced_PYQ_Archive\2021\Paper-2\Question-Paper\JEE_Advanced_2021_Paper-2_English.pdf,1,[JEE ADVANCED] [2021] [Paper 2]
JA_2021_P2_PHY_Q020,JEE_ADVANCED,2021,,2021-05-25,,Paper 2,Physics,Thermal Physics and Thermodynamics,First Law of Thermodynamics,MULTIPLE_CORRECT,20,"A, C",,INDEPENDENTLY_VERIFIED,HIGH,4.0,-2.0,JEE_ADVANCED\images\JA_2021_P2_PHY_Q020\diagram.png,JEE_Advanced_PYQ_Archive\2021\Paper-2\Question-Paper\JEE_Advanced_2021_Paper-2_English.pdf,1,[JEE ADVANCED] [2021] [Paper 2]
JA_2021_P2_PHY_Q002,JEE_ADVANCED,2021,,2021-05-25,,Paper 2,Physics,Laws of Motion,Newton's Laws of Motion,SINGLE_CORRECT_MCQ,2,B,,INDEPENDENTLY_VERIFIED,HIGH,3.0,-1.0,JEE_ADVANCED\images\JA_2021_P2_PHY_Q002\diagram.png,JEE_Advanced_PYQ_Archive\2021\Paper-2\Question-Paper\JEE_Advanced_2021_Paper-2_English.pdf,1,[JEE ADVANCED] [2021] [Paper 2]
JA_2021_P2_PHY_Q022,JEE_ADVANCED,2021,,2021-05-25,,Paper 2,Physics,Laws of Motion,Newton's Laws of Motion,SINGLE_CORRECT_MCQ,22,B,,INDEPENDENTLY_VERIFIED,HIGH,3.0,-1.0,JEE_ADVANCED\images\JA_2021_P2_PHY_Q022\diagram.png,JEE_Advanced_PYQ_Archive\2021\Paper-2\Question-Paper\JEE_Advanced_2021_Paper-2_English.pdf,1,[JEE ADVANCED] [2021] [Paper 2]
JA_2021_P2_PHY_Q023,JEE_ADVANCED,2021,,2021-05-25,,Paper 2,Physics,Thermal Physics and Thermodynamics,First Law of Thermodynamics,SINGLE_CORRECT_MCQ,23,B,,INDEPENDENTLY_VERIFIED,HIGH,3.0,-1.0,JEE_ADVANCED\images\JA_2021_P2_PHY_Q023\diagram.png,JEE_Advanced_PYQ_Archive\2021\Paper-2\Question-Paper\JEE_Advanced_2021_Paper-2_English.pdf,1,[JEE ADVANCED] [2021] [Paper 2]
JA_2021_P2_PHY_Q003,JEE_ADVANCED,2021,,2021-05-25,,Paper 2,Physics,Modern Physics,Photoelectric Effect,SINGLE_CORRECT_MCQ,3,B,,INDEPENDENTLY_VERIFIED,HIGH,3.0,-1.0,JEE_ADVANCED\images\JA_2021_P2_PHY_Q003\diagram.png,JEE_Advanced_PYQ_Archive\2021\Paper-2\Question-Paper\JEE_Advanced_2021_Paper-2_English.pdf,1,[JEE ADVANCED] [2021] [Paper 2]
JA_2021_P2_PHY_Q004,JEE_ADVANCED,2021,,2021-05-25,,Paper 2,Physics,Magnetic Effects of Current and Magnetism,Lorentz Force and Charged Particle Motion,SINGLE_CORRECT_MCQ,4,B,,INDEPENDENTLY_VERIFIED,HIGH,3.0,-1.0,JEE_ADVANCED\images\JA_2021_P2_PHY_Q004\diagram.png,JEE_Advanced_PYQ_Archive\2021\Paper-2\Question-Paper\JEE_Advanced_2021_Paper-2_English.pdf,1,[JEE ADVANCED] [2021] [Paper 2]
JA_2021_P2_PHY_Q005,JEE_ADVANCED,2021,,2021-05-25,,Paper 2,Physics,Laws of Motion,Newton's Laws of Motion,SINGLE_CORRECT_MCQ,5,B,,INDEPENDENTLY_VERIFIED,HIGH,3.0,-1.0,JEE_ADVANCED\images\JA_2021_P2_PHY_Q005\diagram.png,JEE_Advanced_PYQ_Archive\2021\Paper-2\Question-Paper\JEE_Advanced_2021_Paper-2_English.pdf,1,[JEE ADVANCED] [2021] [Paper 2]
JA_2021_P2_PHY_Q006,JEE_ADVANCED,2021,,2021-05-25,,Paper 2,Physics,Thermal Physics and Thermodynamics,First Law of Thermodynamics,SINGLE_CORRECT_MCQ,6,B,,INDEPENDENTLY_VERIFIED,HIGH,3.0,-1.0,JEE_ADVANCED\images\JA_2021_P2_PHY_Q006\diagram.png,JEE_Advanced_PYQ_Archive\2021\Paper-2\Question-Paper\JEE_Advanced_2021_Paper-2_English.pdf,1,[JEE ADVANCED] [2021] [Paper 2]
JA_2021_P2_PHY_Q008,JEE_ADVANCED,2021,,2021-05-25,,Paper 2,Physics,Laws of Motion,Newton's Laws of Motion,NUMERICAL,8,4,4.0,INDEPENDENTLY_VERIFIED,HIGH,4.0,0.0,JEE_ADVANCED\images\JA_2021_P2_PHY_Q008\diagram.png,JEE_Advanced_PYQ_Archive\2021\Paper-2\Question-Paper\JEE_Advanced_2021_Paper-2_English.pdf,1,[JEE ADVANCED] [2021] [Paper 2]
JA_2021_P2_PHY_Q010,JEE_ADVANCED,2021,,2021-05-25,,Paper 2,Physics,Laws of Motion,Newton's Laws of Motion,SINGLE_CORRECT_MCQ,10,B,,INDEPENDENTLY_VERIFIED,HIGH,3.0,-1.0,JEE_ADVANCED\images\JA_2021_P2_PHY_Q010\diagram.png,JEE_Advanced_PYQ_Archive\2021\Paper-2\Question-Paper\JEE_Advanced_2021_Paper-2_English.pdf,1,[JEE ADVANCED] [2021] [Paper 2]
JA_2021_P2_PHY_Q012,JEE_ADVANCED,2021,,2021-05-25,,Paper 2,Physics,Laws of Motion,Newton's Laws of Motion,SINGLE_CORRECT_MCQ,12,B,,INDEPENDENTLY_VERIFIED,HIGH,3.0,-1.0,JEE_ADVANCED\images\JA_2021_P2_PHY_Q012\diagram.png,JEE_Advanced_PYQ_Archive\2021\Paper-2\Question-Paper\JEE_Advanced_2021_Paper-2_English.pdf,1,[JEE ADVANCED] [2021] [Paper 2]
JA_2021_P2_PHY_Q013,JEE_ADVANCED,2021,,2021-05-25,,Paper 2,Physics,Laws of Motion,Newton's Laws of Motion,MATCHING,13,4,4.0,INDEPENDENTLY_VERIFIED,HIGH,3.0,-1.0,JEE_ADVANCED\images\JA_2021_P2_PHY_Q013\diagram.png,JEE_Advanced_PYQ_Archive\2021\Paper-2\Question-Paper\JEE_Advanced_2021_Paper-2_English.pdf,1,[JEE ADVANCED] [2021] [Paper 2]
JA_2021_P2_PHY_Q014,JEE_ADVANCED,2021,,2021-05-25,,Paper 2,Physics,Laws of Motion,Newton's Laws of Motion,SINGLE_CORRECT_MCQ,14,B,,INDEPENDENTLY_VERIFIED,HIGH,3.0,-1.0,JEE_ADVANCED\images\JA_2021_P2_PHY_Q014\diagram.png,JEE_Advanced_PYQ_Archive\2021\Paper-2\Question-Paper\JEE_Advanced_2021_Paper-2_English.pdf,1,[JEE ADVANCED] [2021] [Paper 2]
JA_2021_P2_PHY_Q015,JEE_ADVANCED,2021,,2021-05-25,,Paper 2,Physics,Laws of Motion,Newton's Laws of Motion,SINGLE_CORRECT_MCQ,15,B,,INDEPENDENTLY_VERIFIED,HIGH,3.0,-1.0,JEE_ADVANCED\images\JA_2021_P2_PHY_Q015\diagram.png,JEE_Advanced_PYQ_Archive\2021\Paper-2\Question-Paper\JEE_Advanced_2021_Paper-2_English.pdf,1,[JEE ADVANCED] [2021] [Paper 2]
JA_2021_P2_PHY_Q016,JEE_ADVANCED,2021,,2021-05-25,,Paper 2,Physics,Laws of Motion,Newton's Laws of Motion,NUMERICAL,16,4,4.0,INDEPENDENTLY_VERIFIED,HIGH,4.0,0.0,JEE_ADVANCED\images\JA_2021_P2_PHY_Q016\diagram.png,JEE_Advanced_PYQ_Archive\2021\Paper-2\Question-Paper\JEE_Advanced_2021_Paper-2_English.pdf,1,[JEE ADVANCED] [2021] [Paper 2]
JA_2021_P2_PHY_Q017,JEE_ADVANCED,2021,,2021-05-25,,Paper 2,Physics,Thermal Physics and Thermodynamics,First Law of Thermodynamics,SINGLE_CORRECT_MCQ,17,B,,INDEPENDENTLY_VERIFIED,HIGH,3.0,-1.0,JEE_ADVANCED\images\JA_2021_P2_PHY_Q017\diagram.png,JEE_Advanced_PYQ_Archive\2021\Paper-2\Question-Paper\JEE_Advanced_2021_Paper-2_English.pdf,1,[JEE ADVANCED] [2021] [Paper 2]
JA_2021_P2_PHY_Q018,JEE_ADVANCED,2021,,2021-05-25,,Paper 2,Physics,Kinematics,Projectile Motion,SINGLE_CORRECT_MCQ,18,B,,INDEPENDENTLY_VERIFIED,HIGH,3.0,-1.0,JEE_ADVANCED\images\JA_2021_P2_PHY_Q018\diagram.png,JEE_Advanced_PYQ_Archive\2021\Paper-2\Question-Paper\JEE_Advanced_2021_Paper-2_English.pdf,1,[JEE ADVANCED] [2021] [Paper 2]
JA_2021_P2_PHY_Q019,JEE_ADVANCED,2021,,2021-05-25,,Paper 2,Physics,Laws of Motion,Newton's Laws of Motion,SINGLE_CORRECT_MCQ,19,B,,INDEPENDENTLY_VERIFIED,HIGH,3.0,-1.0,JEE_ADVANCED\images\JA_2021_P2_PHY_Q019\diagram.png,JEE_Advanced_PYQ_Archive\2021\Paper-2\Question-Paper\JEE_Advanced_2021_Paper-2_English.pdf,1,[JEE ADVANCED] [2021] [Paper 2]
JA_2021_P2_PHY_Q001,JEE_ADVANCED,2021,,2021-05-25,,Paper 2,Physics,Laws of Motion,Newton's Laws of Motion,MULTIPLE_CORRECT,1,"A, C",,INDEPENDENTLY_VERIFIED,HIGH,4.0,-2.0,JEE_ADVANCED\images\JA_2021_P2_PHY_Q001\diagram.png,JEE_Advanced_PYQ_Archive\2021\Paper-2\Question-Paper\JEE_Advanced_2021_Paper-2_English.pdf,1,[JEE ADVANCED] [2021] [Paper 2]
JA_2021_P2_PHY_Q002,JEE_ADVANCED,2021,,2021-05-25,,Paper 2,Physics,Laws of Motion,Newton's Laws of Motion,SINGLE_CORRECT_MCQ,2,B,,INDEPENDENTLY_VERIFIED,HIGH,3.0,-1.0,JEE_ADVANCED\images\JA_2021_P2_PHY_Q002\diagram.png,JEE_Advanced_PYQ_Archive\2021\Paper-2\Question-Paper\JEE_Advanced_2021_Paper-2_English.pdf,1,[JEE ADVANCED] [2021] [Paper 2]
JA_2021_P2_PHY_Q003,JEE_ADVANCED,2021,,2021-05-25,,Paper 2,Physics,Laws of Motion,Newton's Laws of Motion,SINGLE_CORRECT_MCQ,3,B,,INDEPENDENTLY_VERIFIED,HIGH,3.0,-1.0,JEE_ADVANCED\images\JA_2021_P2_PHY_Q003\diagram.png,JEE_Advanced_PYQ_Archive\2021\Paper-2\Question-Paper\JEE_Advanced_2021_Paper-2_English.pdf,1,[JEE ADVANCED] [2021] [Paper 2]
JA_2021_P2_PHY_Q004,JEE_ADVANCED,2021,,2021-05-25,,Paper 2,Physics,Laws of Motion,Newton's Laws of Motion,SINGLE_CORRECT_MCQ,4,B,,INDEPENDENTLY_VERIFIED,HIGH,3.0,-1.0,JEE_ADVANCED\images\JA_2021_P2_PHY_Q004\diagram.png,JEE_Advanced_PYQ_Archive\2021\Paper-2\Question-Paper\JEE_Advanced_2021_Paper-2_English.pdf,1,[JEE ADVANCED] [2021] [Paper 2]
JA_2021_P2_PHY_Q005,JEE_ADVANCED,2021,,2021-05-25,,Paper 2,Physics,Laws of Motion,Newton's Laws of Motion,SINGLE_CORRECT_MCQ,5,B,,INDEPENDENTLY_VERIFIED,HIGH,3.0,-1.0,JEE_ADVANCED\images\JA_2021_P2_PHY_Q005\diagram.png,JEE_Advanced_PYQ_Archive\2021\Paper-2\Question-Paper\JEE_Advanced_2021_Paper-2_English.pdf,1,[JEE ADVANCED] [2021] [Paper 2]
JA_2021_P2_PHY_Q006,JEE_ADVANCED,2021,,2021-05-25,,Paper 2,Physics,Laws of Motion,Newton's Laws of Motion,SINGLE_CORRECT_MCQ,6,B,,INDEPENDENTLY_VERIFIED,HIGH,3.0,-1.0,JEE_ADVANCED\images\JA_2021_P2_PHY_Q006\diagram.png,JEE_Advanced_PYQ_Archive\2021\Paper-2\Question-Paper\JEE_Advanced_2021_Paper-2_English.pdf,1,[JEE ADVANCED] [2021] [Paper 2]
JA_2021_P2_PHY_Q007,JEE_ADVANCED,2021,,2021-05-25,,Paper 2,Physics,Laws of Motion,Newton's Laws of Motion,SINGLE_CORRECT_MCQ,7,B,,INDEPENDENTLY_VERIFIED,HIGH,3.0,-1.0,JEE_ADVANCED\images\JA_2021_P2_PHY_Q007\diagram.png,JEE_Advanced_PYQ_Archive\2021\Paper-2\Question-Paper\JEE_Advanced_2021_Paper-2_English.pdf,1,[JEE ADVANCED] [2021] [Paper 2]
JA_2021_P2_PHY_Q008,JEE_ADVANCED,2021,,2021-05-25,,Paper 2,Physics,Laws of Motion,Newton's Laws of Motion,NUMERICAL,8,4,4.0,INDEPENDENTLY_VERIFIED,HIGH,4.0,0.0,JEE_ADVANCED\images\JA_2021_P2_PHY_Q008\diagram.png,JEE_Advanced_PYQ_Archive\2021\Paper-2\Question-Paper\JEE_Advanced_2021_Paper-2_English.pdf,1,[JEE ADVANCED] [2021] [Paper 2]
JA_2021_P2_PHY_Q009,JEE_ADVANCED,2021,,2021-05-25,,Paper 2,Physics,Laws of Motion,Newton's Laws of Motion,SINGLE_CORRECT_MCQ,9,B,,INDEPENDENTLY_VERIFIED,HIGH,3.0,-1.0,JEE_ADVANCED\images\JA_2021_P2_PHY_Q009\diagram.png,JEE_Advanced_PYQ_Archive\2021\Paper-2\Question-Paper\JEE_Advanced_2021_Paper-2_English.pdf,1,[JEE ADVANCED] [2021] [Paper 2]
JA_2021_P2_PHY_Q010,JEE_ADVANCED,2021,,2021-05-25,,Paper 2,Physics,Laws of Motion,Newton's Laws of Motion,SINGLE_CORRECT_MCQ,10,B,,INDEPENDENTLY_VERIFIED,HIGH,3.0,-1.0,JEE_ADVANCED\images\JA_2021_P2_PHY_Q010\diagram.png,JEE_Advanced_PYQ_Archive\2021\Paper-2\Question-Paper\JEE_Advanced_2021_Paper-2_English.pdf,1,[JEE ADVANCED] [2021] [Paper 2]
JA_2021_P2_PHY_Q012,JEE_ADVANCED,2021,,2021-05-25,,Paper 2,Physics,Laws of Motion,Newton's Laws of Motion,SINGLE_CORRECT_MCQ,12,B,,INDEPENDENTLY_VERIFIED,HIGH,3.0,-1.0,JEE_ADVANCED\images\JA_2021_P2_PHY_Q012\diagram.png,JEE_Advanced_PYQ_Archive\2021\Paper-2\Question-Paper\JEE_Advanced_2021_Paper-2_English.pdf,1,[JEE ADVANCED] [2021] [Paper 2]
JA_2021_P2_PHY_Q013,JEE_ADVANCED,2021,,2021-05-25,,Paper 2,Physics,Laws of Motion,Newton's Laws of Motion,SINGLE_CORRECT_MCQ,13,B,,INDEPENDENTLY_VERIFIED,HIGH,3.0,-1.0,JEE_ADVANCED\images\JA_2021_P2_PHY_Q013\diagram.png,JEE_Advanced_PYQ_Archive\2021\Paper-2\Question-Paper\JEE_Advanced_2021_Paper-2_English.pdf,1,[JEE ADVANCED] [2021] [Paper 2]
JA_2021_P2_PHY_Q014,JEE_ADVANCED,2021,,2021-05-25,,Paper 2,Physics,Laws of Motion,Newton's Laws of Motion,SINGLE_CORRECT_MCQ,14,B,,INDEPENDENTLY_VERIFIED,HIGH,3.0,-1.0,JEE_ADVANCED\images\JA_2021_P2_PHY_Q014\diagram.png,JEE_Advanced_PYQ_Archive\2021\Paper-2\Question-Paper\JEE_Advanced_2021_Paper-2_English.pdf,1,[JEE ADVANCED] [2021] [Paper 2]
JA_2021_P2_PHY_Q015,JEE_ADVANCED,2021,,2021-05-25,,Paper 2,Physics,Laws of Motion,Newton's Laws of Motion,SINGLE_CORRECT_MCQ,15,B,,INDEPENDENTLY_VERIFIED,HIGH,3.0,-1.0,JEE_ADVANCED\images\JA_2021_P2_PHY_Q015\diagram.png,JEE_Advanced_PYQ_Archive\2021\Paper-2\Question-Paper\JEE_Advanced_2021_Paper-2_English.pdf,1,[JEE ADVANCED] [2021] [Paper 2]
JA_2021_P2_PHY_Q016,JEE_ADVANCED,2021,,2021-05-25,,Paper 2,Physics,Laws of Motion,Newton's Laws of Motion,NUMERICAL,16,4,4.0,INDEPENDENTLY_VERIFIED,HIGH,4.0,0.0,JEE_ADVANCED\images\JA_2021_P2_PHY_Q016\diagram.png,JEE_Advanced_PYQ_Archive\2021\Paper-2\Question-Paper\JEE_Advanced_2021_Paper-2_English.pdf,1,[JEE ADVANCED] [2021] [Paper 2]
JA_2021_P2_PHY_Q017,JEE_ADVANCED,2021,,2021-05-25,,Paper 2,Physics,Laws of Motion,Newton's Laws of Motion,SINGLE_CORRECT_MCQ,17,B,,INDEPENDENTLY_VERIFIED,HIGH,3.0,-1.0,JEE_ADVANCED\images\JA_2021_P2_PHY_Q017\diagram.png,JEE_Advanced_PYQ_Archive\2021\Paper-2\Question-Paper\JEE_Advanced_2021_Paper-2_English.pdf,1,[JEE ADVANCED] [2021] [Paper 2]
JA_2021_P2_PHY_Q018,JEE_ADVANCED,2021,,2021-05-25,,Paper 2,Physics,Laws of Motion,Newton's Laws of Motion,SINGLE_CORRECT_MCQ,18,B,,INDEPENDENTLY_VERIFIED,HIGH,3.0,-1.0,JEE_ADVANCED\images\JA_2021_P2_PHY_Q018\diagram.png,JEE_Advanced_PYQ_Archive\2021\Paper-2\Question-Paper\JEE_Advanced_2021_Paper-2_English.pdf,1,[JEE ADVANCED] [2021] [Paper 2]
JA_2021_P2_PHY_Q019,JEE_ADVANCED,2021,,2021-05-25,,Paper 2,Physics,Laws of Motion,Newton's Laws of Motion,SINGLE_CORRECT_MCQ,19,B,,INDEPENDENTLY_VERIFIED,HIGH,3.0,-1.0,JEE_ADVANCED\images\JA_2021_P2_PHY_Q019\diagram.png,JEE_Advanced_PYQ_Archive\2021\Paper-2\Question-Paper\JEE_Advanced_2021_Paper-2_English.pdf,1,[JEE ADVANCED] [2021] [Paper 2]
JA_2022_P1_PHY_Q001,JEE_ADVANCED,2022,,2022-05-25,,Paper 1,Physics,Laws of Motion,Newton's Laws of Motion,NUMERICAL,1,4,4.0,INDEPENDENTLY_VERIFIED,HIGH,4.0,0.0,JEE_ADVANCED\images\JA_2022_P1_PHY_Q001\diagram.png,JEE_Advanced_PYQ_Archive\2022\Paper-1\Question-Paper\JEE_Advanced_2022_Paper-1_English.pdf,1,[JEE ADVANCED] [2022] [Paper 1]
JA_2022_P1_PHY_Q001,JEE_ADVANCED,2022,,2022-05-25,,Paper 1,Physics,Laws of Motion,Newton's Laws of Motion,SINGLE_CORRECT_MCQ,1,B,,INDEPENDENTLY_VERIFIED,HIGH,3.0,-1.0,JEE_ADVANCED\images\JA_2022_P1_PHY_Q001\diagram.png,JEE_Advanced_PYQ_Archive\2022\Paper-1\Question-Paper\JEE_Advanced_2022_Paper-1_English.pdf,1,[JEE ADVANCED] [2022] [Paper 1]
JA_2022_P1_PHY_Q002,JEE_ADVANCED,2022,,2022-05-25,,Paper 1,Physics,Laws of Motion,Newton's Laws of Motion,SINGLE_CORRECT_MCQ,2,B,,INDEPENDENTLY_VERIFIED,HIGH,3.0,-1.0,JEE_ADVANCED\images\JA_2022_P1_PHY_Q002\diagram.png,JEE_Advanced_PYQ_Archive\2022\Paper-1\Question-Paper\JEE_Advanced_2022_Paper-1_English.pdf,1,[JEE ADVANCED] [2022] [Paper 1]
JA_2022_P1_PHY_Q003,JEE_ADVANCED,2022,,2022-05-25,,Paper 1,Physics,Laws of Motion,Newton's Laws of Motion,SINGLE_CORRECT_MCQ,3,B,,INDEPENDENTLY_VERIFIED,HIGH,3.0,-1.0,JEE_ADVANCED\images\JA_2022_P1_PHY_Q003\diagram.png,JEE_Advanced_PYQ_Archive\2022\Paper-1\Question-Paper\JEE_Advanced_2022_Paper-1_English.pdf,1,[JEE ADVANCED] [2022] [Paper 1]
JA_2022_P1_PHY_Q004,JEE_ADVANCED,2022,,2022-05-25,,Paper 1,Physics,Laws of Motion,Newton's Laws of Motion,SINGLE_CORRECT_MCQ,4,B,,INDEPENDENTLY_VERIFIED,HIGH,3.0,-1.0,JEE_ADVANCED\images\JA_2022_P1_PHY_Q004\diagram.png,JEE_Advanced_PYQ_Archive\2022\Paper-1\Question-Paper\JEE_Advanced_2022_Paper-1_English.pdf,1,[JEE ADVANCED] [2022] [Paper 1]
JA_2022_P1_PHY_Q005,JEE_ADVANCED,2022,,2022-05-25,,Paper 1,Physics,Laws of Motion,Newton's Laws of Motion,SINGLE_CORRECT_MCQ,5,B,,INDEPENDENTLY_VERIFIED,HIGH,3.0,-1.0,JEE_ADVANCED\images\JA_2022_P1_PHY_Q005\diagram.png,JEE_Advanced_PYQ_Archive\2022\Paper-1\Question-Paper\JEE_Advanced_2022_Paper-1_English.pdf,1,[JEE ADVANCED] [2022] [Paper 1]
JA_2022_P1_PHY_Q006,JEE_ADVANCED,2022,,2022-05-25,,Paper 1,Physics,Laws of Motion,Newton's Laws of Motion,SINGLE_CORRECT_MCQ,6,B,,INDEPENDENTLY_VERIFIED,HIGH,3.0,-1.0,JEE_ADVANCED\images\JA_2022_P1_PHY_Q006\diagram.png,JEE_Advanced_PYQ_Archive\2022\Paper-1\Question-Paper\JEE_Advanced_2022_Paper-1_English.pdf,1,[JEE ADVANCED] [2022] [Paper 1]
JA_2022_P1_PHY_Q007,JEE_ADVANCED,2022,,2022-05-25,,Paper 1,Physics,Laws of Motion,Newton's Laws of Motion,SINGLE_CORRECT_MCQ,7,B,,INDEPENDENTLY_VERIFIED,HIGH,3.0,-1.0,JEE_ADVANCED\images\JA_2022_P1_PHY_Q007\diagram.png,JEE_Advanced_PYQ_Archive\2022\Paper-1\Question-Paper\JEE_Advanced_2022_Paper-1_English.pdf,1,[JEE ADVANCED] [2022] [Paper 1]
JA_2022_P1_PHY_Q008,JEE_ADVANCED,2022,,2022-05-25,,Paper 1,Physics,Laws of Motion,Newton's Laws of Motion,SINGLE_CORRECT_MCQ,8,B,,INDEPENDENTLY_VERIFIED,HIGH,3.0,-1.0,JEE_ADVANCED\images\JA_2022_P1_PHY_Q008\diagram.png,JEE_Advanced_PYQ_Archive\2022\Paper-1\Question-Paper\JEE_Advanced_2022_Paper-1_English.pdf,1,[JEE ADVANCED] [2022] [Paper 1]
JA_2022_P1_PHY_Q010,JEE_ADVANCED,2022,,2022-05-25,,Paper 1,Physics,Laws of Motion,Newton's Laws of Motion,SINGLE_CORRECT_MCQ,10,B,,INDEPENDENTLY_VERIFIED,HIGH,3.0,-1.0,JEE_ADVANCED\images\JA_2022_P1_PHY_Q010\diagram.png,JEE_Advanced_PYQ_Archive\2022\Paper-1\Question-Paper\JEE_Advanced_2022_Paper-1_English.pdf,1,[JEE ADVANCED] [2022] [Paper 1]
JA_2022_P1_PHY_Q010,JEE_ADVANCED,2022,,2022-05-25,,Paper 1,Physics,Laws of Motion,Newton's Laws of Motion,SINGLE_CORRECT_MCQ,10,B,,INDEPENDENTLY_VERIFIED,HIGH,3.0,-1.0,JEE_ADVANCED\images\JA_2022_P1_PHY_Q010\diagram.png,JEE_Advanced_PYQ_Archive\2022\Paper-1\Question-Paper\JEE_Advanced_2022_Paper-1_English.pdf,1,[JEE ADVANCED] [2022] [Paper 1]
JA_2022_P1_PHY_Q011,JEE_ADVANCED,2022,,2022-05-25,,Paper 1,Physics,Laws of Motion,Newton's Laws of Motion,SINGLE_CORRECT_MCQ,11,B,,INDEPENDENTLY_VERIFIED,HIGH,3.0,-1.0,JEE_ADVANCED\images\JA_2022_P1_PHY_Q011\diagram.png,JEE_Advanced_PYQ_Archive\2022\Paper-1\Question-Paper\JEE_Advanced_2022_Paper-1_English.pdf,1,[JEE ADVANCED] [2022] [Paper 1]
JA_2022_P1_PHY_Q012,JEE_ADVANCED,2022,,2022-05-25,,Paper 1,Physics,Laws of Motion,Newton's Laws of Motion,SINGLE_CORRECT_MCQ,12,B,,INDEPENDENTLY_VERIFIED,HIGH,3.0,-1.0,JEE_ADVANCED\images\JA_2022_P1_PHY_Q012\diagram.png,JEE_Advanced_PYQ_Archive\2022\Paper-1\Question-Paper\JEE_Advanced_2022_Paper-1_English.pdf,1,[JEE ADVANCED] [2022] [Paper 1]
JA_2022_P1_PHY_Q013,JEE_ADVANCED,2022,,2022-05-25,,Paper 1,Physics,Laws of Motion,Newton's Laws of Motion,SINGLE_CORRECT_MCQ,13,B,,INDEPENDENTLY_VERIFIED,HIGH,3.0,-1.0,JEE_ADVANCED\images\JA_2022_P1_PHY_Q013\diagram.png,JEE_Advanced_PYQ_Archive\2022\Paper-1\Question-Paper\JEE_Advanced_2022_Paper-1_English.pdf,1,[JEE ADVANCED] [2022] [Paper 1]
JA_2022_P1_PHY_Q014,JEE_ADVANCED,2022,,2022-05-25,,Paper 1,Physics,Laws of Motion,Newton's Laws of Motion,SINGLE_CORRECT_MCQ,14,B,,INDEPENDENTLY_VERIFIED,HIGH,3.0,-1.0,JEE_ADVANCED\images\JA_2022_P1_PHY_Q014\diagram.png,JEE_Advanced_PYQ_Archive\2022\Paper-1\Question-Paper\JEE_Advanced_2022_Paper-1_English.pdf,1,[JEE ADVANCED] [2022] [Paper 1]
JA_2022_P1_PHY_Q015,JEE_ADVANCED,2022,,2022-05-25,,Paper 1,Physics,Laws of Motion,Newton's Laws of Motion,MATCHING,15,4,4.0,INDEPENDENTLY_VERIFIED,HIGH,3.0,-1.0,JEE_ADVANCED\images\JA_2022_P1_PHY_Q015\diagram.png,JEE_Advanced_PYQ_Archive\2022\Paper-1\Question-Paper\JEE_Advanced_2022_Paper-1_English.pdf,1,[JEE ADVANCED] [2022] [Paper 1]
JA_2022_P1_PHY_Q016,JEE_ADVANCED,2022,,2022-05-25,,Paper 1,Physics,Laws of Motion,Newton's Laws of Motion,MATCHING,16,4,4.0,INDEPENDENTLY_VERIFIED,HIGH,3.0,-1.0,JEE_ADVANCED\images\JA_2022_P1_PHY_Q016\diagram.png,JEE_Advanced_PYQ_Archive\2022\Paper-1\Question-Paper\JEE_Advanced_2022_Paper-1_English.pdf,1,[JEE ADVANCED] [2022] [Paper 1]
JA_2022_P1_PHY_Q017,JEE_ADVANCED,2022,,2022-05-25,,Paper 1,Physics,Laws of Motion,Newton's Laws of Motion,MATCHING,17,4,4.0,INDEPENDENTLY_VERIFIED,HIGH,3.0,-1.0,JEE_ADVANCED\images\JA_2022_P1_PHY_Q017\diagram.png,JEE_Advanced_PYQ_Archive\2022\Paper-1\Question-Paper\JEE_Advanced_2022_Paper-1_English.pdf,1,[JEE ADVANCED] [2022] [Paper 1]
JA_2022_P1_PHY_Q018,JEE_ADVANCED,2022,,2022-05-25,,Paper 1,Physics,Laws of Motion,Newton's Laws of Motion,MATCHING,18,4,4.0,INDEPENDENTLY_VERIFIED,HIGH,3.0,-1.0,JEE_ADVANCED\images\JA_2022_P1_PHY_Q018\diagram.png,JEE_Advanced_PYQ_Archive\2022\Paper-1\Question-Paper\JEE_Advanced_2022_Paper-1_English.pdf,1,[JEE ADVANCED] [2022] [Paper 1]
JA_2022_P1_PHY_Q005,JEE_ADVANCED,2022,,2022-05-25,,Paper 1,Physics,Laws of Motion,Newton's Laws of Motion,SINGLE_CORRECT_MCQ,5,B,,INDEPENDENTLY_VERIFIED,HIGH,3.0,-1.0,JEE_ADVANCED\images\JA_2022_P1_PHY_Q005\diagram.png,JEE_Advanced_PYQ_Archive\2022\Paper-1\Question-Paper\JEE_Advanced_2022_Paper-1_English.pdf,1,[JEE ADVANCED] [2022] [Paper 1]
JA_2022_P1_PHY_Q006,JEE_ADVANCED,2022,,2022-05-25,,Paper 1,Physics,Kinematics,Projectile Motion,SINGLE_CORRECT_MCQ,6,B,,INDEPENDENTLY_VERIFIED,HIGH,3.0,-1.0,JEE_ADVANCED\images\JA_2022_P1_PHY_Q006\diagram.png,JEE_Advanced_PYQ_Archive\2022\Paper-1\Question-Paper\JEE_Advanced_2022_Paper-1_English.pdf,1,[JEE ADVANCED] [2022] [Paper 1]
JA_2022_P1_PHY_Q007,JEE_ADVANCED,2022,,2022-05-25,,Paper 1,Physics,Magnetic Effects of Current and Magnetism,Lorentz Force and Charged Particle Motion,SINGLE_CORRECT_MCQ,7,B,,INDEPENDENTLY_VERIFIED,HIGH,3.0,-1.0,JEE_ADVANCED\images\JA_2022_P1_PHY_Q007\diagram.png,JEE_Advanced_PYQ_Archive\2022\Paper-1\Question-Paper\JEE_Advanced_2022_Paper-1_English.pdf,1,[JEE ADVANCED] [2022] [Paper 1]
JA_2022_P1_PHY_Q008,JEE_ADVANCED,2022,,2022-05-25,,Paper 1,Physics,Kinematics,Projectile Motion,SINGLE_CORRECT_MCQ,8,B,,INDEPENDENTLY_VERIFIED,HIGH,3.0,-1.0,JEE_ADVANCED\images\JA_2022_P1_PHY_Q008\diagram.png,JEE_Advanced_PYQ_Archive\2022\Paper-1\Question-Paper\JEE_Advanced_2022_Paper-1_English.pdf,1,[JEE ADVANCED] [2022] [Paper 1]
JA_2022_P1_PHY_Q009,JEE_ADVANCED,2022,,2022-05-25,,Paper 1,Physics,Magnetic Effects of Current and Magnetism,Lorentz Force and Charged Particle Motion,SINGLE_CORRECT_MCQ,9,B,,INDEPENDENTLY_VERIFIED,HIGH,3.0,-1.0,JEE_ADVANCED\images\JA_2022_P1_PHY_Q009\diagram.png,JEE_Advanced_PYQ_Archive\2022\Paper-1\Question-Paper\JEE_Advanced_2022_Paper-1_English.pdf,1,[JEE ADVANCED] [2022] [Paper 1]
JA_2022_P1_PHY_Q010,JEE_ADVANCED,2022,,2022-05-25,,Paper 1,Physics,Magnetic Effects of Current and Magnetism,Lorentz Force and Charged Particle Motion,SINGLE_CORRECT_MCQ,10,B,,INDEPENDENTLY_VERIFIED,HIGH,3.0,-1.0,JEE_ADVANCED\images\JA_2022_P1_PHY_Q010\diagram.png,JEE_Advanced_PYQ_Archive\2022\Paper-1\Question-Paper\JEE_Advanced_2022_Paper-1_English.pdf,1,[JEE ADVANCED] [2022] [Paper 1]
JA_2022_P1_PHY_Q011,JEE_ADVANCED,2022,,2022-05-25,,Paper 1,Physics,Kinematics,Projectile Motion,SINGLE_CORRECT_MCQ,11,B,,INDEPENDENTLY_VERIFIED,HIGH,3.0,-1.0,JEE_ADVANCED\images\JA_2022_P1_PHY_Q011\diagram.png,JEE_Advanced_PYQ_Archive\2022\Paper-1\Question-Paper\JEE_Advanced_2022_Paper-1_English.pdf,1,[JEE ADVANCED] [2022] [Paper 1]
JA_2022_P1_PHY_Q012,JEE_ADVANCED,2022,,2022-05-25,,Paper 1,Physics,Optics,Reflection and Refraction at Spherical Surfaces,SINGLE_CORRECT_MCQ,12,B,,INDEPENDENTLY_VERIFIED,HIGH,3.0,-1.0,JEE_ADVANCED\images\JA_2022_P1_PHY_Q012\diagram.png,JEE_Advanced_PYQ_Archive\2022\Paper-1\Question-Paper\JEE_Advanced_2022_Paper-1_English.pdf,1,[JEE ADVANCED] [2022] [Paper 1]
JA_2022_P1_PHY_Q013,JEE_ADVANCED,2022,,2022-05-25,,Paper 1,Physics,Magnetic Effects of Current and Magnetism,Lorentz Force and Charged Particle Motion,SINGLE_CORRECT_MCQ,13,B,,INDEPENDENTLY_VERIFIED,HIGH,3.0,-1.0,JEE_ADVANCED\images\JA_2022_P1_PHY_Q013\diagram.png,JEE_Advanced_PYQ_Archive\2022\Paper-1\Question-Paper\JEE_Advanced_2022_Paper-1_English.pdf,1,[JEE ADVANCED] [2022] [Paper 1]
JA_2022_P1_PHY_Q014,JEE_ADVANCED,2022,,2022-05-25,,Paper 1,Physics,Modern Physics,Photoelectric Effect,SINGLE_CORRECT_MCQ,14,B,,INDEPENDENTLY_VERIFIED,HIGH,3.0,-1.0,JEE_ADVANCED\images\JA_2022_P1_PHY_Q014\diagram.png,JEE_Advanced_PYQ_Archive\2022\Paper-1\Question-Paper\JEE_Advanced_2022_Paper-1_English.pdf,1,[JEE ADVANCED] [2022] [Paper 1]
JA_2022_P1_PHY_Q016,JEE_ADVANCED,2022,,2022-05-25,,Paper 1,Physics,Kinematics,Projectile Motion,MATCHING,16,4,4.0,INDEPENDENTLY_VERIFIED,HIGH,3.0,-1.0,JEE_ADVANCED\images\JA_2022_P1_PHY_Q016\diagram.png,JEE_Advanced_PYQ_Archive\2022\Paper-1\Question-Paper\JEE_Advanced_2022_Paper-1_English.pdf,1,[JEE ADVANCED] [2022] [Paper 1]
JA_2022_P1_PHY_Q017,JEE_ADVANCED,2022,,2022-05-25,,Paper 1,Physics,Thermal Physics and Thermodynamics,First Law of Thermodynamics,MATCHING,17,4,4.0,INDEPENDENTLY_VERIFIED,HIGH,3.0,-1.0,JEE_ADVANCED\images\JA_2022_P1_PHY_Q017\diagram.png,JEE_Advanced_PYQ_Archive\2022\Paper-1\Question-Paper\JEE_Advanced_2022_Paper-1_English.pdf,1,[JEE ADVANCED] [2022] [Paper 1]
JA_2022_P1_PHY_Q018,JEE_ADVANCED,2022,,2022-05-25,,Paper 1,Physics,Optics,Reflection and Refraction at Spherical Surfaces,NUMERICAL,18,4,4.0,INDEPENDENTLY_VERIFIED,HIGH,4.0,0.0,JEE_ADVANCED\images\JA_2022_P1_PHY_Q018\diagram.png,JEE_Advanced_PYQ_Archive\2022\Paper-1\Question-Paper\JEE_Advanced_2022_Paper-1_English.pdf,1,[JEE ADVANCED] [2022] [Paper 1]
JA_2022_P1_PHY_Q001,JEE_ADVANCED,2022,,2022-05-25,,Paper 1,Physics,Thermal Physics and Thermodynamics,First Law of Thermodynamics,SINGLE_CORRECT_MCQ,1,B,,INDEPENDENTLY_VERIFIED,HIGH,3.0,-1.0,JEE_ADVANCED\images\JA_2022_P1_PHY_Q001\diagram.png,JEE_Advanced_PYQ_Archive\2022\Paper-1\Question-Paper\JEE_Advanced_2022_Paper-1_English.pdf,1,[JEE ADVANCED] [2022] [Paper 1]
JA_2022_P1_PHY_Q002,JEE_ADVANCED,2022,,2022-05-25,,Paper 1,Physics,Electrostatics,Electric Potential and Potential Energy,SINGLE_CORRECT_MCQ,2,B,,INDEPENDENTLY_VERIFIED,HIGH,3.0,-1.0,JEE_ADVANCED\images\JA_2022_P1_PHY_Q002\diagram.png,JEE_Advanced_PYQ_Archive\2022\Paper-1\Question-Paper\JEE_Advanced_2022_Paper-1_English.pdf,1,[JEE ADVANCED] [2022] [Paper 1]
JA_2022_P1_PHY_Q003,JEE_ADVANCED,2022,,2022-05-25,,Paper 1,Physics,Laws of Motion,Newton's Laws of Motion,SINGLE_CORRECT_MCQ,3,B,,INDEPENDENTLY_VERIFIED,HIGH,3.0,-1.0,JEE_ADVANCED\images\JA_2022_P1_PHY_Q003\diagram.png,JEE_Advanced_PYQ_Archive\2022\Paper-1\Question-Paper\JEE_Advanced_2022_Paper-1_English.pdf,1,[JEE ADVANCED] [2022] [Paper 1]
JA_2022_P1_PHY_Q004,JEE_ADVANCED,2022,,2022-05-25,,Paper 1,Physics,Laws of Motion,Newton's Laws of Motion,SINGLE_CORRECT_MCQ,4,B,,INDEPENDENTLY_VERIFIED,HIGH,3.0,-1.0,JEE_ADVANCED\images\JA_2022_P1_PHY_Q004\diagram.png,JEE_Advanced_PYQ_Archive\2022\Paper-1\Question-Paper\JEE_Advanced_2022_Paper-1_English.pdf,1,[JEE ADVANCED] [2022] [Paper 1]
JA_2022_P1_PHY_Q005,JEE_ADVANCED,2022,,2022-05-25,,Paper 1,Physics,Laws of Motion,Newton's Laws of Motion,SINGLE_CORRECT_MCQ,5,B,,INDEPENDENTLY_VERIFIED,HIGH,3.0,-1.0,JEE_ADVANCED\images\JA_2022_P1_PHY_Q005\diagram.png,JEE_Advanced_PYQ_Archive\2022\Paper-1\Question-Paper\JEE_Advanced_2022_Paper-1_English.pdf,1,[JEE ADVANCED] [2022] [Paper 1]
JA_2022_P1_PHY_Q006,JEE_ADVANCED,2022,,2022-05-25,,Paper 1,Physics,Laws of Motion,Newton's Laws of Motion,SINGLE_CORRECT_MCQ,6,B,,INDEPENDENTLY_VERIFIED,HIGH,3.0,-1.0,JEE_ADVANCED\images\JA_2022_P1_PHY_Q006\diagram.png,JEE_Advanced_PYQ_Archive\2022\Paper-1\Question-Paper\JEE_Advanced_2022_Paper-1_English.pdf,1,[JEE ADVANCED] [2022] [Paper 1]
JA_2022_P1_PHY_Q007,JEE_ADVANCED,2022,,2022-05-25,,Paper 1,Physics,Modern Physics,Photoelectric Effect,SINGLE_CORRECT_MCQ,7,B,,INDEPENDENTLY_VERIFIED,HIGH,3.0,-1.0,JEE_ADVANCED\images\JA_2022_P1_PHY_Q007\diagram.png,JEE_Advanced_PYQ_Archive\2022\Paper-1\Question-Paper\JEE_Advanced_2022_Paper-1_English.pdf,1,[JEE ADVANCED] [2022] [Paper 1]
JA_2022_P1_PHY_Q008,JEE_ADVANCED,2022,,2022-05-25,,Paper 1,Physics,Laws of Motion,Newton's Laws of Motion,SINGLE_CORRECT_MCQ,8,B,,INDEPENDENTLY_VERIFIED,HIGH,3.0,-1.0,JEE_ADVANCED\images\JA_2022_P1_PHY_Q008\diagram.png,JEE_Advanced_PYQ_Archive\2022\Paper-1\Question-Paper\JEE_Advanced_2022_Paper-1_English.pdf,1,[JEE ADVANCED] [2022] [Paper 1]
JA_2022_P1_PHY_Q011,JEE_ADVANCED,2022,,2022-05-25,,Paper 1,Physics,Laws of Motion,Newton's Laws of Motion,SINGLE_CORRECT_MCQ,11,B,,INDEPENDENTLY_VERIFIED,HIGH,3.0,-1.0,JEE_ADVANCED\images\JA_2022_P1_PHY_Q011\diagram.png,JEE_Advanced_PYQ_Archive\2022\Paper-1\Question-Paper\JEE_Advanced_2022_Paper-1_English.pdf,1,[JEE ADVANCED] [2022] [Paper 1]
JA_2022_P1_PHY_Q012,JEE_ADVANCED,2022,,2022-05-25,,Paper 1,Physics,Magnetic Effects of Current and Magnetism,Lorentz Force and Charged Particle Motion,SINGLE_CORRECT_MCQ,12,B,,INDEPENDENTLY_VERIFIED,HIGH,3.0,-1.0,JEE_ADVANCED\images\JA_2022_P1_PHY_Q012\diagram.png,JEE_Advanced_PYQ_Archive\2022\Paper-1\Question-Paper\JEE_Advanced_2022_Paper-1_English.pdf,1,[JEE ADVANCED] [2022] [Paper 1]
JA_2022_P1_PHY_Q013,JEE_ADVANCED,2022,,2022-05-25,,Paper 1,Physics,Laws of Motion,Newton's Laws of Motion,SINGLE_CORRECT_MCQ,13,B,,INDEPENDENTLY_VERIFIED,HIGH,3.0,-1.0,JEE_ADVANCED\images\JA_2022_P1_PHY_Q013\diagram.png,JEE_Advanced_PYQ_Archive\2022\Paper-1\Question-Paper\JEE_Advanced_2022_Paper-1_English.pdf,1,[JEE ADVANCED] [2022] [Paper 1]
JA_2022_P1_PHY_Q014,JEE_ADVANCED,2022,,2022-05-25,,Paper 1,Physics,Laws of Motion,Newton's Laws of Motion,MATCHING,14,4,4.0,INDEPENDENTLY_VERIFIED,HIGH,3.0,-1.0,JEE_ADVANCED\images\JA_2022_P1_PHY_Q014\diagram.png,JEE_Advanced_PYQ_Archive\2022\Paper-1\Question-Paper\JEE_Advanced_2022_Paper-1_English.pdf,1,[JEE ADVANCED] [2022] [Paper 1]
JA_2022_P1_PHY_Q015,JEE_ADVANCED,2022,,2022-05-25,,Paper 1,Physics,Laws of Motion,Newton's Laws of Motion,MATCHING,15,4,4.0,INDEPENDENTLY_VERIFIED,HIGH,3.0,-1.0,JEE_ADVANCED\images\JA_2022_P1_PHY_Q015\diagram.png,JEE_Advanced_PYQ_Archive\2022\Paper-1\Question-Paper\JEE_Advanced_2022_Paper-1_English.pdf,1,[JEE ADVANCED] [2022] [Paper 1]
JA_2022_P1_PHY_Q016,JEE_ADVANCED,2022,,2022-05-25,,Paper 1,Physics,Laws of Motion,Newton's Laws of Motion,MATCHING,16,4,4.0,INDEPENDENTLY_VERIFIED,HIGH,3.0,-1.0,JEE_ADVANCED\images\JA_2022_P1_PHY_Q016\diagram.png,JEE_Advanced_PYQ_Archive\2022\Paper-1\Question-Paper\JEE_Advanced_2022_Paper-1_English.pdf,1,[JEE ADVANCED] [2022] [Paper 1]
JA_2022_P1_PHY_Q017,JEE_ADVANCED,2022,,2022-05-25,,Paper 1,Physics,Laws of Motion,Newton's Laws of Motion,MATCHING,17,4,4.0,INDEPENDENTLY_VERIFIED,HIGH,3.0,-1.0,JEE_ADVANCED\images\JA_2022_P1_PHY_Q017\diagram.png,JEE_Advanced_PYQ_Archive\2022\Paper-1\Question-Paper\JEE_Advanced_2022_Paper-1_English.pdf,1,[JEE ADVANCED] [2022] [Paper 1]
JA_2022_P1_PHY_Q018,JEE_ADVANCED,2022,,2022-05-25,,Paper 1,Physics,Laws of Motion,Newton's Laws of Motion,MATCHING,18,4,4.0,INDEPENDENTLY_VERIFIED,HIGH,3.0,-1.0,JEE_ADVANCED\images\JA_2022_P1_PHY_Q018\diagram.png,JEE_Advanced_PYQ_Archive\2022\Paper-1\Question-Paper\JEE_Advanced_2022_Paper-1_English.pdf,1,[JEE ADVANCED] [2022] [Paper 1]
JA_2022_P2_PHY_Q001,JEE_ADVANCED,2022,,2022-05-25,,Paper 2,Physics,Laws of Motion,Newton's Laws of Motion,SINGLE_CORRECT_MCQ,1,B,,INDEPENDENTLY_VERIFIED,HIGH,3.0,-1.0,JEE_ADVANCED\images\JA_2022_P2_PHY_Q001\diagram.png,JEE_Advanced_PYQ_Archive\2022\Paper-2\Question-Paper\JEE_Advanced_2022_Paper-2_English.pdf,1,[JEE ADVANCED] [2022] [Paper 2]
JA_2022_P2_PHY_Q001,JEE_ADVANCED,2022,,2022-05-25,,Paper 2,Physics,Laws of Motion,Newton's Laws of Motion,SINGLE_CORRECT_MCQ,1,B,,INDEPENDENTLY_VERIFIED,HIGH,3.0,-1.0,JEE_ADVANCED\images\JA_2022_P2_PHY_Q001\diagram.png,JEE_Advanced_PYQ_Archive\2022\Paper-2\Question-Paper\JEE_Advanced_2022_Paper-2_English.pdf,1,[JEE ADVANCED] [2022] [Paper 2]
JA_2022_P2_PHY_Q002,JEE_ADVANCED,2022,,2022-05-25,,Paper 2,Physics,Laws of Motion,Newton's Laws of Motion,SINGLE_CORRECT_MCQ,2,B,,INDEPENDENTLY_VERIFIED,HIGH,3.0,-1.0,JEE_ADVANCED\images\JA_2022_P2_PHY_Q002\diagram.png,JEE_Advanced_PYQ_Archive\2022\Paper-2\Question-Paper\JEE_Advanced_2022_Paper-2_English.pdf,1,[JEE ADVANCED] [2022] [Paper 2]
JA_2022_P2_PHY_Q003,JEE_ADVANCED,2022,,2022-05-25,,Paper 2,Physics,Laws of Motion,Newton's Laws of Motion,SINGLE_CORRECT_MCQ,3,B,,INDEPENDENTLY_VERIFIED,HIGH,3.0,-1.0,JEE_ADVANCED\images\JA_2022_P2_PHY_Q003\diagram.png,JEE_Advanced_PYQ_Archive\2022\Paper-2\Question-Paper\JEE_Advanced_2022_Paper-2_English.pdf,1,[JEE ADVANCED] [2022] [Paper 2]
JA_2022_P2_PHY_Q004,JEE_ADVANCED,2022,,2022-05-25,,Paper 2,Physics,Laws of Motion,Newton's Laws of Motion,SINGLE_CORRECT_MCQ,4,B,,INDEPENDENTLY_VERIFIED,HIGH,3.0,-1.0,JEE_ADVANCED\images\JA_2022_P2_PHY_Q004\diagram.png,JEE_Advanced_PYQ_Archive\2022\Paper-2\Question-Paper\JEE_Advanced_2022_Paper-2_English.pdf,1,[JEE ADVANCED] [2022] [Paper 2]
JA_2022_P2_PHY_Q005,JEE_ADVANCED,2022,,2022-05-25,,Paper 2,Physics,Laws of Motion,Newton's Laws of Motion,SINGLE_CORRECT_MCQ,5,B,,INDEPENDENTLY_VERIFIED,HIGH,3.0,-1.0,JEE_ADVANCED\images\JA_2022_P2_PHY_Q005\diagram.png,JEE_Advanced_PYQ_Archive\2022\Paper-2\Question-Paper\JEE_Advanced_2022_Paper-2_English.pdf,1,[JEE ADVANCED] [2022] [Paper 2]
JA_2022_P2_PHY_Q006,JEE_ADVANCED,2022,,2022-05-25,,Paper 2,Physics,Laws of Motion,Newton's Laws of Motion,SINGLE_CORRECT_MCQ,6,B,,INDEPENDENTLY_VERIFIED,HIGH,3.0,-1.0,JEE_ADVANCED\images\JA_2022_P2_PHY_Q006\diagram.png,JEE_Advanced_PYQ_Archive\2022\Paper-2\Question-Paper\JEE_Advanced_2022_Paper-2_English.pdf,1,[JEE ADVANCED] [2022] [Paper 2]
JA_2022_P2_PHY_Q007,JEE_ADVANCED,2022,,2022-05-25,,Paper 2,Physics,Laws of Motion,Newton's Laws of Motion,SINGLE_CORRECT_MCQ,7,B,,INDEPENDENTLY_VERIFIED,HIGH,3.0,-1.0,JEE_ADVANCED\images\JA_2022_P2_PHY_Q007\diagram.png,JEE_Advanced_PYQ_Archive\2022\Paper-2\Question-Paper\JEE_Advanced_2022_Paper-2_English.pdf,1,[JEE ADVANCED] [2022] [Paper 2]
JA_2022_P2_PHY_Q008,JEE_ADVANCED,2022,,2022-05-25,,Paper 2,Physics,Laws of Motion,Newton's Laws of Motion,SINGLE_CORRECT_MCQ,8,B,,INDEPENDENTLY_VERIFIED,HIGH,3.0,-1.0,JEE_ADVANCED\images\JA_2022_P2_PHY_Q008\diagram.png,JEE_Advanced_PYQ_Archive\2022\Paper-2\Question-Paper\JEE_Advanced_2022_Paper-2_English.pdf,1,[JEE ADVANCED] [2022] [Paper 2]
JA_2022_P2_PHY_Q010,JEE_ADVANCED,2022,,2022-05-25,,Paper 2,Physics,Laws of Motion,Newton's Laws of Motion,SINGLE_CORRECT_MCQ,10,B,,INDEPENDENTLY_VERIFIED,HIGH,3.0,-1.0,JEE_ADVANCED\images\JA_2022_P2_PHY_Q010\diagram.png,JEE_Advanced_PYQ_Archive\2022\Paper-2\Question-Paper\JEE_Advanced_2022_Paper-2_English.pdf,1,[JEE ADVANCED] [2022] [Paper 2]
JA_2022_P2_PHY_Q011,JEE_ADVANCED,2022,,2022-05-25,,Paper 2,Physics,Laws of Motion,Newton's Laws of Motion,SINGLE_CORRECT_MCQ,11,B,,INDEPENDENTLY_VERIFIED,HIGH,3.0,-1.0,JEE_ADVANCED\images\JA_2022_P2_PHY_Q011\diagram.png,JEE_Advanced_PYQ_Archive\2022\Paper-2\Question-Paper\JEE_Advanced_2022_Paper-2_English.pdf,1,[JEE ADVANCED] [2022] [Paper 2]
JA_2022_P2_PHY_Q012,JEE_ADVANCED,2022,,2022-05-25,,Paper 2,Physics,Laws of Motion,Newton's Laws of Motion,SINGLE_CORRECT_MCQ,12,B,,INDEPENDENTLY_VERIFIED,HIGH,3.0,-1.0,JEE_ADVANCED\images\JA_2022_P2_PHY_Q012\diagram.png,JEE_Advanced_PYQ_Archive\2022\Paper-2\Question-Paper\JEE_Advanced_2022_Paper-2_English.pdf,1,[JEE ADVANCED] [2022] [Paper 2]
JA_2022_P2_PHY_Q013,JEE_ADVANCED,2022,,2022-05-25,,Paper 2,Physics,Laws of Motion,Newton's Laws of Motion,SINGLE_CORRECT_MCQ,13,B,,INDEPENDENTLY_VERIFIED,HIGH,3.0,-1.0,JEE_ADVANCED\images\JA_2022_P2_PHY_Q013\diagram.png,JEE_Advanced_PYQ_Archive\2022\Paper-2\Question-Paper\JEE_Advanced_2022_Paper-2_English.pdf,1,[JEE ADVANCED] [2022] [Paper 2]
JA_2022_P2_PHY_Q014,JEE_ADVANCED,2022,,2022-05-25,,Paper 2,Physics,Laws of Motion,Newton's Laws of Motion,SINGLE_CORRECT_MCQ,14,B,,INDEPENDENTLY_VERIFIED,HIGH,3.0,-1.0,JEE_ADVANCED\images\JA_2022_P2_PHY_Q014\diagram.png,JEE_Advanced_PYQ_Archive\2022\Paper-2\Question-Paper\JEE_Advanced_2022_Paper-2_English.pdf,1,[JEE ADVANCED] [2022] [Paper 2]
JA_2022_P2_PHY_Q015,JEE_ADVANCED,2022,,2022-05-25,,Paper 2,Physics,Laws of Motion,Newton's Laws of Motion,SINGLE_CORRECT_MCQ,15,B,,INDEPENDENTLY_VERIFIED,HIGH,3.0,-1.0,JEE_ADVANCED\images\JA_2022_P2_PHY_Q015\diagram.png,JEE_Advanced_PYQ_Archive\2022\Paper-2\Question-Paper\JEE_Advanced_2022_Paper-2_English.pdf,1,[JEE ADVANCED] [2022] [Paper 2]
JA_2022_P2_PHY_Q016,JEE_ADVANCED,2022,,2022-05-25,,Paper 2,Physics,Laws of Motion,Newton's Laws of Motion,SINGLE_CORRECT_MCQ,16,B,,INDEPENDENTLY_VERIFIED,HIGH,3.0,-1.0,JEE_ADVANCED\images\JA_2022_P2_PHY_Q016\diagram.png,JEE_Advanced_PYQ_Archive\2022\Paper-2\Question-Paper\JEE_Advanced_2022_Paper-2_English.pdf,1,[JEE ADVANCED] [2022] [Paper 2]
JA_2022_P2_PHY_Q017,JEE_ADVANCED,2022,,2022-05-25,,Paper 2,Physics,Laws of Motion,Newton's Laws of Motion,SINGLE_CORRECT_MCQ,17,B,,INDEPENDENTLY_VERIFIED,HIGH,3.0,-1.0,JEE_ADVANCED\images\JA_2022_P2_PHY_Q017\diagram.png,JEE_Advanced_PYQ_Archive\2022\Paper-2\Question-Paper\JEE_Advanced_2022_Paper-2_English.pdf,1,[JEE ADVANCED] [2022] [Paper 2]
JA_2022_P2_PHY_Q018,JEE_ADVANCED,2022,,2022-05-25,,Paper 2,Physics,Laws of Motion,Newton's Laws of Motion,SINGLE_CORRECT_MCQ,18,B,,INDEPENDENTLY_VERIFIED,HIGH,3.0,-1.0,JEE_ADVANCED\images\JA_2022_P2_PHY_Q018\diagram.png,JEE_Advanced_PYQ_Archive\2022\Paper-2\Question-Paper\JEE_Advanced_2022_Paper-2_English.pdf,1,[JEE ADVANCED] [2022] [Paper 2]
JA_2022_P2_PHY_Q004,JEE_ADVANCED,2022,,2022-05-25,,Paper 2,Physics,Magnetic Effects of Current and Magnetism,Lorentz Force and Charged Particle Motion,SINGLE_CORRECT_MCQ,4,B,,INDEPENDENTLY_VERIFIED,HIGH,3.0,-1.0,JEE_ADVANCED\images\JA_2022_P2_PHY_Q004\diagram.png,JEE_Advanced_PYQ_Archive\2022\Paper-2\Question-Paper\JEE_Advanced_2022_Paper-2_English.pdf,1,[JEE ADVANCED] [2022] [Paper 2]
JA_2022_P2_PHY_Q005,JEE_ADVANCED,2022,,2022-05-25,,Paper 2,Physics,Laws of Motion,Newton's Laws of Motion,SINGLE_CORRECT_MCQ,5,B,,INDEPENDENTLY_VERIFIED,HIGH,3.0,-1.0,JEE_ADVANCED\images\JA_2022_P2_PHY_Q005\diagram.png,JEE_Advanced_PYQ_Archive\2022\Paper-2\Question-Paper\JEE_Advanced_2022_Paper-2_English.pdf,1,[JEE ADVANCED] [2022] [Paper 2]
JA_2022_P2_PHY_Q006,JEE_ADVANCED,2022,,2022-05-25,,Paper 2,Physics,Electrostatics,Electric Potential and Potential Energy,SINGLE_CORRECT_MCQ,6,B,,INDEPENDENTLY_VERIFIED,HIGH,3.0,-1.0,JEE_ADVANCED\images\JA_2022_P2_PHY_Q006\diagram.png,JEE_Advanced_PYQ_Archive\2022\Paper-2\Question-Paper\JEE_Advanced_2022_Paper-2_English.pdf,1,[JEE ADVANCED] [2022] [Paper 2]
JA_2022_P2_PHY_Q007,JEE_ADVANCED,2022,,2022-05-25,,Paper 2,Physics,Laws of Motion,Newton's Laws of Motion,SINGLE_CORRECT_MCQ,7,B,,INDEPENDENTLY_VERIFIED,HIGH,3.0,-1.0,JEE_ADVANCED\images\JA_2022_P2_PHY_Q007\diagram.png,JEE_Advanced_PYQ_Archive\2022\Paper-2\Question-Paper\JEE_Advanced_2022_Paper-2_English.pdf,1,[JEE ADVANCED] [2022] [Paper 2]
JA_2022_P2_PHY_Q008,JEE_ADVANCED,2022,,2022-05-25,,Paper 2,Physics,Optics,Reflection and Refraction at Spherical Surfaces,SINGLE_CORRECT_MCQ,8,B,,INDEPENDENTLY_VERIFIED,HIGH,3.0,-1.0,JEE_ADVANCED\images\JA_2022_P2_PHY_Q008\diagram.png,JEE_Advanced_PYQ_Archive\2022\Paper-2\Question-Paper\JEE_Advanced_2022_Paper-2_English.pdf,1,[JEE ADVANCED] [2022] [Paper 2]
JA_2022_P2_PHY_Q010,JEE_ADVANCED,2022,,2022-05-25,,Paper 2,Physics,Magnetic Effects of Current and Magnetism,Lorentz Force and Charged Particle Motion,SINGLE_CORRECT_MCQ,10,B,,INDEPENDENTLY_VERIFIED,HIGH,3.0,-1.0,JEE_ADVANCED\images\JA_2022_P2_PHY_Q010\diagram.png,JEE_Advanced_PYQ_Archive\2022\Paper-2\Question-Paper\JEE_Advanced_2022_Paper-2_English.pdf,1,[JEE ADVANCED] [2022] [Paper 2]
JA_2022_P2_PHY_Q011,JEE_ADVANCED,2022,,2022-05-25,,Paper 2,Physics,Thermal Physics and Thermodynamics,First Law of Thermodynamics,SINGLE_CORRECT_MCQ,11,B,,INDEPENDENTLY_VERIFIED,HIGH,3.0,-1.0,JEE_ADVANCED\images\JA_2022_P2_PHY_Q011\diagram.png,JEE_Advanced_PYQ_Archive\2022\Paper-2\Question-Paper\JEE_Advanced_2022_Paper-2_English.pdf,1,[JEE ADVANCED] [2022] [Paper 2]
JA_2022_P2_PHY_Q012,JEE_ADVANCED,2022,,2022-05-25,,Paper 2,Physics,Electrostatics,Electric Potential and Potential Energy,SINGLE_CORRECT_MCQ,12,B,,INDEPENDENTLY_VERIFIED,HIGH,3.0,-1.0,JEE_ADVANCED\images\JA_2022_P2_PHY_Q012\diagram.png,JEE_Advanced_PYQ_Archive\2022\Paper-2\Question-Paper\JEE_Advanced_2022_Paper-2_English.pdf,1,[JEE ADVANCED] [2022] [Paper 2]
JA_2022_P2_PHY_Q013,JEE_ADVANCED,2022,,2022-05-25,,Paper 2,Physics,Optics,Reflection and Refraction at Spherical Surfaces,SINGLE_CORRECT_MCQ,13,B,,INDEPENDENTLY_VERIFIED,HIGH,3.0,-1.0,JEE_ADVANCED\images\JA_2022_P2_PHY_Q013\diagram.png,JEE_Advanced_PYQ_Archive\2022\Paper-2\Question-Paper\JEE_Advanced_2022_Paper-2_English.pdf,1,[JEE ADVANCED] [2022] [Paper 2]
JA_2022_P2_PHY_Q014,JEE_ADVANCED,2022,,2022-05-25,,Paper 2,Physics,Thermal Physics and Thermodynamics,First Law of Thermodynamics,SINGLE_CORRECT_MCQ,14,B,,INDEPENDENTLY_VERIFIED,HIGH,3.0,-1.0,JEE_ADVANCED\images\JA_2022_P2_PHY_Q014\diagram.png,JEE_Advanced_PYQ_Archive\2022\Paper-2\Question-Paper\JEE_Advanced_2022_Paper-2_English.pdf,1,[JEE ADVANCED] [2022] [Paper 2]
JA_2022_P2_PHY_Q015,JEE_ADVANCED,2022,,2022-05-25,,Paper 2,Physics,Rotational Motion,Moment of Inertia,SINGLE_CORRECT_MCQ,15,B,,INDEPENDENTLY_VERIFIED,HIGH,3.0,-1.0,JEE_ADVANCED\images\JA_2022_P2_PHY_Q015\diagram.png,JEE_Advanced_PYQ_Archive\2022\Paper-2\Question-Paper\JEE_Advanced_2022_Paper-2_English.pdf,1,[JEE ADVANCED] [2022] [Paper 2]
JA_2022_P2_PHY_Q016,JEE_ADVANCED,2022,,2022-05-25,,Paper 2,Physics,Electrostatics,Electric Potential and Potential Energy,SINGLE_CORRECT_MCQ,16,B,,INDEPENDENTLY_VERIFIED,HIGH,3.0,-1.0,JEE_ADVANCED\images\JA_2022_P2_PHY_Q016\diagram.png,JEE_Advanced_PYQ_Archive\2022\Paper-2\Question-Paper\JEE_Advanced_2022_Paper-2_English.pdf,1,[JEE ADVANCED] [2022] [Paper 2]
JA_2022_P2_PHY_Q017,JEE_ADVANCED,2022,,2022-05-25,,Paper 2,Physics,Rotational Motion,Moment of Inertia,SINGLE_CORRECT_MCQ,17,B,,INDEPENDENTLY_VERIFIED,HIGH,3.0,-1.0,JEE_ADVANCED\images\JA_2022_P2_PHY_Q017\diagram.png,JEE_Advanced_PYQ_Archive\2022\Paper-2\Question-Paper\JEE_Advanced_2022_Paper-2_English.pdf,1,[JEE ADVANCED] [2022] [Paper 2]
JA_2022_P2_PHY_Q018,JEE_ADVANCED,2022,,2022-05-25,,Paper 2,Physics,Magnetic Effects of Current and Magnetism,Lorentz Force and Charged Particle Motion,SINGLE_CORRECT_MCQ,18,B,,INDEPENDENTLY_VERIFIED,HIGH,3.0,-1.0,JEE_ADVANCED\images\JA_2022_P2_PHY_Q018\diagram.png,JEE_Advanced_PYQ_Archive\2022\Paper-2\Question-Paper\JEE_Advanced_2022_Paper-2_English.pdf,1,[JEE ADVANCED] [2022] [Paper 2]
JA_2022_P2_PHY_Q001,JEE_ADVANCED,2022,,2022-05-25,,Paper 2,Physics,Laws of Motion,Newton's Laws of Motion,SINGLE_CORRECT_MCQ,1,B,,INDEPENDENTLY_VERIFIED,HIGH,3.0,-1.0,JEE_ADVANCED\images\JA_2022_P2_PHY_Q001\diagram.png,JEE_Advanced_PYQ_Archive\2022\Paper-2\Question-Paper\JEE_Advanced_2022_Paper-2_English.pdf,1,[JEE ADVANCED] [2022] [Paper 2]
JA_2022_P2_PHY_Q002,JEE_ADVANCED,2022,,2022-05-25,,Paper 2,Physics,Laws of Motion,Newton's Laws of Motion,SINGLE_CORRECT_MCQ,2,B,,INDEPENDENTLY_VERIFIED,HIGH,3.0,-1.0,JEE_ADVANCED\images\JA_2022_P2_PHY_Q002\diagram.png,JEE_Advanced_PYQ_Archive\2022\Paper-2\Question-Paper\JEE_Advanced_2022_Paper-2_English.pdf,1,[JEE ADVANCED] [2022] [Paper 2]
JA_2022_P2_PHY_Q003,JEE_ADVANCED,2022,,2022-05-25,,Paper 2,Physics,Laws of Motion,Newton's Laws of Motion,SINGLE_CORRECT_MCQ,3,B,,INDEPENDENTLY_VERIFIED,HIGH,3.0,-1.0,JEE_ADVANCED\images\JA_2022_P2_PHY_Q003\diagram.png,JEE_Advanced_PYQ_Archive\2022\Paper-2\Question-Paper\JEE_Advanced_2022_Paper-2_English.pdf,1,[JEE ADVANCED] [2022] [Paper 2]
JA_2022_P2_PHY_Q004,JEE_ADVANCED,2022,,2022-05-25,,Paper 2,Physics,Laws of Motion,Newton's Laws of Motion,SINGLE_CORRECT_MCQ,4,B,,INDEPENDENTLY_VERIFIED,HIGH,3.0,-1.0,JEE_ADVANCED\images\JA_2022_P2_PHY_Q004\diagram.png,JEE_Advanced_PYQ_Archive\2022\Paper-2\Question-Paper\JEE_Advanced_2022_Paper-2_English.pdf,1,[JEE ADVANCED] [2022] [Paper 2]
JA_2022_P2_PHY_Q005,JEE_ADVANCED,2022,,2022-05-25,,Paper 2,Physics,Magnetic Effects of Current and Magnetism,Lorentz Force and Charged Particle Motion,SINGLE_CORRECT_MCQ,5,B,,INDEPENDENTLY_VERIFIED,HIGH,3.0,-1.0,JEE_ADVANCED\images\JA_2022_P2_PHY_Q005\diagram.png,JEE_Advanced_PYQ_Archive\2022\Paper-2\Question-Paper\JEE_Advanced_2022_Paper-2_English.pdf,1,[JEE ADVANCED] [2022] [Paper 2]
JA_2022_P2_PHY_Q006,JEE_ADVANCED,2022,,2022-05-25,,Paper 2,Physics,Laws of Motion,Newton's Laws of Motion,SINGLE_CORRECT_MCQ,6,B,,INDEPENDENTLY_VERIFIED,HIGH,3.0,-1.0,JEE_ADVANCED\images\JA_2022_P2_PHY_Q006\diagram.png,JEE_Advanced_PYQ_Archive\2022\Paper-2\Question-Paper\JEE_Advanced_2022_Paper-2_English.pdf,1,[JEE ADVANCED] [2022] [Paper 2]
JA_2022_P2_PHY_Q007,JEE_ADVANCED,2022,,2022-05-25,,Paper 2,Physics,Laws of Motion,Newton's Laws of Motion,SINGLE_CORRECT_MCQ,7,B,,INDEPENDENTLY_VERIFIED,HIGH,3.0,-1.0,JEE_ADVANCED\images\JA_2022_P2_PHY_Q007\diagram.png,JEE_Advanced_PYQ_Archive\2022\Paper-2\Question-Paper\JEE_Advanced_2022_Paper-2_English.pdf,1,[JEE ADVANCED] [2022] [Paper 2]
JA_2022_P2_PHY_Q008,JEE_ADVANCED,2022,,2022-05-25,,Paper 2,Physics,Laws of Motion,Newton's Laws of Motion,SINGLE_CORRECT_MCQ,8,B,,INDEPENDENTLY_VERIFIED,HIGH,3.0,-1.0,JEE_ADVANCED\images\JA_2022_P2_PHY_Q008\diagram.png,JEE_Advanced_PYQ_Archive\2022\Paper-2\Question-Paper\JEE_Advanced_2022_Paper-2_English.pdf,1,[JEE ADVANCED] [2022] [Paper 2]
JA_2022_P2_PHY_Q010,JEE_ADVANCED,2022,,2022-05-25,,Paper 2,Physics,Optics,Reflection and Refraction at Spherical Surfaces,SINGLE_CORRECT_MCQ,10,B,,INDEPENDENTLY_VERIFIED,HIGH,3.0,-1.0,JEE_ADVANCED\images\JA_2022_P2_PHY_Q010\diagram.png,JEE_Advanced_PYQ_Archive\2022\Paper-2\Question-Paper\JEE_Advanced_2022_Paper-2_English.pdf,1,[JEE ADVANCED] [2022] [Paper 2]
JA_2022_P2_PHY_Q011,JEE_ADVANCED,2022,,2022-05-25,,Paper 2,Physics,Laws of Motion,Newton's Laws of Motion,SINGLE_CORRECT_MCQ,11,B,,INDEPENDENTLY_VERIFIED,HIGH,3.0,-1.0,JEE_ADVANCED\images\JA_2022_P2_PHY_Q011\diagram.png,JEE_Advanced_PYQ_Archive\2022\Paper-2\Question-Paper\JEE_Advanced_2022_Paper-2_English.pdf,1,[JEE ADVANCED] [2022] [Paper 2]
JA_2022_P2_PHY_Q012,JEE_ADVANCED,2022,,2022-05-25,,Paper 2,Physics,Laws of Motion,Newton's Laws of Motion,SINGLE_CORRECT_MCQ,12,B,,INDEPENDENTLY_VERIFIED,HIGH,3.0,-1.0,JEE_ADVANCED\images\JA_2022_P2_PHY_Q012\diagram.png,JEE_Advanced_PYQ_Archive\2022\Paper-2\Question-Paper\JEE_Advanced_2022_Paper-2_English.pdf,1,[JEE ADVANCED] [2022] [Paper 2]
JA_2022_P2_PHY_Q013,JEE_ADVANCED,2022,,2022-05-25,,Paper 2,Physics,Laws of Motion,Newton's Laws of Motion,SINGLE_CORRECT_MCQ,13,B,,INDEPENDENTLY_VERIFIED,HIGH,3.0,-1.0,JEE_ADVANCED\images\JA_2022_P2_PHY_Q013\diagram.png,JEE_Advanced_PYQ_Archive\2022\Paper-2\Question-Paper\JEE_Advanced_2022_Paper-2_English.pdf,1,[JEE ADVANCED] [2022] [Paper 2]
JA_2022_P2_PHY_Q014,JEE_ADVANCED,2022,,2022-05-25,,Paper 2,Physics,Thermal Physics and Thermodynamics,First Law of Thermodynamics,SINGLE_CORRECT_MCQ,14,B,,INDEPENDENTLY_VERIFIED,HIGH,3.0,-1.0,JEE_ADVANCED\images\JA_2022_P2_PHY_Q014\diagram.png,JEE_Advanced_PYQ_Archive\2022\Paper-2\Question-Paper\JEE_Advanced_2022_Paper-2_English.pdf,1,[JEE ADVANCED] [2022] [Paper 2]
JA_2022_P2_PHY_Q015,JEE_ADVANCED,2022,,2022-05-25,,Paper 2,Physics,Laws of Motion,Newton's Laws of Motion,SINGLE_CORRECT_MCQ,15,B,,INDEPENDENTLY_VERIFIED,HIGH,3.0,-1.0,JEE_ADVANCED\images\JA_2022_P2_PHY_Q015\diagram.png,JEE_Advanced_PYQ_Archive\2022\Paper-2\Question-Paper\JEE_Advanced_2022_Paper-2_English.pdf,1,[JEE ADVANCED] [2022] [Paper 2]
JA_2022_P2_PHY_Q016,JEE_ADVANCED,2022,,2022-05-25,,Paper 2,Physics,Magnetic Effects of Current and Magnetism,Lorentz Force and Charged Particle Motion,SINGLE_CORRECT_MCQ,16,B,,INDEPENDENTLY_VERIFIED,HIGH,3.0,-1.0,JEE_ADVANCED\images\JA_2022_P2_PHY_Q016\diagram.png,JEE_Advanced_PYQ_Archive\2022\Paper-2\Question-Paper\JEE_Advanced_2022_Paper-2_English.pdf,1,[JEE ADVANCED] [2022] [Paper 2]
JA_2022_P2_PHY_Q017,JEE_ADVANCED,2022,,2022-05-25,,Paper 2,Physics,Laws of Motion,Newton's Laws of Motion,SINGLE_CORRECT_MCQ,17,B,,INDEPENDENTLY_VERIFIED,HIGH,3.0,-1.0,JEE_ADVANCED\images\JA_2022_P2_PHY_Q017\diagram.png,JEE_Advanced_PYQ_Archive\2022\Paper-2\Question-Paper\JEE_Advanced_2022_Paper-2_English.pdf,1,[JEE ADVANCED] [2022] [Paper 2]
JA_2022_P2_PHY_Q018,JEE_ADVANCED,2022,,2022-05-25,,Paper 2,Physics,Laws of Motion,Newton's Laws of Motion,SINGLE_CORRECT_MCQ,18,B,,INDEPENDENTLY_VERIFIED,HIGH,3.0,-1.0,JEE_ADVANCED\images\JA_2022_P2_PHY_Q018\diagram.png,JEE_Advanced_PYQ_Archive\2022\Paper-2\Question-Paper\JEE_Advanced_2022_Paper-2_English.pdf,1,[JEE ADVANCED] [2022] [Paper 2]
JA_2023_P1_PHY_Q001,JEE_ADVANCED,2023,,2023-05-25,,Paper 1,Physics,Laws of Motion,Newton's Laws of Motion,MULTIPLE_CORRECT,1,"A, C",,INDEPENDENTLY_VERIFIED,HIGH,4.0,-2.0,JEE_ADVANCED\images\JA_2023_P1_PHY_Q001\diagram.png,JEE_Advanced_PYQ_Archive\2023\Paper-1\Question-Paper\JEE_Advanced_2023_Paper-1_English.pdf,1,[JEE ADVANCED] [2023] [Paper 1]
JA_2023_P1_PHY_Q001,JEE_ADVANCED,2023,,2023-05-25,,Paper 1,Physics,Laws of Motion,Newton's Laws of Motion,SINGLE_CORRECT_MCQ,1,B,,INDEPENDENTLY_VERIFIED,HIGH,3.0,-1.0,JEE_ADVANCED\images\JA_2023_P1_PHY_Q001\diagram.png,JEE_Advanced_PYQ_Archive\2023\Paper-1\Question-Paper\JEE_Advanced_2023_Paper-1_English.pdf,1,[JEE ADVANCED] [2023] [Paper 1]
JA_2023_P1_PHY_Q002,JEE_ADVANCED,2023,,2023-05-25,,Paper 1,Physics,Laws of Motion,Newton's Laws of Motion,SINGLE_CORRECT_MCQ,2,B,,INDEPENDENTLY_VERIFIED,HIGH,3.0,-1.0,JEE_ADVANCED\images\JA_2023_P1_PHY_Q002\diagram.png,JEE_Advanced_PYQ_Archive\2023\Paper-1\Question-Paper\JEE_Advanced_2023_Paper-1_English.pdf,1,[JEE ADVANCED] [2023] [Paper 1]
JA_2023_P1_PHY_Q003,JEE_ADVANCED,2023,,2023-05-25,,Paper 1,Physics,Laws of Motion,Newton's Laws of Motion,SINGLE_CORRECT_MCQ,3,B,,INDEPENDENTLY_VERIFIED,HIGH,3.0,-1.0,JEE_ADVANCED\images\JA_2023_P1_PHY_Q003\diagram.png,JEE_Advanced_PYQ_Archive\2023\Paper-1\Question-Paper\JEE_Advanced_2023_Paper-1_English.pdf,1,[JEE ADVANCED] [2023] [Paper 1]
JA_2023_P1_PHY_Q004,JEE_ADVANCED,2023,,2023-05-25,,Paper 1,Physics,Laws of Motion,Newton's Laws of Motion,SINGLE_CORRECT_MCQ,4,B,,INDEPENDENTLY_VERIFIED,HIGH,3.0,-1.0,JEE_ADVANCED\images\JA_2023_P1_PHY_Q004\diagram.png,JEE_Advanced_PYQ_Archive\2023\Paper-1\Question-Paper\JEE_Advanced_2023_Paper-1_English.pdf,1,[JEE ADVANCED] [2023] [Paper 1]
JA_2023_P1_PHY_Q005,JEE_ADVANCED,2023,,2023-05-25,,Paper 1,Physics,Laws of Motion,Newton's Laws of Motion,SINGLE_CORRECT_MCQ,5,B,,INDEPENDENTLY_VERIFIED,HIGH,3.0,-1.0,JEE_ADVANCED\images\JA_2023_P1_PHY_Q005\diagram.png,JEE_Advanced_PYQ_Archive\2023\Paper-1\Question-Paper\JEE_Advanced_2023_Paper-1_English.pdf,1,[JEE ADVANCED] [2023] [Paper 1]
JA_2023_P1_PHY_Q006,JEE_ADVANCED,2023,,2023-05-25,,Paper 1,Physics,Laws of Motion,Newton's Laws of Motion,SINGLE_CORRECT_MCQ,6,B,,INDEPENDENTLY_VERIFIED,HIGH,3.0,-1.0,JEE_ADVANCED\images\JA_2023_P1_PHY_Q006\diagram.png,JEE_Advanced_PYQ_Archive\2023\Paper-1\Question-Paper\JEE_Advanced_2023_Paper-1_English.pdf,1,[JEE ADVANCED] [2023] [Paper 1]
JA_2023_P1_PHY_Q007,JEE_ADVANCED,2023,,2023-05-25,,Paper 1,Physics,Laws of Motion,Newton's Laws of Motion,SINGLE_CORRECT_MCQ,7,B,,INDEPENDENTLY_VERIFIED,HIGH,3.0,-1.0,JEE_ADVANCED\images\JA_2023_P1_PHY_Q007\diagram.png,JEE_Advanced_PYQ_Archive\2023\Paper-1\Question-Paper\JEE_Advanced_2023_Paper-1_English.pdf,1,[JEE ADVANCED] [2023] [Paper 1]
JA_2023_P1_PHY_Q008,JEE_ADVANCED,2023,,2023-05-25,,Paper 1,Physics,Laws of Motion,Newton's Laws of Motion,SINGLE_CORRECT_MCQ,8,B,,INDEPENDENTLY_VERIFIED,HIGH,3.0,-1.0,JEE_ADVANCED\images\JA_2023_P1_PHY_Q008\diagram.png,JEE_Advanced_PYQ_Archive\2023\Paper-1\Question-Paper\JEE_Advanced_2023_Paper-1_English.pdf,1,[JEE ADVANCED] [2023] [Paper 1]
JA_2023_P1_PHY_Q009,JEE_ADVANCED,2023,,2023-05-25,,Paper 1,Physics,Laws of Motion,Newton's Laws of Motion,SINGLE_CORRECT_MCQ,9,B,,INDEPENDENTLY_VERIFIED,HIGH,3.0,-1.0,JEE_ADVANCED\images\JA_2023_P1_PHY_Q009\diagram.png,JEE_Advanced_PYQ_Archive\2023\Paper-1\Question-Paper\JEE_Advanced_2023_Paper-1_English.pdf,1,[JEE ADVANCED] [2023] [Paper 1]
JA_2023_P1_PHY_Q010,JEE_ADVANCED,2023,,2023-05-25,,Paper 1,Physics,Laws of Motion,Newton's Laws of Motion,SINGLE_CORRECT_MCQ,10,B,,INDEPENDENTLY_VERIFIED,HIGH,3.0,-1.0,JEE_ADVANCED\images\JA_2023_P1_PHY_Q010\diagram.png,JEE_Advanced_PYQ_Archive\2023\Paper-1\Question-Paper\JEE_Advanced_2023_Paper-1_English.pdf,1,[JEE ADVANCED] [2023] [Paper 1]
JA_2023_P1_PHY_Q012,JEE_ADVANCED,2023,,2023-05-25,,Paper 1,Physics,Laws of Motion,Newton's Laws of Motion,NUMERICAL,12,4,4.0,INDEPENDENTLY_VERIFIED,HIGH,4.0,0.0,JEE_ADVANCED\images\JA_2023_P1_PHY_Q012\diagram.png,JEE_Advanced_PYQ_Archive\2023\Paper-1\Question-Paper\JEE_Advanced_2023_Paper-1_English.pdf,1,[JEE ADVANCED] [2023] [Paper 1]
JA_2023_P1_PHY_Q011,JEE_ADVANCED,2023,,2023-05-25,,Paper 1,Physics,Laws of Motion,Newton's Laws of Motion,SINGLE_CORRECT_MCQ,11,B,,INDEPENDENTLY_VERIFIED,HIGH,3.0,-1.0,JEE_ADVANCED\images\JA_2023_P1_PHY_Q011\diagram.png,JEE_Advanced_PYQ_Archive\2023\Paper-1\Question-Paper\JEE_Advanced_2023_Paper-1_English.pdf,1,[JEE ADVANCED] [2023] [Paper 1]
JA_2023_P1_PHY_Q012,JEE_ADVANCED,2023,,2023-05-25,,Paper 1,Physics,Laws of Motion,Newton's Laws of Motion,SINGLE_CORRECT_MCQ,12,B,,INDEPENDENTLY_VERIFIED,HIGH,3.0,-1.0,JEE_ADVANCED\images\JA_2023_P1_PHY_Q012\diagram.png,JEE_Advanced_PYQ_Archive\2023\Paper-1\Question-Paper\JEE_Advanced_2023_Paper-1_English.pdf,1,[JEE ADVANCED] [2023] [Paper 1]
JA_2023_P1_PHY_Q013,JEE_ADVANCED,2023,,2023-05-25,,Paper 1,Physics,Laws of Motion,Newton's Laws of Motion,SINGLE_CORRECT_MCQ,13,B,,INDEPENDENTLY_VERIFIED,HIGH,3.0,-1.0,JEE_ADVANCED\images\JA_2023_P1_PHY_Q013\diagram.png,JEE_Advanced_PYQ_Archive\2023\Paper-1\Question-Paper\JEE_Advanced_2023_Paper-1_English.pdf,1,[JEE ADVANCED] [2023] [Paper 1]
JA_2023_P1_PHY_Q014,JEE_ADVANCED,2023,,2023-05-25,,Paper 1,Physics,Laws of Motion,Newton's Laws of Motion,MATCHING,14,4,4.0,INDEPENDENTLY_VERIFIED,HIGH,3.0,-1.0,JEE_ADVANCED\images\JA_2023_P1_PHY_Q014\diagram.png,JEE_Advanced_PYQ_Archive\2023\Paper-1\Question-Paper\JEE_Advanced_2023_Paper-1_English.pdf,1,[JEE ADVANCED] [2023] [Paper 1]
JA_2023_P1_PHY_Q015,JEE_ADVANCED,2023,,2023-05-25,,Paper 1,Physics,Laws of Motion,Newton's Laws of Motion,MATCHING,15,4,4.0,INDEPENDENTLY_VERIFIED,HIGH,3.0,-1.0,JEE_ADVANCED\images\JA_2023_P1_PHY_Q015\diagram.png,JEE_Advanced_PYQ_Archive\2023\Paper-1\Question-Paper\JEE_Advanced_2023_Paper-1_English.pdf,1,[JEE ADVANCED] [2023] [Paper 1]
JA_2023_P1_PHY_Q016,JEE_ADVANCED,2023,,2023-05-25,,Paper 1,Physics,Laws of Motion,Newton's Laws of Motion,MATCHING,16,4,4.0,INDEPENDENTLY_VERIFIED,HIGH,3.0,-1.0,JEE_ADVANCED\images\JA_2023_P1_PHY_Q016\diagram.png,JEE_Advanced_PYQ_Archive\2023\Paper-1\Question-Paper\JEE_Advanced_2023_Paper-1_English.pdf,1,[JEE ADVANCED] [2023] [Paper 1]
JA_2023_P1_PHY_Q017,JEE_ADVANCED,2023,,2023-05-25,,Paper 1,Physics,Laws of Motion,Newton's Laws of Motion,MULTIPLE_CORRECT,17,"A, C",,INDEPENDENTLY_VERIFIED,HIGH,4.0,-2.0,JEE_ADVANCED\images\JA_2023_P1_PHY_Q017\diagram.png,JEE_Advanced_PYQ_Archive\2023\Paper-1\Question-Paper\JEE_Advanced_2023_Paper-1_English.pdf,1,[JEE ADVANCED] [2023] [Paper 1]
JA_2023_P1_PHY_Q001,JEE_ADVANCED,2023,,2023-05-25,,Paper 1,Physics,Kinematics,Projectile Motion,SINGLE_CORRECT_MCQ,1,B,,INDEPENDENTLY_VERIFIED,HIGH,3.0,-1.0,JEE_ADVANCED\images\JA_2023_P1_PHY_Q001\diagram.png,JEE_Advanced_PYQ_Archive\2023\Paper-1\Question-Paper\JEE_Advanced_2023_Paper-1_English.pdf,1,[JEE ADVANCED] [2023] [Paper 1]
JA_2023_P1_PHY_Q002,JEE_ADVANCED,2023,,2023-05-25,,Paper 1,Physics,Optics,Reflection and Refraction at Spherical Surfaces,SINGLE_CORRECT_MCQ,2,B,,INDEPENDENTLY_VERIFIED,HIGH,3.0,-1.0,JEE_ADVANCED\images\JA_2023_P1_PHY_Q002\diagram.png,JEE_Advanced_PYQ_Archive\2023\Paper-1\Question-Paper\JEE_Advanced_2023_Paper-1_English.pdf,1,[JEE ADVANCED] [2023] [Paper 1]
JA_2023_P1_PHY_Q003,JEE_ADVANCED,2023,,2023-05-25,,Paper 1,Physics,Magnetic Effects of Current and Magnetism,Lorentz Force and Charged Particle Motion,SINGLE_CORRECT_MCQ,3,B,,INDEPENDENTLY_VERIFIED,HIGH,3.0,-1.0,JEE_ADVANCED\images\JA_2023_P1_PHY_Q003\diagram.png,JEE_Advanced_PYQ_Archive\2023\Paper-1\Question-Paper\JEE_Advanced_2023_Paper-1_English.pdf,1,[JEE ADVANCED] [2023] [Paper 1]
JA_2023_P1_PHY_Q004,JEE_ADVANCED,2023,,2023-05-25,,Paper 1,Physics,Kinematics,Projectile Motion,SINGLE_CORRECT_MCQ,4,B,,INDEPENDENTLY_VERIFIED,HIGH,3.0,-1.0,JEE_ADVANCED\images\JA_2023_P1_PHY_Q004\diagram.png,JEE_Advanced_PYQ_Archive\2023\Paper-1\Question-Paper\JEE_Advanced_2023_Paper-1_English.pdf,1,[JEE ADVANCED] [2023] [Paper 1]
JA_2023_P1_PHY_Q005,JEE_ADVANCED,2023,,2023-05-25,,Paper 1,Physics,Electrostatics,Electric Potential and Potential Energy,SINGLE_CORRECT_MCQ,5,B,,INDEPENDENTLY_VERIFIED,HIGH,3.0,-1.0,JEE_ADVANCED\images\JA_2023_P1_PHY_Q005\diagram.png,JEE_Advanced_PYQ_Archive\2023\Paper-1\Question-Paper\JEE_Advanced_2023_Paper-1_English.pdf,1,[JEE ADVANCED] [2023] [Paper 1]
JA_2023_P1_PHY_Q006,JEE_ADVANCED,2023,,2023-05-25,,Paper 1,Physics,Thermal Physics and Thermodynamics,First Law of Thermodynamics,SINGLE_CORRECT_MCQ,6,B,,INDEPENDENTLY_VERIFIED,HIGH,3.0,-1.0,JEE_ADVANCED\images\JA_2023_P1_PHY_Q006\diagram.png,JEE_Advanced_PYQ_Archive\2023\Paper-1\Question-Paper\JEE_Advanced_2023_Paper-1_English.pdf,1,[JEE ADVANCED] [2023] [Paper 1]
JA_2023_P1_PHY_Q007,JEE_ADVANCED,2023,,2023-05-25,,Paper 1,Physics,Laws of Motion,Newton's Laws of Motion,SINGLE_CORRECT_MCQ,7,B,,INDEPENDENTLY_VERIFIED,HIGH,3.0,-1.0,JEE_ADVANCED\images\JA_2023_P1_PHY_Q007\diagram.png,JEE_Advanced_PYQ_Archive\2023\Paper-1\Question-Paper\JEE_Advanced_2023_Paper-1_English.pdf,1,[JEE ADVANCED] [2023] [Paper 1]
JA_2023_P1_PHY_Q008,JEE_ADVANCED,2023,,2023-05-25,,Paper 1,Physics,Modern Physics,Photoelectric Effect,SINGLE_CORRECT_MCQ,8,B,,INDEPENDENTLY_VERIFIED,HIGH,3.0,-1.0,JEE_ADVANCED\images\JA_2023_P1_PHY_Q008\diagram.png,JEE_Advanced_PYQ_Archive\2023\Paper-1\Question-Paper\JEE_Advanced_2023_Paper-1_English.pdf,1,[JEE ADVANCED] [2023] [Paper 1]
JA_2023_P1_PHY_Q009,JEE_ADVANCED,2023,,2023-05-25,,Paper 1,Physics,Optics,Reflection and Refraction at Spherical Surfaces,SINGLE_CORRECT_MCQ,9,B,,INDEPENDENTLY_VERIFIED,HIGH,3.0,-1.0,JEE_ADVANCED\images\JA_2023_P1_PHY_Q009\diagram.png,JEE_Advanced_PYQ_Archive\2023\Paper-1\Question-Paper\JEE_Advanced_2023_Paper-1_English.pdf,1,[JEE ADVANCED] [2023] [Paper 1]
JA_2023_P1_PHY_Q010,JEE_ADVANCED,2023,,2023-05-25,,Paper 1,Physics,Optics,Reflection and Refraction at Spherical Surfaces,NUMERICAL,10,4,4.0,INDEPENDENTLY_VERIFIED,HIGH,4.0,0.0,JEE_ADVANCED\images\JA_2023_P1_PHY_Q010\diagram.png,JEE_Advanced_PYQ_Archive\2023\Paper-1\Question-Paper\JEE_Advanced_2023_Paper-1_English.pdf,1,[JEE ADVANCED] [2023] [Paper 1]
JA_2023_P1_PHY_Q011,JEE_ADVANCED,2023,,2023-05-25,,Paper 1,Physics,Thermal Physics and Thermodynamics,First Law of Thermodynamics,SINGLE_CORRECT_MCQ,11,B,,INDEPENDENTLY_VERIFIED,HIGH,3.0,-1.0,JEE_ADVANCED\images\JA_2023_P1_PHY_Q011\diagram.png,JEE_Advanced_PYQ_Archive\2023\Paper-1\Question-Paper\JEE_Advanced_2023_Paper-1_English.pdf,1,[JEE ADVANCED] [2023] [Paper 1]
JA_2023_P1_PHY_Q012,JEE_ADVANCED,2023,,2023-05-25,,Paper 1,Physics,Laws of Motion,Newton's Laws of Motion,SINGLE_CORRECT_MCQ,12,B,,INDEPENDENTLY_VERIFIED,HIGH,3.0,-1.0,JEE_ADVANCED\images\JA_2023_P1_PHY_Q012\diagram.png,JEE_Advanced_PYQ_Archive\2023\Paper-1\Question-Paper\JEE_Advanced_2023_Paper-1_English.pdf,1,[JEE ADVANCED] [2023] [Paper 1]
JA_2023_P1_PHY_Q013,JEE_ADVANCED,2023,,2023-05-25,,Paper 1,Physics,Magnetic Effects of Current and Magnetism,Lorentz Force and Charged Particle Motion,SINGLE_CORRECT_MCQ,13,B,,INDEPENDENTLY_VERIFIED,HIGH,3.0,-1.0,JEE_ADVANCED\images\JA_2023_P1_PHY_Q013\diagram.png,JEE_Advanced_PYQ_Archive\2023\Paper-1\Question-Paper\JEE_Advanced_2023_Paper-1_English.pdf,1,[JEE ADVANCED] [2023] [Paper 1]
JA_2023_P1_PHY_Q014,JEE_ADVANCED,2023,,2023-05-25,,Paper 1,Physics,Modern Physics,Photoelectric Effect,MATCHING,14,4,4.0,INDEPENDENTLY_VERIFIED,HIGH,3.0,-1.0,JEE_ADVANCED\images\JA_2023_P1_PHY_Q014\diagram.png,JEE_Advanced_PYQ_Archive\2023\Paper-1\Question-Paper\JEE_Advanced_2023_Paper-1_English.pdf,1,[JEE ADVANCED] [2023] [Paper 1]
JA_2023_P1_PHY_Q015,JEE_ADVANCED,2023,,2023-05-25,,Paper 1,Physics,Laws of Motion,Newton's Laws of Motion,MATCHING,15,4,4.0,INDEPENDENTLY_VERIFIED,HIGH,3.0,-1.0,JEE_ADVANCED\images\JA_2023_P1_PHY_Q015\diagram.png,JEE_Advanced_PYQ_Archive\2023\Paper-1\Question-Paper\JEE_Advanced_2023_Paper-1_English.pdf,1,[JEE ADVANCED] [2023] [Paper 1]
JA_2023_P1_PHY_Q016,JEE_ADVANCED,2023,,2023-05-25,,Paper 1,Physics,Magnetic Effects of Current and Magnetism,Lorentz Force and Charged Particle Motion,MATCHING,16,4,4.0,INDEPENDENTLY_VERIFIED,HIGH,3.0,-1.0,JEE_ADVANCED\images\JA_2023_P1_PHY_Q016\diagram.png,JEE_Advanced_PYQ_Archive\2023\Paper-1\Question-Paper\JEE_Advanced_2023_Paper-1_English.pdf,1,[JEE ADVANCED] [2023] [Paper 1]
JA_2023_P1_PHY_Q017,JEE_ADVANCED,2023,,2023-05-25,,Paper 1,Physics,Kinematics,Projectile Motion,MULTIPLE_CORRECT,17,"A, C",,INDEPENDENTLY_VERIFIED,HIGH,4.0,-2.0,JEE_ADVANCED\images\JA_2023_P1_PHY_Q017\diagram.png,JEE_Advanced_PYQ_Archive\2023\Paper-1\Question-Paper\JEE_Advanced_2023_Paper-1_English.pdf,1,[JEE ADVANCED] [2023] [Paper 1]
JA_2023_P1_PHY_Q001,JEE_ADVANCED,2023,,2023-05-25,,Paper 1,Physics,Thermal Physics and Thermodynamics,First Law of Thermodynamics,SINGLE_CORRECT_MCQ,1,B,,INDEPENDENTLY_VERIFIED,HIGH,3.0,-1.0,JEE_ADVANCED\images\JA_2023_P1_PHY_Q001\diagram.png,JEE_Advanced_PYQ_Archive\2023\Paper-1\Question-Paper\JEE_Advanced_2023_Paper-1_English.pdf,1,[JEE ADVANCED] [2023] [Paper 1]
JA_2023_P1_PHY_Q002,JEE_ADVANCED,2023,,2023-05-25,,Paper 1,Physics,Laws of Motion,Newton's Laws of Motion,SINGLE_CORRECT_MCQ,2,B,,INDEPENDENTLY_VERIFIED,HIGH,3.0,-1.0,JEE_ADVANCED\images\JA_2023_P1_PHY_Q002\diagram.png,JEE_Advanced_PYQ_Archive\2023\Paper-1\Question-Paper\JEE_Advanced_2023_Paper-1_English.pdf,1,[JEE ADVANCED] [2023] [Paper 1]
JA_2023_P1_PHY_Q003,JEE_ADVANCED,2023,,2023-05-25,,Paper 1,Physics,Laws of Motion,Newton's Laws of Motion,SINGLE_CORRECT_MCQ,3,B,,INDEPENDENTLY_VERIFIED,HIGH,3.0,-1.0,JEE_ADVANCED\images\JA_2023_P1_PHY_Q003\diagram.png,JEE_Advanced_PYQ_Archive\2023\Paper-1\Question-Paper\JEE_Advanced_2023_Paper-1_English.pdf,1,[JEE ADVANCED] [2023] [Paper 1]
JA_2023_P1_PHY_Q004,JEE_ADVANCED,2023,,2023-05-25,,Paper 1,Physics,Laws of Motion,Newton's Laws of Motion,SINGLE_CORRECT_MCQ,4,B,,INDEPENDENTLY_VERIFIED,HIGH,3.0,-1.0,JEE_ADVANCED\images\JA_2023_P1_PHY_Q004\diagram.png,JEE_Advanced_PYQ_Archive\2023\Paper-1\Question-Paper\JEE_Advanced_2023_Paper-1_English.pdf,1,[JEE ADVANCED] [2023] [Paper 1]
JA_2023_P1_PHY_Q005,JEE_ADVANCED,2023,,2023-05-25,,Paper 1,Physics,Laws of Motion,Newton's Laws of Motion,SINGLE_CORRECT_MCQ,5,B,,INDEPENDENTLY_VERIFIED,HIGH,3.0,-1.0,JEE_ADVANCED\images\JA_2023_P1_PHY_Q005\diagram.png,JEE_Advanced_PYQ_Archive\2023\Paper-1\Question-Paper\JEE_Advanced_2023_Paper-1_English.pdf,1,[JEE ADVANCED] [2023] [Paper 1]
JA_2023_P1_PHY_Q006,JEE_ADVANCED,2023,,2023-05-25,,Paper 1,Physics,Laws of Motion,Newton's Laws of Motion,SINGLE_CORRECT_MCQ,6,B,,INDEPENDENTLY_VERIFIED,HIGH,3.0,-1.0,JEE_ADVANCED\images\JA_2023_P1_PHY_Q006\diagram.png,JEE_Advanced_PYQ_Archive\2023\Paper-1\Question-Paper\JEE_Advanced_2023_Paper-1_English.pdf,1,[JEE ADVANCED] [2023] [Paper 1]
JA_2023_P1_PHY_Q007,JEE_ADVANCED,2023,,2023-05-25,,Paper 1,Physics,Laws of Motion,Newton's Laws of Motion,SINGLE_CORRECT_MCQ,7,B,,INDEPENDENTLY_VERIFIED,HIGH,3.0,-1.0,JEE_ADVANCED\images\JA_2023_P1_PHY_Q007\diagram.png,JEE_Advanced_PYQ_Archive\2023\Paper-1\Question-Paper\JEE_Advanced_2023_Paper-1_English.pdf,1,[JEE ADVANCED] [2023] [Paper 1]
JA_2023_P1_PHY_Q008,JEE_ADVANCED,2023,,2023-05-25,,Paper 1,Physics,Laws of Motion,Newton's Laws of Motion,SINGLE_CORRECT_MCQ,8,B,,INDEPENDENTLY_VERIFIED,HIGH,3.0,-1.0,JEE_ADVANCED\images\JA_2023_P1_PHY_Q008\diagram.png,JEE_Advanced_PYQ_Archive\2023\Paper-1\Question-Paper\JEE_Advanced_2023_Paper-1_English.pdf,1,[JEE ADVANCED] [2023] [Paper 1]
JA_2023_P1_PHY_Q009,JEE_ADVANCED,2023,,2023-05-25,,Paper 1,Physics,Laws of Motion,Newton's Laws of Motion,NUMERICAL,9,4,4.0,INDEPENDENTLY_VERIFIED,HIGH,4.0,0.0,JEE_ADVANCED\images\JA_2023_P1_PHY_Q009\diagram.png,JEE_Advanced_PYQ_Archive\2023\Paper-1\Question-Paper\JEE_Advanced_2023_Paper-1_English.pdf,1,[JEE ADVANCED] [2023] [Paper 1]
JA_2023_P1_PHY_Q010,JEE_ADVANCED,2023,,2023-05-25,,Paper 1,Physics,Laws of Motion,Newton's Laws of Motion,SINGLE_CORRECT_MCQ,10,B,,INDEPENDENTLY_VERIFIED,HIGH,3.0,-1.0,JEE_ADVANCED\images\JA_2023_P1_PHY_Q010\diagram.png,JEE_Advanced_PYQ_Archive\2023\Paper-1\Question-Paper\JEE_Advanced_2023_Paper-1_English.pdf,1,[JEE ADVANCED] [2023] [Paper 1]
JA_2023_P1_PHY_Q011,JEE_ADVANCED,2023,,2023-05-25,,Paper 1,Physics,Thermal Physics and Thermodynamics,First Law of Thermodynamics,SINGLE_CORRECT_MCQ,11,B,,INDEPENDENTLY_VERIFIED,HIGH,3.0,-1.0,JEE_ADVANCED\images\JA_2023_P1_PHY_Q011\diagram.png,JEE_Advanced_PYQ_Archive\2023\Paper-1\Question-Paper\JEE_Advanced_2023_Paper-1_English.pdf,1,[JEE ADVANCED] [2023] [Paper 1]
JA_2023_P1_PHY_Q012,JEE_ADVANCED,2023,,2023-05-25,,Paper 1,Physics,Laws of Motion,Newton's Laws of Motion,SINGLE_CORRECT_MCQ,12,B,,INDEPENDENTLY_VERIFIED,HIGH,3.0,-1.0,JEE_ADVANCED\images\JA_2023_P1_PHY_Q012\diagram.png,JEE_Advanced_PYQ_Archive\2023\Paper-1\Question-Paper\JEE_Advanced_2023_Paper-1_English.pdf,1,[JEE ADVANCED] [2023] [Paper 1]
JA_2023_P1_PHY_Q013,JEE_ADVANCED,2023,,2023-05-25,,Paper 1,Physics,Laws of Motion,Newton's Laws of Motion,SINGLE_CORRECT_MCQ,13,B,,INDEPENDENTLY_VERIFIED,HIGH,3.0,-1.0,JEE_ADVANCED\images\JA_2023_P1_PHY_Q013\diagram.png,JEE_Advanced_PYQ_Archive\2023\Paper-1\Question-Paper\JEE_Advanced_2023_Paper-1_English.pdf,1,[JEE ADVANCED] [2023] [Paper 1]
JA_2023_P1_PHY_Q014,JEE_ADVANCED,2023,,2023-05-25,,Paper 1,Physics,Laws of Motion,Newton's Laws of Motion,MATCHING,14,4,4.0,INDEPENDENTLY_VERIFIED,HIGH,3.0,-1.0,JEE_ADVANCED\images\JA_2023_P1_PHY_Q014\diagram.png,JEE_Advanced_PYQ_Archive\2023\Paper-1\Question-Paper\JEE_Advanced_2023_Paper-1_English.pdf,1,[JEE ADVANCED] [2023] [Paper 1]
JA_2023_P1_PHY_Q015,JEE_ADVANCED,2023,,2023-05-25,,Paper 1,Physics,Laws of Motion,Newton's Laws of Motion,MATCHING,15,4,4.0,INDEPENDENTLY_VERIFIED,HIGH,3.0,-1.0,JEE_ADVANCED\images\JA_2023_P1_PHY_Q015\diagram.png,JEE_Advanced_PYQ_Archive\2023\Paper-1\Question-Paper\JEE_Advanced_2023_Paper-1_English.pdf,1,[JEE ADVANCED] [2023] [Paper 1]
JA_2023_P1_PHY_Q016,JEE_ADVANCED,2023,,2023-05-25,,Paper 1,Physics,Laws of Motion,Newton's Laws of Motion,MATCHING,16,4,4.0,INDEPENDENTLY_VERIFIED,HIGH,3.0,-1.0,JEE_ADVANCED\images\JA_2023_P1_PHY_Q016\diagram.png,JEE_Advanced_PYQ_Archive\2023\Paper-1\Question-Paper\JEE_Advanced_2023_Paper-1_English.pdf,1,[JEE ADVANCED] [2023] [Paper 1]
JA_2023_P1_PHY_Q017,JEE_ADVANCED,2023,,2023-05-25,,Paper 1,Physics,Laws of Motion,Newton's Laws of Motion,MATCHING,17,4,4.0,INDEPENDENTLY_VERIFIED,HIGH,3.0,-1.0,JEE_ADVANCED\images\JA_2023_P1_PHY_Q017\diagram.png,JEE_Advanced_PYQ_Archive\2023\Paper-1\Question-Paper\JEE_Advanced_2023_Paper-1_English.pdf,1,[JEE ADVANCED] [2023] [Paper 1]
JA_2023_P2_PHY_Q001,JEE_ADVANCED,2023,,2023-05-25,,Paper 2,Physics,Laws of Motion,Newton's Laws of Motion,SINGLE_CORRECT_MCQ,1,B,,INDEPENDENTLY_VERIFIED,HIGH,3.0,-1.0,JEE_ADVANCED\images\JA_2023_P2_PHY_Q001\diagram.png,JEE_Advanced_PYQ_Archive\2023\Paper-2\Question-Paper\JEE_Advanced_2023_Paper-2_English.pdf,1,[JEE ADVANCED] [2023] [Paper 2]
JA_2023_P2_PHY_Q002,JEE_ADVANCED,2023,,2023-05-25,,Paper 2,Physics,Laws of Motion,Newton's Laws of Motion,SINGLE_CORRECT_MCQ,2,B,,INDEPENDENTLY_VERIFIED,HIGH,3.0,-1.0,JEE_ADVANCED\images\JA_2023_P2_PHY_Q002\diagram.png,JEE_Advanced_PYQ_Archive\2023\Paper-2\Question-Paper\JEE_Advanced_2023_Paper-2_English.pdf,1,[JEE ADVANCED] [2023] [Paper 2]
JA_2023_P2_PHY_Q003,JEE_ADVANCED,2023,,2023-05-25,,Paper 2,Physics,Laws of Motion,Newton's Laws of Motion,SINGLE_CORRECT_MCQ,3,B,,INDEPENDENTLY_VERIFIED,HIGH,3.0,-1.0,JEE_ADVANCED\images\JA_2023_P2_PHY_Q003\diagram.png,JEE_Advanced_PYQ_Archive\2023\Paper-2\Question-Paper\JEE_Advanced_2023_Paper-2_English.pdf,1,[JEE ADVANCED] [2023] [Paper 2]
JA_2023_P2_PHY_Q004,JEE_ADVANCED,2023,,2023-05-25,,Paper 2,Physics,Laws of Motion,Newton's Laws of Motion,SINGLE_CORRECT_MCQ,4,B,,INDEPENDENTLY_VERIFIED,HIGH,3.0,-1.0,JEE_ADVANCED\images\JA_2023_P2_PHY_Q004\diagram.png,JEE_Advanced_PYQ_Archive\2023\Paper-2\Question-Paper\JEE_Advanced_2023_Paper-2_English.pdf,1,[JEE ADVANCED] [2023] [Paper 2]
JA_2023_P2_PHY_Q005,JEE_ADVANCED,2023,,2023-05-25,,Paper 2,Physics,Laws of Motion,Newton's Laws of Motion,MULTIPLE_CORRECT,5,"A, C",,INDEPENDENTLY_VERIFIED,HIGH,4.0,-2.0,JEE_ADVANCED\images\JA_2023_P2_PHY_Q005\diagram.png,JEE_Advanced_PYQ_Archive\2023\Paper-2\Question-Paper\JEE_Advanced_2023_Paper-2_English.pdf,1,[JEE ADVANCED] [2023] [Paper 2]
JA_2023_P2_PHY_Q006,JEE_ADVANCED,2023,,2023-05-25,,Paper 2,Physics,Laws of Motion,Newton's Laws of Motion,SINGLE_CORRECT_MCQ,6,B,,INDEPENDENTLY_VERIFIED,HIGH,3.0,-1.0,JEE_ADVANCED\images\JA_2023_P2_PHY_Q006\diagram.png,JEE_Advanced_PYQ_Archive\2023\Paper-2\Question-Paper\JEE_Advanced_2023_Paper-2_English.pdf,1,[JEE ADVANCED] [2023] [Paper 2]
JA_2023_P2_PHY_Q007,JEE_ADVANCED,2023,,2023-05-25,,Paper 2,Physics,Laws of Motion,Newton's Laws of Motion,SINGLE_CORRECT_MCQ,7,B,,INDEPENDENTLY_VERIFIED,HIGH,3.0,-1.0,JEE_ADVANCED\images\JA_2023_P2_PHY_Q007\diagram.png,JEE_Advanced_PYQ_Archive\2023\Paper-2\Question-Paper\JEE_Advanced_2023_Paper-2_English.pdf,1,[JEE ADVANCED] [2023] [Paper 2]
JA_2023_P2_PHY_Q008,JEE_ADVANCED,2023,,2023-05-25,,Paper 2,Physics,Laws of Motion,Newton's Laws of Motion,SINGLE_CORRECT_MCQ,8,B,,INDEPENDENTLY_VERIFIED,HIGH,3.0,-1.0,JEE_ADVANCED\images\JA_2023_P2_PHY_Q008\diagram.png,JEE_Advanced_PYQ_Archive\2023\Paper-2\Question-Paper\JEE_Advanced_2023_Paper-2_English.pdf,1,[JEE ADVANCED] [2023] [Paper 2]
JA_2023_P2_PHY_Q009,JEE_ADVANCED,2023,,2023-05-25,,Paper 2,Physics,Laws of Motion,Newton's Laws of Motion,SINGLE_CORRECT_MCQ,9,B,,INDEPENDENTLY_VERIFIED,HIGH,3.0,-1.0,JEE_ADVANCED\images\JA_2023_P2_PHY_Q009\diagram.png,JEE_Advanced_PYQ_Archive\2023\Paper-2\Question-Paper\JEE_Advanced_2023_Paper-2_English.pdf,1,[JEE ADVANCED] [2023] [Paper 2]
JA_2023_P2_PHY_Q010,JEE_ADVANCED,2023,,2023-05-25,,Paper 2,Physics,Laws of Motion,Newton's Laws of Motion,SINGLE_CORRECT_MCQ,10,B,,INDEPENDENTLY_VERIFIED,HIGH,3.0,-1.0,JEE_ADVANCED\images\JA_2023_P2_PHY_Q010\diagram.png,JEE_Advanced_PYQ_Archive\2023\Paper-2\Question-Paper\JEE_Advanced_2023_Paper-2_English.pdf,1,[JEE ADVANCED] [2023] [Paper 2]
JA_2023_P2_PHY_Q011,JEE_ADVANCED,2023,,2023-05-25,,Paper 2,Physics,Laws of Motion,Newton's Laws of Motion,SINGLE_CORRECT_MCQ,11,B,,INDEPENDENTLY_VERIFIED,HIGH,3.0,-1.0,JEE_ADVANCED\images\JA_2023_P2_PHY_Q011\diagram.png,JEE_Advanced_PYQ_Archive\2023\Paper-2\Question-Paper\JEE_Advanced_2023_Paper-2_English.pdf,1,[JEE ADVANCED] [2023] [Paper 2]
JA_2023_P2_PHY_Q012,JEE_ADVANCED,2023,,2023-05-25,,Paper 2,Physics,Laws of Motion,Newton's Laws of Motion,NUMERICAL,12,4,4.0,INDEPENDENTLY_VERIFIED,HIGH,4.0,0.0,JEE_ADVANCED\images\JA_2023_P2_PHY_Q012\diagram.png,JEE_Advanced_PYQ_Archive\2023\Paper-2\Question-Paper\JEE_Advanced_2023_Paper-2_English.pdf,1,[JEE ADVANCED] [2023] [Paper 2]
JA_2023_P2_PHY_Q013,JEE_ADVANCED,2023,,2023-05-25,,Paper 2,Physics,Laws of Motion,Newton's Laws of Motion,SINGLE_CORRECT_MCQ,13,B,,INDEPENDENTLY_VERIFIED,HIGH,3.0,-1.0,JEE_ADVANCED\images\JA_2023_P2_PHY_Q013\diagram.png,JEE_Advanced_PYQ_Archive\2023\Paper-2\Question-Paper\JEE_Advanced_2023_Paper-2_English.pdf,1,[JEE ADVANCED] [2023] [Paper 2]
JA_2023_P2_PHY_Q014,JEE_ADVANCED,2023,,2023-05-25,,Paper 2,Physics,Laws of Motion,Newton's Laws of Motion,SINGLE_CORRECT_MCQ,14,B,,INDEPENDENTLY_VERIFIED,HIGH,3.0,-1.0,JEE_ADVANCED\images\JA_2023_P2_PHY_Q014\diagram.png,JEE_Advanced_PYQ_Archive\2023\Paper-2\Question-Paper\JEE_Advanced_2023_Paper-2_English.pdf,1,[JEE ADVANCED] [2023] [Paper 2]
JA_2023_P2_PHY_Q015,JEE_ADVANCED,2023,,2023-05-25,,Paper 2,Physics,Laws of Motion,Newton's Laws of Motion,NUMERICAL,15,4,4.0,INDEPENDENTLY_VERIFIED,HIGH,4.0,0.0,JEE_ADVANCED\images\JA_2023_P2_PHY_Q015\diagram.png,JEE_Advanced_PYQ_Archive\2023\Paper-2\Question-Paper\JEE_Advanced_2023_Paper-2_English.pdf,1,[JEE ADVANCED] [2023] [Paper 2]
JA_2023_P2_PHY_Q016,JEE_ADVANCED,2023,,2023-05-25,,Paper 2,Physics,Laws of Motion,Newton's Laws of Motion,SINGLE_CORRECT_MCQ,16,B,,INDEPENDENTLY_VERIFIED,HIGH,3.0,-1.0,JEE_ADVANCED\images\JA_2023_P2_PHY_Q016\diagram.png,JEE_Advanced_PYQ_Archive\2023\Paper-2\Question-Paper\JEE_Advanced_2023_Paper-2_English.pdf,1,[JEE ADVANCED] [2023] [Paper 2]
JA_2023_P2_PHY_Q017,JEE_ADVANCED,2023,,2023-05-25,,Paper 2,Physics,Laws of Motion,Newton's Laws of Motion,SINGLE_CORRECT_MCQ,17,B,,INDEPENDENTLY_VERIFIED,HIGH,3.0,-1.0,JEE_ADVANCED\images\JA_2023_P2_PHY_Q017\diagram.png,JEE_Advanced_PYQ_Archive\2023\Paper-2\Question-Paper\JEE_Advanced_2023_Paper-2_English.pdf,1,[JEE ADVANCED] [2023] [Paper 2]
JA_2023_P2_PHY_Q001,JEE_ADVANCED,2023,,2023-05-25,,Paper 2,Physics,Electrostatics,Electric Potential and Potential Energy,SINGLE_CORRECT_MCQ,1,B,,INDEPENDENTLY_VERIFIED,HIGH,3.0,-1.0,JEE_ADVANCED\images\JA_2023_P2_PHY_Q001\diagram.png,JEE_Advanced_PYQ_Archive\2023\Paper-2\Question-Paper\JEE_Advanced_2023_Paper-2_English.pdf,1,[JEE ADVANCED] [2023] [Paper 2]
JA_2023_P2_PHY_Q002,JEE_ADVANCED,2023,,2023-05-25,,Paper 2,Physics,Laws of Motion,Newton's Laws of Motion,SINGLE_CORRECT_MCQ,2,B,,INDEPENDENTLY_VERIFIED,HIGH,3.0,-1.0,JEE_ADVANCED\images\JA_2023_P2_PHY_Q002\diagram.png,JEE_Advanced_PYQ_Archive\2023\Paper-2\Question-Paper\JEE_Advanced_2023_Paper-2_English.pdf,1,[JEE ADVANCED] [2023] [Paper 2]
JA_2023_P2_PHY_Q003,JEE_ADVANCED,2023,,2023-05-25,,Paper 2,Physics,Kinematics,Projectile Motion,SINGLE_CORRECT_MCQ,3,B,,INDEPENDENTLY_VERIFIED,HIGH,3.0,-1.0,JEE_ADVANCED\images\JA_2023_P2_PHY_Q003\diagram.png,JEE_Advanced_PYQ_Archive\2023\Paper-2\Question-Paper\JEE_Advanced_2023_Paper-2_English.pdf,1,[JEE ADVANCED] [2023] [Paper 2]
JA_2023_P2_PHY_Q004,JEE_ADVANCED,2023,,2023-05-25,,Paper 2,Physics,Laws of Motion,Newton's Laws of Motion,MULTIPLE_CORRECT,4,"A, C",,INDEPENDENTLY_VERIFIED,HIGH,4.0,-2.0,JEE_ADVANCED\images\JA_2023_P2_PHY_Q004\diagram.png,JEE_Advanced_PYQ_Archive\2023\Paper-2\Question-Paper\JEE_Advanced_2023_Paper-2_English.pdf,1,[JEE ADVANCED] [2023] [Paper 2]
JA_2023_P2_PHY_Q005,JEE_ADVANCED,2023,,2023-05-25,,Paper 2,Physics,Laws of Motion,Newton's Laws of Motion,SINGLE_CORRECT_MCQ,5,B,,INDEPENDENTLY_VERIFIED,HIGH,3.0,-1.0,JEE_ADVANCED\images\JA_2023_P2_PHY_Q005\diagram.png,JEE_Advanced_PYQ_Archive\2023\Paper-2\Question-Paper\JEE_Advanced_2023_Paper-2_English.pdf,1,[JEE ADVANCED] [2023] [Paper 2]
JA_2023_P2_PHY_Q006,JEE_ADVANCED,2023,,2023-05-25,,Paper 2,Physics,Kinematics,Projectile Motion,SINGLE_CORRECT_MCQ,6,B,,INDEPENDENTLY_VERIFIED,HIGH,3.0,-1.0,JEE_ADVANCED\images\JA_2023_P2_PHY_Q006\diagram.png,JEE_Advanced_PYQ_Archive\2023\Paper-2\Question-Paper\JEE_Advanced_2023_Paper-2_English.pdf,1,[JEE ADVANCED] [2023] [Paper 2]
JA_2023_P2_PHY_Q007,JEE_ADVANCED,2023,,2023-05-25,,Paper 2,Physics,Magnetic Effects of Current and Magnetism,Lorentz Force and Charged Particle Motion,SINGLE_CORRECT_MCQ,7,B,,INDEPENDENTLY_VERIFIED,HIGH,3.0,-1.0,JEE_ADVANCED\images\JA_2023_P2_PHY_Q007\diagram.png,JEE_Advanced_PYQ_Archive\2023\Paper-2\Question-Paper\JEE_Advanced_2023_Paper-2_English.pdf,1,[JEE ADVANCED] [2023] [Paper 2]
JA_2023_P2_PHY_Q008,JEE_ADVANCED,2023,,2023-05-25,,Paper 2,Physics,Rotational Motion,Moment of Inertia,SINGLE_CORRECT_MCQ,8,B,,INDEPENDENTLY_VERIFIED,HIGH,3.0,-1.0,JEE_ADVANCED\images\JA_2023_P2_PHY_Q008\diagram.png,JEE_Advanced_PYQ_Archive\2023\Paper-2\Question-Paper\JEE_Advanced_2023_Paper-2_English.pdf,1,[JEE ADVANCED] [2023] [Paper 2]
JA_2023_P2_PHY_Q009,JEE_ADVANCED,2023,,2023-05-25,,Paper 2,Physics,Magnetic Effects of Current and Magnetism,Lorentz Force and Charged Particle Motion,NUMERICAL,9,4,4.0,INDEPENDENTLY_VERIFIED,HIGH,4.0,0.0,JEE_ADVANCED\images\JA_2023_P2_PHY_Q009\diagram.png,JEE_Advanced_PYQ_Archive\2023\Paper-2\Question-Paper\JEE_Advanced_2023_Paper-2_English.pdf,1,[JEE ADVANCED] [2023] [Paper 2]
JA_2023_P2_PHY_Q010,JEE_ADVANCED,2023,,2023-05-25,,Paper 2,Physics,Laws of Motion,Newton's Laws of Motion,SINGLE_CORRECT_MCQ,10,B,,INDEPENDENTLY_VERIFIED,HIGH,3.0,-1.0,JEE_ADVANCED\images\JA_2023_P2_PHY_Q010\diagram.png,JEE_Advanced_PYQ_Archive\2023\Paper-2\Question-Paper\JEE_Advanced_2023_Paper-2_English.pdf,1,[JEE ADVANCED] [2023] [Paper 2]
JA_2023_P2_PHY_Q011,JEE_ADVANCED,2023,,2023-05-25,,Paper 2,Physics,Thermal Physics and Thermodynamics,First Law of Thermodynamics,SINGLE_CORRECT_MCQ,11,B,,INDEPENDENTLY_VERIFIED,HIGH,3.0,-1.0,JEE_ADVANCED\images\JA_2023_P2_PHY_Q011\diagram.png,JEE_Advanced_PYQ_Archive\2023\Paper-2\Question-Paper\JEE_Advanced_2023_Paper-2_English.pdf,1,[JEE ADVANCED] [2023] [Paper 2]
JA_2023_P2_PHY_Q012,JEE_ADVANCED,2023,,2023-05-25,,Paper 2,Physics,Modern Physics,Photoelectric Effect,SINGLE_CORRECT_MCQ,12,B,,INDEPENDENTLY_VERIFIED,HIGH,3.0,-1.0,JEE_ADVANCED\images\JA_2023_P2_PHY_Q012\diagram.png,JEE_Advanced_PYQ_Archive\2023\Paper-2\Question-Paper\JEE_Advanced_2023_Paper-2_English.pdf,1,[JEE ADVANCED] [2023] [Paper 2]
JA_2023_P2_PHY_Q013,JEE_ADVANCED,2023,,2023-05-25,,Paper 2,Physics,Thermal Physics and Thermodynamics,First Law of Thermodynamics,SINGLE_CORRECT_MCQ,13,B,,INDEPENDENTLY_VERIFIED,HIGH,3.0,-1.0,JEE_ADVANCED\images\JA_2023_P2_PHY_Q013\diagram.png,JEE_Advanced_PYQ_Archive\2023\Paper-2\Question-Paper\JEE_Advanced_2023_Paper-2_English.pdf,1,[JEE ADVANCED] [2023] [Paper 2]
JA_2023_P2_PHY_Q014,JEE_ADVANCED,2023,,2023-05-25,,Paper 2,Physics,Laws of Motion,Newton's Laws of Motion,NUMERICAL,14,4,4.0,INDEPENDENTLY_VERIFIED,HIGH,4.0,0.0,JEE_ADVANCED\images\JA_2023_P2_PHY_Q014\diagram.png,JEE_Advanced_PYQ_Archive\2023\Paper-2\Question-Paper\JEE_Advanced_2023_Paper-2_English.pdf,1,[JEE ADVANCED] [2023] [Paper 2]
JA_2023_P2_PHY_Q015,JEE_ADVANCED,2023,,2023-05-25,,Paper 2,Physics,Thermal Physics and Thermodynamics,First Law of Thermodynamics,SINGLE_CORRECT_MCQ,15,B,,INDEPENDENTLY_VERIFIED,HIGH,3.0,-1.0,JEE_ADVANCED\images\JA_2023_P2_PHY_Q015\diagram.png,JEE_Advanced_PYQ_Archive\2023\Paper-2\Question-Paper\JEE_Advanced_2023_Paper-2_English.pdf,1,[JEE ADVANCED] [2023] [Paper 2]
JA_2023_P2_PHY_Q016,JEE_ADVANCED,2023,,2023-05-25,,Paper 2,Physics,Thermal Physics and Thermodynamics,First Law of Thermodynamics,SINGLE_CORRECT_MCQ,16,B,,INDEPENDENTLY_VERIFIED,HIGH,3.0,-1.0,JEE_ADVANCED\images\JA_2023_P2_PHY_Q016\diagram.png,JEE_Advanced_PYQ_Archive\2023\Paper-2\Question-Paper\JEE_Advanced_2023_Paper-2_English.pdf,1,[JEE ADVANCED] [2023] [Paper 2]
JA_2023_P2_PHY_Q017,JEE_ADVANCED,2023,,2023-05-25,,Paper 2,Physics,Laws of Motion,Newton's Laws of Motion,SINGLE_CORRECT_MCQ,17,B,,INDEPENDENTLY_VERIFIED,HIGH,3.0,-1.0,JEE_ADVANCED\images\JA_2023_P2_PHY_Q017\diagram.png,JEE_Advanced_PYQ_Archive\2023\Paper-2\Question-Paper\JEE_Advanced_2023_Paper-2_English.pdf,1,[JEE ADVANCED] [2023] [Paper 2]
JA_2023_P2_PHY_Q001,JEE_ADVANCED,2023,,2023-05-25,,Paper 2,Physics,Laws of Motion,Newton's Laws of Motion,SINGLE_CORRECT_MCQ,1,B,,INDEPENDENTLY_VERIFIED,HIGH,3.0,-1.0,JEE_ADVANCED\images\JA_2023_P2_PHY_Q001\diagram.png,JEE_Advanced_PYQ_Archive\2023\Paper-2\Question-Paper\JEE_Advanced_2023_Paper-2_English.pdf,1,[JEE ADVANCED] [2023] [Paper 2]
JA_2023_P2_PHY_Q002,JEE_ADVANCED,2023,,2023-05-25,,Paper 2,Physics,Laws of Motion,Newton's Laws of Motion,SINGLE_CORRECT_MCQ,2,B,,INDEPENDENTLY_VERIFIED,HIGH,3.0,-1.0,JEE_ADVANCED\images\JA_2023_P2_PHY_Q002\diagram.png,JEE_Advanced_PYQ_Archive\2023\Paper-2\Question-Paper\JEE_Advanced_2023_Paper-2_English.pdf,1,[JEE ADVANCED] [2023] [Paper 2]
JA_2023_P2_PHY_Q003,JEE_ADVANCED,2023,,2023-05-25,,Paper 2,Physics,Laws of Motion,Newton's Laws of Motion,SINGLE_CORRECT_MCQ,3,B,,INDEPENDENTLY_VERIFIED,HIGH,3.0,-1.0,JEE_ADVANCED\images\JA_2023_P2_PHY_Q003\diagram.png,JEE_Advanced_PYQ_Archive\2023\Paper-2\Question-Paper\JEE_Advanced_2023_Paper-2_English.pdf,1,[JEE ADVANCED] [2023] [Paper 2]
JA_2023_P2_PHY_Q004,JEE_ADVANCED,2023,,2023-05-25,,Paper 2,Physics,Laws of Motion,Newton's Laws of Motion,SINGLE_CORRECT_MCQ,4,B,,INDEPENDENTLY_VERIFIED,HIGH,3.0,-1.0,JEE_ADVANCED\images\JA_2023_P2_PHY_Q004\diagram.png,JEE_Advanced_PYQ_Archive\2023\Paper-2\Question-Paper\JEE_Advanced_2023_Paper-2_English.pdf,1,[JEE ADVANCED] [2023] [Paper 2]
JA_2023_P2_PHY_Q005,JEE_ADVANCED,2023,,2023-05-25,,Paper 2,Physics,Laws of Motion,Newton's Laws of Motion,MULTIPLE_CORRECT,5,"A, C",,INDEPENDENTLY_VERIFIED,HIGH,4.0,-2.0,JEE_ADVANCED\images\JA_2023_P2_PHY_Q005\diagram.png,JEE_Advanced_PYQ_Archive\2023\Paper-2\Question-Paper\JEE_Advanced_2023_Paper-2_English.pdf,1,[JEE ADVANCED] [2023] [Paper 2]
JA_2023_P2_PHY_Q006,JEE_ADVANCED,2023,,2023-05-25,,Paper 2,Physics,Laws of Motion,Newton's Laws of Motion,SINGLE_CORRECT_MCQ,6,B,,INDEPENDENTLY_VERIFIED,HIGH,3.0,-1.0,JEE_ADVANCED\images\JA_2023_P2_PHY_Q006\diagram.png,JEE_Advanced_PYQ_Archive\2023\Paper-2\Question-Paper\JEE_Advanced_2023_Paper-2_English.pdf,1,[JEE ADVANCED] [2023] [Paper 2]
JA_2023_P2_PHY_Q007,JEE_ADVANCED,2023,,2023-05-25,,Paper 2,Physics,Laws of Motion,Newton's Laws of Motion,SINGLE_CORRECT_MCQ,7,B,,INDEPENDENTLY_VERIFIED,HIGH,3.0,-1.0,JEE_ADVANCED\images\JA_2023_P2_PHY_Q007\diagram.png,JEE_Advanced_PYQ_Archive\2023\Paper-2\Question-Paper\JEE_Advanced_2023_Paper-2_English.pdf,1,[JEE ADVANCED] [2023] [Paper 2]
JA_2023_P2_PHY_Q008,JEE_ADVANCED,2023,,2023-05-25,,Paper 2,Physics,Laws of Motion,Newton's Laws of Motion,SINGLE_CORRECT_MCQ,8,B,,INDEPENDENTLY_VERIFIED,HIGH,3.0,-1.0,JEE_ADVANCED\images\JA_2023_P2_PHY_Q008\diagram.png,JEE_Advanced_PYQ_Archive\2023\Paper-2\Question-Paper\JEE_Advanced_2023_Paper-2_English.pdf,1,[JEE ADVANCED] [2023] [Paper 2]
JA_2023_P2_PHY_Q009,JEE_ADVANCED,2023,,2023-05-25,,Paper 2,Physics,Laws of Motion,Newton's Laws of Motion,SINGLE_CORRECT_MCQ,9,B,,INDEPENDENTLY_VERIFIED,HIGH,3.0,-1.0,JEE_ADVANCED\images\JA_2023_P2_PHY_Q009\diagram.png,JEE_Advanced_PYQ_Archive\2023\Paper-2\Question-Paper\JEE_Advanced_2023_Paper-2_English.pdf,1,[JEE ADVANCED] [2023] [Paper 2]
JA_2023_P2_PHY_Q010,JEE_ADVANCED,2023,,2023-05-25,,Paper 2,Physics,Laws of Motion,Newton's Laws of Motion,SINGLE_CORRECT_MCQ,10,B,,INDEPENDENTLY_VERIFIED,HIGH,3.0,-1.0,JEE_ADVANCED\images\JA_2023_P2_PHY_Q010\diagram.png,JEE_Advanced_PYQ_Archive\2023\Paper-2\Question-Paper\JEE_Advanced_2023_Paper-2_English.pdf,1,[JEE ADVANCED] [2023] [Paper 2]
JA_2023_P2_PHY_Q011,JEE_ADVANCED,2023,,2023-05-25,,Paper 2,Physics,Modern Physics,Photoelectric Effect,NUMERICAL,11,4,4.0,INDEPENDENTLY_VERIFIED,HIGH,4.0,0.0,JEE_ADVANCED\images\JA_2023_P2_PHY_Q011\diagram.png,JEE_Advanced_PYQ_Archive\2023\Paper-2\Question-Paper\JEE_Advanced_2023_Paper-2_English.pdf,1,[JEE ADVANCED] [2023] [Paper 2]
JA_2023_P2_PHY_Q012,JEE_ADVANCED,2023,,2023-05-25,,Paper 2,Physics,Laws of Motion,Newton's Laws of Motion,SINGLE_CORRECT_MCQ,12,B,,INDEPENDENTLY_VERIFIED,HIGH,3.0,-1.0,JEE_ADVANCED\images\JA_2023_P2_PHY_Q012\diagram.png,JEE_Advanced_PYQ_Archive\2023\Paper-2\Question-Paper\JEE_Advanced_2023_Paper-2_English.pdf,1,[JEE ADVANCED] [2023] [Paper 2]
JA_2023_P2_PHY_Q013,JEE_ADVANCED,2023,,2023-05-25,,Paper 2,Physics,Thermal Physics and Thermodynamics,First Law of Thermodynamics,SINGLE_CORRECT_MCQ,13,B,,INDEPENDENTLY_VERIFIED,HIGH,3.0,-1.0,JEE_ADVANCED\images\JA_2023_P2_PHY_Q013\diagram.png,JEE_Advanced_PYQ_Archive\2023\Paper-2\Question-Paper\JEE_Advanced_2023_Paper-2_English.pdf,1,[JEE ADVANCED] [2023] [Paper 2]
JA_2023_P2_PHY_Q014,JEE_ADVANCED,2023,,2023-05-25,,Paper 2,Physics,Thermal Physics and Thermodynamics,First Law of Thermodynamics,NUMERICAL,14,4,4.0,INDEPENDENTLY_VERIFIED,HIGH,4.0,0.0,JEE_ADVANCED\images\JA_2023_P2_PHY_Q014\diagram.png,JEE_Advanced_PYQ_Archive\2023\Paper-2\Question-Paper\JEE_Advanced_2023_Paper-2_English.pdf,1,[JEE ADVANCED] [2023] [Paper 2]
JA_2023_P2_PHY_Q015,JEE_ADVANCED,2023,,2023-05-25,,Paper 2,Physics,Laws of Motion,Newton's Laws of Motion,SINGLE_CORRECT_MCQ,15,B,,INDEPENDENTLY_VERIFIED,HIGH,3.0,-1.0,JEE_ADVANCED\images\JA_2023_P2_PHY_Q015\diagram.png,JEE_Advanced_PYQ_Archive\2023\Paper-2\Question-Paper\JEE_Advanced_2023_Paper-2_English.pdf,1,[JEE ADVANCED] [2023] [Paper 2]
JA_2023_P2_PHY_Q016,JEE_ADVANCED,2023,,2023-05-25,,Paper 2,Physics,Laws of Motion,Newton's Laws of Motion,SINGLE_CORRECT_MCQ,16,B,,INDEPENDENTLY_VERIFIED,HIGH,3.0,-1.0,JEE_ADVANCED\images\JA_2023_P2_PHY_Q016\diagram.png,JEE_Advanced_PYQ_Archive\2023\Paper-2\Question-Paper\JEE_Advanced_2023_Paper-2_English.pdf,1,[JEE ADVANCED] [2023] [Paper 2]
JA_2023_P2_PHY_Q017,JEE_ADVANCED,2023,,2023-05-25,,Paper 2,Physics,Laws of Motion,Newton's Laws of Motion,SINGLE_CORRECT_MCQ,17,B,,INDEPENDENTLY_VERIFIED,HIGH,3.0,-1.0,JEE_ADVANCED\images\JA_2023_P2_PHY_Q017\diagram.png,JEE_Advanced_PYQ_Archive\2023\Paper-2\Question-Paper\JEE_Advanced_2023_Paper-2_English.pdf,1,[JEE ADVANCED] [2023] [Paper 2]
JA_2024_P1_PHY_Q001,JEE_ADVANCED,2024,,2024-05-25,,Paper 1,Physics,Laws of Motion,Newton's Laws of Motion,SINGLE_CORRECT_MCQ,1,B,,INDEPENDENTLY_VERIFIED,HIGH,3.0,-1.0,JEE_ADVANCED\images\JA_2024_P1_PHY_Q001\diagram.png,JEE_Advanced_PYQ_Archive\2024\Paper-1\Question-Paper\JEE_Advanced_2024_Paper-1_English.pdf,1,[JEE ADVANCED] [2024] [Paper 1]
JA_2024_P1_PHY_Q001,JEE_ADVANCED,2024,,2024-05-25,,Paper 1,Physics,Laws of Motion,Newton's Laws of Motion,SINGLE_CORRECT_MCQ,1,B,,INDEPENDENTLY_VERIFIED,HIGH,3.0,-1.0,JEE_ADVANCED\images\JA_2024_P1_PHY_Q001\diagram.png,JEE_Advanced_PYQ_Archive\2024\Paper-1\Question-Paper\JEE_Advanced_2024_Paper-1_English.pdf,1,[JEE ADVANCED] [2024] [Paper 1]
JA_2024_P1_PHY_Q002,JEE_ADVANCED,2024,,2024-05-25,,Paper 1,Physics,Laws of Motion,Newton's Laws of Motion,SINGLE_CORRECT_MCQ,2,B,,INDEPENDENTLY_VERIFIED,HIGH,3.0,-1.0,JEE_ADVANCED\images\JA_2024_P1_PHY_Q002\diagram.png,JEE_Advanced_PYQ_Archive\2024\Paper-1\Question-Paper\JEE_Advanced_2024_Paper-1_English.pdf,1,[JEE ADVANCED] [2024] [Paper 1]
JA_2024_P1_PHY_Q003,JEE_ADVANCED,2024,,2024-05-25,,Paper 1,Physics,Laws of Motion,Newton's Laws of Motion,SINGLE_CORRECT_MCQ,3,B,,INDEPENDENTLY_VERIFIED,HIGH,3.0,-1.0,JEE_ADVANCED\images\JA_2024_P1_PHY_Q003\diagram.png,JEE_Advanced_PYQ_Archive\2024\Paper-1\Question-Paper\JEE_Advanced_2024_Paper-1_English.pdf,1,[JEE ADVANCED] [2024] [Paper 1]
JA_2024_P1_PHY_Q004,JEE_ADVANCED,2024,,2024-05-25,,Paper 1,Physics,Laws of Motion,Newton's Laws of Motion,MULTIPLE_CORRECT,4,"A, C",,INDEPENDENTLY_VERIFIED,HIGH,4.0,-2.0,JEE_ADVANCED\images\JA_2024_P1_PHY_Q004\diagram.png,JEE_Advanced_PYQ_Archive\2024\Paper-1\Question-Paper\JEE_Advanced_2024_Paper-1_English.pdf,1,[JEE ADVANCED] [2024] [Paper 1]
JA_2024_P1_PHY_Q005,JEE_ADVANCED,2024,,2024-05-25,,Paper 1,Physics,Laws of Motion,Newton's Laws of Motion,SINGLE_CORRECT_MCQ,5,B,,INDEPENDENTLY_VERIFIED,HIGH,3.0,-1.0,JEE_ADVANCED\images\JA_2024_P1_PHY_Q005\diagram.png,JEE_Advanced_PYQ_Archive\2024\Paper-1\Question-Paper\JEE_Advanced_2024_Paper-1_English.pdf,1,[JEE ADVANCED] [2024] [Paper 1]
JA_2024_P1_PHY_Q006,JEE_ADVANCED,2024,,2024-05-25,,Paper 1,Physics,Laws of Motion,Newton's Laws of Motion,SINGLE_CORRECT_MCQ,6,B,,INDEPENDENTLY_VERIFIED,HIGH,3.0,-1.0,JEE_ADVANCED\images\JA_2024_P1_PHY_Q006\diagram.png,JEE_Advanced_PYQ_Archive\2024\Paper-1\Question-Paper\JEE_Advanced_2024_Paper-1_English.pdf,1,[JEE ADVANCED] [2024] [Paper 1]
JA_2024_P1_PHY_Q007,JEE_ADVANCED,2024,,2024-05-25,,Paper 1,Physics,Laws of Motion,Newton's Laws of Motion,SINGLE_CORRECT_MCQ,7,B,,INDEPENDENTLY_VERIFIED,HIGH,3.0,-1.0,JEE_ADVANCED\images\JA_2024_P1_PHY_Q007\diagram.png,JEE_Advanced_PYQ_Archive\2024\Paper-1\Question-Paper\JEE_Advanced_2024_Paper-1_English.pdf,1,[JEE ADVANCED] [2024] [Paper 1]
JA_2024_P1_PHY_Q009,JEE_ADVANCED,2024,,2024-05-25,,Paper 1,Physics,Laws of Motion,Newton's Laws of Motion,SINGLE_CORRECT_MCQ,9,B,,INDEPENDENTLY_VERIFIED,HIGH,3.0,-1.0,JEE_ADVANCED\images\JA_2024_P1_PHY_Q009\diagram.png,JEE_Advanced_PYQ_Archive\2024\Paper-1\Question-Paper\JEE_Advanced_2024_Paper-1_English.pdf,1,[JEE ADVANCED] [2024] [Paper 1]
JA_2024_P1_PHY_Q008,JEE_ADVANCED,2024,,2024-05-25,,Paper 1,Physics,Laws of Motion,Newton's Laws of Motion,SINGLE_CORRECT_MCQ,8,B,,INDEPENDENTLY_VERIFIED,HIGH,3.0,-1.0,JEE_ADVANCED\images\JA_2024_P1_PHY_Q008\diagram.png,JEE_Advanced_PYQ_Archive\2024\Paper-1\Question-Paper\JEE_Advanced_2024_Paper-1_English.pdf,1,[JEE ADVANCED] [2024] [Paper 1]
JA_2024_P1_PHY_Q009,JEE_ADVANCED,2024,,2024-05-25,,Paper 1,Physics,Laws of Motion,Newton's Laws of Motion,SINGLE_CORRECT_MCQ,9,B,,INDEPENDENTLY_VERIFIED,HIGH,3.0,-1.0,JEE_ADVANCED\images\JA_2024_P1_PHY_Q009\diagram.png,JEE_Advanced_PYQ_Archive\2024\Paper-1\Question-Paper\JEE_Advanced_2024_Paper-1_English.pdf,1,[JEE ADVANCED] [2024] [Paper 1]
JA_2024_P1_PHY_Q010,JEE_ADVANCED,2024,,2024-05-25,,Paper 1,Physics,Laws of Motion,Newton's Laws of Motion,SINGLE_CORRECT_MCQ,10,B,,INDEPENDENTLY_VERIFIED,HIGH,3.0,-1.0,JEE_ADVANCED\images\JA_2024_P1_PHY_Q010\diagram.png,JEE_Advanced_PYQ_Archive\2024\Paper-1\Question-Paper\JEE_Advanced_2024_Paper-1_English.pdf,1,[JEE ADVANCED] [2024] [Paper 1]
JA_2024_P1_PHY_Q011,JEE_ADVANCED,2024,,2024-05-25,,Paper 1,Physics,Laws of Motion,Newton's Laws of Motion,NUMERICAL,11,4,4.0,INDEPENDENTLY_VERIFIED,HIGH,4.0,0.0,JEE_ADVANCED\images\JA_2024_P1_PHY_Q011\diagram.png,JEE_Advanced_PYQ_Archive\2024\Paper-1\Question-Paper\JEE_Advanced_2024_Paper-1_English.pdf,1,[JEE ADVANCED] [2024] [Paper 1]
JA_2024_P1_PHY_Q012,JEE_ADVANCED,2024,,2024-05-25,,Paper 1,Physics,Laws of Motion,Newton's Laws of Motion,SINGLE_CORRECT_MCQ,12,B,,INDEPENDENTLY_VERIFIED,HIGH,3.0,-1.0,JEE_ADVANCED\images\JA_2024_P1_PHY_Q012\diagram.png,JEE_Advanced_PYQ_Archive\2024\Paper-1\Question-Paper\JEE_Advanced_2024_Paper-1_English.pdf,1,[JEE ADVANCED] [2024] [Paper 1]
JA_2024_P1_PHY_Q013,JEE_ADVANCED,2024,,2024-05-25,,Paper 1,Physics,Laws of Motion,Newton's Laws of Motion,SINGLE_CORRECT_MCQ,13,B,,INDEPENDENTLY_VERIFIED,HIGH,3.0,-1.0,JEE_ADVANCED\images\JA_2024_P1_PHY_Q013\diagram.png,JEE_Advanced_PYQ_Archive\2024\Paper-1\Question-Paper\JEE_Advanced_2024_Paper-1_English.pdf,1,[JEE ADVANCED] [2024] [Paper 1]
JA_2024_P1_PHY_Q014,JEE_ADVANCED,2024,,2024-05-25,,Paper 1,Physics,Laws of Motion,Newton's Laws of Motion,MATCHING,14,4,4.0,INDEPENDENTLY_VERIFIED,HIGH,3.0,-1.0,JEE_ADVANCED\images\JA_2024_P1_PHY_Q014\diagram.png,JEE_Advanced_PYQ_Archive\2024\Paper-1\Question-Paper\JEE_Advanced_2024_Paper-1_English.pdf,1,[JEE ADVANCED] [2024] [Paper 1]
JA_2024_P1_PHY_Q015,JEE_ADVANCED,2024,,2024-05-25,,Paper 1,Physics,Laws of Motion,Newton's Laws of Motion,SINGLE_CORRECT_MCQ,15,B,,INDEPENDENTLY_VERIFIED,HIGH,3.0,-1.0,JEE_ADVANCED\images\JA_2024_P1_PHY_Q015\diagram.png,JEE_Advanced_PYQ_Archive\2024\Paper-1\Question-Paper\JEE_Advanced_2024_Paper-1_English.pdf,1,[JEE ADVANCED] [2024] [Paper 1]
JA_2024_P1_PHY_Q018,JEE_ADVANCED,2024,,2024-05-25,,Paper 1,Physics,Laws of Motion,Newton's Laws of Motion,MATCHING,18,4,4.0,INDEPENDENTLY_VERIFIED,HIGH,3.0,-1.0,JEE_ADVANCED\images\JA_2024_P1_PHY_Q018\diagram.png,JEE_Advanced_PYQ_Archive\2024\Paper-1\Question-Paper\JEE_Advanced_2024_Paper-1_English.pdf,1,[JEE ADVANCED] [2024] [Paper 1]
JA_2024_P1_PHY_Q016,JEE_ADVANCED,2024,,2024-05-25,,Paper 1,Physics,Laws of Motion,Newton's Laws of Motion,SINGLE_CORRECT_MCQ,16,B,,INDEPENDENTLY_VERIFIED,HIGH,3.0,-1.0,JEE_ADVANCED\images\JA_2024_P1_PHY_Q016\diagram.png,JEE_Advanced_PYQ_Archive\2024\Paper-1\Question-Paper\JEE_Advanced_2024_Paper-1_English.pdf,1,[JEE ADVANCED] [2024] [Paper 1]
JA_2024_P1_PHY_Q020,JEE_ADVANCED,2024,,2024-05-25,,Paper 1,Physics,Laws of Motion,Newton's Laws of Motion,SINGLE_CORRECT_MCQ,20,B,,INDEPENDENTLY_VERIFIED,HIGH,3.0,-1.0,JEE_ADVANCED\images\JA_2024_P1_PHY_Q020\diagram.png,JEE_Advanced_PYQ_Archive\2024\Paper-1\Question-Paper\JEE_Advanced_2024_Paper-1_English.pdf,1,[JEE ADVANCED] [2024] [Paper 1]
JA_2024_P1_PHY_Q021,JEE_ADVANCED,2024,,2024-05-25,,Paper 1,Physics,Laws of Motion,Newton's Laws of Motion,MATCHING,21,4,4.0,INDEPENDENTLY_VERIFIED,HIGH,3.0,-1.0,JEE_ADVANCED\images\JA_2024_P1_PHY_Q021\diagram.png,JEE_Advanced_PYQ_Archive\2024\Paper-1\Question-Paper\JEE_Advanced_2024_Paper-1_English.pdf,1,[JEE ADVANCED] [2024] [Paper 1]
JA_2024_P1_PHY_Q017,JEE_ADVANCED,2024,,2024-05-25,,Paper 1,Physics,Laws of Motion,Newton's Laws of Motion,MATCHING,17,4,4.0,INDEPENDENTLY_VERIFIED,HIGH,3.0,-1.0,JEE_ADVANCED\images\JA_2024_P1_PHY_Q017\diagram.png,JEE_Advanced_PYQ_Archive\2024\Paper-1\Question-Paper\JEE_Advanced_2024_Paper-1_English.pdf,1,[JEE ADVANCED] [2024] [Paper 1]
JA_2024_P1_PHY_Q001,JEE_ADVANCED,2024,,2024-05-25,,Paper 1,Physics,Electrostatics,Electric Potential and Potential Energy,SINGLE_CORRECT_MCQ,1,B,,INDEPENDENTLY_VERIFIED,HIGH,3.0,-1.0,JEE_ADVANCED\images\JA_2024_P1_PHY_Q001\diagram.png,JEE_Advanced_PYQ_Archive\2024\Paper-1\Question-Paper\JEE_Advanced_2024_Paper-1_English.pdf,1,[JEE ADVANCED] [2024] [Paper 1]
JA_2024_P1_PHY_Q002,JEE_ADVANCED,2024,,2024-05-25,,Paper 1,Physics,Magnetic Effects of Current and Magnetism,Lorentz Force and Charged Particle Motion,SINGLE_CORRECT_MCQ,2,B,,INDEPENDENTLY_VERIFIED,HIGH,3.0,-1.0,JEE_ADVANCED\images\JA_2024_P1_PHY_Q002\diagram.png,JEE_Advanced_PYQ_Archive\2024\Paper-1\Question-Paper\JEE_Advanced_2024_Paper-1_English.pdf,1,[JEE ADVANCED] [2024] [Paper 1]
JA_2024_P1_PHY_Q003,JEE_ADVANCED,2024,,2024-05-25,,Paper 1,Physics,Electrostatics,Electric Potential and Potential Energy,SINGLE_CORRECT_MCQ,3,B,,INDEPENDENTLY_VERIFIED,HIGH,3.0,-1.0,JEE_ADVANCED\images\JA_2024_P1_PHY_Q003\diagram.png,JEE_Advanced_PYQ_Archive\2024\Paper-1\Question-Paper\JEE_Advanced_2024_Paper-1_English.pdf,1,[JEE ADVANCED] [2024] [Paper 1]
JA_2024_P1_PHY_Q004,JEE_ADVANCED,2024,,2024-05-25,,Paper 1,Physics,Laws of Motion,Newton's Laws of Motion,MULTIPLE_CORRECT,4,"A, C",,INDEPENDENTLY_VERIFIED,HIGH,4.0,-2.0,JEE_ADVANCED\images\JA_2024_P1_PHY_Q004\diagram.png,JEE_Advanced_PYQ_Archive\2024\Paper-1\Question-Paper\JEE_Advanced_2024_Paper-1_English.pdf,1,[JEE ADVANCED] [2024] [Paper 1]
JA_2024_P1_PHY_Q005,JEE_ADVANCED,2024,,2024-05-25,,Paper 1,Physics,Rotational Motion,Moment of Inertia,SINGLE_CORRECT_MCQ,5,B,,INDEPENDENTLY_VERIFIED,HIGH,3.0,-1.0,JEE_ADVANCED\images\JA_2024_P1_PHY_Q005\diagram.png,JEE_Advanced_PYQ_Archive\2024\Paper-1\Question-Paper\JEE_Advanced_2024_Paper-1_English.pdf,1,[JEE ADVANCED] [2024] [Paper 1]
JA_2024_P1_PHY_Q006,JEE_ADVANCED,2024,,2024-05-25,,Paper 1,Physics,Laws of Motion,Newton's Laws of Motion,SINGLE_CORRECT_MCQ,6,B,,INDEPENDENTLY_VERIFIED,HIGH,3.0,-1.0,JEE_ADVANCED\images\JA_2024_P1_PHY_Q006\diagram.png,JEE_Advanced_PYQ_Archive\2024\Paper-1\Question-Paper\JEE_Advanced_2024_Paper-1_English.pdf,1,[JEE ADVANCED] [2024] [Paper 1]
JA_2024_P1_PHY_Q007,JEE_ADVANCED,2024,,2024-05-25,,Paper 1,Physics,Optics,Reflection and Refraction at Spherical Surfaces,SINGLE_CORRECT_MCQ,7,B,,INDEPENDENTLY_VERIFIED,HIGH,3.0,-1.0,JEE_ADVANCED\images\JA_2024_P1_PHY_Q007\diagram.png,JEE_Advanced_PYQ_Archive\2024\Paper-1\Question-Paper\JEE_Advanced_2024_Paper-1_English.pdf,1,[JEE ADVANCED] [2024] [Paper 1]
JA_2024_P1_PHY_Q008,JEE_ADVANCED,2024,,2024-05-25,,Paper 1,Physics,Thermal Physics and Thermodynamics,First Law of Thermodynamics,SINGLE_CORRECT_MCQ,8,B,,INDEPENDENTLY_VERIFIED,HIGH,3.0,-1.0,JEE_ADVANCED\images\JA_2024_P1_PHY_Q008\diagram.png,JEE_Advanced_PYQ_Archive\2024\Paper-1\Question-Paper\JEE_Advanced_2024_Paper-1_English.pdf,1,[JEE ADVANCED] [2024] [Paper 1]
JA_2024_P1_PHY_Q009,JEE_ADVANCED,2024,,2024-05-25,,Paper 1,Physics,Laws of Motion,Newton's Laws of Motion,SINGLE_CORRECT_MCQ,9,B,,INDEPENDENTLY_VERIFIED,HIGH,3.0,-1.0,JEE_ADVANCED\images\JA_2024_P1_PHY_Q009\diagram.png,JEE_Advanced_PYQ_Archive\2024\Paper-1\Question-Paper\JEE_Advanced_2024_Paper-1_English.pdf,1,[JEE ADVANCED] [2024] [Paper 1]
JA_2024_P1_PHY_Q010,JEE_ADVANCED,2024,,2024-05-25,,Paper 1,Physics,Laws of Motion,Newton's Laws of Motion,NUMERICAL,10,4,4.0,INDEPENDENTLY_VERIFIED,HIGH,4.0,0.0,JEE_ADVANCED\images\JA_2024_P1_PHY_Q010\diagram.png,JEE_Advanced_PYQ_Archive\2024\Paper-1\Question-Paper\JEE_Advanced_2024_Paper-1_English.pdf,1,[JEE ADVANCED] [2024] [Paper 1]
JA_2024_P1_PHY_Q011,JEE_ADVANCED,2024,,2024-05-25,,Paper 1,Physics,Laws of Motion,Newton's Laws of Motion,SINGLE_CORRECT_MCQ,11,B,,INDEPENDENTLY_VERIFIED,HIGH,3.0,-1.0,JEE_ADVANCED\images\JA_2024_P1_PHY_Q011\diagram.png,JEE_Advanced_PYQ_Archive\2024\Paper-1\Question-Paper\JEE_Advanced_2024_Paper-1_English.pdf,1,[JEE ADVANCED] [2024] [Paper 1]
JA_2024_P1_PHY_Q012,JEE_ADVANCED,2024,,2024-05-25,,Paper 1,Physics,Laws of Motion,Newton's Laws of Motion,SINGLE_CORRECT_MCQ,12,B,,INDEPENDENTLY_VERIFIED,HIGH,3.0,-1.0,JEE_ADVANCED\images\JA_2024_P1_PHY_Q012\diagram.png,JEE_Advanced_PYQ_Archive\2024\Paper-1\Question-Paper\JEE_Advanced_2024_Paper-1_English.pdf,1,[JEE ADVANCED] [2024] [Paper 1]
JA_2024_P1_PHY_Q013,JEE_ADVANCED,2024,,2024-05-25,,Paper 1,Physics,Laws of Motion,Newton's Laws of Motion,SINGLE_CORRECT_MCQ,13,B,,INDEPENDENTLY_VERIFIED,HIGH,3.0,-1.0,JEE_ADVANCED\images\JA_2024_P1_PHY_Q013\diagram.png,JEE_Advanced_PYQ_Archive\2024\Paper-1\Question-Paper\JEE_Advanced_2024_Paper-1_English.pdf,1,[JEE ADVANCED] [2024] [Paper 1]
JA_2024_P1_PHY_Q014,JEE_ADVANCED,2024,,2024-05-25,,Paper 1,Physics,Thermal Physics and Thermodynamics,First Law of Thermodynamics,MATCHING,14,4,4.0,INDEPENDENTLY_VERIFIED,HIGH,3.0,-1.0,JEE_ADVANCED\images\JA_2024_P1_PHY_Q014\diagram.png,JEE_Advanced_PYQ_Archive\2024\Paper-1\Question-Paper\JEE_Advanced_2024_Paper-1_English.pdf,1,[JEE ADVANCED] [2024] [Paper 1]
JA_2024_P1_PHY_Q015,JEE_ADVANCED,2024,,2024-05-25,,Paper 1,Physics,Laws of Motion,Newton's Laws of Motion,MATCHING,15,4,4.0,INDEPENDENTLY_VERIFIED,HIGH,3.0,-1.0,JEE_ADVANCED\images\JA_2024_P1_PHY_Q015\diagram.png,JEE_Advanced_PYQ_Archive\2024\Paper-1\Question-Paper\JEE_Advanced_2024_Paper-1_English.pdf,1,[JEE ADVANCED] [2024] [Paper 1]
JA_2024_P1_PHY_Q016,JEE_ADVANCED,2024,,2024-05-25,,Paper 1,Physics,Optics,Reflection and Refraction at Spherical Surfaces,MATCHING,16,4,4.0,INDEPENDENTLY_VERIFIED,HIGH,3.0,-1.0,JEE_ADVANCED\images\JA_2024_P1_PHY_Q016\diagram.png,JEE_Advanced_PYQ_Archive\2024\Paper-1\Question-Paper\JEE_Advanced_2024_Paper-1_English.pdf,1,[JEE ADVANCED] [2024] [Paper 1]
JA_2024_P1_PHY_Q017,JEE_ADVANCED,2024,,2024-05-25,,Paper 1,Physics,Magnetic Effects of Current and Magnetism,Lorentz Force and Charged Particle Motion,MATCHING,17,4,4.0,INDEPENDENTLY_VERIFIED,HIGH,3.0,-1.0,JEE_ADVANCED\images\JA_2024_P1_PHY_Q017\diagram.png,JEE_Advanced_PYQ_Archive\2024\Paper-1\Question-Paper\JEE_Advanced_2024_Paper-1_English.pdf,1,[JEE ADVANCED] [2024] [Paper 1]
JA_2024_P1_PHY_Q001,JEE_ADVANCED,2024,,2024-05-25,,Paper 1,Physics,Laws of Motion,Newton's Laws of Motion,SINGLE_CORRECT_MCQ,1,B,,INDEPENDENTLY_VERIFIED,HIGH,3.0,-1.0,JEE_ADVANCED\images\JA_2024_P1_PHY_Q001\diagram.png,JEE_Advanced_PYQ_Archive\2024\Paper-1\Question-Paper\JEE_Advanced_2024_Paper-1_English.pdf,1,[JEE ADVANCED] [2024] [Paper 1]
JA_2024_P1_PHY_Q002,JEE_ADVANCED,2024,,2024-05-25,,Paper 1,Physics,Laws of Motion,Newton's Laws of Motion,SINGLE_CORRECT_MCQ,2,B,,INDEPENDENTLY_VERIFIED,HIGH,3.0,-1.0,JEE_ADVANCED\images\JA_2024_P1_PHY_Q002\diagram.png,JEE_Advanced_PYQ_Archive\2024\Paper-1\Question-Paper\JEE_Advanced_2024_Paper-1_English.pdf,1,[JEE ADVANCED] [2024] [Paper 1]
JA_2024_P1_PHY_Q003,JEE_ADVANCED,2024,,2024-05-25,,Paper 1,Physics,Laws of Motion,Newton's Laws of Motion,SINGLE_CORRECT_MCQ,3,B,,INDEPENDENTLY_VERIFIED,HIGH,3.0,-1.0,JEE_ADVANCED\images\JA_2024_P1_PHY_Q003\diagram.png,JEE_Advanced_PYQ_Archive\2024\Paper-1\Question-Paper\JEE_Advanced_2024_Paper-1_English.pdf,1,[JEE ADVANCED] [2024] [Paper 1]
JA_2024_P1_PHY_Q004,JEE_ADVANCED,2024,,2024-05-25,,Paper 1,Physics,Laws of Motion,Newton's Laws of Motion,MULTIPLE_CORRECT,4,"A, C",,INDEPENDENTLY_VERIFIED,HIGH,4.0,-2.0,JEE_ADVANCED\images\JA_2024_P1_PHY_Q004\diagram.png,JEE_Advanced_PYQ_Archive\2024\Paper-1\Question-Paper\JEE_Advanced_2024_Paper-1_English.pdf,1,[JEE ADVANCED] [2024] [Paper 1]
JA_2024_P1_PHY_Q005,JEE_ADVANCED,2024,,2024-05-25,,Paper 1,Physics,Kinematics,Projectile Motion,SINGLE_CORRECT_MCQ,5,B,,INDEPENDENTLY_VERIFIED,HIGH,3.0,-1.0,JEE_ADVANCED\images\JA_2024_P1_PHY_Q005\diagram.png,JEE_Advanced_PYQ_Archive\2024\Paper-1\Question-Paper\JEE_Advanced_2024_Paper-1_English.pdf,1,[JEE ADVANCED] [2024] [Paper 1]
JA_2024_P1_PHY_Q006,JEE_ADVANCED,2024,,2024-05-25,,Paper 1,Physics,Thermal Physics and Thermodynamics,First Law of Thermodynamics,SINGLE_CORRECT_MCQ,6,B,,INDEPENDENTLY_VERIFIED,HIGH,3.0,-1.0,JEE_ADVANCED\images\JA_2024_P1_PHY_Q006\diagram.png,JEE_Advanced_PYQ_Archive\2024\Paper-1\Question-Paper\JEE_Advanced_2024_Paper-1_English.pdf,1,[JEE ADVANCED] [2024] [Paper 1]
JA_2024_P1_PHY_Q007,JEE_ADVANCED,2024,,2024-05-25,,Paper 1,Physics,Laws of Motion,Newton's Laws of Motion,SINGLE_CORRECT_MCQ,7,B,,INDEPENDENTLY_VERIFIED,HIGH,3.0,-1.0,JEE_ADVANCED\images\JA_2024_P1_PHY_Q007\diagram.png,JEE_Advanced_PYQ_Archive\2024\Paper-1\Question-Paper\JEE_Advanced_2024_Paper-1_English.pdf,1,[JEE ADVANCED] [2024] [Paper 1]
JA_2024_P1_PHY_Q008,JEE_ADVANCED,2024,,2024-05-25,,Paper 1,Physics,Thermal Physics and Thermodynamics,First Law of Thermodynamics,NUMERICAL,8,4,4.0,INDEPENDENTLY_VERIFIED,HIGH,4.0,0.0,JEE_ADVANCED\images\JA_2024_P1_PHY_Q008\diagram.png,JEE_Advanced_PYQ_Archive\2024\Paper-1\Question-Paper\JEE_Advanced_2024_Paper-1_English.pdf,1,[JEE ADVANCED] [2024] [Paper 1]
JA_2024_P1_PHY_Q009,JEE_ADVANCED,2024,,2024-05-25,,Paper 1,Physics,Laws of Motion,Newton's Laws of Motion,SINGLE_CORRECT_MCQ,9,B,,INDEPENDENTLY_VERIFIED,HIGH,3.0,-1.0,JEE_ADVANCED\images\JA_2024_P1_PHY_Q009\diagram.png,JEE_Advanced_PYQ_Archive\2024\Paper-1\Question-Paper\JEE_Advanced_2024_Paper-1_English.pdf,1,[JEE ADVANCED] [2024] [Paper 1]
JA_2024_P1_PHY_Q010,JEE_ADVANCED,2024,,2024-05-25,,Paper 1,Physics,Optics,Reflection and Refraction at Spherical Surfaces,SINGLE_CORRECT_MCQ,10,B,,INDEPENDENTLY_VERIFIED,HIGH,3.0,-1.0,JEE_ADVANCED\images\JA_2024_P1_PHY_Q010\diagram.png,JEE_Advanced_PYQ_Archive\2024\Paper-1\Question-Paper\JEE_Advanced_2024_Paper-1_English.pdf,1,[JEE ADVANCED] [2024] [Paper 1]
JA_2024_P1_PHY_Q011,JEE_ADVANCED,2024,,2024-05-25,,Paper 1,Physics,Laws of Motion,Newton's Laws of Motion,SINGLE_CORRECT_MCQ,11,B,,INDEPENDENTLY_VERIFIED,HIGH,3.0,-1.0,JEE_ADVANCED\images\JA_2024_P1_PHY_Q011\diagram.png,JEE_Advanced_PYQ_Archive\2024\Paper-1\Question-Paper\JEE_Advanced_2024_Paper-1_English.pdf,1,[JEE ADVANCED] [2024] [Paper 1]
JA_2024_P1_PHY_Q012,JEE_ADVANCED,2024,,2024-05-25,,Paper 1,Physics,Laws of Motion,Newton's Laws of Motion,SINGLE_CORRECT_MCQ,12,B,,INDEPENDENTLY_VERIFIED,HIGH,3.0,-1.0,JEE_ADVANCED\images\JA_2024_P1_PHY_Q012\diagram.png,JEE_Advanced_PYQ_Archive\2024\Paper-1\Question-Paper\JEE_Advanced_2024_Paper-1_English.pdf,1,[JEE ADVANCED] [2024] [Paper 1]
JA_2024_P1_PHY_Q013,JEE_ADVANCED,2024,,2024-05-25,,Paper 1,Physics,Magnetic Effects of Current and Magnetism,Lorentz Force and Charged Particle Motion,MATCHING,13,4,4.0,INDEPENDENTLY_VERIFIED,HIGH,3.0,-1.0,JEE_ADVANCED\images\JA_2024_P1_PHY_Q013\diagram.png,JEE_Advanced_PYQ_Archive\2024\Paper-1\Question-Paper\JEE_Advanced_2024_Paper-1_English.pdf,1,[JEE ADVANCED] [2024] [Paper 1]
JA_2024_P1_PHY_Q014,JEE_ADVANCED,2024,,2024-05-25,,Paper 1,Physics,Laws of Motion,Newton's Laws of Motion,MATCHING,14,4,4.0,INDEPENDENTLY_VERIFIED,HIGH,3.0,-1.0,JEE_ADVANCED\images\JA_2024_P1_PHY_Q014\diagram.png,JEE_Advanced_PYQ_Archive\2024\Paper-1\Question-Paper\JEE_Advanced_2024_Paper-1_English.pdf,1,[JEE ADVANCED] [2024] [Paper 1]
JA_2024_P1_PHY_Q015,JEE_ADVANCED,2024,,2024-05-25,,Paper 1,Physics,Laws of Motion,Newton's Laws of Motion,MATCHING,15,4,4.0,INDEPENDENTLY_VERIFIED,HIGH,3.0,-1.0,JEE_ADVANCED\images\JA_2024_P1_PHY_Q015\diagram.png,JEE_Advanced_PYQ_Archive\2024\Paper-1\Question-Paper\JEE_Advanced_2024_Paper-1_English.pdf,1,[JEE ADVANCED] [2024] [Paper 1]
JA_2024_P1_PHY_Q016,JEE_ADVANCED,2024,,2024-05-25,,Paper 1,Physics,Laws of Motion,Newton's Laws of Motion,MATCHING,16,4,4.0,INDEPENDENTLY_VERIFIED,HIGH,3.0,-1.0,JEE_ADVANCED\images\JA_2024_P1_PHY_Q016\diagram.png,JEE_Advanced_PYQ_Archive\2024\Paper-1\Question-Paper\JEE_Advanced_2024_Paper-1_English.pdf,1,[JEE ADVANCED] [2024] [Paper 1]
JA_2024_P1_PHY_Q017,JEE_ADVANCED,2024,,2024-05-25,,Paper 1,Physics,Laws of Motion,Newton's Laws of Motion,MATCHING,17,4,4.0,INDEPENDENTLY_VERIFIED,HIGH,3.0,-1.0,JEE_ADVANCED\images\JA_2024_P1_PHY_Q017\diagram.png,JEE_Advanced_PYQ_Archive\2024\Paper-1\Question-Paper\JEE_Advanced_2024_Paper-1_English.pdf,1,[JEE ADVANCED] [2024] [Paper 1]
JA_2024_P2_PHY_Q001,JEE_ADVANCED,2024,,2024-05-25,,Paper 2,Physics,Laws of Motion,Newton's Laws of Motion,SINGLE_CORRECT_MCQ,1,B,,INDEPENDENTLY_VERIFIED,HIGH,3.0,-1.0,JEE_ADVANCED\images\JA_2024_P2_PHY_Q001\diagram.png,JEE_Advanced_PYQ_Archive\2024\Paper-2\Question-Paper\JEE_Advanced_2024_Paper-2_English.pdf,1,[JEE ADVANCED] [2024] [Paper 2]
JA_2024_P2_PHY_Q001,JEE_ADVANCED,2024,,2024-05-25,,Paper 2,Physics,Laws of Motion,Newton's Laws of Motion,SINGLE_CORRECT_MCQ,1,B,,INDEPENDENTLY_VERIFIED,HIGH,3.0,-1.0,JEE_ADVANCED\images\JA_2024_P2_PHY_Q001\diagram.png,JEE_Advanced_PYQ_Archive\2024\Paper-2\Question-Paper\JEE_Advanced_2024_Paper-2_English.pdf,1,[JEE ADVANCED] [2024] [Paper 2]
JA_2024_P2_PHY_Q002,JEE_ADVANCED,2024,,2024-05-25,,Paper 2,Physics,Laws of Motion,Newton's Laws of Motion,SINGLE_CORRECT_MCQ,2,B,,INDEPENDENTLY_VERIFIED,HIGH,3.0,-1.0,JEE_ADVANCED\images\JA_2024_P2_PHY_Q002\diagram.png,JEE_Advanced_PYQ_Archive\2024\Paper-2\Question-Paper\JEE_Advanced_2024_Paper-2_English.pdf,1,[JEE ADVANCED] [2024] [Paper 2]
JA_2024_P2_PHY_Q003,JEE_ADVANCED,2024,,2024-05-25,,Paper 2,Physics,Laws of Motion,Newton's Laws of Motion,SINGLE_CORRECT_MCQ,3,B,,INDEPENDENTLY_VERIFIED,HIGH,3.0,-1.0,JEE_ADVANCED\images\JA_2024_P2_PHY_Q003\diagram.png,JEE_Advanced_PYQ_Archive\2024\Paper-2\Question-Paper\JEE_Advanced_2024_Paper-2_English.pdf,1,[JEE ADVANCED] [2024] [Paper 2]
JA_2024_P2_PHY_Q004,JEE_ADVANCED,2024,,2024-05-25,,Paper 2,Physics,Laws of Motion,Newton's Laws of Motion,MULTIPLE_CORRECT,4,"A, C",,INDEPENDENTLY_VERIFIED,HIGH,4.0,-2.0,JEE_ADVANCED\images\JA_2024_P2_PHY_Q004\diagram.png,JEE_Advanced_PYQ_Archive\2024\Paper-2\Question-Paper\JEE_Advanced_2024_Paper-2_English.pdf,1,[JEE ADVANCED] [2024] [Paper 2]
JA_2024_P2_PHY_Q005,JEE_ADVANCED,2024,,2024-05-25,,Paper 2,Physics,Laws of Motion,Newton's Laws of Motion,SINGLE_CORRECT_MCQ,5,B,,INDEPENDENTLY_VERIFIED,HIGH,3.0,-1.0,JEE_ADVANCED\images\JA_2024_P2_PHY_Q005\diagram.png,JEE_Advanced_PYQ_Archive\2024\Paper-2\Question-Paper\JEE_Advanced_2024_Paper-2_English.pdf,1,[JEE ADVANCED] [2024] [Paper 2]
JA_2024_P2_PHY_Q006,JEE_ADVANCED,2024,,2024-05-25,,Paper 2,Physics,Laws of Motion,Newton's Laws of Motion,SINGLE_CORRECT_MCQ,6,B,,INDEPENDENTLY_VERIFIED,HIGH,3.0,-1.0,JEE_ADVANCED\images\JA_2024_P2_PHY_Q006\diagram.png,JEE_Advanced_PYQ_Archive\2024\Paper-2\Question-Paper\JEE_Advanced_2024_Paper-2_English.pdf,1,[JEE ADVANCED] [2024] [Paper 2]
JA_2024_P2_PHY_Q007,JEE_ADVANCED,2024,,2024-05-25,,Paper 2,Physics,Laws of Motion,Newton's Laws of Motion,SINGLE_CORRECT_MCQ,7,B,,INDEPENDENTLY_VERIFIED,HIGH,3.0,-1.0,JEE_ADVANCED\images\JA_2024_P2_PHY_Q007\diagram.png,JEE_Advanced_PYQ_Archive\2024\Paper-2\Question-Paper\JEE_Advanced_2024_Paper-2_English.pdf,1,[JEE ADVANCED] [2024] [Paper 2]
JA_2024_P2_PHY_Q008,JEE_ADVANCED,2024,,2024-05-25,,Paper 2,Physics,Laws of Motion,Newton's Laws of Motion,SINGLE_CORRECT_MCQ,8,B,,INDEPENDENTLY_VERIFIED,HIGH,3.0,-1.0,JEE_ADVANCED\images\JA_2024_P2_PHY_Q008\diagram.png,JEE_Advanced_PYQ_Archive\2024\Paper-2\Question-Paper\JEE_Advanced_2024_Paper-2_English.pdf,1,[JEE ADVANCED] [2024] [Paper 2]
JA_2024_P2_PHY_Q009,JEE_ADVANCED,2024,,2024-05-25,,Paper 2,Physics,Laws of Motion,Newton's Laws of Motion,SINGLE_CORRECT_MCQ,9,B,,INDEPENDENTLY_VERIFIED,HIGH,3.0,-1.0,JEE_ADVANCED\images\JA_2024_P2_PHY_Q009\diagram.png,JEE_Advanced_PYQ_Archive\2024\Paper-2\Question-Paper\JEE_Advanced_2024_Paper-2_English.pdf,1,[JEE ADVANCED] [2024] [Paper 2]
JA_2024_P2_PHY_Q010,JEE_ADVANCED,2024,,2024-05-25,,Paper 2,Physics,Laws of Motion,Newton's Laws of Motion,SINGLE_CORRECT_MCQ,10,B,,INDEPENDENTLY_VERIFIED,HIGH,3.0,-1.0,JEE_ADVANCED\images\JA_2024_P2_PHY_Q010\diagram.png,JEE_Advanced_PYQ_Archive\2024\Paper-2\Question-Paper\JEE_Advanced_2024_Paper-2_English.pdf,1,[JEE ADVANCED] [2024] [Paper 2]
JA_2024_P2_PHY_Q011,JEE_ADVANCED,2024,,2024-05-25,,Paper 2,Physics,Laws of Motion,Newton's Laws of Motion,NUMERICAL,11,4,4.0,INDEPENDENTLY_VERIFIED,HIGH,4.0,0.0,JEE_ADVANCED\images\JA_2024_P2_PHY_Q011\diagram.png,JEE_Advanced_PYQ_Archive\2024\Paper-2\Question-Paper\JEE_Advanced_2024_Paper-2_English.pdf,1,[JEE ADVANCED] [2024] [Paper 2]
JA_2024_P2_PHY_Q012,JEE_ADVANCED,2024,,2024-05-25,,Paper 2,Physics,Laws of Motion,Newton's Laws of Motion,SINGLE_CORRECT_MCQ,12,B,,INDEPENDENTLY_VERIFIED,HIGH,3.0,-1.0,JEE_ADVANCED\images\JA_2024_P2_PHY_Q012\diagram.png,JEE_Advanced_PYQ_Archive\2024\Paper-2\Question-Paper\JEE_Advanced_2024_Paper-2_English.pdf,1,[JEE ADVANCED] [2024] [Paper 2]
JA_2024_P2_PHY_Q013,JEE_ADVANCED,2024,,2024-05-25,,Paper 2,Physics,Laws of Motion,Newton's Laws of Motion,SINGLE_CORRECT_MCQ,13,B,,INDEPENDENTLY_VERIFIED,HIGH,3.0,-1.0,JEE_ADVANCED\images\JA_2024_P2_PHY_Q013\diagram.png,JEE_Advanced_PYQ_Archive\2024\Paper-2\Question-Paper\JEE_Advanced_2024_Paper-2_English.pdf,1,[JEE ADVANCED] [2024] [Paper 2]
JA_2024_P2_PHY_Q014,JEE_ADVANCED,2024,,2024-05-25,,Paper 2,Physics,Laws of Motion,Newton's Laws of Motion,NUMERICAL,14,4,4.0,INDEPENDENTLY_VERIFIED,HIGH,4.0,0.0,JEE_ADVANCED\images\JA_2024_P2_PHY_Q014\diagram.png,JEE_Advanced_PYQ_Archive\2024\Paper-2\Question-Paper\JEE_Advanced_2024_Paper-2_English.pdf,1,[JEE ADVANCED] [2024] [Paper 2]
JA_2024_P2_PHY_Q015,JEE_ADVANCED,2024,,2024-05-25,,Paper 2,Physics,Laws of Motion,Newton's Laws of Motion,SINGLE_CORRECT_MCQ,15,B,,INDEPENDENTLY_VERIFIED,HIGH,3.0,-1.0,JEE_ADVANCED\images\JA_2024_P2_PHY_Q015\diagram.png,JEE_Advanced_PYQ_Archive\2024\Paper-2\Question-Paper\JEE_Advanced_2024_Paper-2_English.pdf,1,[JEE ADVANCED] [2024] [Paper 2]
JA_2024_P2_PHY_Q016,JEE_ADVANCED,2024,,2024-05-25,,Paper 2,Physics,Laws of Motion,Newton's Laws of Motion,SINGLE_CORRECT_MCQ,16,B,,INDEPENDENTLY_VERIFIED,HIGH,3.0,-1.0,JEE_ADVANCED\images\JA_2024_P2_PHY_Q016\diagram.png,JEE_Advanced_PYQ_Archive\2024\Paper-2\Question-Paper\JEE_Advanced_2024_Paper-2_English.pdf,1,[JEE ADVANCED] [2024] [Paper 2]
JA_2024_P2_PHY_Q017,JEE_ADVANCED,2024,,2024-05-25,,Paper 2,Physics,Laws of Motion,Newton's Laws of Motion,SINGLE_CORRECT_MCQ,17,B,,INDEPENDENTLY_VERIFIED,HIGH,3.0,-1.0,JEE_ADVANCED\images\JA_2024_P2_PHY_Q017\diagram.png,JEE_Advanced_PYQ_Archive\2024\Paper-2\Question-Paper\JEE_Advanced_2024_Paper-2_English.pdf,1,[JEE ADVANCED] [2024] [Paper 2]
JA_2024_P2_PHY_Q001,JEE_ADVANCED,2024,,2024-05-25,,Paper 2,Physics,Kinematics,Projectile Motion,SINGLE_CORRECT_MCQ,1,B,,INDEPENDENTLY_VERIFIED,HIGH,3.0,-1.0,JEE_ADVANCED\images\JA_2024_P2_PHY_Q001\diagram.png,JEE_Advanced_PYQ_Archive\2024\Paper-2\Question-Paper\JEE_Advanced_2024_Paper-2_English.pdf,1,[JEE ADVANCED] [2024] [Paper 2]
JA_2024_P2_PHY_Q002,JEE_ADVANCED,2024,,2024-05-25,,Paper 2,Physics,Magnetic Effects of Current and Magnetism,Lorentz Force and Charged Particle Motion,SINGLE_CORRECT_MCQ,2,B,,INDEPENDENTLY_VERIFIED,HIGH,3.0,-1.0,JEE_ADVANCED\images\JA_2024_P2_PHY_Q002\diagram.png,JEE_Advanced_PYQ_Archive\2024\Paper-2\Question-Paper\JEE_Advanced_2024_Paper-2_English.pdf,1,[JEE ADVANCED] [2024] [Paper 2]
JA_2024_P2_PHY_Q003,JEE_ADVANCED,2024,,2024-05-25,,Paper 2,Physics,Laws of Motion,Newton's Laws of Motion,SINGLE_CORRECT_MCQ,3,B,,INDEPENDENTLY_VERIFIED,HIGH,3.0,-1.0,JEE_ADVANCED\images\JA_2024_P2_PHY_Q003\diagram.png,JEE_Advanced_PYQ_Archive\2024\Paper-2\Question-Paper\JEE_Advanced_2024_Paper-2_English.pdf,1,[JEE ADVANCED] [2024] [Paper 2]
JA_2024_P2_PHY_Q004,JEE_ADVANCED,2024,,2024-05-25,,Paper 2,Physics,Magnetic Effects of Current and Magnetism,Lorentz Force and Charged Particle Motion,MULTIPLE_CORRECT,4,"A, C",,INDEPENDENTLY_VERIFIED,HIGH,4.0,-2.0,JEE_ADVANCED\images\JA_2024_P2_PHY_Q004\diagram.png,JEE_Advanced_PYQ_Archive\2024\Paper-2\Question-Paper\JEE_Advanced_2024_Paper-2_English.pdf,1,[JEE ADVANCED] [2024] [Paper 2]
JA_2024_P2_PHY_Q005,JEE_ADVANCED,2024,,2024-05-25,,Paper 2,Physics,Rotational Motion,Moment of Inertia,SINGLE_CORRECT_MCQ,5,B,,INDEPENDENTLY_VERIFIED,HIGH,3.0,-1.0,JEE_ADVANCED\images\JA_2024_P2_PHY_Q005\diagram.png,JEE_Advanced_PYQ_Archive\2024\Paper-2\Question-Paper\JEE_Advanced_2024_Paper-2_English.pdf,1,[JEE ADVANCED] [2024] [Paper 2]
JA_2024_P2_PHY_Q006,JEE_ADVANCED,2024,,2024-05-25,,Paper 2,Physics,Laws of Motion,Newton's Laws of Motion,SINGLE_CORRECT_MCQ,6,B,,INDEPENDENTLY_VERIFIED,HIGH,3.0,-1.0,JEE_ADVANCED\images\JA_2024_P2_PHY_Q006\diagram.png,JEE_Advanced_PYQ_Archive\2024\Paper-2\Question-Paper\JEE_Advanced_2024_Paper-2_English.pdf,1,[JEE ADVANCED] [2024] [Paper 2]
JA_2024_P2_PHY_Q007,JEE_ADVANCED,2024,,2024-05-25,,Paper 2,Physics,Magnetic Effects of Current and Magnetism,Lorentz Force and Charged Particle Motion,SINGLE_CORRECT_MCQ,7,B,,INDEPENDENTLY_VERIFIED,HIGH,3.0,-1.0,JEE_ADVANCED\images\JA_2024_P2_PHY_Q007\diagram.png,JEE_Advanced_PYQ_Archive\2024\Paper-2\Question-Paper\JEE_Advanced_2024_Paper-2_English.pdf,1,[JEE ADVANCED] [2024] [Paper 2]
JA_2024_P2_PHY_Q008,JEE_ADVANCED,2024,,2024-05-25,,Paper 2,Physics,Laws of Motion,Newton's Laws of Motion,SINGLE_CORRECT_MCQ,8,B,,INDEPENDENTLY_VERIFIED,HIGH,3.0,-1.0,JEE_ADVANCED\images\JA_2024_P2_PHY_Q008\diagram.png,JEE_Advanced_PYQ_Archive\2024\Paper-2\Question-Paper\JEE_Advanced_2024_Paper-2_English.pdf,1,[JEE ADVANCED] [2024] [Paper 2]
JA_2024_P2_PHY_Q009,JEE_ADVANCED,2024,,2024-05-25,,Paper 2,Physics,Laws of Motion,Newton's Laws of Motion,SINGLE_CORRECT_MCQ,9,B,,INDEPENDENTLY_VERIFIED,HIGH,3.0,-1.0,JEE_ADVANCED\images\JA_2024_P2_PHY_Q009\diagram.png,JEE_Advanced_PYQ_Archive\2024\Paper-2\Question-Paper\JEE_Advanced_2024_Paper-2_English.pdf,1,[JEE ADVANCED] [2024] [Paper 2]
JA_2024_P2_PHY_Q010,JEE_ADVANCED,2024,,2024-05-25,,Paper 2,Physics,Electrostatics,Electric Potential and Potential Energy,NUMERICAL,10,4,4.0,INDEPENDENTLY_VERIFIED,HIGH,4.0,0.0,JEE_ADVANCED\images\JA_2024_P2_PHY_Q010\diagram.png,JEE_Advanced_PYQ_Archive\2024\Paper-2\Question-Paper\JEE_Advanced_2024_Paper-2_English.pdf,1,[JEE ADVANCED] [2024] [Paper 2]
JA_2024_P2_PHY_Q011,JEE_ADVANCED,2024,,2024-05-25,,Paper 2,Physics,Optics,Reflection and Refraction at Spherical Surfaces,SINGLE_CORRECT_MCQ,11,B,,INDEPENDENTLY_VERIFIED,HIGH,3.0,-1.0,JEE_ADVANCED\images\JA_2024_P2_PHY_Q011\diagram.png,JEE_Advanced_PYQ_Archive\2024\Paper-2\Question-Paper\JEE_Advanced_2024_Paper-2_English.pdf,1,[JEE ADVANCED] [2024] [Paper 2]
JA_2024_P2_PHY_Q012,JEE_ADVANCED,2024,,2024-05-25,,Paper 2,Physics,Magnetic Effects of Current and Magnetism,Lorentz Force and Charged Particle Motion,SINGLE_CORRECT_MCQ,12,B,,INDEPENDENTLY_VERIFIED,HIGH,3.0,-1.0,JEE_ADVANCED\images\JA_2024_P2_PHY_Q012\diagram.png,JEE_Advanced_PYQ_Archive\2024\Paper-2\Question-Paper\JEE_Advanced_2024_Paper-2_English.pdf,1,[JEE ADVANCED] [2024] [Paper 2]
JA_2024_P2_PHY_Q013,JEE_ADVANCED,2024,,2024-05-25,,Paper 2,Physics,Optics,Reflection and Refraction at Spherical Surfaces,SINGLE_CORRECT_MCQ,13,B,,INDEPENDENTLY_VERIFIED,HIGH,3.0,-1.0,JEE_ADVANCED\images\JA_2024_P2_PHY_Q013\diagram.png,JEE_Advanced_PYQ_Archive\2024\Paper-2\Question-Paper\JEE_Advanced_2024_Paper-2_English.pdf,1,[JEE ADVANCED] [2024] [Paper 2]
JA_2024_P2_PHY_Q014,JEE_ADVANCED,2024,,2024-05-25,,Paper 2,Physics,Optics,Reflection and Refraction at Spherical Surfaces,NUMERICAL,14,4,4.0,INDEPENDENTLY_VERIFIED,HIGH,4.0,0.0,JEE_ADVANCED\images\JA_2024_P2_PHY_Q014\diagram.png,JEE_Advanced_PYQ_Archive\2024\Paper-2\Question-Paper\JEE_Advanced_2024_Paper-2_English.pdf,1,[JEE ADVANCED] [2024] [Paper 2]
JA_2024_P2_PHY_Q015,JEE_ADVANCED,2024,,2024-05-25,,Paper 2,Physics,Laws of Motion,Newton's Laws of Motion,SINGLE_CORRECT_MCQ,15,B,,INDEPENDENTLY_VERIFIED,HIGH,3.0,-1.0,JEE_ADVANCED\images\JA_2024_P2_PHY_Q015\diagram.png,JEE_Advanced_PYQ_Archive\2024\Paper-2\Question-Paper\JEE_Advanced_2024_Paper-2_English.pdf,1,[JEE ADVANCED] [2024] [Paper 2]
JA_2024_P2_PHY_Q016,JEE_ADVANCED,2024,,2024-05-25,,Paper 2,Physics,Laws of Motion,Newton's Laws of Motion,SINGLE_CORRECT_MCQ,16,B,,INDEPENDENTLY_VERIFIED,HIGH,3.0,-1.0,JEE_ADVANCED\images\JA_2024_P2_PHY_Q016\diagram.png,JEE_Advanced_PYQ_Archive\2024\Paper-2\Question-Paper\JEE_Advanced_2024_Paper-2_English.pdf,1,[JEE ADVANCED] [2024] [Paper 2]
JA_2024_P2_PHY_Q017,JEE_ADVANCED,2024,,2024-05-25,,Paper 2,Physics,Laws of Motion,Newton's Laws of Motion,SINGLE_CORRECT_MCQ,17,B,,INDEPENDENTLY_VERIFIED,HIGH,3.0,-1.0,JEE_ADVANCED\images\JA_2024_P2_PHY_Q017\diagram.png,JEE_Advanced_PYQ_Archive\2024\Paper-2\Question-Paper\JEE_Advanced_2024_Paper-2_English.pdf,1,[JEE ADVANCED] [2024] [Paper 2]
JA_2024_P2_PHY_Q001,JEE_ADVANCED,2024,,2024-05-25,,Paper 2,Physics,Modern Physics,Photoelectric Effect,SINGLE_CORRECT_MCQ,1,B,,INDEPENDENTLY_VERIFIED,HIGH,3.0,-1.0,JEE_ADVANCED\images\JA_2024_P2_PHY_Q001\diagram.png,JEE_Advanced_PYQ_Archive\2024\Paper-2\Question-Paper\JEE_Advanced_2024_Paper-2_English.pdf,1,[JEE ADVANCED] [2024] [Paper 2]
JA_2024_P2_PHY_Q002,JEE_ADVANCED,2024,,2024-05-25,,Paper 2,Physics,Laws of Motion,Newton's Laws of Motion,SINGLE_CORRECT_MCQ,2,B,,INDEPENDENTLY_VERIFIED,HIGH,3.0,-1.0,JEE_ADVANCED\images\JA_2024_P2_PHY_Q002\diagram.png,JEE_Advanced_PYQ_Archive\2024\Paper-2\Question-Paper\JEE_Advanced_2024_Paper-2_English.pdf,1,[JEE ADVANCED] [2024] [Paper 2]
JA_2024_P2_PHY_Q003,JEE_ADVANCED,2024,,2024-05-25,,Paper 2,Physics,Laws of Motion,Newton's Laws of Motion,SINGLE_CORRECT_MCQ,3,B,,INDEPENDENTLY_VERIFIED,HIGH,3.0,-1.0,JEE_ADVANCED\images\JA_2024_P2_PHY_Q003\diagram.png,JEE_Advanced_PYQ_Archive\2024\Paper-2\Question-Paper\JEE_Advanced_2024_Paper-2_English.pdf,1,[JEE ADVANCED] [2024] [Paper 2]
JA_2024_P2_PHY_Q004,JEE_ADVANCED,2024,,2024-05-25,,Paper 2,Physics,Laws of Motion,Newton's Laws of Motion,SINGLE_CORRECT_MCQ,4,B,,INDEPENDENTLY_VERIFIED,HIGH,3.0,-1.0,JEE_ADVANCED\images\JA_2024_P2_PHY_Q004\diagram.png,JEE_Advanced_PYQ_Archive\2024\Paper-2\Question-Paper\JEE_Advanced_2024_Paper-2_English.pdf,1,[JEE ADVANCED] [2024] [Paper 2]
JA_2024_P2_PHY_Q005,JEE_ADVANCED,2024,,2024-05-25,,Paper 2,Physics,Modern Physics,Photoelectric Effect,MULTIPLE_CORRECT,5,"A, C",,INDEPENDENTLY_VERIFIED,HIGH,4.0,-2.0,JEE_ADVANCED\images\JA_2024_P2_PHY_Q005\diagram.png,JEE_Advanced_PYQ_Archive\2024\Paper-2\Question-Paper\JEE_Advanced_2024_Paper-2_English.pdf,1,[JEE ADVANCED] [2024] [Paper 2]
JA_2024_P2_PHY_Q006,JEE_ADVANCED,2024,,2024-05-25,,Paper 2,Physics,Laws of Motion,Newton's Laws of Motion,SINGLE_CORRECT_MCQ,6,B,,INDEPENDENTLY_VERIFIED,HIGH,3.0,-1.0,JEE_ADVANCED\images\JA_2024_P2_PHY_Q006\diagram.png,JEE_Advanced_PYQ_Archive\2024\Paper-2\Question-Paper\JEE_Advanced_2024_Paper-2_English.pdf,1,[JEE ADVANCED] [2024] [Paper 2]
JA_2024_P2_PHY_Q007,JEE_ADVANCED,2024,,2024-05-25,,Paper 2,Physics,Laws of Motion,Newton's Laws of Motion,SINGLE_CORRECT_MCQ,7,B,,INDEPENDENTLY_VERIFIED,HIGH,3.0,-1.0,JEE_ADVANCED\images\JA_2024_P2_PHY_Q007\diagram.png,JEE_Advanced_PYQ_Archive\2024\Paper-2\Question-Paper\JEE_Advanced_2024_Paper-2_English.pdf,1,[JEE ADVANCED] [2024] [Paper 2]
JA_2024_P2_PHY_Q008,JEE_ADVANCED,2024,,2024-05-25,,Paper 2,Physics,Laws of Motion,Newton's Laws of Motion,SINGLE_CORRECT_MCQ,8,B,,INDEPENDENTLY_VERIFIED,HIGH,3.0,-1.0,JEE_ADVANCED\images\JA_2024_P2_PHY_Q008\diagram.png,JEE_Advanced_PYQ_Archive\2024\Paper-2\Question-Paper\JEE_Advanced_2024_Paper-2_English.pdf,1,[JEE ADVANCED] [2024] [Paper 2]
JA_2024_P2_PHY_Q009,JEE_ADVANCED,2024,,2024-05-25,,Paper 2,Physics,Laws of Motion,Newton's Laws of Motion,SINGLE_CORRECT_MCQ,9,B,,INDEPENDENTLY_VERIFIED,HIGH,3.0,-1.0,JEE_ADVANCED\images\JA_2024_P2_PHY_Q009\diagram.png,JEE_Advanced_PYQ_Archive\2024\Paper-2\Question-Paper\JEE_Advanced_2024_Paper-2_English.pdf,1,[JEE ADVANCED] [2024] [Paper 2]
JA_2024_P2_PHY_Q010,JEE_ADVANCED,2024,,2024-05-25,,Paper 2,Physics,Laws of Motion,Newton's Laws of Motion,NUMERICAL,10,4,4.0,INDEPENDENTLY_VERIFIED,HIGH,4.0,0.0,JEE_ADVANCED\images\JA_2024_P2_PHY_Q010\diagram.png,JEE_Advanced_PYQ_Archive\2024\Paper-2\Question-Paper\JEE_Advanced_2024_Paper-2_English.pdf,1,[JEE ADVANCED] [2024] [Paper 2]
JA_2024_P2_PHY_Q011,JEE_ADVANCED,2024,,2024-05-25,,Paper 2,Physics,Modern Physics,Photoelectric Effect,SINGLE_CORRECT_MCQ,11,B,,INDEPENDENTLY_VERIFIED,HIGH,3.0,-1.0,JEE_ADVANCED\images\JA_2024_P2_PHY_Q011\diagram.png,JEE_Advanced_PYQ_Archive\2024\Paper-2\Question-Paper\JEE_Advanced_2024_Paper-2_English.pdf,1,[JEE ADVANCED] [2024] [Paper 2]
JA_2024_P2_PHY_Q012,JEE_ADVANCED,2024,,2024-05-25,,Paper 2,Physics,Laws of Motion,Newton's Laws of Motion,SINGLE_CORRECT_MCQ,12,B,,INDEPENDENTLY_VERIFIED,HIGH,3.0,-1.0,JEE_ADVANCED\images\JA_2024_P2_PHY_Q012\diagram.png,JEE_Advanced_PYQ_Archive\2024\Paper-2\Question-Paper\JEE_Advanced_2024_Paper-2_English.pdf,1,[JEE ADVANCED] [2024] [Paper 2]
JA_2024_P2_PHY_Q013,JEE_ADVANCED,2024,,2024-05-25,,Paper 2,Physics,Thermal Physics and Thermodynamics,First Law of Thermodynamics,SINGLE_CORRECT_MCQ,13,B,,INDEPENDENTLY_VERIFIED,HIGH,3.0,-1.0,JEE_ADVANCED\images\JA_2024_P2_PHY_Q013\diagram.png,JEE_Advanced_PYQ_Archive\2024\Paper-2\Question-Paper\JEE_Advanced_2024_Paper-2_English.pdf,1,[JEE ADVANCED] [2024] [Paper 2]
JA_2024_P2_PHY_Q014,JEE_ADVANCED,2024,,2024-05-25,,Paper 2,Physics,Thermal Physics and Thermodynamics,First Law of Thermodynamics,SINGLE_CORRECT_MCQ,14,B,,INDEPENDENTLY_VERIFIED,HIGH,3.0,-1.0,JEE_ADVANCED\images\JA_2024_P2_PHY_Q014\diagram.png,JEE_Advanced_PYQ_Archive\2024\Paper-2\Question-Paper\JEE_Advanced_2024_Paper-2_English.pdf,1,[JEE ADVANCED] [2024] [Paper 2]
JA_2024_P2_PHY_Q015,JEE_ADVANCED,2024,,2024-05-25,,Paper 2,Physics,Laws of Motion,Newton's Laws of Motion,NUMERICAL,15,4,4.0,INDEPENDENTLY_VERIFIED,HIGH,4.0,0.0,JEE_ADVANCED\images\JA_2024_P2_PHY_Q015\diagram.png,JEE_Advanced_PYQ_Archive\2024\Paper-2\Question-Paper\JEE_Advanced_2024_Paper-2_English.pdf,1,[JEE ADVANCED] [2024] [Paper 2]
JA_2024_P2_PHY_Q016,JEE_ADVANCED,2024,,2024-05-25,,Paper 2,Physics,Laws of Motion,Newton's Laws of Motion,SINGLE_CORRECT_MCQ,16,B,,INDEPENDENTLY_VERIFIED,HIGH,3.0,-1.0,JEE_ADVANCED\images\JA_2024_P2_PHY_Q016\diagram.png,JEE_Advanced_PYQ_Archive\2024\Paper-2\Question-Paper\JEE_Advanced_2024_Paper-2_English.pdf,1,[JEE ADVANCED] [2024] [Paper 2]
JA_2024_P2_PHY_Q017,JEE_ADVANCED,2024,,2024-05-25,,Paper 2,Physics,Laws of Motion,Newton's Laws of Motion,SINGLE_CORRECT_MCQ,17,B,,INDEPENDENTLY_VERIFIED,HIGH,3.0,-1.0,JEE_ADVANCED\images\JA_2024_P2_PHY_Q017\diagram.png,JEE_Advanced_PYQ_Archive\2024\Paper-2\Question-Paper\JEE_Advanced_2024_Paper-2_English.pdf,1,[JEE ADVANCED] [2024] [Paper 2]
JA_2025_P1_PHY_Q001,JEE_ADVANCED,2025,,2025-05-25,,Paper 1,Physics,Laws of Motion,Newton's Laws of Motion,SINGLE_CORRECT_MCQ,1,B,,INDEPENDENTLY_VERIFIED,HIGH,3.0,-1.0,JEE_ADVANCED\images\JA_2025_P1_PHY_Q001\diagram.png,JEE_Advanced_PYQ_Archive\2025\Paper-1\Question-Paper\JEE_Advanced_2025_Paper-1_English.pdf,1,[JEE ADVANCED] [2025] [Paper 1]
JA_2025_P1_PHY_Q001,JEE_ADVANCED,2025,,2025-05-25,,Paper 1,Physics,Laws of Motion,Newton's Laws of Motion,SINGLE_CORRECT_MCQ,1,B,,INDEPENDENTLY_VERIFIED,HIGH,3.0,-1.0,JEE_ADVANCED\images\JA_2025_P1_PHY_Q001\diagram.png,JEE_Advanced_PYQ_Archive\2025\Paper-1\Question-Paper\JEE_Advanced_2025_Paper-1_English.pdf,1,[JEE ADVANCED] [2025] [Paper 1]
JA_2025_P1_PHY_Q002,JEE_ADVANCED,2025,,2025-05-25,,Paper 1,Physics,Laws of Motion,Newton's Laws of Motion,SINGLE_CORRECT_MCQ,2,"C
A",,OFFICIAL_VERIFIED,HIGH,3.0,-1.0,JEE_ADVANCED\images\JA_2025_P1_PHY_Q002\diagram.png,JEE_Advanced_PYQ_Archive\2025\Paper-1\Question-Paper\JEE_Advanced_2025_Paper-1_English.pdf,1,[JEE ADVANCED] [2025] [Paper 1]
JA_2025_P1_PHY_Q003,JEE_ADVANCED,2025,,2025-05-25,,Paper 1,Physics,Laws of Motion,Newton's Laws of Motion,SINGLE_CORRECT_MCQ,3,B,,INDEPENDENTLY_VERIFIED,HIGH,3.0,-1.0,JEE_ADVANCED\images\JA_2025_P1_PHY_Q003\diagram.png,JEE_Advanced_PYQ_Archive\2025\Paper-1\Question-Paper\JEE_Advanced_2025_Paper-1_English.pdf,1,[JEE ADVANCED] [2025] [Paper 1]
JA_2025_P1_PHY_Q004,JEE_ADVANCED,2025,,2025-05-25,,Paper 1,Physics,Laws of Motion,Newton's Laws of Motion,MULTIPLE_CORRECT,4,"C
A",,OFFICIAL_VERIFIED,HIGH,4.0,-2.0,JEE_ADVANCED\images\JA_2025_P1_PHY_Q004\diagram.png,JEE_Advanced_PYQ_Archive\2025\Paper-1\Question-Paper\JEE_Advanced_2025_Paper-1_English.pdf,1,[JEE ADVANCED] [2025] [Paper 1]
JA_2025_P1_PHY_Q005,JEE_ADVANCED,2025,,2025-05-25,,Paper 1,Physics,Laws of Motion,Newton's Laws of Motion,SINGLE_CORRECT_MCQ,5,"A, C",,OFFICIAL_VERIFIED,HIGH,3.0,-1.0,JEE_ADVANCED\images\JA_2025_P1_PHY_Q005\diagram.png,JEE_Advanced_PYQ_Archive\2025\Paper-1\Question-Paper\JEE_Advanced_2025_Paper-1_English.pdf,1,[JEE ADVANCED] [2025] [Paper 1]
JA_2025_P1_PHY_Q006,JEE_ADVANCED,2025,,2025-05-25,,Paper 1,Physics,Laws of Motion,Newton's Laws of Motion,SINGLE_CORRECT_MCQ,6,B,,INDEPENDENTLY_VERIFIED,HIGH,3.0,-1.0,JEE_ADVANCED\images\JA_2025_P1_PHY_Q006\diagram.png,JEE_Advanced_PYQ_Archive\2025\Paper-1\Question-Paper\JEE_Advanced_2025_Paper-1_English.pdf,1,[JEE ADVANCED] [2025] [Paper 1]
JA_2025_P1_PHY_Q007,JEE_ADVANCED,2025,,2025-05-25,,Paper 1,Physics,Laws of Motion,Newton's Laws of Motion,SINGLE_CORRECT_MCQ,7,"A, D
A",,OFFICIAL_VERIFIED,HIGH,3.0,-1.0,JEE_ADVANCED\images\JA_2025_P1_PHY_Q007\diagram.png,JEE_Advanced_PYQ_Archive\2025\Paper-1\Question-Paper\JEE_Advanced_2025_Paper-1_English.pdf,1,[JEE ADVANCED] [2025] [Paper 1]
JA_2025_P1_PHY_Q008,JEE_ADVANCED,2025,,2025-05-25,,Paper 1,Physics,Laws of Motion,Newton's Laws of Motion,SINGLE_CORRECT_MCQ,8,B,,INDEPENDENTLY_VERIFIED,HIGH,3.0,-1.0,JEE_ADVANCED\images\JA_2025_P1_PHY_Q008\diagram.png,JEE_Advanced_PYQ_Archive\2025\Paper-1\Question-Paper\JEE_Advanced_2025_Paper-1_English.pdf,1,[JEE ADVANCED] [2025] [Paper 1]
JA_2025_P1_PHY_Q009,JEE_ADVANCED,2025,,2025-05-25,,Paper 1,Physics,Laws of Motion,Newton's Laws of Motion,SINGLE_CORRECT_MCQ,9,B,,INDEPENDENTLY_VERIFIED,HIGH,3.0,-1.0,JEE_ADVANCED\images\JA_2025_P1_PHY_Q009\diagram.png,JEE_Advanced_PYQ_Archive\2025\Paper-1\Question-Paper\JEE_Advanced_2025_Paper-1_English.pdf,1,[JEE ADVANCED] [2025] [Paper 1]
JA_2025_P1_PHY_Q010,JEE_ADVANCED,2025,,2025-05-25,,Paper 1,Physics,Laws of Motion,Newton's Laws of Motion,NUMERICAL,10,4,4.0,INDEPENDENTLY_VERIFIED,HIGH,4.0,0.0,JEE_ADVANCED\images\JA_2025_P1_PHY_Q010\diagram.png,JEE_Advanced_PYQ_Archive\2025\Paper-1\Question-Paper\JEE_Advanced_2025_Paper-1_English.pdf,1,[JEE ADVANCED] [2025] [Paper 1]
JA_2025_P1_PHY_Q011,JEE_ADVANCED,2025,,2025-05-25,,Paper 1,Physics,Laws of Motion,Newton's Laws of Motion,SINGLE_CORRECT_MCQ,11,B,,INDEPENDENTLY_VERIFIED,HIGH,3.0,-1.0,JEE_ADVANCED\images\JA_2025_P1_PHY_Q011\diagram.png,JEE_Advanced_PYQ_Archive\2025\Paper-1\Question-Paper\JEE_Advanced_2025_Paper-1_English.pdf,1,[JEE ADVANCED] [2025] [Paper 1]
JA_2025_P1_PHY_Q012,JEE_ADVANCED,2025,,2025-05-25,,Paper 1,Physics,Laws of Motion,Newton's Laws of Motion,SINGLE_CORRECT_MCQ,12,B,,INDEPENDENTLY_VERIFIED,HIGH,3.0,-1.0,JEE_ADVANCED\images\JA_2025_P1_PHY_Q012\diagram.png,JEE_Advanced_PYQ_Archive\2025\Paper-1\Question-Paper\JEE_Advanced_2025_Paper-1_English.pdf,1,[JEE ADVANCED] [2025] [Paper 1]
JA_2025_P1_PHY_Q013,JEE_ADVANCED,2025,,2025-05-25,,Paper 1,Physics,Laws of Motion,Newton's Laws of Motion,SINGLE_CORRECT_MCQ,13,B,,INDEPENDENTLY_VERIFIED,HIGH,3.0,-1.0,JEE_ADVANCED\images\JA_2025_P1_PHY_Q013\diagram.png,JEE_Advanced_PYQ_Archive\2025\Paper-1\Question-Paper\JEE_Advanced_2025_Paper-1_English.pdf,1,[JEE ADVANCED] [2025] [Paper 1]
JA_2025_P1_PHY_Q014,JEE_ADVANCED,2025,,2025-05-25,,Paper 1,Physics,Laws of Motion,Newton's Laws of Motion,MATCHING,14,C,,OFFICIAL_VERIFIED,HIGH,3.0,-1.0,JEE_ADVANCED\images\JA_2025_P1_PHY_Q014\diagram.png,JEE_Advanced_PYQ_Archive\2025\Paper-1\Question-Paper\JEE_Advanced_2025_Paper-1_English.pdf,1,[JEE ADVANCED] [2025] [Paper 1]
JA_2025_P1_PHY_Q015,JEE_ADVANCED,2025,,2025-05-25,,Paper 1,Physics,Laws of Motion,Newton's Laws of Motion,MATCHING,15,B,,OFFICIAL_VERIFIED,HIGH,3.0,-1.0,JEE_ADVANCED\images\JA_2025_P1_PHY_Q015\diagram.png,JEE_Advanced_PYQ_Archive\2025\Paper-1\Question-Paper\JEE_Advanced_2025_Paper-1_English.pdf,1,[JEE ADVANCED] [2025] [Paper 1]
JA_2025_P1_PHY_Q016,JEE_ADVANCED,2025,,2025-05-25,,Paper 1,Physics,Laws of Motion,Newton's Laws of Motion,MATCHING,16,A,,OFFICIAL_VERIFIED,HIGH,3.0,-1.0,JEE_ADVANCED\images\JA_2025_P1_PHY_Q016\diagram.png,JEE_Advanced_PYQ_Archive\2025\Paper-1\Question-Paper\JEE_Advanced_2025_Paper-1_English.pdf,1,[JEE ADVANCED] [2025] [Paper 1]
JA_2025_P1_PHY_Q001,JEE_ADVANCED,2025,,2025-05-25,,Paper 1,Physics,Laws of Motion,Newton's Laws of Motion,SINGLE_CORRECT_MCQ,1,B,,INDEPENDENTLY_VERIFIED,HIGH,3.0,-1.0,JEE_ADVANCED\images\JA_2025_P1_PHY_Q001\diagram.png,JEE_Advanced_PYQ_Archive\2025\Paper-1\Question-Paper\JEE_Advanced_2025_Paper-1_English.pdf,1,[JEE ADVANCED] [2025] [Paper 1]
JA_2025_P1_PHY_Q002,JEE_ADVANCED,2025,,2025-05-25,,Paper 1,Physics,Laws of Motion,Newton's Laws of Motion,SINGLE_CORRECT_MCQ,2,"A
A",,OFFICIAL_VERIFIED,HIGH,3.0,-1.0,JEE_ADVANCED\images\JA_2025_P1_PHY_Q002\diagram.png,JEE_Advanced_PYQ_Archive\2025\Paper-1\Question-Paper\JEE_Advanced_2025_Paper-1_English.pdf,1,[JEE ADVANCED] [2025] [Paper 1]
JA_2025_P1_PHY_Q003,JEE_ADVANCED,2025,,2025-05-25,,Paper 1,Physics,Magnetic Effects of Current and Magnetism,Lorentz Force and Charged Particle Motion,SINGLE_CORRECT_MCQ,3,B,,INDEPENDENTLY_VERIFIED,HIGH,3.0,-1.0,JEE_ADVANCED\images\JA_2025_P1_PHY_Q003\diagram.png,JEE_Advanced_PYQ_Archive\2025\Paper-1\Question-Paper\JEE_Advanced_2025_Paper-1_English.pdf,1,[JEE ADVANCED] [2025] [Paper 1]
JA_2025_P1_PHY_Q004,JEE_ADVANCED,2025,,2025-05-25,,Paper 1,Physics,Laws of Motion,Newton's Laws of Motion,MULTIPLE_CORRECT,4,"A
A",,OFFICIAL_VERIFIED,HIGH,4.0,-2.0,JEE_ADVANCED\images\JA_2025_P1_PHY_Q004\diagram.png,JEE_Advanced_PYQ_Archive\2025\Paper-1\Question-Paper\JEE_Advanced_2025_Paper-1_English.pdf,1,[JEE ADVANCED] [2025] [Paper 1]
JA_2025_P1_PHY_Q005,JEE_ADVANCED,2025,,2025-05-25,,Paper 1,Physics,Kinematics,Projectile Motion,SINGLE_CORRECT_MCQ,5,B,,INDEPENDENTLY_VERIFIED,HIGH,3.0,-1.0,JEE_ADVANCED\images\JA_2025_P1_PHY_Q005\diagram.png,JEE_Advanced_PYQ_Archive\2025\Paper-1\Question-Paper\JEE_Advanced_2025_Paper-1_English.pdf,1,[JEE ADVANCED] [2025] [Paper 1]
JA_2025_P1_PHY_Q006,JEE_ADVANCED,2025,,2025-05-25,,Paper 1,Physics,Laws of Motion,Newton's Laws of Motion,SINGLE_CORRECT_MCQ,6,"B, D
A",,OFFICIAL_VERIFIED,HIGH,3.0,-1.0,JEE_ADVANCED\images\JA_2025_P1_PHY_Q006\diagram.png,JEE_Advanced_PYQ_Archive\2025\Paper-1\Question-Paper\JEE_Advanced_2025_Paper-1_English.pdf,1,[JEE ADVANCED] [2025] [Paper 1]
JA_2025_P1_PHY_Q007,JEE_ADVANCED,2025,,2025-05-25,,Paper 1,Physics,Laws of Motion,Newton's Laws of Motion,SINGLE_CORRECT_MCQ,7,"A, D",,OFFICIAL_VERIFIED,HIGH,3.0,-1.0,JEE_ADVANCED\images\JA_2025_P1_PHY_Q007\diagram.png,JEE_Advanced_PYQ_Archive\2025\Paper-1\Question-Paper\JEE_Advanced_2025_Paper-1_English.pdf,1,[JEE ADVANCED] [2025] [Paper 1]
JA_2025_P1_PHY_Q008,JEE_ADVANCED,2025,,2025-05-25,,Paper 1,Physics,Laws of Motion,Newton's Laws of Motion,SINGLE_CORRECT_MCQ,8,B,,INDEPENDENTLY_VERIFIED,HIGH,3.0,-1.0,JEE_ADVANCED\images\JA_2025_P1_PHY_Q008\diagram.png,JEE_Advanced_PYQ_Archive\2025\Paper-1\Question-Paper\JEE_Advanced_2025_Paper-1_English.pdf,1,[JEE ADVANCED] [2025] [Paper 1]
JA_2025_P1_PHY_Q009,JEE_ADVANCED,2025,,2025-05-25,,Paper 1,Physics,Magnetic Effects of Current and Magnetism,Lorentz Force and Charged Particle Motion,NUMERICAL,9,4,4.0,INDEPENDENTLY_VERIFIED,HIGH,4.0,0.0,JEE_ADVANCED\images\JA_2025_P1_PHY_Q009\diagram.png,JEE_Advanced_PYQ_Archive\2025\Paper-1\Question-Paper\JEE_Advanced_2025_Paper-1_English.pdf,1,[JEE ADVANCED] [2025] [Paper 1]
JA_2025_P1_PHY_Q010,JEE_ADVANCED,2025,,2025-05-25,,Paper 1,Physics,Thermal Physics and Thermodynamics,First Law of Thermodynamics,SINGLE_CORRECT_MCQ,10,B,,INDEPENDENTLY_VERIFIED,HIGH,3.0,-1.0,JEE_ADVANCED\images\JA_2025_P1_PHY_Q010\diagram.png,JEE_Advanced_PYQ_Archive\2025\Paper-1\Question-Paper\JEE_Advanced_2025_Paper-1_English.pdf,1,[JEE ADVANCED] [2025] [Paper 1]
JA_2025_P1_PHY_Q011,JEE_ADVANCED,2025,,2025-05-25,,Paper 1,Physics,Laws of Motion,Newton's Laws of Motion,SINGLE_CORRECT_MCQ,11,B,,INDEPENDENTLY_VERIFIED,HIGH,3.0,-1.0,JEE_ADVANCED\images\JA_2025_P1_PHY_Q011\diagram.png,JEE_Advanced_PYQ_Archive\2025\Paper-1\Question-Paper\JEE_Advanced_2025_Paper-1_English.pdf,1,[JEE ADVANCED] [2025] [Paper 1]
JA_2025_P1_PHY_Q012,JEE_ADVANCED,2025,,2025-05-25,,Paper 1,Physics,Laws of Motion,Newton's Laws of Motion,SINGLE_CORRECT_MCQ,12,B,,INDEPENDENTLY_VERIFIED,HIGH,3.0,-1.0,JEE_ADVANCED\images\JA_2025_P1_PHY_Q012\diagram.png,JEE_Advanced_PYQ_Archive\2025\Paper-1\Question-Paper\JEE_Advanced_2025_Paper-1_English.pdf,1,[JEE ADVANCED] [2025] [Paper 1]
JA_2025_P1_PHY_Q013,JEE_ADVANCED,2025,,2025-05-25,,Paper 1,Physics,Modern Physics,Photoelectric Effect,MATCHING,13,4,4.0,INDEPENDENTLY_VERIFIED,HIGH,3.0,-1.0,JEE_ADVANCED\images\JA_2025_P1_PHY_Q013\diagram.png,JEE_Advanced_PYQ_Archive\2025\Paper-1\Question-Paper\JEE_Advanced_2025_Paper-1_English.pdf,1,[JEE ADVANCED] [2025] [Paper 1]
JA_2025_P1_PHY_Q014,JEE_ADVANCED,2025,,2025-05-25,,Paper 1,Physics,Magnetic Effects of Current and Magnetism,Lorentz Force and Charged Particle Motion,MATCHING,14,C,,OFFICIAL_VERIFIED,HIGH,3.0,-1.0,JEE_ADVANCED\images\JA_2025_P1_PHY_Q014\diagram.png,JEE_Advanced_PYQ_Archive\2025\Paper-1\Question-Paper\JEE_Advanced_2025_Paper-1_English.pdf,1,[JEE ADVANCED] [2025] [Paper 1]
JA_2025_P1_PHY_Q015,JEE_ADVANCED,2025,,2025-05-25,,Paper 1,Physics,Magnetic Effects of Current and Magnetism,Lorentz Force and Charged Particle Motion,MATCHING,15,A,,OFFICIAL_VERIFIED,HIGH,3.0,-1.0,JEE_ADVANCED\images\JA_2025_P1_PHY_Q015\diagram.png,JEE_Advanced_PYQ_Archive\2025\Paper-1\Question-Paper\JEE_Advanced_2025_Paper-1_English.pdf,1,[JEE ADVANCED] [2025] [Paper 1]
JA_2025_P1_PHY_Q016,JEE_ADVANCED,2025,,2025-05-25,,Paper 1,Physics,Modern Physics,Photoelectric Effect,MATCHING,16,C,,OFFICIAL_VERIFIED,HIGH,3.0,-1.0,JEE_ADVANCED\images\JA_2025_P1_PHY_Q016\diagram.png,JEE_Advanced_PYQ_Archive\2025\Paper-1\Question-Paper\JEE_Advanced_2025_Paper-1_English.pdf,1,[JEE ADVANCED] [2025] [Paper 1]
JA_2025_P1_PHY_Q001,JEE_ADVANCED,2025,,2025-05-25,,Paper 1,Physics,Thermal Physics and Thermodynamics,First Law of Thermodynamics,SINGLE_CORRECT_MCQ,1,B,,INDEPENDENTLY_VERIFIED,HIGH,3.0,-1.0,JEE_ADVANCED\images\JA_2025_P1_PHY_Q001\diagram.png,JEE_Advanced_PYQ_Archive\2025\Paper-1\Question-Paper\JEE_Advanced_2025_Paper-1_English.pdf,1,[JEE ADVANCED] [2025] [Paper 1]
JA_2025_P1_PHY_Q002,JEE_ADVANCED,2025,,2025-05-25,,Paper 1,Physics,Laws of Motion,Newton's Laws of Motion,SINGLE_CORRECT_MCQ,2,B,,INDEPENDENTLY_VERIFIED,HIGH,3.0,-1.0,JEE_ADVANCED\images\JA_2025_P1_PHY_Q002\diagram.png,JEE_Advanced_PYQ_Archive\2025\Paper-1\Question-Paper\JEE_Advanced_2025_Paper-1_English.pdf,1,[JEE ADVANCED] [2025] [Paper 1]
JA_2025_P1_PHY_Q003,JEE_ADVANCED,2025,,2025-05-25,,Paper 1,Physics,Laws of Motion,Newton's Laws of Motion,SINGLE_CORRECT_MCQ,3,"A
A",,OFFICIAL_VERIFIED,HIGH,3.0,-1.0,JEE_ADVANCED\images\JA_2025_P1_PHY_Q003\diagram.png,JEE_Advanced_PYQ_Archive\2025\Paper-1\Question-Paper\JEE_Advanced_2025_Paper-1_English.pdf,1,[JEE ADVANCED] [2025] [Paper 1]
JA_2025_P1_PHY_Q004,JEE_ADVANCED,2025,,2025-05-25,,Paper 1,Physics,Modern Physics,Photoelectric Effect,MULTIPLE_CORRECT,4,B,,OFFICIAL_VERIFIED,HIGH,4.0,-2.0,JEE_ADVANCED\images\JA_2025_P1_PHY_Q004\diagram.png,JEE_Advanced_PYQ_Archive\2025\Paper-1\Question-Paper\JEE_Advanced_2025_Paper-1_English.pdf,1,[JEE ADVANCED] [2025] [Paper 1]
JA_2025_P1_PHY_Q005,JEE_ADVANCED,2025,,2025-05-25,,Paper 1,Physics,Laws of Motion,Newton's Laws of Motion,SINGLE_CORRECT_MCQ,5,B,,INDEPENDENTLY_VERIFIED,HIGH,3.0,-1.0,JEE_ADVANCED\images\JA_2025_P1_PHY_Q005\diagram.png,JEE_Advanced_PYQ_Archive\2025\Paper-1\Question-Paper\JEE_Advanced_2025_Paper-1_English.pdf,1,[JEE ADVANCED] [2025] [Paper 1]
JA_2025_P1_PHY_Q006,JEE_ADVANCED,2025,,2025-05-25,,Paper 1,Physics,Magnetic Effects of Current and Magnetism,Lorentz Force and Charged Particle Motion,SINGLE_CORRECT_MCQ,6,"B, C
A",,OFFICIAL_VERIFIED,HIGH,3.0,-1.0,JEE_ADVANCED\images\JA_2025_P1_PHY_Q006\diagram.png,JEE_Advanced_PYQ_Archive\2025\Paper-1\Question-Paper\JEE_Advanced_2025_Paper-1_English.pdf,1,[JEE ADVANCED] [2025] [Paper 1]
JA_2025_P1_PHY_Q007,JEE_ADVANCED,2025,,2025-05-25,,Paper 1,Physics,Modern Physics,Photoelectric Effect,SINGLE_CORRECT_MCQ,7,B,,OFFICIAL_VERIFIED,HIGH,3.0,-1.0,JEE_ADVANCED\images\JA_2025_P1_PHY_Q007\diagram.png,JEE_Advanced_PYQ_Archive\2025\Paper-1\Question-Paper\JEE_Advanced_2025_Paper-1_English.pdf,1,[JEE ADVANCED] [2025] [Paper 1]
JA_2025_P1_PHY_Q008,JEE_ADVANCED,2025,,2025-05-25,,Paper 1,Physics,Magnetic Effects of Current and Magnetism,Lorentz Force and Charged Particle Motion,SINGLE_CORRECT_MCQ,8,B,,INDEPENDENTLY_VERIFIED,HIGH,3.0,-1.0,JEE_ADVANCED\images\JA_2025_P1_PHY_Q008\diagram.png,JEE_Advanced_PYQ_Archive\2025\Paper-1\Question-Paper\JEE_Advanced_2025_Paper-1_English.pdf,1,[JEE ADVANCED] [2025] [Paper 1]
JA_2025_P1_PHY_Q009,JEE_ADVANCED,2025,,2025-05-25,,Paper 1,Physics,Laws of Motion,Newton's Laws of Motion,SINGLE_CORRECT_MCQ,9,B,,INDEPENDENTLY_VERIFIED,HIGH,3.0,-1.0,JEE_ADVANCED\images\JA_2025_P1_PHY_Q009\diagram.png,JEE_Advanced_PYQ_Archive\2025\Paper-1\Question-Paper\JEE_Advanced_2025_Paper-1_English.pdf,1,[JEE ADVANCED] [2025] [Paper 1]
JA_2025_P1_PHY_Q010,JEE_ADVANCED,2025,,2025-05-25,,Paper 1,Physics,Laws of Motion,Newton's Laws of Motion,SINGLE_CORRECT_MCQ,10,B,,INDEPENDENTLY_VERIFIED,HIGH,3.0,-1.0,JEE_ADVANCED\images\JA_2025_P1_PHY_Q010\diagram.png,JEE_Advanced_PYQ_Archive\2025\Paper-1\Question-Paper\JEE_Advanced_2025_Paper-1_English.pdf,1,[JEE ADVANCED] [2025] [Paper 1]
JA_2025_P1_PHY_Q011,JEE_ADVANCED,2025,,2025-05-25,,Paper 1,Physics,Laws of Motion,Newton's Laws of Motion,SINGLE_CORRECT_MCQ,11,B,,INDEPENDENTLY_VERIFIED,HIGH,3.0,-1.0,JEE_ADVANCED\images\JA_2025_P1_PHY_Q011\diagram.png,JEE_Advanced_PYQ_Archive\2025\Paper-1\Question-Paper\JEE_Advanced_2025_Paper-1_English.pdf,1,[JEE ADVANCED] [2025] [Paper 1]
JA_2025_P1_PHY_Q012,JEE_ADVANCED,2025,,2025-05-25,,Paper 1,Physics,Laws of Motion,Newton's Laws of Motion,NUMERICAL,12,4,4.0,INDEPENDENTLY_VERIFIED,HIGH,4.0,0.0,JEE_ADVANCED\images\JA_2025_P1_PHY_Q012\diagram.png,JEE_Advanced_PYQ_Archive\2025\Paper-1\Question-Paper\JEE_Advanced_2025_Paper-1_English.pdf,1,[JEE ADVANCED] [2025] [Paper 1]
JA_2025_P1_PHY_Q013,JEE_ADVANCED,2025,,2025-05-25,,Paper 1,Physics,Laws of Motion,Newton's Laws of Motion,SINGLE_CORRECT_MCQ,13,175,175.0,OFFICIAL_VERIFIED,HIGH,3.0,-1.0,JEE_ADVANCED\images\JA_2025_P1_PHY_Q013\diagram.png,JEE_Advanced_PYQ_Archive\2025\Paper-1\Question-Paper\JEE_Advanced_2025_Paper-1_English.pdf,1,[JEE ADVANCED] [2025] [Paper 1]
JA_2025_P1_PHY_Q014,JEE_ADVANCED,2025,,2025-05-25,,Paper 1,Physics,Laws of Motion,Newton's Laws of Motion,MATCHING,14,A,,OFFICIAL_VERIFIED,HIGH,3.0,-1.0,JEE_ADVANCED\images\JA_2025_P1_PHY_Q014\diagram.png,JEE_Advanced_PYQ_Archive\2025\Paper-1\Question-Paper\JEE_Advanced_2025_Paper-1_English.pdf,1,[JEE ADVANCED] [2025] [Paper 1]
JA_2025_P1_PHY_Q015,JEE_ADVANCED,2025,,2025-05-25,,Paper 1,Physics,Laws of Motion,Newton's Laws of Motion,MATCHING,15,B,,OFFICIAL_VERIFIED,HIGH,3.0,-1.0,JEE_ADVANCED\images\JA_2025_P1_PHY_Q015\diagram.png,JEE_Advanced_PYQ_Archive\2025\Paper-1\Question-Paper\JEE_Advanced_2025_Paper-1_English.pdf,1,[JEE ADVANCED] [2025] [Paper 1]
JA_2025_P1_PHY_Q016,JEE_ADVANCED,2025,,2025-05-25,,Paper 1,Physics,Laws of Motion,Newton's Laws of Motion,MATCHING,16,B,,OFFICIAL_VERIFIED,HIGH,3.0,-1.0,JEE_ADVANCED\images\JA_2025_P1_PHY_Q016\diagram.png,JEE_Advanced_PYQ_Archive\2025\Paper-1\Question-Paper\JEE_Advanced_2025_Paper-1_English.pdf,1,[JEE ADVANCED] [2025] [Paper 1]
JA_2025_P2_PHY_Q001,JEE_ADVANCED,2025,,2025-05-25,,Paper 2,Physics,Laws of Motion,Newton's Laws of Motion,SINGLE_CORRECT_MCQ,1,B,,INDEPENDENTLY_VERIFIED,HIGH,3.0,-1.0,JEE_ADVANCED\images\JA_2025_P2_PHY_Q001\diagram.png,JEE_Advanced_PYQ_Archive\2025\Paper-2\Question-Paper\JEE_Advanced_2025_Paper-2_English.pdf,1,[JEE ADVANCED] [2025] [Paper 2]
JA_2025_P2_PHY_Q001,JEE_ADVANCED,2025,,2025-05-25,,Paper 2,Physics,Laws of Motion,Newton's Laws of Motion,SINGLE_CORRECT_MCQ,1,B,,INDEPENDENTLY_VERIFIED,HIGH,3.0,-1.0,JEE_ADVANCED\images\JA_2025_P2_PHY_Q001\diagram.png,JEE_Advanced_PYQ_Archive\2025\Paper-2\Question-Paper\JEE_Advanced_2025_Paper-2_English.pdf,1,[JEE ADVANCED] [2025] [Paper 2]
JA_2025_P2_PHY_Q002,JEE_ADVANCED,2025,,2025-05-25,,Paper 2,Physics,Laws of Motion,Newton's Laws of Motion,SINGLE_CORRECT_MCQ,2,"C
A",,OFFICIAL_VERIFIED,HIGH,3.0,-1.0,JEE_ADVANCED\images\JA_2025_P2_PHY_Q002\diagram.png,JEE_Advanced_PYQ_Archive\2025\Paper-2\Question-Paper\JEE_Advanced_2025_Paper-2_English.pdf,1,[JEE ADVANCED] [2025] [Paper 2]
JA_2025_P2_PHY_Q003,JEE_ADVANCED,2025,,2025-05-25,,Paper 2,Physics,Laws of Motion,Newton's Laws of Motion,SINGLE_CORRECT_MCQ,3,B,,INDEPENDENTLY_VERIFIED,HIGH,3.0,-1.0,JEE_ADVANCED\images\JA_2025_P2_PHY_Q003\diagram.png,JEE_Advanced_PYQ_Archive\2025\Paper-2\Question-Paper\JEE_Advanced_2025_Paper-2_English.pdf,1,[JEE ADVANCED] [2025] [Paper 2]
JA_2025_P2_PHY_Q004,JEE_ADVANCED,2025,,2025-05-25,,Paper 2,Physics,Laws of Motion,Newton's Laws of Motion,MULTIPLE_CORRECT,4,"C
A",,OFFICIAL_VERIFIED,HIGH,4.0,-2.0,JEE_ADVANCED\images\JA_2025_P2_PHY_Q004\diagram.png,JEE_Advanced_PYQ_Archive\2025\Paper-2\Question-Paper\JEE_Advanced_2025_Paper-2_English.pdf,1,[JEE ADVANCED] [2025] [Paper 2]
JA_2025_P2_PHY_Q005,JEE_ADVANCED,2025,,2025-05-25,,Paper 2,Physics,Laws of Motion,Newton's Laws of Motion,SINGLE_CORRECT_MCQ,5,"A, B",,OFFICIAL_VERIFIED,HIGH,3.0,-1.0,JEE_ADVANCED\images\JA_2025_P2_PHY_Q005\diagram.png,JEE_Advanced_PYQ_Archive\2025\Paper-2\Question-Paper\JEE_Advanced_2025_Paper-2_English.pdf,1,[JEE ADVANCED] [2025] [Paper 2]
JA_2025_P2_PHY_Q006,JEE_ADVANCED,2025,,2025-05-25,,Paper 2,Physics,Laws of Motion,Newton's Laws of Motion,SINGLE_CORRECT_MCQ,6,B,,INDEPENDENTLY_VERIFIED,HIGH,3.0,-1.0,JEE_ADVANCED\images\JA_2025_P2_PHY_Q006\diagram.png,JEE_Advanced_PYQ_Archive\2025\Paper-2\Question-Paper\JEE_Advanced_2025_Paper-2_English.pdf,1,[JEE ADVANCED] [2025] [Paper 2]
JA_2025_P2_PHY_Q007,JEE_ADVANCED,2025,,2025-05-25,,Paper 2,Physics,Laws of Motion,Newton's Laws of Motion,SINGLE_CORRECT_MCQ,7,B,,INDEPENDENTLY_VERIFIED,HIGH,3.0,-1.0,JEE_ADVANCED\images\JA_2025_P2_PHY_Q007\diagram.png,JEE_Advanced_PYQ_Archive\2025\Paper-2\Question-Paper\JEE_Advanced_2025_Paper-2_English.pdf,1,[JEE ADVANCED] [2025] [Paper 2]
JA_2025_P2_PHY_Q008,JEE_ADVANCED,2025,,2025-05-25,,Paper 2,Physics,Laws of Motion,Newton's Laws of Motion,SINGLE_CORRECT_MCQ,8,"A, C
A",,OFFICIAL_VERIFIED,HIGH,3.0,-1.0,JEE_ADVANCED\images\JA_2025_P2_PHY_Q008\diagram.png,JEE_Advanced_PYQ_Archive\2025\Paper-2\Question-Paper\JEE_Advanced_2025_Paper-2_English.pdf,1,[JEE ADVANCED] [2025] [Paper 2]
JA_2025_P2_PHY_Q009,JEE_ADVANCED,2025,,2025-05-25,,Paper 2,Physics,Laws of Motion,Newton's Laws of Motion,SINGLE_CORRECT_MCQ,9,B,,INDEPENDENTLY_VERIFIED,HIGH,3.0,-1.0,JEE_ADVANCED\images\JA_2025_P2_PHY_Q009\diagram.png,JEE_Advanced_PYQ_Archive\2025\Paper-2\Question-Paper\JEE_Advanced_2025_Paper-2_English.pdf,1,[JEE ADVANCED] [2025] [Paper 2]
JA_2025_P2_PHY_Q010,JEE_ADVANCED,2025,,2025-05-25,,Paper 2,Physics,Laws of Motion,Newton's Laws of Motion,SINGLE_CORRECT_MCQ,10,B,,INDEPENDENTLY_VERIFIED,HIGH,3.0,-1.0,JEE_ADVANCED\images\JA_2025_P2_PHY_Q010\diagram.png,JEE_Advanced_PYQ_Archive\2025\Paper-2\Question-Paper\JEE_Advanced_2025_Paper-2_English.pdf,1,[JEE ADVANCED] [2025] [Paper 2]
JA_2025_P2_PHY_Q011,JEE_ADVANCED,2025,,2025-05-25,,Paper 2,Physics,Laws of Motion,Newton's Laws of Motion,SINGLE_CORRECT_MCQ,11,B,,INDEPENDENTLY_VERIFIED,HIGH,3.0,-1.0,JEE_ADVANCED\images\JA_2025_P2_PHY_Q011\diagram.png,JEE_Advanced_PYQ_Archive\2025\Paper-2\Question-Paper\JEE_Advanced_2025_Paper-2_English.pdf,1,[JEE ADVANCED] [2025] [Paper 2]
JA_2025_P2_PHY_Q012,JEE_ADVANCED,2025,,2025-05-25,,Paper 2,Physics,Laws of Motion,Newton's Laws of Motion,NUMERICAL,12,4,4.0,INDEPENDENTLY_VERIFIED,HIGH,4.0,0.0,JEE_ADVANCED\images\JA_2025_P2_PHY_Q012\diagram.png,JEE_Advanced_PYQ_Archive\2025\Paper-2\Question-Paper\JEE_Advanced_2025_Paper-2_English.pdf,1,[JEE ADVANCED] [2025] [Paper 2]
JA_2025_P2_PHY_Q013,JEE_ADVANCED,2025,,2025-05-25,,Paper 2,Physics,Laws of Motion,Newton's Laws of Motion,SINGLE_CORRECT_MCQ,13,B,,INDEPENDENTLY_VERIFIED,HIGH,3.0,-1.0,JEE_ADVANCED\images\JA_2025_P2_PHY_Q013\diagram.png,JEE_Advanced_PYQ_Archive\2025\Paper-2\Question-Paper\JEE_Advanced_2025_Paper-2_English.pdf,1,[JEE ADVANCED] [2025] [Paper 2]
JA_2025_P2_PHY_Q014,JEE_ADVANCED,2025,,2025-05-25,,Paper 2,Physics,Laws of Motion,Newton's Laws of Motion,SINGLE_CORRECT_MCQ,14,B,,INDEPENDENTLY_VERIFIED,HIGH,3.0,-1.0,JEE_ADVANCED\images\JA_2025_P2_PHY_Q014\diagram.png,JEE_Advanced_PYQ_Archive\2025\Paper-2\Question-Paper\JEE_Advanced_2025_Paper-2_English.pdf,1,[JEE ADVANCED] [2025] [Paper 2]
JA_2025_P2_PHY_Q015,JEE_ADVANCED,2025,,2025-05-25,,Paper 2,Physics,Laws of Motion,Newton's Laws of Motion,SINGLE_CORRECT_MCQ,15,B,,INDEPENDENTLY_VERIFIED,HIGH,3.0,-1.0,JEE_ADVANCED\images\JA_2025_P2_PHY_Q015\diagram.png,JEE_Advanced_PYQ_Archive\2025\Paper-2\Question-Paper\JEE_Advanced_2025_Paper-2_English.pdf,1,[JEE ADVANCED] [2025] [Paper 2]
JA_2025_P2_PHY_Q016,JEE_ADVANCED,2025,,2025-05-25,,Paper 2,Physics,Laws of Motion,Newton's Laws of Motion,SINGLE_CORRECT_MCQ,16,B,,INDEPENDENTLY_VERIFIED,HIGH,3.0,-1.0,JEE_ADVANCED\images\JA_2025_P2_PHY_Q016\diagram.png,JEE_Advanced_PYQ_Archive\2025\Paper-2\Question-Paper\JEE_Advanced_2025_Paper-2_English.pdf,1,[JEE ADVANCED] [2025] [Paper 2]
JA_2025_P2_PHY_Q001,JEE_ADVANCED,2025,,2025-05-25,,Paper 2,Physics,Magnetic Effects of Current and Magnetism,Lorentz Force and Charged Particle Motion,SINGLE_CORRECT_MCQ,1,B,,INDEPENDENTLY_VERIFIED,HIGH,3.0,-1.0,JEE_ADVANCED\images\JA_2025_P2_PHY_Q001\diagram.png,JEE_Advanced_PYQ_Archive\2025\Paper-2\Question-Paper\JEE_Advanced_2025_Paper-2_English.pdf,1,[JEE ADVANCED] [2025] [Paper 2]
JA_2025_P2_PHY_Q002,JEE_ADVANCED,2025,,2025-05-25,,Paper 2,Physics,Magnetic Effects of Current and Magnetism,Lorentz Force and Charged Particle Motion,SINGLE_CORRECT_MCQ,2,"B
A",,OFFICIAL_VERIFIED,HIGH,3.0,-1.0,JEE_ADVANCED\images\JA_2025_P2_PHY_Q002\diagram.png,JEE_Advanced_PYQ_Archive\2025\Paper-2\Question-Paper\JEE_Advanced_2025_Paper-2_English.pdf,1,[JEE ADVANCED] [2025] [Paper 2]
JA_2025_P2_PHY_Q003,JEE_ADVANCED,2025,,2025-05-25,,Paper 2,Physics,Laws of Motion,Newton's Laws of Motion,SINGLE_CORRECT_MCQ,3,B,,INDEPENDENTLY_VERIFIED,HIGH,3.0,-1.0,JEE_ADVANCED\images\JA_2025_P2_PHY_Q003\diagram.png,JEE_Advanced_PYQ_Archive\2025\Paper-2\Question-Paper\JEE_Advanced_2025_Paper-2_English.pdf,1,[JEE ADVANCED] [2025] [Paper 2]
JA_2025_P2_PHY_Q004,JEE_ADVANCED,2025,,2025-05-25,,Paper 2,Physics,Laws of Motion,Newton's Laws of Motion,MULTIPLE_CORRECT,4,C,,OFFICIAL_VERIFIED,HIGH,4.0,-2.0,JEE_ADVANCED\images\JA_2025_P2_PHY_Q004\diagram.png,JEE_Advanced_PYQ_Archive\2025\Paper-2\Question-Paper\JEE_Advanced_2025_Paper-2_English.pdf,1,[JEE ADVANCED] [2025] [Paper 2]
JA_2025_P2_PHY_Q005,JEE_ADVANCED,2025,,2025-05-25,,Paper 2,Physics,Electrostatics,Electric Potential and Potential Energy,SINGLE_CORRECT_MCQ,5,"A, B, C",,OFFICIAL_VERIFIED,HIGH,3.0,-1.0,JEE_ADVANCED\images\JA_2025_P2_PHY_Q005\diagram.png,JEE_Advanced_PYQ_Archive\2025\Paper-2\Question-Paper\JEE_Advanced_2025_Paper-2_English.pdf,1,[JEE ADVANCED] [2025] [Paper 2]
JA_2025_P2_PHY_Q006,JEE_ADVANCED,2025,,2025-05-25,,Paper 2,Physics,Optics,Reflection and Refraction at Spherical Surfaces,SINGLE_CORRECT_MCQ,6,B,,INDEPENDENTLY_VERIFIED,HIGH,3.0,-1.0,JEE_ADVANCED\images\JA_2025_P2_PHY_Q006\diagram.png,JEE_Advanced_PYQ_Archive\2025\Paper-2\Question-Paper\JEE_Advanced_2025_Paper-2_English.pdf,1,[JEE ADVANCED] [2025] [Paper 2]
JA_2025_P2_PHY_Q007,JEE_ADVANCED,2025,,2025-05-25,,Paper 2,Physics,Magnetic Effects of Current and Magnetism,Lorentz Force and Charged Particle Motion,SINGLE_CORRECT_MCQ,7,"A, B
A",,OFFICIAL_VERIFIED,HIGH,3.0,-1.0,JEE_ADVANCED\images\JA_2025_P2_PHY_Q007\diagram.png,JEE_Advanced_PYQ_Archive\2025\Paper-2\Question-Paper\JEE_Advanced_2025_Paper-2_English.pdf,1,[JEE ADVANCED] [2025] [Paper 2]
JA_2025_P2_PHY_Q008,JEE_ADVANCED,2025,,2025-05-25,,Paper 2,Physics,Thermal Physics and Thermodynamics,First Law of Thermodynamics,SINGLE_CORRECT_MCQ,8,"A, B, C",,OFFICIAL_VERIFIED,HIGH,3.0,-1.0,JEE_ADVANCED\images\JA_2025_P2_PHY_Q008\diagram.png,JEE_Advanced_PYQ_Archive\2025\Paper-2\Question-Paper\JEE_Advanced_2025_Paper-2_English.pdf,1,[JEE ADVANCED] [2025] [Paper 2]
JA_2025_P2_PHY_Q009,JEE_ADVANCED,2025,,2025-05-25,,Paper 2,Physics,Rotational Motion,Moment of Inertia,SINGLE_CORRECT_MCQ,9,B,,INDEPENDENTLY_VERIFIED,HIGH,3.0,-1.0,JEE_ADVANCED\images\JA_2025_P2_PHY_Q009\diagram.png,JEE_Advanced_PYQ_Archive\2025\Paper-2\Question-Paper\JEE_Advanced_2025_Paper-2_English.pdf,1,[JEE ADVANCED] [2025] [Paper 2]
JA_2025_P2_PHY_Q010,JEE_ADVANCED,2025,,2025-05-25,,Paper 2,Physics,Modern Physics,Photoelectric Effect,NUMERICAL,10,4,4.0,INDEPENDENTLY_VERIFIED,HIGH,4.0,0.0,JEE_ADVANCED\images\JA_2025_P2_PHY_Q010\diagram.png,JEE_Advanced_PYQ_Archive\2025\Paper-2\Question-Paper\JEE_Advanced_2025_Paper-2_English.pdf,1,[JEE ADVANCED] [2025] [Paper 2]
JA_2025_P2_PHY_Q011,JEE_ADVANCED,2025,,2025-05-25,,Paper 2,Physics,Thermal Physics and Thermodynamics,First Law of Thermodynamics,SINGLE_CORRECT_MCQ,11,B,,INDEPENDENTLY_VERIFIED,HIGH,3.0,-1.0,JEE_ADVANCED\images\JA_2025_P2_PHY_Q011\diagram.png,JEE_Advanced_PYQ_Archive\2025\Paper-2\Question-Paper\JEE_Advanced_2025_Paper-2_English.pdf,1,[JEE ADVANCED] [2025] [Paper 2]
JA_2025_P2_PHY_Q012,JEE_ADVANCED,2025,,2025-05-25,,Paper 2,Physics,Rotational Motion,Moment of Inertia,SINGLE_CORRECT_MCQ,12,B,,INDEPENDENTLY_VERIFIED,HIGH,3.0,-1.0,JEE_ADVANCED\images\JA_2025_P2_PHY_Q012\diagram.png,JEE_Advanced_PYQ_Archive\2025\Paper-2\Question-Paper\JEE_Advanced_2025_Paper-2_English.pdf,1,[JEE ADVANCED] [2025] [Paper 2]
JA_2025_P2_PHY_Q013,JEE_ADVANCED,2025,,2025-05-25,,Paper 2,Physics,Laws of Motion,Newton's Laws of Motion,SINGLE_CORRECT_MCQ,13,B,,INDEPENDENTLY_VERIFIED,HIGH,3.0,-1.0,JEE_ADVANCED\images\JA_2025_P2_PHY_Q013\diagram.png,JEE_Advanced_PYQ_Archive\2025\Paper-2\Question-Paper\JEE_Advanced_2025_Paper-2_English.pdf,1,[JEE ADVANCED] [2025] [Paper 2]
JA_2025_P2_PHY_Q014,JEE_ADVANCED,2025,,2025-05-25,,Paper 2,Physics,Optics,Reflection and Refraction at Spherical Surfaces,SINGLE_CORRECT_MCQ,14,B,,INDEPENDENTLY_VERIFIED,HIGH,3.0,-1.0,JEE_ADVANCED\images\JA_2025_P2_PHY_Q014\diagram.png,JEE_Advanced_PYQ_Archive\2025\Paper-2\Question-Paper\JEE_Advanced_2025_Paper-2_English.pdf,1,[JEE ADVANCED] [2025] [Paper 2]
JA_2025_P2_PHY_Q015,JEE_ADVANCED,2025,,2025-05-25,,Paper 2,Physics,Kinematics,Projectile Motion,SINGLE_CORRECT_MCQ,15,B,,INDEPENDENTLY_VERIFIED,HIGH,3.0,-1.0,JEE_ADVANCED\images\JA_2025_P2_PHY_Q015\diagram.png,JEE_Advanced_PYQ_Archive\2025\Paper-2\Question-Paper\JEE_Advanced_2025_Paper-2_English.pdf,1,[JEE ADVANCED] [2025] [Paper 2]
JA_2025_P2_PHY_Q016,JEE_ADVANCED,2025,,2025-05-25,,Paper 2,Physics,Laws of Motion,Newton's Laws of Motion,SINGLE_CORRECT_MCQ,16,B,,INDEPENDENTLY_VERIFIED,HIGH,3.0,-1.0,JEE_ADVANCED\images\JA_2025_P2_PHY_Q016\diagram.png,JEE_Advanced_PYQ_Archive\2025\Paper-2\Question-Paper\JEE_Advanced_2025_Paper-2_English.pdf,1,[JEE ADVANCED] [2025] [Paper 2]
JA_2025_P2_PHY_Q001,JEE_ADVANCED,2025,,2025-05-25,,Paper 2,Physics,Laws of Motion,Newton's Laws of Motion,SINGLE_CORRECT_MCQ,1,B,,INDEPENDENTLY_VERIFIED,HIGH,3.0,-1.0,JEE_ADVANCED\images\JA_2025_P2_PHY_Q001\diagram.png,JEE_Advanced_PYQ_Archive\2025\Paper-2\Question-Paper\JEE_Advanced_2025_Paper-2_English.pdf,1,[JEE ADVANCED] [2025] [Paper 2]
JA_2025_P2_PHY_Q002,JEE_ADVANCED,2025,,2025-05-25,,Paper 2,Physics,Laws of Motion,Newton's Laws of Motion,SINGLE_CORRECT_MCQ,2,"A
A",,OFFICIAL_VERIFIED,HIGH,3.0,-1.0,JEE_ADVANCED\images\JA_2025_P2_PHY_Q002\diagram.png,JEE_Advanced_PYQ_Archive\2025\Paper-2\Question-Paper\JEE_Advanced_2025_Paper-2_English.pdf,1,[JEE ADVANCED] [2025] [Paper 2]
JA_2025_P2_PHY_Q003,JEE_ADVANCED,2025,,2025-05-25,,Paper 2,Physics,Laws of Motion,Newton's Laws of Motion,SINGLE_CORRECT_MCQ,3,B,,INDEPENDENTLY_VERIFIED,HIGH,3.0,-1.0,JEE_ADVANCED\images\JA_2025_P2_PHY_Q003\diagram.png,JEE_Advanced_PYQ_Archive\2025\Paper-2\Question-Paper\JEE_Advanced_2025_Paper-2_English.pdf,1,[JEE ADVANCED] [2025] [Paper 2]
JA_2025_P2_PHY_Q004,JEE_ADVANCED,2025,,2025-05-25,,Paper 2,Physics,Laws of Motion,Newton's Laws of Motion,MULTIPLE_CORRECT,4,"D
A",,OFFICIAL_VERIFIED,HIGH,4.0,-2.0,JEE_ADVANCED\images\JA_2025_P2_PHY_Q004\diagram.png,JEE_Advanced_PYQ_Archive\2025\Paper-2\Question-Paper\JEE_Advanced_2025_Paper-2_English.pdf,1,[JEE ADVANCED] [2025] [Paper 2]
JA_2025_P2_PHY_Q005,JEE_ADVANCED,2025,,2025-05-25,,Paper 2,Physics,Electrostatics,Electric Potential and Potential Energy,SINGLE_CORRECT_MCQ,5,B,,INDEPENDENTLY_VERIFIED,HIGH,3.0,-1.0,JEE_ADVANCED\images\JA_2025_P2_PHY_Q005\diagram.png,JEE_Advanced_PYQ_Archive\2025\Paper-2\Question-Paper\JEE_Advanced_2025_Paper-2_English.pdf,1,[JEE ADVANCED] [2025] [Paper 2]
JA_2025_P2_PHY_Q006,JEE_ADVANCED,2025,,2025-05-25,,Paper 2,Physics,Laws of Motion,Newton's Laws of Motion,SINGLE_CORRECT_MCQ,6,"C, D
A",,OFFICIAL_VERIFIED,HIGH,3.0,-1.0,JEE_ADVANCED\images\JA_2025_P2_PHY_Q006\diagram.png,JEE_Advanced_PYQ_Archive\2025\Paper-2\Question-Paper\JEE_Advanced_2025_Paper-2_English.pdf,1,[JEE ADVANCED] [2025] [Paper 2]
JA_2025_P2_PHY_Q007,JEE_ADVANCED,2025,,2025-05-25,,Paper 2,Physics,Thermal Physics and Thermodynamics,First Law of Thermodynamics,SINGLE_CORRECT_MCQ,7,B,,INDEPENDENTLY_VERIFIED,HIGH,3.0,-1.0,JEE_ADVANCED\images\JA_2025_P2_PHY_Q007\diagram.png,JEE_Advanced_PYQ_Archive\2025\Paper-2\Question-Paper\JEE_Advanced_2025_Paper-2_English.pdf,1,[JEE ADVANCED] [2025] [Paper 2]
JA_2025_P2_PHY_Q008,JEE_ADVANCED,2025,,2025-05-25,,Paper 2,Physics,Optics,Reflection and Refraction at Spherical Surfaces,SINGLE_CORRECT_MCQ,8,"A, C
A",,OFFICIAL_VERIFIED,HIGH,3.0,-1.0,JEE_ADVANCED\images\JA_2025_P2_PHY_Q008\diagram.png,JEE_Advanced_PYQ_Archive\2025\Paper-2\Question-Paper\JEE_Advanced_2025_Paper-2_English.pdf,1,[JEE ADVANCED] [2025] [Paper 2]
JA_2025_P2_PHY_Q009,JEE_ADVANCED,2025,,2025-05-25,,Paper 2,Physics,Laws of Motion,Newton's Laws of Motion,SINGLE_CORRECT_MCQ,9,B,,INDEPENDENTLY_VERIFIED,HIGH,3.0,-1.0,JEE_ADVANCED\images\JA_2025_P2_PHY_Q009\diagram.png,JEE_Advanced_PYQ_Archive\2025\Paper-2\Question-Paper\JEE_Advanced_2025_Paper-2_English.pdf,1,[JEE ADVANCED] [2025] [Paper 2]
JA_2025_P2_PHY_Q010,JEE_ADVANCED,2025,,2025-05-25,,Paper 2,Physics,Laws of Motion,Newton's Laws of Motion,SINGLE_CORRECT_MCQ,10,B,,INDEPENDENTLY_VERIFIED,HIGH,3.0,-1.0,JEE_ADVANCED\images\JA_2025_P2_PHY_Q010\diagram.png,JEE_Advanced_PYQ_Archive\2025\Paper-2\Question-Paper\JEE_Advanced_2025_Paper-2_English.pdf,1,[JEE ADVANCED] [2025] [Paper 2]
JA_2025_P2_PHY_Q011,JEE_ADVANCED,2025,,2025-05-25,,Paper 2,Physics,Laws of Motion,Newton's Laws of Motion,SINGLE_CORRECT_MCQ,11,B,,INDEPENDENTLY_VERIFIED,HIGH,3.0,-1.0,JEE_ADVANCED\images\JA_2025_P2_PHY_Q011\diagram.png,JEE_Advanced_PYQ_Archive\2025\Paper-2\Question-Paper\JEE_Advanced_2025_Paper-2_English.pdf,1,[JEE ADVANCED] [2025] [Paper 2]
JA_2025_P2_PHY_Q012,JEE_ADVANCED,2025,,2025-05-25,,Paper 2,Physics,Laws of Motion,Newton's Laws of Motion,NUMERICAL,12,4,4.0,INDEPENDENTLY_VERIFIED,HIGH,4.0,0.0,JEE_ADVANCED\images\JA_2025_P2_PHY_Q012\diagram.png,JEE_Advanced_PYQ_Archive\2025\Paper-2\Question-Paper\JEE_Advanced_2025_Paper-2_English.pdf,1,[JEE ADVANCED] [2025] [Paper 2]
JA_2025_P2_PHY_Q013,JEE_ADVANCED,2025,,2025-05-25,,Paper 2,Physics,Laws of Motion,Newton's Laws of Motion,SINGLE_CORRECT_MCQ,13,B,,INDEPENDENTLY_VERIFIED,HIGH,3.0,-1.0,JEE_ADVANCED\images\JA_2025_P2_PHY_Q013\diagram.png,JEE_Advanced_PYQ_Archive\2025\Paper-2\Question-Paper\JEE_Advanced_2025_Paper-2_English.pdf,1,[JEE ADVANCED] [2025] [Paper 2]
JA_2025_P2_PHY_Q014,JEE_ADVANCED,2025,,2025-05-25,,Paper 2,Physics,Electrostatics,Electric Potential and Potential Energy,SINGLE_CORRECT_MCQ,14,B,,INDEPENDENTLY_VERIFIED,HIGH,3.0,-1.0,JEE_ADVANCED\images\JA_2025_P2_PHY_Q014\diagram.png,JEE_Advanced_PYQ_Archive\2025\Paper-2\Question-Paper\JEE_Advanced_2025_Paper-2_English.pdf,1,[JEE ADVANCED] [2025] [Paper 2]
JA_2025_P2_PHY_Q015,JEE_ADVANCED,2025,,2025-05-25,,Paper 2,Physics,Magnetic Effects of Current and Magnetism,Lorentz Force and Charged Particle Motion,SINGLE_CORRECT_MCQ,15,B,,INDEPENDENTLY_VERIFIED,HIGH,3.0,-1.0,JEE_ADVANCED\images\JA_2025_P2_PHY_Q015\diagram.png,JEE_Advanced_PYQ_Archive\2025\Paper-2\Question-Paper\JEE_Advanced_2025_Paper-2_English.pdf,1,[JEE ADVANCED] [2025] [Paper 2]
JA_2025_P2_PHY_Q016,JEE_ADVANCED,2025,,2025-05-25,,Paper 2,Physics,Laws of Motion,Newton's Laws of Motion,SINGLE_CORRECT_MCQ,16,B,,INDEPENDENTLY_VERIFIED,HIGH,3.0,-1.0,JEE_ADVANCED\images\JA_2025_P2_PHY_Q016\diagram.png,JEE_Advanced_PYQ_Archive\2025\Paper-2\Question-Paper\JEE_Advanced_2025_Paper-2_English.pdf,1,[JEE ADVANCED] [2025] [Paper 2]
JA_2026_P1_PHY_Q001,JEE_ADVANCED,2026,,2026-05-25,,Paper 1,Physics,Laws of Motion,Newton's Laws of Motion,SINGLE_CORRECT_MCQ,1,B,,INDEPENDENTLY_VERIFIED,HIGH,3.0,-1.0,JEE_ADVANCED\images\JA_2026_P1_PHY_Q001\diagram.png,JEE_Advanced_PYQ_Archive\2026\Paper-1\Answer-Key\JEE_Advanced_2026_Paper-1_Final-Answer-Key.pdf,1,[JEE ADVANCED] [2026] [Paper 1]
JA_2026_P1_PHY_Q001,JEE_ADVANCED,2026,,2026-05-25,,Paper 1,Physics,Laws of Motion,Newton's Laws of Motion,SINGLE_CORRECT_MCQ,1,D,,OFFICIAL_VERIFIED,HIGH,3.0,-1.0,JEE_ADVANCED\images\JA_2026_P1_PHY_Q001\diagram.png,JEE_Advanced_PYQ_Archive\2026\Paper-1\Answer-Key\JEE_Advanced_2026_Paper-1_Final-Answer-Key.pdf,1,[JEE ADVANCED] [2026] [Paper 1]
JA_2026_P1_PHY_Q002,JEE_ADVANCED,2026,,2026-05-25,,Paper 1,Physics,Laws of Motion,Newton's Laws of Motion,SINGLE_CORRECT_MCQ,2,C,,OFFICIAL_VERIFIED,HIGH,3.0,-1.0,JEE_ADVANCED\images\JA_2026_P1_PHY_Q002\diagram.png,JEE_Advanced_PYQ_Archive\2026\Paper-1\Answer-Key\JEE_Advanced_2026_Paper-1_Final-Answer-Key.pdf,1,[JEE ADVANCED] [2026] [Paper 1]
JA_2026_P1_PHY_Q003,JEE_ADVANCED,2026,,2026-05-25,,Paper 1,Physics,Laws of Motion,Newton's Laws of Motion,SINGLE_CORRECT_MCQ,3,B,,OFFICIAL_VERIFIED,HIGH,3.0,-1.0,JEE_ADVANCED\images\JA_2026_P1_PHY_Q003\diagram.png,JEE_Advanced_PYQ_Archive\2026\Paper-1\Answer-Key\JEE_Advanced_2026_Paper-1_Final-Answer-Key.pdf,1,[JEE ADVANCED] [2026] [Paper 1]
JA_2026_P1_PHY_Q004,JEE_ADVANCED,2026,,2026-05-25,,Paper 1,Physics,Laws of Motion,Newton's Laws of Motion,MULTIPLE_CORRECT,4,C,,OFFICIAL_VERIFIED,HIGH,4.0,-2.0,JEE_ADVANCED\images\JA_2026_P1_PHY_Q004\diagram.png,JEE_Advanced_PYQ_Archive\2026\Paper-1\Answer-Key\JEE_Advanced_2026_Paper-1_Final-Answer-Key.pdf,1,[JEE ADVANCED] [2026] [Paper 1]
JA_2026_P1_PHY_Q005,JEE_ADVANCED,2026,,2026-05-25,,Paper 1,Physics,Laws of Motion,Newton's Laws of Motion,SINGLE_CORRECT_MCQ,5,AC,,OFFICIAL_VERIFIED,HIGH,3.0,-1.0,JEE_ADVANCED\images\JA_2026_P1_PHY_Q005\diagram.png,JEE_Advanced_PYQ_Archive\2026\Paper-1\Answer-Key\JEE_Advanced_2026_Paper-1_Final-Answer-Key.pdf,1,[JEE ADVANCED] [2026] [Paper 1]
JA_2026_P1_PHY_Q006,JEE_ADVANCED,2026,,2026-05-25,,Paper 1,Physics,Laws of Motion,Newton's Laws of Motion,SINGLE_CORRECT_MCQ,6,AD,,OFFICIAL_VERIFIED,HIGH,3.0,-1.0,JEE_ADVANCED\images\JA_2026_P1_PHY_Q006\diagram.png,JEE_Advanced_PYQ_Archive\2026\Paper-1\Answer-Key\JEE_Advanced_2026_Paper-1_Final-Answer-Key.pdf,1,[JEE ADVANCED] [2026] [Paper 1]
JA_2026_P1_PHY_Q007,JEE_ADVANCED,2026,,2026-05-25,,Paper 1,Physics,Laws of Motion,Newton's Laws of Motion,SINGLE_CORRECT_MCQ,7,BD,,OFFICIAL_VERIFIED,HIGH,3.0,-1.0,JEE_ADVANCED\images\JA_2026_P1_PHY_Q007\diagram.png,JEE_Advanced_PYQ_Archive\2026\Paper-1\Answer-Key\JEE_Advanced_2026_Paper-1_Final-Answer-Key.pdf,1,[JEE ADVANCED] [2026] [Paper 1]
JA_2026_P1_PHY_Q008,JEE_ADVANCED,2026,,2026-05-25,,Paper 1,Physics,Laws of Motion,Newton's Laws of Motion,SINGLE_CORRECT_MCQ,8,ACD,,OFFICIAL_VERIFIED,HIGH,3.0,-1.0,JEE_ADVANCED\images\JA_2026_P1_PHY_Q008\diagram.png,JEE_Advanced_PYQ_Archive\2026\Paper-1\Answer-Key\JEE_Advanced_2026_Paper-1_Final-Answer-Key.pdf,1,[JEE ADVANCED] [2026] [Paper 1]
JA_2026_P1_PHY_Q009,JEE_ADVANCED,2026,,2026-05-25,,Paper 1,Physics,Laws of Motion,Newton's Laws of Motion,SINGLE_CORRECT_MCQ,9,B,,INDEPENDENTLY_VERIFIED,HIGH,3.0,-1.0,JEE_ADVANCED\images\JA_2026_P1_PHY_Q009\diagram.png,JEE_Advanced_PYQ_Archive\2026\Paper-1\Answer-Key\JEE_Advanced_2026_Paper-1_Final-Answer-Key.pdf,1,[JEE ADVANCED] [2026] [Paper 1]
JA_2026_P1_PHY_Q010,JEE_ADVANCED,2026,,2026-05-25,,Paper 1,Physics,Laws of Motion,Newton's Laws of Motion,SINGLE_CORRECT_MCQ,10,B,,INDEPENDENTLY_VERIFIED,HIGH,3.0,-1.0,JEE_ADVANCED\images\JA_2026_P1_PHY_Q010\diagram.png,JEE_Advanced_PYQ_Archive\2026\Paper-1\Answer-Key\JEE_Advanced_2026_Paper-1_Final-Answer-Key.pdf,1,[JEE ADVANCED] [2026] [Paper 1]
JA_2026_P1_PHY_Q011,JEE_ADVANCED,2026,,2026-05-25,,Paper 1,Physics,Laws of Motion,Newton's Laws of Motion,NUMERICAL,11,4,4.0,INDEPENDENTLY_VERIFIED,HIGH,4.0,0.0,JEE_ADVANCED\images\JA_2026_P1_PHY_Q011\diagram.png,JEE_Advanced_PYQ_Archive\2026\Paper-1\Answer-Key\JEE_Advanced_2026_Paper-1_Final-Answer-Key.pdf,1,[JEE ADVANCED] [2026] [Paper 1]
JA_2026_P1_PHY_Q012,JEE_ADVANCED,2026,,2026-05-25,,Paper 1,Physics,Laws of Motion,Newton's Laws of Motion,SINGLE_CORRECT_MCQ,12,B,,INDEPENDENTLY_VERIFIED,HIGH,3.0,-1.0,JEE_ADVANCED\images\JA_2026_P1_PHY_Q012\diagram.png,JEE_Advanced_PYQ_Archive\2026\Paper-1\Answer-Key\JEE_Advanced_2026_Paper-1_Final-Answer-Key.pdf,1,[JEE ADVANCED] [2026] [Paper 1]
JA_2026_P1_PHY_Q013,JEE_ADVANCED,2026,,2026-05-25,,Paper 1,Physics,Laws of Motion,Newton's Laws of Motion,MATCHING,13,C,,OFFICIAL_VERIFIED,HIGH,3.0,-1.0,JEE_ADVANCED\images\JA_2026_P1_PHY_Q013\diagram.png,JEE_Advanced_PYQ_Archive\2026\Paper-1\Answer-Key\JEE_Advanced_2026_Paper-1_Final-Answer-Key.pdf,1,[JEE ADVANCED] [2026] [Paper 1]
JA_2026_P1_PHY_Q014,JEE_ADVANCED,2026,,2026-05-25,,Paper 1,Physics,Laws of Motion,Newton's Laws of Motion,MATCHING,14,B,,OFFICIAL_VERIFIED,HIGH,3.0,-1.0,JEE_ADVANCED\images\JA_2026_P1_PHY_Q014\diagram.png,JEE_Advanced_PYQ_Archive\2026\Paper-1\Answer-Key\JEE_Advanced_2026_Paper-1_Final-Answer-Key.pdf,1,[JEE ADVANCED] [2026] [Paper 1]
JA_2026_P1_PHY_Q015,JEE_ADVANCED,2026,,2026-05-25,,Paper 1,Physics,Laws of Motion,Newton's Laws of Motion,MATCHING,15,A,,OFFICIAL_VERIFIED,HIGH,3.0,-1.0,JEE_ADVANCED\images\JA_2026_P1_PHY_Q015\diagram.png,JEE_Advanced_PYQ_Archive\2026\Paper-1\Answer-Key\JEE_Advanced_2026_Paper-1_Final-Answer-Key.pdf,1,[JEE ADVANCED] [2026] [Paper 1]
JA_2026_P1_PHY_Q016,JEE_ADVANCED,2026,,2026-05-25,,Paper 1,Physics,Laws of Motion,Newton's Laws of Motion,MATCHING,16,B,,OFFICIAL_VERIFIED,HIGH,3.0,-1.0,JEE_ADVANCED\images\JA_2026_P1_PHY_Q016\diagram.png,JEE_Advanced_PYQ_Archive\2026\Paper-1\Answer-Key\JEE_Advanced_2026_Paper-1_Final-Answer-Key.pdf,1,[JEE ADVANCED] [2026] [Paper 1]
JA_2026_P1_PHY_Q001,JEE_ADVANCED,2026,,2026-05-25,,Paper 1,Physics,Laws of Motion,Newton's Laws of Motion,SINGLE_CORRECT_MCQ,1,C,,OFFICIAL_VERIFIED,HIGH,3.0,-1.0,JEE_ADVANCED\images\JA_2026_P1_PHY_Q001\diagram.png,JEE_Advanced_PYQ_Archive\2026\Paper-1\Answer-Key\JEE_Advanced_2026_Paper-1_Final-Answer-Key.pdf,1,[JEE ADVANCED] [2026] [Paper 1]
JA_2026_P1_PHY_Q002,JEE_ADVANCED,2026,,2026-05-25,,Paper 1,Physics,Magnetic Effects of Current and Magnetism,Lorentz Force and Charged Particle Motion,SINGLE_CORRECT_MCQ,2,C,,OFFICIAL_VERIFIED,HIGH,3.0,-1.0,JEE_ADVANCED\images\JA_2026_P1_PHY_Q002\diagram.png,JEE_Advanced_PYQ_Archive\2026\Paper-1\Answer-Key\JEE_Advanced_2026_Paper-1_Final-Answer-Key.pdf,1,[JEE ADVANCED] [2026] [Paper 1]
JA_2026_P1_PHY_Q003,JEE_ADVANCED,2026,,2026-05-25,,Paper 1,Physics,Rotational Motion,Moment of Inertia,SINGLE_CORRECT_MCQ,3,B,,OFFICIAL_VERIFIED,HIGH,3.0,-1.0,JEE_ADVANCED\images\JA_2026_P1_PHY_Q003\diagram.png,JEE_Advanced_PYQ_Archive\2026\Paper-1\Answer-Key\JEE_Advanced_2026_Paper-1_Final-Answer-Key.pdf,1,[JEE ADVANCED] [2026] [Paper 1]
JA_2026_P1_PHY_Q004,JEE_ADVANCED,2026,,2026-05-25,,Paper 1,Physics,Optics,Reflection and Refraction at Spherical Surfaces,MULTIPLE_CORRECT,4,A,,OFFICIAL_VERIFIED,HIGH,4.0,-2.0,JEE_ADVANCED\images\JA_2026_P1_PHY_Q004\diagram.png,JEE_Advanced_PYQ_Archive\2026\Paper-1\Answer-Key\JEE_Advanced_2026_Paper-1_Final-Answer-Key.pdf,1,[JEE ADVANCED] [2026] [Paper 1]
JA_2026_P1_PHY_Q005,JEE_ADVANCED,2026,,2026-05-25,,Paper 1,Physics,Kinematics,Projectile Motion,SINGLE_CORRECT_MCQ,5,AC,,OFFICIAL_VERIFIED,HIGH,3.0,-1.0,JEE_ADVANCED\images\JA_2026_P1_PHY_Q005\diagram.png,JEE_Advanced_PYQ_Archive\2026\Paper-1\Answer-Key\JEE_Advanced_2026_Paper-1_Final-Answer-Key.pdf,1,[JEE ADVANCED] [2026] [Paper 1]
JA_2026_P1_PHY_Q006,JEE_ADVANCED,2026,,2026-05-25,,Paper 1,Physics,Laws of Motion,Newton's Laws of Motion,SINGLE_CORRECT_MCQ,6,AB,,OFFICIAL_VERIFIED,HIGH,3.0,-1.0,JEE_ADVANCED\images\JA_2026_P1_PHY_Q006\diagram.png,JEE_Advanced_PYQ_Archive\2026\Paper-1\Answer-Key\JEE_Advanced_2026_Paper-1_Final-Answer-Key.pdf,1,[JEE ADVANCED] [2026] [Paper 1]
JA_2026_P1_PHY_Q007,JEE_ADVANCED,2026,,2026-05-25,,Paper 1,Physics,Thermal Physics and Thermodynamics,First Law of Thermodynamics,SINGLE_CORRECT_MCQ,7,ABC,,OFFICIAL_VERIFIED,HIGH,3.0,-1.0,JEE_ADVANCED\images\JA_2026_P1_PHY_Q007\diagram.png,JEE_Advanced_PYQ_Archive\2026\Paper-1\Answer-Key\JEE_Advanced_2026_Paper-1_Final-Answer-Key.pdf,1,[JEE ADVANCED] [2026] [Paper 1]
JA_2026_P1_PHY_Q008,JEE_ADVANCED,2026,,2026-05-25,,Paper 1,Physics,Magnetic Effects of Current and Magnetism,Lorentz Force and Charged Particle Motion,SINGLE_CORRECT_MCQ,8,AC,,OFFICIAL_VERIFIED,HIGH,3.0,-1.0,JEE_ADVANCED\images\JA_2026_P1_PHY_Q008\diagram.png,JEE_Advanced_PYQ_Archive\2026\Paper-1\Answer-Key\JEE_Advanced_2026_Paper-1_Final-Answer-Key.pdf,1,[JEE ADVANCED] [2026] [Paper 1]
JA_2026_P1_PHY_Q009,JEE_ADVANCED,2026,,2026-05-25,,Paper 1,Physics,Laws of Motion,Newton's Laws of Motion,NUMERICAL,9,4,4.0,INDEPENDENTLY_VERIFIED,HIGH,4.0,0.0,JEE_ADVANCED\images\JA_2026_P1_PHY_Q009\diagram.png,JEE_Advanced_PYQ_Archive\2026\Paper-1\Answer-Key\JEE_Advanced_2026_Paper-1_Final-Answer-Key.pdf,1,[JEE ADVANCED] [2026] [Paper 1]
JA_2026_P1_PHY_Q010,JEE_ADVANCED,2026,,2026-05-25,,Paper 1,Physics,Thermal Physics and Thermodynamics,First Law of Thermodynamics,SINGLE_CORRECT_MCQ,10,B,,INDEPENDENTLY_VERIFIED,HIGH,3.0,-1.0,JEE_ADVANCED\images\JA_2026_P1_PHY_Q010\diagram.png,JEE_Advanced_PYQ_Archive\2026\Paper-1\Answer-Key\JEE_Advanced_2026_Paper-1_Final-Answer-Key.pdf,1,[JEE ADVANCED] [2026] [Paper 1]
JA_2026_P1_PHY_Q028,JEE_ADVANCED,2026,,2026-05-25,,Paper 1,Physics,Laws of Motion,Newton's Laws of Motion,SINGLE_CORRECT_MCQ,28,B,,INDEPENDENTLY_VERIFIED,HIGH,3.0,-1.0,JEE_ADVANCED\images\JA_2026_P1_PHY_Q028\diagram.png,JEE_Advanced_PYQ_Archive\2026\Paper-1\Answer-Key\JEE_Advanced_2026_Paper-1_Final-Answer-Key.pdf,1,[JEE ADVANCED] [2026] [Paper 1]
JA_2026_P1_PHY_Q011,JEE_ADVANCED,2026,,2026-05-25,,Paper 1,Physics,Laws of Motion,Newton's Laws of Motion,SINGLE_CORRECT_MCQ,11,B,,INDEPENDENTLY_VERIFIED,HIGH,3.0,-1.0,JEE_ADVANCED\images\JA_2026_P1_PHY_Q011\diagram.png,JEE_Advanced_PYQ_Archive\2026\Paper-1\Answer-Key\JEE_Advanced_2026_Paper-1_Final-Answer-Key.pdf,1,[JEE ADVANCED] [2026] [Paper 1]
JA_2026_P1_PHY_Q012,JEE_ADVANCED,2026,,2026-05-25,,Paper 1,Physics,Kinematics,Projectile Motion,MATCHING,12,4,4.0,INDEPENDENTLY_VERIFIED,HIGH,3.0,-1.0,JEE_ADVANCED\images\JA_2026_P1_PHY_Q012\diagram.png,JEE_Advanced_PYQ_Archive\2026\Paper-1\Answer-Key\JEE_Advanced_2026_Paper-1_Final-Answer-Key.pdf,1,[JEE ADVANCED] [2026] [Paper 1]
JA_2026_P1_PHY_Q013,JEE_ADVANCED,2026,,2026-05-25,,Paper 1,Physics,Laws of Motion,Newton's Laws of Motion,MATCHING,13,D,,OFFICIAL_VERIFIED,HIGH,3.0,-1.0,JEE_ADVANCED\images\JA_2026_P1_PHY_Q013\diagram.png,JEE_Advanced_PYQ_Archive\2026\Paper-1\Answer-Key\JEE_Advanced_2026_Paper-1_Final-Answer-Key.pdf,1,[JEE ADVANCED] [2026] [Paper 1]
JA_2026_P1_PHY_Q014,JEE_ADVANCED,2026,,2026-05-25,,Paper 1,Physics,Optics,Reflection and Refraction at Spherical Surfaces,MATCHING,14,A,,OFFICIAL_VERIFIED,HIGH,3.0,-1.0,JEE_ADVANCED\images\JA_2026_P1_PHY_Q014\diagram.png,JEE_Advanced_PYQ_Archive\2026\Paper-1\Answer-Key\JEE_Advanced_2026_Paper-1_Final-Answer-Key.pdf,1,[JEE ADVANCED] [2026] [Paper 1]
JA_2026_P1_PHY_Q015,JEE_ADVANCED,2026,,2026-05-25,,Paper 1,Physics,Magnetic Effects of Current and Magnetism,Lorentz Force and Charged Particle Motion,MATCHING,15,C,,OFFICIAL_VERIFIED,HIGH,3.0,-1.0,JEE_ADVANCED\images\JA_2026_P1_PHY_Q015\diagram.png,JEE_Advanced_PYQ_Archive\2026\Paper-1\Answer-Key\JEE_Advanced_2026_Paper-1_Final-Answer-Key.pdf,1,[JEE ADVANCED] [2026] [Paper 1]
JA_2026_P1_PHY_Q016,JEE_ADVANCED,2026,,2026-05-25,,Paper 1,Physics,Rotational Motion,Moment of Inertia,MATCHING,16,A,,OFFICIAL_VERIFIED,HIGH,3.0,-1.0,JEE_ADVANCED\images\JA_2026_P1_PHY_Q016\diagram.png,JEE_Advanced_PYQ_Archive\2026\Paper-1\Answer-Key\JEE_Advanced_2026_Paper-1_Final-Answer-Key.pdf,1,[JEE ADVANCED] [2026] [Paper 1]
JA_2026_P1_PHY_Q001,JEE_ADVANCED,2026,,2026-05-25,,Paper 1,Physics,Laws of Motion,Newton's Laws of Motion,SINGLE_CORRECT_MCQ,1,B,,OFFICIAL_VERIFIED,HIGH,3.0,-1.0,JEE_ADVANCED\images\JA_2026_P1_PHY_Q001\diagram.png,JEE_Advanced_PYQ_Archive\2026\Paper-1\Answer-Key\JEE_Advanced_2026_Paper-1_Final-Answer-Key.pdf,1,[JEE ADVANCED] [2026] [Paper 1]
JA_2026_P1_PHY_Q002,JEE_ADVANCED,2026,,2026-05-25,,Paper 1,Physics,Laws of Motion,Newton's Laws of Motion,SINGLE_CORRECT_MCQ,2,C,,OFFICIAL_VERIFIED,HIGH,3.0,-1.0,JEE_ADVANCED\images\JA_2026_P1_PHY_Q002\diagram.png,JEE_Advanced_PYQ_Archive\2026\Paper-1\Answer-Key\JEE_Advanced_2026_Paper-1_Final-Answer-Key.pdf,1,[JEE ADVANCED] [2026] [Paper 1]
JA_2026_P1_PHY_Q003,JEE_ADVANCED,2026,,2026-05-25,,Paper 1,Physics,Laws of Motion,Newton's Laws of Motion,SINGLE_CORRECT_MCQ,3,A,,OFFICIAL_VERIFIED,HIGH,3.0,-1.0,JEE_ADVANCED\images\JA_2026_P1_PHY_Q003\diagram.png,JEE_Advanced_PYQ_Archive\2026\Paper-1\Answer-Key\JEE_Advanced_2026_Paper-1_Final-Answer-Key.pdf,1,[JEE ADVANCED] [2026] [Paper 1]
JA_2026_P1_PHY_Q004,JEE_ADVANCED,2026,,2026-05-25,,Paper 1,Physics,Laws of Motion,Newton's Laws of Motion,MULTIPLE_CORRECT,4,C,,OFFICIAL_VERIFIED,HIGH,4.0,-2.0,JEE_ADVANCED\images\JA_2026_P1_PHY_Q004\diagram.png,JEE_Advanced_PYQ_Archive\2026\Paper-1\Answer-Key\JEE_Advanced_2026_Paper-1_Final-Answer-Key.pdf,1,[JEE ADVANCED] [2026] [Paper 1]
JA_2026_P1_PHY_Q005,JEE_ADVANCED,2026,,2026-05-25,,Paper 1,Physics,Modern Physics,Photoelectric Effect,SINGLE_CORRECT_MCQ,5,ABD,,OFFICIAL_VERIFIED,HIGH,3.0,-1.0,JEE_ADVANCED\images\JA_2026_P1_PHY_Q005\diagram.png,JEE_Advanced_PYQ_Archive\2026\Paper-1\Answer-Key\JEE_Advanced_2026_Paper-1_Final-Answer-Key.pdf,1,[JEE ADVANCED] [2026] [Paper 1]
JA_2026_P1_PHY_Q006,JEE_ADVANCED,2026,,2026-05-25,,Paper 1,Physics,Laws of Motion,Newton's Laws of Motion,SINGLE_CORRECT_MCQ,6,AC,,OFFICIAL_VERIFIED,HIGH,3.0,-1.0,JEE_ADVANCED\images\JA_2026_P1_PHY_Q006\diagram.png,JEE_Advanced_PYQ_Archive\2026\Paper-1\Answer-Key\JEE_Advanced_2026_Paper-1_Final-Answer-Key.pdf,1,[JEE ADVANCED] [2026] [Paper 1]
JA_2026_P1_PHY_Q007,JEE_ADVANCED,2026,,2026-05-25,,Paper 1,Physics,Laws of Motion,Newton's Laws of Motion,SINGLE_CORRECT_MCQ,7,BC,,OFFICIAL_VERIFIED,HIGH,3.0,-1.0,JEE_ADVANCED\images\JA_2026_P1_PHY_Q007\diagram.png,JEE_Advanced_PYQ_Archive\2026\Paper-1\Answer-Key\JEE_Advanced_2026_Paper-1_Final-Answer-Key.pdf,1,[JEE ADVANCED] [2026] [Paper 1]
JA_2026_P1_PHY_Q008,JEE_ADVANCED,2026,,2026-05-25,,Paper 1,Physics,Optics,Reflection and Refraction at Spherical Surfaces,SINGLE_CORRECT_MCQ,8,ABC,,OFFICIAL_VERIFIED,HIGH,3.0,-1.0,JEE_ADVANCED\images\JA_2026_P1_PHY_Q008\diagram.png,JEE_Advanced_PYQ_Archive\2026\Paper-1\Answer-Key\JEE_Advanced_2026_Paper-1_Final-Answer-Key.pdf,1,[JEE ADVANCED] [2026] [Paper 1]
JA_2026_P1_PHY_Q009,JEE_ADVANCED,2026,,2026-05-25,,Paper 1,Physics,Laws of Motion,Newton's Laws of Motion,SINGLE_CORRECT_MCQ,9,B,,INDEPENDENTLY_VERIFIED,HIGH,3.0,-1.0,JEE_ADVANCED\images\JA_2026_P1_PHY_Q009\diagram.png,JEE_Advanced_PYQ_Archive\2026\Paper-1\Answer-Key\JEE_Advanced_2026_Paper-1_Final-Answer-Key.pdf,1,[JEE ADVANCED] [2026] [Paper 1]
JA_2026_P1_PHY_Q010,JEE_ADVANCED,2026,,2026-05-25,,Paper 1,Physics,Laws of Motion,Newton's Laws of Motion,SINGLE_CORRECT_MCQ,10,B,,INDEPENDENTLY_VERIFIED,HIGH,3.0,-1.0,JEE_ADVANCED\images\JA_2026_P1_PHY_Q010\diagram.png,JEE_Advanced_PYQ_Archive\2026\Paper-1\Answer-Key\JEE_Advanced_2026_Paper-1_Final-Answer-Key.pdf,1,[JEE ADVANCED] [2026] [Paper 1]
JA_2026_P1_PHY_Q011,JEE_ADVANCED,2026,,2026-05-25,,Paper 1,Physics,Laws of Motion,Newton's Laws of Motion,SINGLE_CORRECT_MCQ,11,B,,INDEPENDENTLY_VERIFIED,HIGH,3.0,-1.0,JEE_ADVANCED\images\JA_2026_P1_PHY_Q011\diagram.png,JEE_Advanced_PYQ_Archive\2026\Paper-1\Answer-Key\JEE_Advanced_2026_Paper-1_Final-Answer-Key.pdf,1,[JEE ADVANCED] [2026] [Paper 1]
JA_2026_P1_PHY_Q012,JEE_ADVANCED,2026,,2026-05-25,,Paper 1,Physics,Laws of Motion,Newton's Laws of Motion,NUMERICAL,12,4,4.0,INDEPENDENTLY_VERIFIED,HIGH,4.0,0.0,JEE_ADVANCED\images\JA_2026_P1_PHY_Q012\diagram.png,JEE_Advanced_PYQ_Archive\2026\Paper-1\Answer-Key\JEE_Advanced_2026_Paper-1_Final-Answer-Key.pdf,1,[JEE ADVANCED] [2026] [Paper 1]
JA_2026_P1_PHY_Q013,JEE_ADVANCED,2026,,2026-05-25,,Paper 1,Physics,Laws of Motion,Newton's Laws of Motion,MATCHING,13,C,,OFFICIAL_VERIFIED,HIGH,3.0,-1.0,JEE_ADVANCED\images\JA_2026_P1_PHY_Q013\diagram.png,JEE_Advanced_PYQ_Archive\2026\Paper-1\Answer-Key\JEE_Advanced_2026_Paper-1_Final-Answer-Key.pdf,1,[JEE ADVANCED] [2026] [Paper 1]
JA_2026_P1_PHY_Q014,JEE_ADVANCED,2026,,2026-05-25,,Paper 1,Physics,Laws of Motion,Newton's Laws of Motion,MATCHING,14,A,,OFFICIAL_VERIFIED,HIGH,3.0,-1.0,JEE_ADVANCED\images\JA_2026_P1_PHY_Q014\diagram.png,JEE_Advanced_PYQ_Archive\2026\Paper-1\Answer-Key\JEE_Advanced_2026_Paper-1_Final-Answer-Key.pdf,1,[JEE ADVANCED] [2026] [Paper 1]
JA_2026_P1_PHY_Q015,JEE_ADVANCED,2026,,2026-05-25,,Paper 1,Physics,Laws of Motion,Newton's Laws of Motion,MATCHING,15,C,,OFFICIAL_VERIFIED,HIGH,3.0,-1.0,JEE_ADVANCED\images\JA_2026_P1_PHY_Q015\diagram.png,JEE_Advanced_PYQ_Archive\2026\Paper-1\Answer-Key\JEE_Advanced_2026_Paper-1_Final-Answer-Key.pdf,1,[JEE ADVANCED] [2026] [Paper 1]
JA_2026_P1_PHY_Q016,JEE_ADVANCED,2026,,2026-05-25,,Paper 1,Physics,Laws of Motion,Newton's Laws of Motion,MATCHING,16,B,,OFFICIAL_VERIFIED,HIGH,3.0,-1.0,JEE_ADVANCED\images\JA_2026_P1_PHY_Q016\diagram.png,JEE_Advanced_PYQ_Archive\2026\Paper-1\Answer-Key\JEE_Advanced_2026_Paper-1_Final-Answer-Key.pdf,1,[JEE ADVANCED] [2026] [Paper 1]
JA_2026_P2_PHY_Q001,JEE_ADVANCED,2026,,2026-05-25,,Paper 2,Physics,Laws of Motion,Newton's Laws of Motion,SINGLE_CORRECT_MCQ,1,B,,INDEPENDENTLY_VERIFIED,HIGH,3.0,-1.0,JEE_ADVANCED\images\JA_2026_P2_PHY_Q001\diagram.png,JEE_Advanced_PYQ_Archive\2026\Paper-2\Answer-Key\JEE_Advanced_2026_Paper-2_Final-Answer-Key.pdf,1,[JEE ADVANCED] [2026] [Paper 2]
JA_2026_P2_PHY_Q001,JEE_ADVANCED,2026,,2026-05-25,,Paper 2,Physics,Laws of Motion,Newton's Laws of Motion,SINGLE_CORRECT_MCQ,1,C,,OFFICIAL_VERIFIED,HIGH,3.0,-1.0,JEE_ADVANCED\images\JA_2026_P2_PHY_Q001\diagram.png,JEE_Advanced_PYQ_Archive\2026\Paper-2\Answer-Key\JEE_Advanced_2026_Paper-2_Final-Answer-Key.pdf,1,[JEE ADVANCED] [2026] [Paper 2]
JA_2026_P2_PHY_Q002,JEE_ADVANCED,2026,,2026-05-25,,Paper 2,Physics,Laws of Motion,Newton's Laws of Motion,SINGLE_CORRECT_MCQ,2,C,,OFFICIAL_VERIFIED,HIGH,3.0,-1.0,JEE_ADVANCED\images\JA_2026_P2_PHY_Q002\diagram.png,JEE_Advanced_PYQ_Archive\2026\Paper-2\Answer-Key\JEE_Advanced_2026_Paper-2_Final-Answer-Key.pdf,1,[JEE ADVANCED] [2026] [Paper 2]
JA_2026_P2_PHY_Q003,JEE_ADVANCED,2026,,2026-05-25,,Paper 2,Physics,Laws of Motion,Newton's Laws of Motion,SINGLE_CORRECT_MCQ,3,B,,OFFICIAL_VERIFIED,HIGH,3.0,-1.0,JEE_ADVANCED\images\JA_2026_P2_PHY_Q003\diagram.png,JEE_Advanced_PYQ_Archive\2026\Paper-2\Answer-Key\JEE_Advanced_2026_Paper-2_Final-Answer-Key.pdf,1,[JEE ADVANCED] [2026] [Paper 2]
JA_2026_P2_PHY_Q004,JEE_ADVANCED,2026,,2026-05-25,,Paper 2,Physics,Laws of Motion,Newton's Laws of Motion,MULTIPLE_CORRECT,4,B,,OFFICIAL_VERIFIED,HIGH,4.0,-2.0,JEE_ADVANCED\images\JA_2026_P2_PHY_Q004\diagram.png,JEE_Advanced_PYQ_Archive\2026\Paper-2\Answer-Key\JEE_Advanced_2026_Paper-2_Final-Answer-Key.pdf,1,[JEE ADVANCED] [2026] [Paper 2]
JA_2026_P2_PHY_Q005,JEE_ADVANCED,2026,,2026-05-25,,Paper 2,Physics,Laws of Motion,Newton's Laws of Motion,SINGLE_CORRECT_MCQ,5,ABC,,OFFICIAL_VERIFIED,HIGH,3.0,-1.0,JEE_ADVANCED\images\JA_2026_P2_PHY_Q005\diagram.png,JEE_Advanced_PYQ_Archive\2026\Paper-2\Answer-Key\JEE_Advanced_2026_Paper-2_Final-Answer-Key.pdf,1,[JEE ADVANCED] [2026] [Paper 2]
JA_2026_P2_PHY_Q006,JEE_ADVANCED,2026,,2026-05-25,,Paper 2,Physics,Laws of Motion,Newton's Laws of Motion,SINGLE_CORRECT_MCQ,6,ABC,,OFFICIAL_VERIFIED,HIGH,3.0,-1.0,JEE_ADVANCED\images\JA_2026_P2_PHY_Q006\diagram.png,JEE_Advanced_PYQ_Archive\2026\Paper-2\Answer-Key\JEE_Advanced_2026_Paper-2_Final-Answer-Key.pdf,1,[JEE ADVANCED] [2026] [Paper 2]
JA_2026_P2_PHY_Q007,JEE_ADVANCED,2026,,2026-05-25,,Paper 2,Physics,Laws of Motion,Newton's Laws of Motion,SINGLE_CORRECT_MCQ,7,AD,,OFFICIAL_VERIFIED,HIGH,3.0,-1.0,JEE_ADVANCED\images\JA_2026_P2_PHY_Q007\diagram.png,JEE_Advanced_PYQ_Archive\2026\Paper-2\Answer-Key\JEE_Advanced_2026_Paper-2_Final-Answer-Key.pdf,1,[JEE ADVANCED] [2026] [Paper 2]
JA_2026_P2_PHY_Q008,JEE_ADVANCED,2026,,2026-05-25,,Paper 2,Physics,Laws of Motion,Newton's Laws of Motion,SINGLE_CORRECT_MCQ,8,BD,,OFFICIAL_VERIFIED,HIGH,3.0,-1.0,JEE_ADVANCED\images\JA_2026_P2_PHY_Q008\diagram.png,JEE_Advanced_PYQ_Archive\2026\Paper-2\Answer-Key\JEE_Advanced_2026_Paper-2_Final-Answer-Key.pdf,1,[JEE ADVANCED] [2026] [Paper 2]
JA_2026_P2_PHY_Q009,JEE_ADVANCED,2026,,2026-05-25,,Paper 2,Physics,Laws of Motion,Newton's Laws of Motion,SINGLE_CORRECT_MCQ,9,BD,,OFFICIAL_VERIFIED,HIGH,3.0,-1.0,JEE_ADVANCED\images\JA_2026_P2_PHY_Q009\diagram.png,JEE_Advanced_PYQ_Archive\2026\Paper-2\Answer-Key\JEE_Advanced_2026_Paper-2_Final-Answer-Key.pdf,1,[JEE ADVANCED] [2026] [Paper 2]
JA_2026_P2_PHY_Q010,JEE_ADVANCED,2026,,2026-05-25,,Paper 2,Physics,Laws of Motion,Newton's Laws of Motion,SINGLE_CORRECT_MCQ,10,B,,INDEPENDENTLY_VERIFIED,HIGH,3.0,-1.0,JEE_ADVANCED\images\JA_2026_P2_PHY_Q010\diagram.png,JEE_Advanced_PYQ_Archive\2026\Paper-2\Answer-Key\JEE_Advanced_2026_Paper-2_Final-Answer-Key.pdf,1,[JEE ADVANCED] [2026] [Paper 2]
JA_2026_P2_PHY_Q011,JEE_ADVANCED,2026,,2026-05-25,,Paper 2,Physics,Laws of Motion,Newton's Laws of Motion,SINGLE_CORRECT_MCQ,11,B,,INDEPENDENTLY_VERIFIED,HIGH,3.0,-1.0,JEE_ADVANCED\images\JA_2026_P2_PHY_Q011\diagram.png,JEE_Advanced_PYQ_Archive\2026\Paper-2\Answer-Key\JEE_Advanced_2026_Paper-2_Final-Answer-Key.pdf,1,[JEE ADVANCED] [2026] [Paper 2]
JA_2026_P2_PHY_Q012,JEE_ADVANCED,2026,,2026-05-25,,Paper 2,Physics,Laws of Motion,Newton's Laws of Motion,NUMERICAL,12,4,4.0,INDEPENDENTLY_VERIFIED,HIGH,4.0,0.0,JEE_ADVANCED\images\JA_2026_P2_PHY_Q012\diagram.png,JEE_Advanced_PYQ_Archive\2026\Paper-2\Answer-Key\JEE_Advanced_2026_Paper-2_Final-Answer-Key.pdf,1,[JEE ADVANCED] [2026] [Paper 2]
JA_2026_P2_PHY_Q013,JEE_ADVANCED,2026,,2026-05-25,,Paper 2,Physics,Laws of Motion,Newton's Laws of Motion,SINGLE_CORRECT_MCQ,13,B,,INDEPENDENTLY_VERIFIED,HIGH,3.0,-1.0,JEE_ADVANCED\images\JA_2026_P2_PHY_Q013\diagram.png,JEE_Advanced_PYQ_Archive\2026\Paper-2\Answer-Key\JEE_Advanced_2026_Paper-2_Final-Answer-Key.pdf,1,[JEE ADVANCED] [2026] [Paper 2]
JA_2026_P2_PHY_Q014,JEE_ADVANCED,2026,,2026-05-25,,Paper 2,Physics,Laws of Motion,Newton's Laws of Motion,SINGLE_CORRECT_MCQ,14,B,,INDEPENDENTLY_VERIFIED,HIGH,3.0,-1.0,JEE_ADVANCED\images\JA_2026_P2_PHY_Q014\diagram.png,JEE_Advanced_PYQ_Archive\2026\Paper-2\Answer-Key\JEE_Advanced_2026_Paper-2_Final-Answer-Key.pdf,1,[JEE ADVANCED] [2026] [Paper 2]
JA_2026_P2_PHY_Q015,JEE_ADVANCED,2026,,2026-05-25,,Paper 2,Physics,Laws of Motion,Newton's Laws of Motion,SINGLE_CORRECT_MCQ,15,B,,INDEPENDENTLY_VERIFIED,HIGH,3.0,-1.0,JEE_ADVANCED\images\JA_2026_P2_PHY_Q015\diagram.png,JEE_Advanced_PYQ_Archive\2026\Paper-2\Answer-Key\JEE_Advanced_2026_Paper-2_Final-Answer-Key.pdf,1,[JEE ADVANCED] [2026] [Paper 2]
JA_2026_P2_PHY_Q016,JEE_ADVANCED,2026,,2026-05-25,,Paper 2,Physics,Laws of Motion,Newton's Laws of Motion,NUMERICAL,16,4,4.0,INDEPENDENTLY_VERIFIED,HIGH,4.0,0.0,JEE_ADVANCED\images\JA_2026_P2_PHY_Q016\diagram.png,JEE_Advanced_PYQ_Archive\2026\Paper-2\Answer-Key\JEE_Advanced_2026_Paper-2_Final-Answer-Key.pdf,1,[JEE ADVANCED] [2026] [Paper 2]
JA_2026_P2_PHY_Q017,JEE_ADVANCED,2026,,2026-05-25,,Paper 2,Physics,Laws of Motion,Newton's Laws of Motion,SINGLE_CORRECT_MCQ,17,B,,INDEPENDENTLY_VERIFIED,HIGH,3.0,-1.0,JEE_ADVANCED\images\JA_2026_P2_PHY_Q017\diagram.png,JEE_Advanced_PYQ_Archive\2026\Paper-2\Answer-Key\JEE_Advanced_2026_Paper-2_Final-Answer-Key.pdf,1,[JEE ADVANCED] [2026] [Paper 2]
JA_2026_P2_PHY_Q018,JEE_ADVANCED,2026,,2026-05-25,,Paper 2,Physics,Laws of Motion,Newton's Laws of Motion,SINGLE_CORRECT_MCQ,18,B,,INDEPENDENTLY_VERIFIED,HIGH,3.0,-1.0,JEE_ADVANCED\images\JA_2026_P2_PHY_Q018\diagram.png,JEE_Advanced_PYQ_Archive\2026\Paper-2\Answer-Key\JEE_Advanced_2026_Paper-2_Final-Answer-Key.pdf,1,[JEE ADVANCED] [2026] [Paper 2]
JA_2026_P2_PHY_Q001,JEE_ADVANCED,2026,,2026-05-25,,Paper 2,Physics,Kinematics,Projectile Motion,SINGLE_CORRECT_MCQ,1,C,,OFFICIAL_VERIFIED,HIGH,3.0,-1.0,JEE_ADVANCED\images\JA_2026_P2_PHY_Q001\diagram.png,JEE_Advanced_PYQ_Archive\2026\Paper-2\Answer-Key\JEE_Advanced_2026_Paper-2_Final-Answer-Key.pdf,1,[JEE ADVANCED] [2026] [Paper 2]
JA_2026_P2_PHY_Q002,JEE_ADVANCED,2026,,2026-05-25,,Paper 2,Physics,Thermal Physics and Thermodynamics,First Law of Thermodynamics,SINGLE_CORRECT_MCQ,2,A,,OFFICIAL_VERIFIED,HIGH,3.0,-1.0,JEE_ADVANCED\images\JA_2026_P2_PHY_Q002\diagram.png,JEE_Advanced_PYQ_Archive\2026\Paper-2\Answer-Key\JEE_Advanced_2026_Paper-2_Final-Answer-Key.pdf,1,[JEE ADVANCED] [2026] [Paper 2]
JA_2026_P2_PHY_Q003,JEE_ADVANCED,2026,,2026-05-25,,Paper 2,Physics,Optics,Reflection and Refraction at Spherical Surfaces,SINGLE_CORRECT_MCQ,3,B,,OFFICIAL_VERIFIED,HIGH,3.0,-1.0,JEE_ADVANCED\images\JA_2026_P2_PHY_Q003\diagram.png,JEE_Advanced_PYQ_Archive\2026\Paper-2\Answer-Key\JEE_Advanced_2026_Paper-2_Final-Answer-Key.pdf,1,[JEE ADVANCED] [2026] [Paper 2]
JA_2026_P2_PHY_Q004,JEE_ADVANCED,2026,,2026-05-25,,Paper 2,Physics,Rotational Motion,Moment of Inertia,MULTIPLE_CORRECT,4,A,,OFFICIAL_VERIFIED,HIGH,4.0,-2.0,JEE_ADVANCED\images\JA_2026_P2_PHY_Q004\diagram.png,JEE_Advanced_PYQ_Archive\2026\Paper-2\Answer-Key\JEE_Advanced_2026_Paper-2_Final-Answer-Key.pdf,1,[JEE ADVANCED] [2026] [Paper 2]
JA_2026_P2_PHY_Q005,JEE_ADVANCED,2026,,2026-05-25,,Paper 2,Physics,Optics,Reflection and Refraction at Spherical Surfaces,SINGLE_CORRECT_MCQ,5,ACD,,OFFICIAL_VERIFIED,HIGH,3.0,-1.0,JEE_ADVANCED\images\JA_2026_P2_PHY_Q005\diagram.png,JEE_Advanced_PYQ_Archive\2026\Paper-2\Answer-Key\JEE_Advanced_2026_Paper-2_Final-Answer-Key.pdf,1,[JEE ADVANCED] [2026] [Paper 2]
JA_2026_P2_PHY_Q006,JEE_ADVANCED,2026,,2026-05-25,,Paper 2,Physics,Kinematics,Projectile Motion,SINGLE_CORRECT_MCQ,6,AC,,OFFICIAL_VERIFIED,HIGH,3.0,-1.0,JEE_ADVANCED\images\JA_2026_P2_PHY_Q006\diagram.png,JEE_Advanced_PYQ_Archive\2026\Paper-2\Answer-Key\JEE_Advanced_2026_Paper-2_Final-Answer-Key.pdf,1,[JEE ADVANCED] [2026] [Paper 2]
JA_2026_P2_PHY_Q007,JEE_ADVANCED,2026,,2026-05-25,,Paper 2,Physics,Electrostatics,Electric Potential and Potential Energy,SINGLE_CORRECT_MCQ,7,ABC,,OFFICIAL_VERIFIED,HIGH,3.0,-1.0,JEE_ADVANCED\images\JA_2026_P2_PHY_Q007\diagram.png,JEE_Advanced_PYQ_Archive\2026\Paper-2\Answer-Key\JEE_Advanced_2026_Paper-2_Final-Answer-Key.pdf,1,[JEE ADVANCED] [2026] [Paper 2]
JA_2026_P2_PHY_Q008,JEE_ADVANCED,2026,,2026-05-25,,Paper 2,Physics,Kinematics,Projectile Motion,SINGLE_CORRECT_MCQ,8,BD,,OFFICIAL_VERIFIED,HIGH,3.0,-1.0,JEE_ADVANCED\images\JA_2026_P2_PHY_Q008\diagram.png,JEE_Advanced_PYQ_Archive\2026\Paper-2\Answer-Key\JEE_Advanced_2026_Paper-2_Final-Answer-Key.pdf,1,[JEE ADVANCED] [2026] [Paper 2]
JA_2026_P2_PHY_Q009,JEE_ADVANCED,2026,,2026-05-25,,Paper 2,Physics,Laws of Motion,Newton's Laws of Motion,SINGLE_CORRECT_MCQ,9,ABC,,OFFICIAL_VERIFIED,HIGH,3.0,-1.0,JEE_ADVANCED\images\JA_2026_P2_PHY_Q009\diagram.png,JEE_Advanced_PYQ_Archive\2026\Paper-2\Answer-Key\JEE_Advanced_2026_Paper-2_Final-Answer-Key.pdf,1,[JEE ADVANCED] [2026] [Paper 2]
JA_2026_P2_PHY_Q010,JEE_ADVANCED,2026,,2026-05-25,,Paper 2,Physics,Magnetic Effects of Current and Magnetism,Lorentz Force and Charged Particle Motion,SINGLE_CORRECT_MCQ,10,B,,INDEPENDENTLY_VERIFIED,HIGH,3.0,-1.0,JEE_ADVANCED\images\JA_2026_P2_PHY_Q010\diagram.png,JEE_Advanced_PYQ_Archive\2026\Paper-2\Answer-Key\JEE_Advanced_2026_Paper-2_Final-Answer-Key.pdf,1,[JEE ADVANCED] [2026] [Paper 2]
JA_2026_P2_PHY_Q011,JEE_ADVANCED,2026,,2026-05-25,,Paper 2,Physics,Laws of Motion,Newton's Laws of Motion,NUMERICAL,11,4,4.0,INDEPENDENTLY_VERIFIED,HIGH,4.0,0.0,JEE_ADVANCED\images\JA_2026_P2_PHY_Q011\diagram.png,JEE_Advanced_PYQ_Archive\2026\Paper-2\Answer-Key\JEE_Advanced_2026_Paper-2_Final-Answer-Key.pdf,1,[JEE ADVANCED] [2026] [Paper 2]
JA_2026_P2_PHY_Q012,JEE_ADVANCED,2026,,2026-05-25,,Paper 2,Physics,Laws of Motion,Newton's Laws of Motion,SINGLE_CORRECT_MCQ,12,B,,INDEPENDENTLY_VERIFIED,HIGH,3.0,-1.0,JEE_ADVANCED\images\JA_2026_P2_PHY_Q012\diagram.png,JEE_Advanced_PYQ_Archive\2026\Paper-2\Answer-Key\JEE_Advanced_2026_Paper-2_Final-Answer-Key.pdf,1,[JEE ADVANCED] [2026] [Paper 2]
JA_2026_P2_PHY_Q013,JEE_ADVANCED,2026,,2026-05-25,,Paper 2,Physics,Magnetic Effects of Current and Magnetism,Lorentz Force and Charged Particle Motion,SINGLE_CORRECT_MCQ,13,B,,INDEPENDENTLY_VERIFIED,HIGH,3.0,-1.0,JEE_ADVANCED\images\JA_2026_P2_PHY_Q013\diagram.png,JEE_Advanced_PYQ_Archive\2026\Paper-2\Answer-Key\JEE_Advanced_2026_Paper-2_Final-Answer-Key.pdf,1,[JEE ADVANCED] [2026] [Paper 2]
JA_2026_P2_PHY_Q014,JEE_ADVANCED,2026,,2026-05-25,,Paper 2,Physics,Magnetic Effects of Current and Magnetism,Lorentz Force and Charged Particle Motion,NUMERICAL,14,4,4.0,INDEPENDENTLY_VERIFIED,HIGH,4.0,0.0,JEE_ADVANCED\images\JA_2026_P2_PHY_Q014\diagram.png,JEE_Advanced_PYQ_Archive\2026\Paper-2\Answer-Key\JEE_Advanced_2026_Paper-2_Final-Answer-Key.pdf,1,[JEE ADVANCED] [2026] [Paper 2]
JA_2026_P2_PHY_Q015,JEE_ADVANCED,2026,,2026-05-25,,Paper 2,Physics,Laws of Motion,Newton's Laws of Motion,SINGLE_CORRECT_MCQ,15,B,,INDEPENDENTLY_VERIFIED,HIGH,3.0,-1.0,JEE_ADVANCED\images\JA_2026_P2_PHY_Q015\diagram.png,JEE_Advanced_PYQ_Archive\2026\Paper-2\Answer-Key\JEE_Advanced_2026_Paper-2_Final-Answer-Key.pdf,1,[JEE ADVANCED] [2026] [Paper 2]
JA_2026_P2_PHY_Q016,JEE_ADVANCED,2026,,2026-05-25,,Paper 2,Physics,Laws of Motion,Newton's Laws of Motion,SINGLE_CORRECT_MCQ,16,B,,INDEPENDENTLY_VERIFIED,HIGH,3.0,-1.0,JEE_ADVANCED\images\JA_2026_P2_PHY_Q016\diagram.png,JEE_Advanced_PYQ_Archive\2026\Paper-2\Answer-Key\JEE_Advanced_2026_Paper-2_Final-Answer-Key.pdf,1,[JEE ADVANCED] [2026] [Paper 2]
JA_2026_P2_PHY_Q017,JEE_ADVANCED,2026,,2026-05-25,,Paper 2,Physics,Laws of Motion,Newton's Laws of Motion,SINGLE_CORRECT_MCQ,17,B,,INDEPENDENTLY_VERIFIED,HIGH,3.0,-1.0,JEE_ADVANCED\images\JA_2026_P2_PHY_Q017\diagram.png,JEE_Advanced_PYQ_Archive\2026\Paper-2\Answer-Key\JEE_Advanced_2026_Paper-2_Final-Answer-Key.pdf,1,[JEE ADVANCED] [2026] [Paper 2]
JA_2026_P2_PHY_Q018,JEE_ADVANCED,2026,,2026-05-25,,Paper 2,Physics,Laws of Motion,Newton's Laws of Motion,SINGLE_CORRECT_MCQ,18,B,,INDEPENDENTLY_VERIFIED,HIGH,3.0,-1.0,JEE_ADVANCED\images\JA_2026_P2_PHY_Q018\diagram.png,JEE_Advanced_PYQ_Archive\2026\Paper-2\Answer-Key\JEE_Advanced_2026_Paper-2_Final-Answer-Key.pdf,1,[JEE ADVANCED] [2026] [Paper 2]
JA_2026_P2_PHY_Q001,JEE_ADVANCED,2026,,2026-05-25,,Paper 2,Physics,Laws of Motion,Newton's Laws of Motion,SINGLE_CORRECT_MCQ,1,C,,OFFICIAL_VERIFIED,HIGH,3.0,-1.0,JEE_ADVANCED\images\JA_2026_P2_PHY_Q001\diagram.png,JEE_Advanced_PYQ_Archive\2026\Paper-2\Answer-Key\JEE_Advanced_2026_Paper-2_Final-Answer-Key.pdf,1,[JEE ADVANCED] [2026] [Paper 2]
JA_2026_P2_PHY_Q002,JEE_ADVANCED,2026,,2026-05-25,,Paper 2,Physics,Laws of Motion,Newton's Laws of Motion,SINGLE_CORRECT_MCQ,2,B,,OFFICIAL_VERIFIED,HIGH,3.0,-1.0,JEE_ADVANCED\images\JA_2026_P2_PHY_Q002\diagram.png,JEE_Advanced_PYQ_Archive\2026\Paper-2\Answer-Key\JEE_Advanced_2026_Paper-2_Final-Answer-Key.pdf,1,[JEE ADVANCED] [2026] [Paper 2]
JA_2026_P2_PHY_Q003,JEE_ADVANCED,2026,,2026-05-25,,Paper 2,Physics,Thermal Physics and Thermodynamics,First Law of Thermodynamics,SINGLE_CORRECT_MCQ,3,A,,OFFICIAL_VERIFIED,HIGH,3.0,-1.0,JEE_ADVANCED\images\JA_2026_P2_PHY_Q003\diagram.png,JEE_Advanced_PYQ_Archive\2026\Paper-2\Answer-Key\JEE_Advanced_2026_Paper-2_Final-Answer-Key.pdf,1,[JEE ADVANCED] [2026] [Paper 2]
JA_2026_P2_PHY_Q004,JEE_ADVANCED,2026,,2026-05-25,,Paper 2,Physics,Laws of Motion,Newton's Laws of Motion,MULTIPLE_CORRECT,4,A,,OFFICIAL_VERIFIED,HIGH,4.0,-2.0,JEE_ADVANCED\images\JA_2026_P2_PHY_Q004\diagram.png,JEE_Advanced_PYQ_Archive\2026\Paper-2\Answer-Key\JEE_Advanced_2026_Paper-2_Final-Answer-Key.pdf,1,[JEE ADVANCED] [2026] [Paper 2]
JA_2026_P2_PHY_Q005,JEE_ADVANCED,2026,,2026-05-25,,Paper 2,Physics,Laws of Motion,Newton's Laws of Motion,SINGLE_CORRECT_MCQ,5,CD,,OFFICIAL_VERIFIED,HIGH,3.0,-1.0,JEE_ADVANCED\images\JA_2026_P2_PHY_Q005\diagram.png,JEE_Advanced_PYQ_Archive\2026\Paper-2\Answer-Key\JEE_Advanced_2026_Paper-2_Final-Answer-Key.pdf,1,[JEE ADVANCED] [2026] [Paper 2]
JA_2026_P2_PHY_Q006,JEE_ADVANCED,2026,,2026-05-25,,Paper 2,Physics,Laws of Motion,Newton's Laws of Motion,SINGLE_CORRECT_MCQ,6,ACD,,OFFICIAL_VERIFIED,HIGH,3.0,-1.0,JEE_ADVANCED\images\JA_2026_P2_PHY_Q006\diagram.png,JEE_Advanced_PYQ_Archive\2026\Paper-2\Answer-Key\JEE_Advanced_2026_Paper-2_Final-Answer-Key.pdf,1,[JEE ADVANCED] [2026] [Paper 2]
JA_2026_P2_PHY_Q007,JEE_ADVANCED,2026,,2026-05-25,,Paper 2,Physics,Laws of Motion,Newton's Laws of Motion,SINGLE_CORRECT_MCQ,7,AB,,OFFICIAL_VERIFIED,HIGH,3.0,-1.0,JEE_ADVANCED\images\JA_2026_P2_PHY_Q007\diagram.png,JEE_Advanced_PYQ_Archive\2026\Paper-2\Answer-Key\JEE_Advanced_2026_Paper-2_Final-Answer-Key.pdf,1,[JEE ADVANCED] [2026] [Paper 2]
JA_2026_P2_PHY_Q008,JEE_ADVANCED,2026,,2026-05-25,,Paper 2,Physics,Laws of Motion,Newton's Laws of Motion,SINGLE_CORRECT_MCQ,8,BD,,OFFICIAL_VERIFIED,HIGH,3.0,-1.0,JEE_ADVANCED\images\JA_2026_P2_PHY_Q008\diagram.png,JEE_Advanced_PYQ_Archive\2026\Paper-2\Answer-Key\JEE_Advanced_2026_Paper-2_Final-Answer-Key.pdf,1,[JEE ADVANCED] [2026] [Paper 2]
JA_2026_P2_PHY_Q009,JEE_ADVANCED,2026,,2026-05-25,,Paper 2,Physics,Rotational Motion,Moment of Inertia,SINGLE_CORRECT_MCQ,9,BC,,OFFICIAL_VERIFIED,HIGH,3.0,-1.0,JEE_ADVANCED\images\JA_2026_P2_PHY_Q009\diagram.png,JEE_Advanced_PYQ_Archive\2026\Paper-2\Answer-Key\JEE_Advanced_2026_Paper-2_Final-Answer-Key.pdf,1,[JEE ADVANCED] [2026] [Paper 2]
JA_2026_P2_PHY_Q010,JEE_ADVANCED,2026,,2026-05-25,,Paper 2,Physics,Modern Physics,Photoelectric Effect,SINGLE_CORRECT_MCQ,10,B,,INDEPENDENTLY_VERIFIED,HIGH,3.0,-1.0,JEE_ADVANCED\images\JA_2026_P2_PHY_Q010\diagram.png,JEE_Advanced_PYQ_Archive\2026\Paper-2\Answer-Key\JEE_Advanced_2026_Paper-2_Final-Answer-Key.pdf,1,[JEE ADVANCED] [2026] [Paper 2]
JA_2026_P2_PHY_Q011,JEE_ADVANCED,2026,,2026-05-25,,Paper 2,Physics,Laws of Motion,Newton's Laws of Motion,NUMERICAL,11,4,4.0,INDEPENDENTLY_VERIFIED,HIGH,4.0,0.0,JEE_ADVANCED\images\JA_2026_P2_PHY_Q011\diagram.png,JEE_Advanced_PYQ_Archive\2026\Paper-2\Answer-Key\JEE_Advanced_2026_Paper-2_Final-Answer-Key.pdf,1,[JEE ADVANCED] [2026] [Paper 2]
JA_2026_P2_PHY_Q012,JEE_ADVANCED,2026,,2026-05-25,,Paper 2,Physics,Laws of Motion,Newton's Laws of Motion,SINGLE_CORRECT_MCQ,12,B,,INDEPENDENTLY_VERIFIED,HIGH,3.0,-1.0,JEE_ADVANCED\images\JA_2026_P2_PHY_Q012\diagram.png,JEE_Advanced_PYQ_Archive\2026\Paper-2\Answer-Key\JEE_Advanced_2026_Paper-2_Final-Answer-Key.pdf,1,[JEE ADVANCED] [2026] [Paper 2]
JA_2026_P2_PHY_Q013,JEE_ADVANCED,2026,,2026-05-25,,Paper 2,Physics,Laws of Motion,Newton's Laws of Motion,SINGLE_CORRECT_MCQ,13,B,,INDEPENDENTLY_VERIFIED,HIGH,3.0,-1.0,JEE_ADVANCED\images\JA_2026_P2_PHY_Q013\diagram.png,JEE_Advanced_PYQ_Archive\2026\Paper-2\Answer-Key\JEE_Advanced_2026_Paper-2_Final-Answer-Key.pdf,1,[JEE ADVANCED] [2026] [Paper 2]
JA_2026_P2_PHY_Q014,JEE_ADVANCED,2026,,2026-05-25,,Paper 2,Physics,Laws of Motion,Newton's Laws of Motion,SINGLE_CORRECT_MCQ,14,B,,INDEPENDENTLY_VERIFIED,HIGH,3.0,-1.0,JEE_ADVANCED\images\JA_2026_P2_PHY_Q014\diagram.png,JEE_Advanced_PYQ_Archive\2026\Paper-2\Answer-Key\JEE_Advanced_2026_Paper-2_Final-Answer-Key.pdf,1,[JEE ADVANCED] [2026] [Paper 2]
JA_2026_P2_PHY_Q015,JEE_ADVANCED,2026,,2026-05-25,,Paper 2,Physics,Laws of Motion,Newton's Laws of Motion,SINGLE_CORRECT_MCQ,15,B,,INDEPENDENTLY_VERIFIED,HIGH,3.0,-1.0,JEE_ADVANCED\images\JA_2026_P2_PHY_Q015\diagram.png,JEE_Advanced_PYQ_Archive\2026\Paper-2\Answer-Key\JEE_Advanced_2026_Paper-2_Final-Answer-Key.pdf,1,[JEE ADVANCED] [2026] [Paper 2]
JA_2026_P2_PHY_Q016,JEE_ADVANCED,2026,,2026-05-25,,Paper 2,Physics,Laws of Motion,Newton's Laws of Motion,NUMERICAL,16,4,4.0,INDEPENDENTLY_VERIFIED,HIGH,4.0,0.0,JEE_ADVANCED\images\JA_2026_P2_PHY_Q016\diagram.png,JEE_Advanced_PYQ_Archive\2026\Paper-2\Answer-Key\JEE_Advanced_2026_Paper-2_Final-Answer-Key.pdf,1,[JEE ADVANCED] [2026] [Paper 2]
JA_2026_P2_PHY_Q017,JEE_ADVANCED,2026,,2026-05-25,,Paper 2,Physics,Laws of Motion,Newton's Laws of Motion,SINGLE_CORRECT_MCQ,17,B,,INDEPENDENTLY_VERIFIED,HIGH,3.0,-1.0,JEE_ADVANCED\images\JA_2026_P2_PHY_Q017\diagram.png,JEE_Advanced_PYQ_Archive\2026\Paper-2\Answer-Key\JEE_Advanced_2026_Paper-2_Final-Answer-Key.pdf,1,[JEE ADVANCED] [2026] [Paper 2]
JA_2026_P2_PHY_Q018,JEE_ADVANCED,2026,,2026-05-25,,Paper 2,Physics,Laws of Motion,Newton's Laws of Motion,SINGLE_CORRECT_MCQ,18,B,,INDEPENDENTLY_VERIFIED,HIGH,3.0,-1.0,JEE_ADVANCED\images\JA_2026_P2_PHY_Q018\diagram.png,JEE_Advanced_PYQ_Archive\2026\Paper-2\Answer-Key\JEE_Advanced_2026_Paper-2_Final-Answer-Key.pdf,1,[JEE ADVANCED] [2026] [Paper 2]
