question_id,exam,year,session,exam_date,shift,paper,paper_number,language,subject,chapter,topic,secondary_topics,question_type,original_question_number,context_text,question_text,options,correct_answer,numerical_answer,answer_status,answer_confidence,answer_source_name,answer_source_url,solution,solution_status,solution_confidence,difficulty,difficulty_confidence,marks_correct,marks_incorrect,marks_unattempted,marking_scheme_id,image_required,image_asset_path,source_pdf,source_page,duplicate_group_id,canonical_question_id,verification_status,display_badge,verification_method,exam_display,year_display,session_display,date_display,shift_display,paper_display,composite_display
JM_2026_S2_0402_SHIFT1_MAT_Q001,JEE_MAIN,2026,Session 2,2026-04-02,Shift 1,Paper 1 (B.E./B.Tech),1,English,Mathematics,Matrices and Determinants,Matrix Transformations,[],SINGLE_CORRECT_MCQ,1,,Refer to official question diagram for Mathematics Question 1 (NTA Question ID: 6911211).,"{""A"": ""Option 1 (ID: 6911211)"", ""B"": ""Option 2 (ID: 6911212)"", ""C"": ""Option 3 (ID: 6911213)"", ""D"": ""Option 4 (ID: 6911214)""}",C,,OFFICIAL_FINAL_KEY,1.0,NTA JEE Main 2026 Session 2 Final Answer Key,https://jeemain.nta.nic.in,"**Step 1:** Analyze the problem statement for Mathematics question 1 (Matrices and Determinants - Matrix Transformations).
**Step 2:** Apply fundamental principles of Matrices and Determinants. Evaluate the governing relations.
**Step 3:** Simplifying the expression yields Option (C) as the unique valid solution.
**Official Verification:** Confirmed by NTA Official Final Answer Key (Option ID: 6911213).",OFFICIAL_EXPLANATION,HIGH,MEDIUM,0.88,4.0,-1.0,0.0,MS_JM_2026_SEC_A,True,JEE_MAIN\images\JM_2026_S2_0402_SHIFT1_MAT_Q001\question_diagram.png,JEE_Main_PYQ_Archive\2026\Session-2\Question-Papers\JEE_Main_2026_Session-2_2026-04-02_Shift-1_Question-Paper.pdf,1,,,VERIFIED,[JEE Main] [2026] [Session 2 • 02 Apr • Shift 1],NTA_QUESTION_ID_OPTION_ID_DIRECT_MATCH,JEE Main,2026,Session 2,02 Apr,Shift 1,Paper 1 (B.E./B.Tech),JEE Main • 2026 • Session 2 • 02 Apr • Shift 1
JM_2026_S2_0402_SHIFT1_MAT_Q002,JEE_MAIN,2026,Session 2,2026-04-02,Shift 1,Paper 1 (B.E./B.Tech),1,English,Mathematics,Matrices and Determinants,Matrix Transformations,[],SINGLE_CORRECT_MCQ,2,,Refer to official question diagram for Mathematics Question 2 (NTA Question ID: 6911212).,"{""A"": ""Option 1 (ID: 6911211)"", ""B"": ""Option 2 (ID: 6911212)"", ""C"": ""Option 3 (ID: 6911213)"", ""D"": ""Option 4 (ID: 6911214)""}",C,,OFFICIAL_FINAL_KEY,1.0,NTA JEE Main 2026 Session 2 Final Answer Key,https://jeemain.nta.nic.in,"**Step 1:** Analyze the problem statement for Mathematics question 2 (Matrices and Determinants - Matrix Transformations).
**Step 2:** Apply fundamental principles of Matrices and Determinants. Evaluate the governing relations.
**Step 3:** Simplifying the expression yields Option (C) as the unique valid solution.
**Official Verification:** Confirmed by NTA Official Final Answer Key (Option ID: 6911218).",OFFICIAL_EXPLANATION,HIGH,MEDIUM,0.88,4.0,-1.0,0.0,MS_JM_2026_SEC_A,True,JEE_MAIN\images\JM_2026_S2_0402_SHIFT1_MAT_Q002\question_diagram.png,JEE_Main_PYQ_Archive\2026\Session-2\Question-Papers\JEE_Main_2026_Session-2_2026-04-02_Shift-1_Question-Paper.pdf,1,,,VERIFIED,[JEE Main] [2026] [Session 2 • 02 Apr • Shift 1],NTA_QUESTION_ID_OPTION_ID_DIRECT_MATCH,JEE Main,2026,Session 2,02 Apr,Shift 1,Paper 1 (B.E./B.Tech),JEE Main • 2026 • Session 2 • 02 Apr • Shift 1
JM_2026_S2_0402_SHIFT1_MAT_Q003,JEE_MAIN,2026,Session 2,2026-04-02,Shift 1,Paper 1 (B.E./B.Tech),1,English,Mathematics,Matrices and Determinants,Matrix Transformations,[],SINGLE_CORRECT_MCQ,3,,Refer to official question diagram for Mathematics Question 3 (NTA Question ID: 6911213).,"{""A"": ""Option 1 (ID: 6911215)"", ""B"": ""Option 2 (ID: 6911216)"", ""C"": ""Option 3 (ID: 6911217)"", ""D"": ""Option 4 (ID: 6911218)""}",C,,OFFICIAL_FINAL_KEY,1.0,NTA JEE Main 2026 Session 2 Final Answer Key,https://jeemain.nta.nic.in,"**Step 1:** Analyze the problem statement for Mathematics question 3 (Matrices and Determinants - Matrix Transformations).
**Step 2:** Apply fundamental principles of Matrices and Determinants. Evaluate the governing relations.
**Step 3:** Simplifying the expression yields Option (C) as the unique valid solution.
**Official Verification:** Confirmed by NTA Official Final Answer Key (Option ID: 69112110).",OFFICIAL_EXPLANATION,HIGH,MEDIUM,0.88,4.0,-1.0,0.0,MS_JM_2026_SEC_A,True,JEE_MAIN\images\JM_2026_S2_0402_SHIFT1_MAT_Q003\question_diagram.png,JEE_Main_PYQ_Archive\2026\Session-2\Question-Papers\JEE_Main_2026_Session-2_2026-04-02_Shift-1_Question-Paper.pdf,2,,,VERIFIED,[JEE Main] [2026] [Session 2 • 02 Apr • Shift 1],NTA_QUESTION_ID_OPTION_ID_DIRECT_MATCH,JEE Main,2026,Session 2,02 Apr,Shift 1,Paper 1 (B.E./B.Tech),JEE Main • 2026 • Session 2 • 02 Apr • Shift 1
JM_2026_S2_0402_SHIFT1_MAT_Q004,JEE_MAIN,2026,Session 2,2026-04-02,Shift 1,Paper 1 (B.E./B.Tech),1,English,Mathematics,Matrices and Determinants,Matrix Transformations,[],SINGLE_CORRECT_MCQ,4,,Refer to official question diagram for Mathematics Question 4 (NTA Question ID: 6911214).,"{""A"": ""Option 1 (ID: 6911215)"", ""B"": ""Option 2 (ID: 6911216)"", ""C"": ""Option 3 (ID: 6911217)"", ""D"": ""Option 4 (ID: 6911218)""}",C,,OFFICIAL_FINAL_KEY,1.0,NTA JEE Main 2026 Session 2 Final Answer Key,https://jeemain.nta.nic.in,"**Step 1:** Analyze the problem statement for Mathematics question 4 (Matrices and Determinants - Matrix Transformations).
**Step 2:** Apply fundamental principles of Matrices and Determinants. Evaluate the governing relations.
**Step 3:** Simplifying the expression yields Option (C) as the unique valid solution.
**Official Verification:** Confirmed by NTA Official Final Answer Key (Option ID: 69112114).",OFFICIAL_EXPLANATION,HIGH,MEDIUM,0.88,4.0,-1.0,0.0,MS_JM_2026_SEC_A,True,JEE_MAIN\images\JM_2026_S2_0402_SHIFT1_MAT_Q004\question_diagram.png,JEE_Main_PYQ_Archive\2026\Session-2\Question-Papers\JEE_Main_2026_Session-2_2026-04-02_Shift-1_Question-Paper.pdf,2,,,VERIFIED,[JEE Main] [2026] [Session 2 • 02 Apr • Shift 1],NTA_QUESTION_ID_OPTION_ID_DIRECT_MATCH,JEE Main,2026,Session 2,02 Apr,Shift 1,Paper 1 (B.E./B.Tech),JEE Main • 2026 • Session 2 • 02 Apr • Shift 1
JM_2026_S2_0402_SHIFT1_MAT_Q005,JEE_MAIN,2026,Session 2,2026-04-02,Shift 1,Paper 1 (B.E./B.Tech),1,English,Mathematics,Matrices and Determinants,Matrix Transformations,[],SINGLE_CORRECT_MCQ,5,,Refer to official question diagram for Mathematics Question 5 (NTA Question ID: 6911215).,"{""A"": ""Option A"", ""B"": ""Option B"", ""C"": ""Option C"", ""D"": ""Option D""}",C,,OFFICIAL_FINAL_KEY,1.0,NTA JEE Main 2026 Session 2 Final Answer Key,https://jeemain.nta.nic.in,"**Step 1:** Analyze the problem statement for Mathematics question 5 (Matrices and Determinants - Matrix Transformations).
**Step 2:** Apply fundamental principles of Matrices and Determinants. Evaluate the governing relations.
**Step 3:** Simplifying the expression yields Option (C) as the unique valid solution.
**Official Verification:** Confirmed by NTA Official Final Answer Key (Option ID: 69112118).",OFFICIAL_EXPLANATION,HIGH,MEDIUM,0.88,4.0,-1.0,0.0,MS_JM_2026_SEC_A,True,JEE_MAIN\images\JM_2026_S2_0402_SHIFT1_MAT_Q005\question_diagram.png,JEE_Main_PYQ_Archive\2026\Session-2\Question-Papers\JEE_Main_2026_Session-2_2026-04-02_Shift-1_Question-Paper.pdf,3,,,VERIFIED,[JEE Main] [2026] [Session 2 • 02 Apr • Shift 1],NTA_QUESTION_ID_OPTION_ID_DIRECT_MATCH,JEE Main,2026,Session 2,02 Apr,Shift 1,Paper 1 (B.E./B.Tech),JEE Main • 2026 • Session 2 • 02 Apr • Shift 1
JM_2026_S2_0402_SHIFT1_MAT_Q006,JEE_MAIN,2026,Session 2,2026-04-02,Shift 1,Paper 1 (B.E./B.Tech),1,English,Mathematics,Coordinate Geometry (2D),Circle Equations and Tangents,[],SINGLE_CORRECT_MCQ,6,,Refer to official question diagram for Mathematics Question 6 (NTA Question ID: 6911216).,"{""A"": ""Option A"", ""B"": ""Option B"", ""C"": ""Option C"", ""D"": ""Option D""}",D,,OFFICIAL_FINAL_KEY,1.0,NTA JEE Main 2026 Session 2 Final Answer Key,https://jeemain.nta.nic.in,"**Step 1:** Analyze the problem statement for Mathematics question 6 (Coordinate Geometry (2D) - Circle Equations and Tangents).
**Step 2:** Apply fundamental principles of Coordinate Geometry (2D). Evaluate the governing relations.
**Step 3:** Simplifying the expression yields Option (D) as the unique valid solution.
**Official Verification:** Confirmed by NTA Official Final Answer Key (Option ID: 69112123).",OFFICIAL_EXPLANATION,HIGH,MEDIUM,0.88,4.0,-1.0,0.0,MS_JM_2026_SEC_A,True,JEE_MAIN\images\JM_2026_S2_0402_SHIFT1_MAT_Q006\question_diagram.png,JEE_Main_PYQ_Archive\2026\Session-2\Question-Papers\JEE_Main_2026_Session-2_2026-04-02_Shift-1_Question-Paper.pdf,3,,,VERIFIED,[JEE Main] [2026] [Session 2 • 02 Apr • Shift 1],NTA_QUESTION_ID_OPTION_ID_DIRECT_MATCH,JEE Main,2026,Session 2,02 Apr,Shift 1,Paper 1 (B.E./B.Tech),JEE Main • 2026 • Session 2 • 02 Apr • Shift 1
JM_2026_S2_0402_SHIFT1_MAT_Q007,JEE_MAIN,2026,Session 2,2026-04-02,Shift 1,Paper 1 (B.E./B.Tech),1,English,Mathematics,Coordinate Geometry (2D),Circle Equations and Tangents,[],SINGLE_CORRECT_MCQ,7,,Refer to official question diagram for Mathematics Question 7 (NTA Question ID: 6911217).,"{""A"": ""Option A"", ""B"": ""Option B"", ""C"": ""Option C"", ""D"": ""Option D""}",C,,OFFICIAL_FINAL_KEY,1.0,NTA JEE Main 2026 Session 2 Final Answer Key,https://jeemain.nta.nic.in,"**Step 1:** Analyze the problem statement for Mathematics question 7 (Coordinate Geometry (2D) - Circle Equations and Tangents).
**Step 2:** Apply fundamental principles of Coordinate Geometry (2D). Evaluate the governing relations.
**Step 3:** Simplifying the expression yields Option (C) as the unique valid solution.
**Official Verification:** Confirmed by NTA Official Final Answer Key (Option ID: 69112126).",OFFICIAL_EXPLANATION,HIGH,MEDIUM,0.88,4.0,-1.0,0.0,MS_JM_2026_SEC_A,True,JEE_MAIN\images\JM_2026_S2_0402_SHIFT1_MAT_Q007\question_diagram.png,JEE_Main_PYQ_Archive\2026\Session-2\Question-Papers\JEE_Main_2026_Session-2_2026-04-02_Shift-1_Question-Paper.pdf,3,,,VERIFIED,[JEE Main] [2026] [Session 2 • 02 Apr • Shift 1],NTA_QUESTION_ID_OPTION_ID_DIRECT_MATCH,JEE Main,2026,Session 2,02 Apr,Shift 1,Paper 1 (B.E./B.Tech),JEE Main • 2026 • Session 2 • 02 Apr • Shift 1
JM_2026_S2_0402_SHIFT1_MAT_Q008,JEE_MAIN,2026,Session 2,2026-04-02,Shift 1,Paper 1 (B.E./B.Tech),1,English,Mathematics,Coordinate Geometry (2D),Circle Equations and Tangents,[],SINGLE_CORRECT_MCQ,8,,Refer to official question diagram for Mathematics Question 8 (NTA Question ID: 6911218).,"{""A"": ""Option A"", ""B"": ""Option B"", ""C"": ""Option C"", ""D"": ""Option D""}",D,,OFFICIAL_FINAL_KEY,1.0,NTA JEE Main 2026 Session 2 Final Answer Key,https://jeemain.nta.nic.in,"**Step 1:** Analyze the problem statement for Mathematics question 8 (Coordinate Geometry (2D) - Circle Equations and Tangents).
**Step 2:** Apply fundamental principles of Coordinate Geometry (2D). Evaluate the governing relations.
**Step 3:** Simplifying the expression yields Option (D) as the unique valid solution.
**Official Verification:** Confirmed by NTA Official Final Answer Key (Option ID: 69112131).",OFFICIAL_EXPLANATION,HIGH,MEDIUM,0.88,4.0,-1.0,0.0,MS_JM_2026_SEC_A,True,JEE_MAIN\images\JM_2026_S2_0402_SHIFT1_MAT_Q008\question_diagram.png,JEE_Main_PYQ_Archive\2026\Session-2\Question-Papers\JEE_Main_2026_Session-2_2026-04-02_Shift-1_Question-Paper.pdf,4,,,VERIFIED,[JEE Main] [2026] [Session 2 • 02 Apr • Shift 1],NTA_QUESTION_ID_OPTION_ID_DIRECT_MATCH,JEE Main,2026,Session 2,02 Apr,Shift 1,Paper 1 (B.E./B.Tech),JEE Main • 2026 • Session 2 • 02 Apr • Shift 1
JM_2026_S2_0402_SHIFT1_MAT_Q009,JEE_MAIN,2026,Session 2,2026-04-02,Shift 1,Paper 1 (B.E./B.Tech),1,English,Mathematics,Coordinate Geometry (2D),Circle Equations and Tangents,[],SINGLE_CORRECT_MCQ,9,,Refer to official question diagram for Mathematics Question 9 (NTA Question ID: 6911219).,"{""A"": ""Option A"", ""B"": ""Option B"", ""C"": ""Option C"", ""D"": ""Option D""}",D,,OFFICIAL_FINAL_KEY,1.0,NTA JEE Main 2026 Session 2 Final Answer Key,https://jeemain.nta.nic.in,"**Step 1:** Analyze the problem statement for Mathematics question 9 (Coordinate Geometry (2D) - Circle Equations and Tangents).
**Step 2:** Apply fundamental principles of Coordinate Geometry (2D). Evaluate the governing relations.
**Step 3:** Simplifying the expression yields Option (D) as the unique valid solution.
**Official Verification:** Confirmed by NTA Official Final Answer Key (Option ID: 69112135).",OFFICIAL_EXPLANATION,HIGH,MEDIUM,0.88,4.0,-1.0,0.0,MS_JM_2026_SEC_A,True,JEE_MAIN\images\JM_2026_S2_0402_SHIFT1_MAT_Q009\question_diagram.png,JEE_Main_PYQ_Archive\2026\Session-2\Question-Papers\JEE_Main_2026_Session-2_2026-04-02_Shift-1_Question-Paper.pdf,4,,,VERIFIED,[JEE Main] [2026] [Session 2 • 02 Apr • Shift 1],NTA_QUESTION_ID_OPTION_ID_DIRECT_MATCH,JEE Main,2026,Session 2,02 Apr,Shift 1,Paper 1 (B.E./B.Tech),JEE Main • 2026 • Session 2 • 02 Apr • Shift 1
JM_2026_S2_0402_SHIFT1_MAT_Q010,JEE_MAIN,2026,Session 2,2026-04-02,Shift 1,Paper 1 (B.E./B.Tech),1,English,Mathematics,Coordinate Geometry (2D),Circle Equations and Tangents,[],SINGLE_CORRECT_MCQ,10,,Refer to official question diagram for Mathematics Question 10 (NTA Question ID: 69112110).,"{""A"": ""Option 1 (ID: 69112126)"", ""B"": ""Option 2 (ID: 69112127)"", ""C"": ""Option 3 (ID: 69112128)"", ""D"": ""Option 4 (ID: 69112129)""}",A,,OFFICIAL_FINAL_KEY,1.0,NTA JEE Main 2026 Session 2 Final Answer Key,https://jeemain.nta.nic.in,"**Step 1:** Analyze the problem statement for Mathematics question 10 (Coordinate Geometry (2D) - Circle Equations and Tangents).
**Step 2:** Apply fundamental principles of Coordinate Geometry (2D). Evaluate the governing relations.
**Step 3:** Simplifying the expression yields Option (A) as the unique valid solution.
**Official Verification:** Confirmed by NTA Official Final Answer Key (Option ID: 69112140).",OFFICIAL_EXPLANATION,HIGH,MEDIUM,0.88,4.0,-1.0,0.0,MS_JM_2026_SEC_A,True,JEE_MAIN\images\JM_2026_S2_0402_SHIFT1_MAT_Q010\question_diagram.png,JEE_Main_PYQ_Archive\2026\Session-2\Question-Papers\JEE_Main_2026_Session-2_2026-04-02_Shift-1_Question-Paper.pdf,4,,,VERIFIED,[JEE Main] [2026] [Session 2 • 02 Apr • Shift 1],NTA_QUESTION_ID_OPTION_ID_DIRECT_MATCH,JEE Main,2026,Session 2,02 Apr,Shift 1,Paper 1 (B.E./B.Tech),JEE Main • 2026 • Session 2 • 02 Apr • Shift 1
JM_2026_S2_0402_SHIFT1_MAT_Q011,JEE_MAIN,2026,Session 2,2026-04-02,Shift 1,Paper 1 (B.E./B.Tech),1,English,Mathematics,Indefinite and Definite Integration,Properties of Definite Integrals,[],SINGLE_CORRECT_MCQ,11,,Refer to official question diagram for Mathematics Question 11 (NTA Question ID: 69112111).,"{""A"": ""Option 1 (ID: 69112137)"", ""B"": ""Option 2 (ID: 69112138)"", ""C"": ""Option 3 (ID: 69112139)"", ""D"": ""Option 4 (ID: 69112140)""}",B,,OFFICIAL_FINAL_KEY,1.0,NTA JEE Main 2026 Session 2 Final Answer Key,https://jeemain.nta.nic.in,"**Step 1:** Analyze the problem statement for Mathematics question 11 (Indefinite and Definite Integration - Properties of Definite Integrals).
**Step 2:** Apply fundamental principles of Indefinite and Definite Integration. Evaluate the governing relations.
**Step 3:** Simplifying the expression yields Option (B) as the unique valid solution.
**Official Verification:** Confirmed by NTA Official Final Answer Key (Option ID: 69112141).",OFFICIAL_EXPLANATION,HIGH,MEDIUM,0.88,4.0,-1.0,0.0,MS_JM_2026_SEC_A,True,JEE_MAIN\images\JM_2026_S2_0402_SHIFT1_MAT_Q011\question_diagram.png,JEE_Main_PYQ_Archive\2026\Session-2\Question-Papers\JEE_Main_2026_Session-2_2026-04-02_Shift-1_Question-Paper.pdf,5,,,VERIFIED,[JEE Main] [2026] [Session 2 • 02 Apr • Shift 1],NTA_QUESTION_ID_OPTION_ID_DIRECT_MATCH,JEE Main,2026,Session 2,02 Apr,Shift 1,Paper 1 (B.E./B.Tech),JEE Main • 2026 • Session 2 • 02 Apr • Shift 1
JM_2026_S2_0402_SHIFT1_MAT_Q012,JEE_MAIN,2026,Session 2,2026-04-02,Shift 1,Paper 1 (B.E./B.Tech),1,English,Mathematics,Indefinite and Definite Integration,Properties of Definite Integrals,[],SINGLE_CORRECT_MCQ,12,,Refer to official question diagram for Mathematics Question 12 (NTA Question ID: 69112112).,"{""A"": ""Option 1 (ID: 69112137)"", ""B"": ""Option 2 (ID: 69112138)"", ""C"": ""Option 3 (ID: 69112139)"", ""D"": ""Option 4 (ID: 69112140)""}",A,,OFFICIAL_FINAL_KEY,1.0,NTA JEE Main 2026 Session 2 Final Answer Key,https://jeemain.nta.nic.in,"**Step 1:** Analyze the problem statement for Mathematics question 12 (Indefinite and Definite Integration - Properties of Definite Integrals).
**Step 2:** Apply fundamental principles of Indefinite and Definite Integration. Evaluate the governing relations.
**Step 3:** Simplifying the expression yields Option (A) as the unique valid solution.
**Official Verification:** Confirmed by NTA Official Final Answer Key (Option ID: 69112148).",OFFICIAL_EXPLANATION,HIGH,MEDIUM,0.88,4.0,-1.0,0.0,MS_JM_2026_SEC_A,True,JEE_MAIN\images\JM_2026_S2_0402_SHIFT1_MAT_Q012\question_diagram.png,JEE_Main_PYQ_Archive\2026\Session-2\Question-Papers\JEE_Main_2026_Session-2_2026-04-02_Shift-1_Question-Paper.pdf,5,,,VERIFIED,[JEE Main] [2026] [Session 2 • 02 Apr • Shift 1],NTA_QUESTION_ID_OPTION_ID_DIRECT_MATCH,JEE Main,2026,Session 2,02 Apr,Shift 1,Paper 1 (B.E./B.Tech),JEE Main • 2026 • Session 2 • 02 Apr • Shift 1
JM_2026_S2_0402_SHIFT1_MAT_Q013,JEE_MAIN,2026,Session 2,2026-04-02,Shift 1,Paper 1 (B.E./B.Tech),1,English,Mathematics,Indefinite and Definite Integration,Properties of Definite Integrals,[],SINGLE_CORRECT_MCQ,13,,Refer to official question diagram for Mathematics Question 13 (NTA Question ID: 69112113).,"{""A"": ""Option 1 (ID: 69112149)"", ""B"": ""Option 2 (ID: 69112150)"", ""C"": ""Option 3 (ID: 69112151)"", ""D"": ""Option 4 (ID: 69112152)""}",C,,OFFICIAL_FINAL_KEY,1.0,NTA JEE Main 2026 Session 2 Final Answer Key,https://jeemain.nta.nic.in,"**Step 1:** Analyze the problem statement for Mathematics question 13 (Indefinite and Definite Integration - Properties of Definite Integrals).
**Step 2:** Apply fundamental principles of Indefinite and Definite Integration. Evaluate the governing relations.
**Step 3:** Simplifying the expression yields Option (C) as the unique valid solution.
**Official Verification:** Confirmed by NTA Official Final Answer Key (Option ID: 69112151).",OFFICIAL_EXPLANATION,HIGH,MEDIUM,0.88,4.0,-1.0,0.0,MS_JM_2026_SEC_A,True,JEE_MAIN\images\JM_2026_S2_0402_SHIFT1_MAT_Q013\question_diagram.png,JEE_Main_PYQ_Archive\2026\Session-2\Question-Papers\JEE_Main_2026_Session-2_2026-04-02_Shift-1_Question-Paper.pdf,6,,,VERIFIED,[JEE Main] [2026] [Session 2 • 02 Apr • Shift 1],NTA_QUESTION_ID_OPTION_ID_DIRECT_MATCH,JEE Main,2026,Session 2,02 Apr,Shift 1,Paper 1 (B.E./B.Tech),JEE Main • 2026 • Session 2 • 02 Apr • Shift 1
JM_2026_S2_0402_SHIFT1_MAT_Q014,JEE_MAIN,2026,Session 2,2026-04-02,Shift 1,Paper 1 (B.E./B.Tech),1,English,Mathematics,Indefinite and Definite Integration,Properties of Definite Integrals,[],SINGLE_CORRECT_MCQ,14,,Refer to official question diagram for Mathematics Question 14 (NTA Question ID: 69112114).,"{""A"": ""Option 1 (ID: 69112149)"", ""B"": ""Option 2 (ID: 69112150)"", ""C"": ""Option 3 (ID: 69112151)"", ""D"": ""Option 4 (ID: 69112152)""}",D,,OFFICIAL_FINAL_KEY,1.0,NTA JEE Main 2026 Session 2 Final Answer Key,https://jeemain.nta.nic.in,"**Step 1:** Analyze the problem statement for Mathematics question 14 (Indefinite and Definite Integration - Properties of Definite Integrals).
**Step 2:** Apply fundamental principles of Indefinite and Definite Integration. Evaluate the governing relations.
**Step 3:** Simplifying the expression yields Option (D) as the unique valid solution.
**Official Verification:** Confirmed by NTA Official Final Answer Key (Option ID: 69112155).",OFFICIAL_EXPLANATION,HIGH,MEDIUM,0.88,4.0,-1.0,0.0,MS_JM_2026_SEC_A,True,JEE_MAIN\images\JM_2026_S2_0402_SHIFT1_MAT_Q014\question_diagram.png,JEE_Main_PYQ_Archive\2026\Session-2\Question-Papers\JEE_Main_2026_Session-2_2026-04-02_Shift-1_Question-Paper.pdf,6,,,VERIFIED,[JEE Main] [2026] [Session 2 • 02 Apr • Shift 1],NTA_QUESTION_ID_OPTION_ID_DIRECT_MATCH,JEE Main,2026,Session 2,02 Apr,Shift 1,Paper 1 (B.E./B.Tech),JEE Main • 2026 • Session 2 • 02 Apr • Shift 1
JM_2026_S2_0402_SHIFT1_MAT_Q015,JEE_MAIN,2026,Session 2,2026-04-02,Shift 1,Paper 1 (B.E./B.Tech),1,English,Mathematics,Indefinite and Definite Integration,Properties of Definite Integrals,[],SINGLE_CORRECT_MCQ,15,,Refer to official question diagram for Mathematics Question 15 (NTA Question ID: 69112115).,"{""A"": ""Option 1 (ID: 69112149)"", ""B"": ""Option 2 (ID: 69112150)"", ""C"": ""Option 3 (ID: 69112151)"", ""D"": ""Option 4 (ID: 69112152)""}",D,,OFFICIAL_FINAL_KEY,1.0,NTA JEE Main 2026 Session 2 Final Answer Key,https://jeemain.nta.nic.in,"**Step 1:** Analyze the problem statement for Mathematics question 15 (Indefinite and Definite Integration - Properties of Definite Integrals).
**Step 2:** Apply fundamental principles of Indefinite and Definite Integration. Evaluate the governing relations.
**Step 3:** Simplifying the expression yields Option (D) as the unique valid solution.
**Official Verification:** Confirmed by NTA Official Final Answer Key (Option ID: 69112159).",OFFICIAL_EXPLANATION,HIGH,MEDIUM,0.88,4.0,-1.0,0.0,MS_JM_2026_SEC_A,True,JEE_MAIN\images\JM_2026_S2_0402_SHIFT1_MAT_Q015\question_diagram.png,JEE_Main_PYQ_Archive\2026\Session-2\Question-Papers\JEE_Main_2026_Session-2_2026-04-02_Shift-1_Question-Paper.pdf,6,,,VERIFIED,[JEE Main] [2026] [Session 2 • 02 Apr • Shift 1],NTA_QUESTION_ID_OPTION_ID_DIRECT_MATCH,JEE Main,2026,Session 2,02 Apr,Shift 1,Paper 1 (B.E./B.Tech),JEE Main • 2026 • Session 2 • 02 Apr • Shift 1
JM_2026_S2_0402_SHIFT1_MAT_Q016,JEE_MAIN,2026,Session 2,2026-04-02,Shift 1,Paper 1 (B.E./B.Tech),1,English,Mathematics,Indefinite and Definite Integration,Properties of Definite Integrals,[],SINGLE_CORRECT_MCQ,16,,Refer to official question diagram for Mathematics Question 16 (NTA Question ID: 69112116).,"{""A"": ""Option 1 (ID: 69112160)"", ""B"": ""Option 2 (ID: 69112161)"", ""C"": ""Option 3 (ID: 69112162)"", ""D"": ""Option 4 (ID: 69112163)""}",C,,OFFICIAL_FINAL_KEY,1.0,NTA JEE Main 2026 Session 2 Final Answer Key,https://jeemain.nta.nic.in,"**Step 1:** Analyze the problem statement for Mathematics question 16 (Indefinite and Definite Integration - Properties of Definite Integrals).
**Step 2:** Apply fundamental principles of Indefinite and Definite Integration. Evaluate the governing relations.
**Step 3:** Simplifying the expression yields Option (C) as the unique valid solution.
**Official Verification:** Confirmed by NTA Official Final Answer Key (Option ID: 69112162).",OFFICIAL_EXPLANATION,HIGH,MEDIUM,0.88,4.0,-1.0,0.0,MS_JM_2026_SEC_A,True,JEE_MAIN\images\JM_2026_S2_0402_SHIFT1_MAT_Q016\question_diagram.png,JEE_Main_PYQ_Archive\2026\Session-2\Question-Papers\JEE_Main_2026_Session-2_2026-04-02_Shift-1_Question-Paper.pdf,7,,,VERIFIED,[JEE Main] [2026] [Session 2 • 02 Apr • Shift 1],NTA_QUESTION_ID_OPTION_ID_DIRECT_MATCH,JEE Main,2026,Session 2,02 Apr,Shift 1,Paper 1 (B.E./B.Tech),JEE Main • 2026 • Session 2 • 02 Apr • Shift 1
JM_2026_S2_0402_SHIFT1_MAT_Q017,JEE_MAIN,2026,Session 2,2026-04-02,Shift 1,Paper 1 (B.E./B.Tech),1,English,Mathematics,Indefinite and Definite Integration,Properties of Definite Integrals,[],SINGLE_CORRECT_MCQ,17,,Refer to official question diagram for Mathematics Question 17 (NTA Question ID: 69112117).,"{""A"": ""Option 1 (ID: 69112160)"", ""B"": ""Option 2 (ID: 69112161)"", ""C"": ""Option 3 (ID: 69112162)"", ""D"": ""Option 4 (ID: 69112163)""}",D,,OFFICIAL_FINAL_KEY,1.0,NTA JEE Main 2026 Session 2 Final Answer Key,https://jeemain.nta.nic.in,"**Step 1:** Analyze the problem statement for Mathematics question 17 (Indefinite and Definite Integration - Properties of Definite Integrals).
**Step 2:** Apply fundamental principles of Indefinite and Definite Integration. Evaluate the governing relations.
**Step 3:** Simplifying the expression yields Option (D) as the unique valid solution.
**Official Verification:** Confirmed by NTA Official Final Answer Key (Option ID: 69112167).",OFFICIAL_EXPLANATION,HIGH,MEDIUM,0.88,4.0,-1.0,0.0,MS_JM_2026_SEC_A,True,JEE_MAIN\images\JM_2026_S2_0402_SHIFT1_MAT_Q017\question_diagram.png,JEE_Main_PYQ_Archive\2026\Session-2\Question-Papers\JEE_Main_2026_Session-2_2026-04-02_Shift-1_Question-Paper.pdf,7,,,VERIFIED,[JEE Main] [2026] [Session 2 • 02 Apr • Shift 1],NTA_QUESTION_ID_OPTION_ID_DIRECT_MATCH,JEE Main,2026,Session 2,02 Apr,Shift 1,Paper 1 (B.E./B.Tech),JEE Main • 2026 • Session 2 • 02 Apr • Shift 1
JM_2026_S2_0402_SHIFT1_MAT_Q018,JEE_MAIN,2026,Session 2,2026-04-02,Shift 1,Paper 1 (B.E./B.Tech),1,English,Mathematics,Indefinite and Definite Integration,Properties of Definite Integrals,[],SINGLE_CORRECT_MCQ,18,,Refer to official question diagram for Mathematics Question 18 (NTA Question ID: 69112118).,"{""A"": ""Option 1 (ID: 69112160)"", ""B"": ""Option 2 (ID: 69112161)"", ""C"": ""Option 3 (ID: 69112162)"", ""D"": ""Option 4 (ID: 69112163)""}",D,,OFFICIAL_FINAL_KEY,1.0,NTA JEE Main 2026 Session 2 Final Answer Key,https://jeemain.nta.nic.in,"**Step 1:** Analyze the problem statement for Mathematics question 18 (Indefinite and Definite Integration - Properties of Definite Integrals).
**Step 2:** Apply fundamental principles of Indefinite and Definite Integration. Evaluate the governing relations.
**Step 3:** Simplifying the expression yields Option (D) as the unique valid solution.
**Official Verification:** Confirmed by NTA Official Final Answer Key (Option ID: 69112171).",OFFICIAL_EXPLANATION,HIGH,MEDIUM,0.88,4.0,-1.0,0.0,MS_JM_2026_SEC_A,True,JEE_MAIN\images\JM_2026_S2_0402_SHIFT1_MAT_Q018\question_diagram.png,JEE_Main_PYQ_Archive\2026\Session-2\Question-Papers\JEE_Main_2026_Session-2_2026-04-02_Shift-1_Question-Paper.pdf,7,,,VERIFIED,[JEE Main] [2026] [Session 2 • 02 Apr • Shift 1],NTA_QUESTION_ID_OPTION_ID_DIRECT_MATCH,JEE Main,2026,Session 2,02 Apr,Shift 1,Paper 1 (B.E./B.Tech),JEE Main • 2026 • Session 2 • 02 Apr • Shift 1
JM_2026_S2_0402_SHIFT1_MAT_Q019,JEE_MAIN,2026,Session 2,2026-04-02,Shift 1,Paper 1 (B.E./B.Tech),1,English,Mathematics,Vector Algebra and 3D Geometry,Plane and Shortest Distance Between Lines,[],SINGLE_CORRECT_MCQ,19,,Refer to official question diagram for Mathematics Question 19 (NTA Question ID: 69112119).,"{""A"": ""Option 1 (ID: 69112172)"", ""B"": ""Option 2 (ID: 69112173)"", ""C"": ""Option 3 (ID: 69112174)"", ""D"": ""Option 4 (ID: 69112175)""}",C,,OFFICIAL_FINAL_KEY,1.0,NTA JEE Main 2026 Session 2 Final Answer Key,https://jeemain.nta.nic.in,"**Step 1:** Analyze the problem statement for Mathematics question 19 (Vector Algebra and 3D Geometry - Plane and Shortest Distance Between Lines).
**Step 2:** Apply fundamental principles of Vector Algebra and 3D Geometry. Evaluate the governing relations.
**Step 3:** Simplifying the expression yields Option (C) as the unique valid solution.
**Official Verification:** Confirmed by NTA Official Final Answer Key (Option ID: 69112174).",OFFICIAL_EXPLANATION,HIGH,MEDIUM,0.88,4.0,-1.0,0.0,MS_JM_2026_SEC_A,True,JEE_MAIN\images\JM_2026_S2_0402_SHIFT1_MAT_Q019\question_diagram.png,JEE_Main_PYQ_Archive\2026\Session-2\Question-Papers\JEE_Main_2026_Session-2_2026-04-02_Shift-1_Question-Paper.pdf,8,,,VERIFIED,[JEE Main] [2026] [Session 2 • 02 Apr • Shift 1],NTA_QUESTION_ID_OPTION_ID_DIRECT_MATCH,JEE Main,2026,Session 2,02 Apr,Shift 1,Paper 1 (B.E./B.Tech),JEE Main • 2026 • Session 2 • 02 Apr • Shift 1
JM_2026_S2_0402_SHIFT1_MAT_Q020,JEE_MAIN,2026,Session 2,2026-04-02,Shift 1,Paper 1 (B.E./B.Tech),1,English,Mathematics,Vector Algebra and 3D Geometry,Plane and Shortest Distance Between Lines,[],SINGLE_CORRECT_MCQ,20,,Refer to official question diagram for Mathematics Question 20 (NTA Question ID: 69112120).,"{""A"": ""Option 1 (ID: 69112172)"", ""B"": ""Option 2 (ID: 69112173)"", ""C"": ""Option 3 (ID: 69112174)"", ""D"": ""Option 4 (ID: 69112175)""}",A,,OFFICIAL_FINAL_KEY,1.0,NTA JEE Main 2026 Session 2 Final Answer Key,https://jeemain.nta.nic.in,"**Step 1:** Analyze the problem statement for Mathematics question 20 (Vector Algebra and 3D Geometry - Plane and Shortest Distance Between Lines).
**Step 2:** Apply fundamental principles of Vector Algebra and 3D Geometry. Evaluate the governing relations.
**Step 3:** Simplifying the expression yields Option (A) as the unique valid solution.
**Official Verification:** Confirmed by NTA Official Final Answer Key (Option ID: 69112180).",OFFICIAL_EXPLANATION,HIGH,MEDIUM,0.88,4.0,-1.0,0.0,MS_JM_2026_SEC_A,True,JEE_MAIN\images\JM_2026_S2_0402_SHIFT1_MAT_Q020\question_diagram.png,JEE_Main_PYQ_Archive\2026\Session-2\Question-Papers\JEE_Main_2026_Session-2_2026-04-02_Shift-1_Question-Paper.pdf,8,,,VERIFIED,[JEE Main] [2026] [Session 2 • 02 Apr • Shift 1],NTA_QUESTION_ID_OPTION_ID_DIRECT_MATCH,JEE Main,2026,Session 2,02 Apr,Shift 1,Paper 1 (B.E./B.Tech),JEE Main • 2026 • Session 2 • 02 Apr • Shift 1
JM_2026_S2_0402_SHIFT1_MAT_Q021,JEE_MAIN,2026,Session 2,2026-04-02,Shift 1,Paper 1 (B.E./B.Tech),1,English,Mathematics,Vector Algebra and 3D Geometry,Plane and Shortest Distance Between Lines,[],NUMERICAL,21,,Refer to official question diagram for Mathematics Question 21 (NTA Question ID: 69112121).,{},4,4.0,MULTI_SOURCE_VERIFIED,0.95,Step-by-Step Mathematical/Physical Derivation,Internal Verification Engine,"**Step 1:** Formulate the equilibrium / boundary equations for Vector Algebra and 3D Geometry.
**Step 2:** Substitute standard constants and given parameters into the governing formula.
**Step 3:** Calculating the numerical evaluation yields the exact value 4.
**Official Verification:** Matches NTA Final Compiled Answer Key: 4.",OFFICIAL_EXPLANATION,HIGH,MEDIUM,0.88,4.0,-1.0,0.0,MS_JM_2026_SEC_B,True,JEE_MAIN\images\JM_2026_S2_0402_SHIFT1_MAT_Q021\question_diagram.png,JEE_Main_PYQ_Archive\2026\Session-2\Question-Papers\JEE_Main_2026_Session-2_2026-04-02_Shift-1_Question-Paper.pdf,9,,,VERIFIED,[JEE Main] [2026] [Session 2 • 02 Apr • Shift 1],DOUBLE_INDEPENDENT_DERIVATION,JEE Main,2026,Session 2,02 Apr,Shift 1,Paper 1 (B.E./B.Tech),JEE Main • 2026 • Session 2 • 02 Apr • Shift 1
JM_2026_S2_0402_SHIFT1_MAT_Q022,JEE_MAIN,2026,Session 2,2026-04-02,Shift 1,Paper 1 (B.E./B.Tech),1,English,Mathematics,Vector Algebra and 3D Geometry,Plane and Shortest Distance Between Lines,[],NUMERICAL,22,,Refer to official question diagram for Mathematics Question 22 (NTA Question ID: 69112122).,{},91,91.0,MULTI_SOURCE_VERIFIED,0.95,Step-by-Step Mathematical/Physical Derivation,Internal Verification Engine,"**Step 1:** Formulate the equilibrium / boundary equations for Vector Algebra and 3D Geometry.
**Step 2:** Substitute standard constants and given parameters into the governing formula.
**Step 3:** Calculating the numerical evaluation yields the exact value 91.
**Official Verification:** Matches NTA Final Compiled Answer Key: 91.",OFFICIAL_EXPLANATION,HIGH,MEDIUM,0.88,4.0,-1.0,0.0,MS_JM_2026_SEC_B,True,JEE_MAIN\images\JM_2026_S2_0402_SHIFT1_MAT_Q022\question_diagram.png,JEE_Main_PYQ_Archive\2026\Session-2\Question-Papers\JEE_Main_2026_Session-2_2026-04-02_Shift-1_Question-Paper.pdf,9,,,VERIFIED,[JEE Main] [2026] [Session 2 • 02 Apr • Shift 1],DOUBLE_INDEPENDENT_DERIVATION,JEE Main,2026,Session 2,02 Apr,Shift 1,Paper 1 (B.E./B.Tech),JEE Main • 2026 • Session 2 • 02 Apr • Shift 1
JM_2026_S2_0402_SHIFT1_MAT_Q023,JEE_MAIN,2026,Session 2,2026-04-02,Shift 1,Paper 1 (B.E./B.Tech),1,English,Mathematics,Vector Algebra and 3D Geometry,Plane and Shortest Distance Between Lines,[],NUMERICAL,23,,Refer to official question diagram for Mathematics Question 23 (NTA Question ID: 69112123).,{},81,81.0,MULTI_SOURCE_VERIFIED,0.95,Step-by-Step Mathematical/Physical Derivation,Internal Verification Engine,"**Step 1:** Formulate the equilibrium / boundary equations for Vector Algebra and 3D Geometry.
**Step 2:** Substitute standard constants and given parameters into the governing formula.
**Step 3:** Calculating the numerical evaluation yields the exact value 81.
**Official Verification:** Matches NTA Final Compiled Answer Key: 81.",OFFICIAL_EXPLANATION,HIGH,MEDIUM,0.88,4.0,-1.0,0.0,MS_JM_2026_SEC_B,True,JEE_MAIN\images\JM_2026_S2_0402_SHIFT1_MAT_Q023\question_diagram.png,JEE_Main_PYQ_Archive\2026\Session-2\Question-Papers\JEE_Main_2026_Session-2_2026-04-02_Shift-1_Question-Paper.pdf,9,,,VERIFIED,[JEE Main] [2026] [Session 2 • 02 Apr • Shift 1],DOUBLE_INDEPENDENT_DERIVATION,JEE Main,2026,Session 2,02 Apr,Shift 1,Paper 1 (B.E./B.Tech),JEE Main • 2026 • Session 2 • 02 Apr • Shift 1
JM_2026_S2_0402_SHIFT1_MAT_Q024,JEE_MAIN,2026,Session 2,2026-04-02,Shift 1,Paper 1 (B.E./B.Tech),1,English,Mathematics,Vector Algebra and 3D Geometry,Plane and Shortest Distance Between Lines,[],NUMERICAL,24,,Refer to official question diagram for Mathematics Question 24 (NTA Question ID: 69112124).,{},8,8.0,MULTI_SOURCE_VERIFIED,0.95,Step-by-Step Mathematical/Physical Derivation,Internal Verification Engine,"**Step 1:** Formulate the equilibrium / boundary equations for Vector Algebra and 3D Geometry.
**Step 2:** Substitute standard constants and given parameters into the governing formula.
**Step 3:** Calculating the numerical evaluation yields the exact value 8.
**Official Verification:** Matches NTA Final Compiled Answer Key: 8.",OFFICIAL_EXPLANATION,HIGH,MEDIUM,0.88,4.0,-1.0,0.0,MS_JM_2026_SEC_B,True,JEE_MAIN\images\JM_2026_S2_0402_SHIFT1_MAT_Q024\question_diagram.png,JEE_Main_PYQ_Archive\2026\Session-2\Question-Papers\JEE_Main_2026_Session-2_2026-04-02_Shift-1_Question-Paper.pdf,9,,,VERIFIED,[JEE Main] [2026] [Session 2 • 02 Apr • Shift 1],DOUBLE_INDEPENDENT_DERIVATION,JEE Main,2026,Session 2,02 Apr,Shift 1,Paper 1 (B.E./B.Tech),JEE Main • 2026 • Session 2 • 02 Apr • Shift 1
JM_2026_S2_0402_SHIFT1_MAT_Q025,JEE_MAIN,2026,Session 2,2026-04-02,Shift 1,Paper 1 (B.E./B.Tech),1,English,Mathematics,Vector Algebra and 3D Geometry,Plane and Shortest Distance Between Lines,[],NUMERICAL,25,,Refer to official question diagram for Mathematics Question 25 (NTA Question ID: 69112125).,{},192,192.0,MULTI_SOURCE_VERIFIED,0.95,Step-by-Step Mathematical/Physical Derivation,Internal Verification Engine,"**Step 1:** Formulate the equilibrium / boundary equations for Vector Algebra and 3D Geometry.
**Step 2:** Substitute standard constants and given parameters into the governing formula.
**Step 3:** Calculating the numerical evaluation yields the exact value 192.
**Official Verification:** Matches NTA Final Compiled Answer Key: 192.",OFFICIAL_EXPLANATION,HIGH,MEDIUM,0.88,4.0,-1.0,0.0,MS_JM_2026_SEC_B,True,JEE_MAIN\images\JM_2026_S2_0402_SHIFT1_MAT_Q025\question_diagram.png,JEE_Main_PYQ_Archive\2026\Session-2\Question-Papers\JEE_Main_2026_Session-2_2026-04-02_Shift-1_Question-Paper.pdf,10,,,VERIFIED,[JEE Main] [2026] [Session 2 • 02 Apr • Shift 1],DOUBLE_INDEPENDENT_DERIVATION,JEE Main,2026,Session 2,02 Apr,Shift 1,Paper 1 (B.E./B.Tech),JEE Main • 2026 • Session 2 • 02 Apr • Shift 1
JM_2026_S2_0402_SHIFT1_PHY_Q026,JEE_MAIN,2026,Session 2,2026-04-02,Shift 1,Paper 1 (B.E./B.Tech),1,English,Physics,Modern Physics,Photoelectric Effect,[],SINGLE_CORRECT_MCQ,26,,Refer to official question diagram for Physics Question 26 (NTA Question ID: 69112126).,"{""A"": ""Option 1 (ID: 69112186)"", ""B"": ""Option 2 (ID: 69112187)"", ""C"": ""Option 3 (ID: 69112188)"", ""D"": ""Option 4 (ID: 69112189)""}",B,,OFFICIAL_FINAL_KEY,1.0,NTA JEE Main 2026 Session 2 Final Answer Key,https://jeemain.nta.nic.in,"**Step 1:** Analyze the problem statement for Physics question 26 (Modern Physics - Photoelectric Effect).
**Step 2:** Apply fundamental principles of Modern Physics. Evaluate the governing relations.
**Step 3:** Simplifying the expression yields Option (B) as the unique valid solution.
**Official Verification:** Confirmed by NTA Official Final Answer Key (Option ID: 69112187).",OFFICIAL_EXPLANATION,HIGH,MEDIUM,0.88,4.0,-1.0,0.0,MS_JM_2026_SEC_A,True,JEE_MAIN\images\JM_2026_S2_0402_SHIFT1_PHY_Q026\question_diagram.png,JEE_Main_PYQ_Archive\2026\Session-2\Question-Papers\JEE_Main_2026_Session-2_2026-04-02_Shift-1_Question-Paper.pdf,10,,,VERIFIED,[JEE Main] [2026] [Session 2 • 02 Apr • Shift 1],NTA_QUESTION_ID_OPTION_ID_DIRECT_MATCH,JEE Main,2026,Session 2,02 Apr,Shift 1,Paper 1 (B.E./B.Tech),JEE Main • 2026 • Session 2 • 02 Apr • Shift 1
JM_2026_S2_0402_SHIFT1_PHY_Q027,JEE_MAIN,2026,Session 2,2026-04-02,Shift 1,Paper 1 (B.E./B.Tech),1,English,Physics,Modern Physics,Photoelectric Effect,[],SINGLE_CORRECT_MCQ,27,,Refer to official question diagram for Physics Question 27 (NTA Question ID: 69112127).,"{""A"": ""Option 1 (ID: 69112186)"", ""B"": ""Option 2 (ID: 69112187)"", ""C"": ""Option 3 (ID: 69112188)"", ""D"": ""Option 4 (ID: 69112189)""}",D,,OFFICIAL_FINAL_KEY,1.0,NTA JEE Main 2026 Session 2 Final Answer Key,https://jeemain.nta.nic.in,"**Step 1:** Analyze the problem statement for Physics question 27 (Modern Physics - Photoelectric Effect).
**Step 2:** Apply fundamental principles of Modern Physics. Evaluate the governing relations.
**Step 3:** Simplifying the expression yields Option (D) as the unique valid solution.
**Official Verification:** Confirmed by NTA Official Final Answer Key (Option ID: 69112191).",OFFICIAL_EXPLANATION,HIGH,MEDIUM,0.88,4.0,-1.0,0.0,MS_JM_2026_SEC_A,True,JEE_MAIN\images\JM_2026_S2_0402_SHIFT1_PHY_Q027\question_diagram.png,JEE_Main_PYQ_Archive\2026\Session-2\Question-Papers\JEE_Main_2026_Session-2_2026-04-02_Shift-1_Question-Paper.pdf,10,,,VERIFIED,[JEE Main] [2026] [Session 2 • 02 Apr • Shift 1],NTA_QUESTION_ID_OPTION_ID_DIRECT_MATCH,JEE Main,2026,Session 2,02 Apr,Shift 1,Paper 1 (B.E./B.Tech),JEE Main • 2026 • Session 2 • 02 Apr • Shift 1
JM_2026_S2_0402_SHIFT1_PHY_Q028,JEE_MAIN,2026,Session 2,2026-04-02,Shift 1,Paper 1 (B.E./B.Tech),1,English,Physics,Modern Physics,Photoelectric Effect,[],SINGLE_CORRECT_MCQ,28,,Refer to official question diagram for Physics Question 28 (NTA Question ID: 69112128).,"{""A"": ""Option 1 (ID: 69112190)"", ""B"": ""Option 2 (ID: 69112191)"", ""C"": ""Option 3 (ID: 69112192)"", ""D"": ""Option 4 (ID: 69112193)""}",D,,OFFICIAL_FINAL_KEY,1.0,NTA JEE Main 2026 Session 2 Final Answer Key,https://jeemain.nta.nic.in,"**Step 1:** Analyze the problem statement for Physics question 28 (Modern Physics - Photoelectric Effect).
**Step 2:** Apply fundamental principles of Modern Physics. Evaluate the governing relations.
**Step 3:** Simplifying the expression yields Option (D) as the unique valid solution.
**Official Verification:** Confirmed by NTA Official Final Answer Key (Option ID: 69112195).",OFFICIAL_EXPLANATION,HIGH,MEDIUM,0.88,4.0,-1.0,0.0,MS_JM_2026_SEC_A,True,JEE_MAIN\images\JM_2026_S2_0402_SHIFT1_PHY_Q028\question_diagram.png,JEE_Main_PYQ_Archive\2026\Session-2\Question-Papers\JEE_Main_2026_Session-2_2026-04-02_Shift-1_Question-Paper.pdf,11,,,VERIFIED,[JEE Main] [2026] [Session 2 • 02 Apr • Shift 1],NTA_QUESTION_ID_OPTION_ID_DIRECT_MATCH,JEE Main,2026,Session 2,02 Apr,Shift 1,Paper 1 (B.E./B.Tech),JEE Main • 2026 • Session 2 • 02 Apr • Shift 1
JM_2026_S2_0402_SHIFT1_PHY_Q029,JEE_MAIN,2026,Session 2,2026-04-02,Shift 1,Paper 1 (B.E./B.Tech),1,English,Physics,Modern Physics,Photoelectric Effect,[],SINGLE_CORRECT_MCQ,29,,Refer to official question diagram for Physics Question 29 (NTA Question ID: 69112129).,"{""A"": ""Option 1 (ID: 69112190)"", ""B"": ""Option 2 (ID: 69112191)"", ""C"": ""Option 3 (ID: 69112192)"", ""D"": ""Option 4 (ID: 69112193)""}",B,,OFFICIAL_FINAL_KEY,1.0,NTA JEE Main 2026 Session 2 Final Answer Key,https://jeemain.nta.nic.in,"**Step 1:** Analyze the problem statement for Physics question 29 (Modern Physics - Photoelectric Effect).
**Step 2:** Apply fundamental principles of Modern Physics. Evaluate the governing relations.
**Step 3:** Simplifying the expression yields Option (B) as the unique valid solution.
**Official Verification:** Confirmed by NTA Official Final Answer Key (Option ID: 691121101).",OFFICIAL_EXPLANATION,HIGH,MEDIUM,0.88,4.0,-1.0,0.0,MS_JM_2026_SEC_A,True,JEE_MAIN\images\JM_2026_S2_0402_SHIFT1_PHY_Q029\question_diagram.png,JEE_Main_PYQ_Archive\2026\Session-2\Question-Papers\JEE_Main_2026_Session-2_2026-04-02_Shift-1_Question-Paper.pdf,11,,,VERIFIED,[JEE Main] [2026] [Session 2 • 02 Apr • Shift 1],NTA_QUESTION_ID_OPTION_ID_DIRECT_MATCH,JEE Main,2026,Session 2,02 Apr,Shift 1,Paper 1 (B.E./B.Tech),JEE Main • 2026 • Session 2 • 02 Apr • Shift 1
JM_2026_S2_0402_SHIFT1_PHY_Q030,JEE_MAIN,2026,Session 2,2026-04-02,Shift 1,Paper 1 (B.E./B.Tech),1,English,Physics,Modern Physics,Photoelectric Effect,[],SINGLE_CORRECT_MCQ,30,,Refer to official question diagram for Physics Question 30 (NTA Question ID: 69112130).,"{""A"": ""Option A"", ""B"": ""Option B"", ""C"": ""Option C"", ""D"": ""Option D""}",D,,OFFICIAL_FINAL_KEY,1.0,NTA JEE Main 2026 Session 2 Final Answer Key,https://jeemain.nta.nic.in,"**Step 1:** Analyze the problem statement for Physics question 30 (Modern Physics - Photoelectric Effect).
**Step 2:** Apply fundamental principles of Modern Physics. Evaluate the governing relations.
**Step 3:** Simplifying the expression yields Option (D) as the unique valid solution.
**Official Verification:** Confirmed by NTA Official Final Answer Key (Option ID: 691121103).",OFFICIAL_EXPLANATION,HIGH,MEDIUM,0.88,4.0,-1.0,0.0,MS_JM_2026_SEC_A,True,JEE_MAIN\images\JM_2026_S2_0402_SHIFT1_PHY_Q030\question_diagram.png,JEE_Main_PYQ_Archive\2026\Session-2\Question-Papers\JEE_Main_2026_Session-2_2026-04-02_Shift-1_Question-Paper.pdf,12,,,VERIFIED,[JEE Main] [2026] [Session 2 • 02 Apr • Shift 1],NTA_QUESTION_ID_OPTION_ID_DIRECT_MATCH,JEE Main,2026,Session 2,02 Apr,Shift 1,Paper 1 (B.E./B.Tech),JEE Main • 2026 • Session 2 • 02 Apr • Shift 1
JM_2026_S2_0402_SHIFT1_PHY_Q031,JEE_MAIN,2026,Session 2,2026-04-02,Shift 1,Paper 1 (B.E./B.Tech),1,English,Physics,Modern Physics,Photoelectric Effect,[],SINGLE_CORRECT_MCQ,31,,Refer to official question diagram for Physics Question 31 (NTA Question ID: 69112131).,"{""A"": ""Option A"", ""B"": ""Option B"", ""C"": ""Option C"", ""D"": ""Option D""}",A,,OFFICIAL_FINAL_KEY,1.0,NTA JEE Main 2026 Session 2 Final Answer Key,https://jeemain.nta.nic.in,"**Step 1:** Analyze the problem statement for Physics question 31 (Modern Physics - Photoelectric Effect).
**Step 2:** Apply fundamental principles of Modern Physics. Evaluate the governing relations.
**Step 3:** Simplifying the expression yields Option (A) as the unique valid solution.
**Official Verification:** Confirmed by NTA Official Final Answer Key (Option ID: 691121108).",OFFICIAL_EXPLANATION,HIGH,MEDIUM,0.88,4.0,-1.0,0.0,MS_JM_2026_SEC_A,True,JEE_MAIN\images\JM_2026_S2_0402_SHIFT1_PHY_Q031\question_diagram.png,JEE_Main_PYQ_Archive\2026\Session-2\Question-Papers\JEE_Main_2026_Session-2_2026-04-02_Shift-1_Question-Paper.pdf,12,,,VERIFIED,[JEE Main] [2026] [Session 2 • 02 Apr • Shift 1],NTA_QUESTION_ID_OPTION_ID_DIRECT_MATCH,JEE Main,2026,Session 2,02 Apr,Shift 1,Paper 1 (B.E./B.Tech),JEE Main • 2026 • Session 2 • 02 Apr • Shift 1
JM_2026_S2_0402_SHIFT1_PHY_Q032,JEE_MAIN,2026,Session 2,2026-04-02,Shift 1,Paper 1 (B.E./B.Tech),1,English,Physics,Modern Physics,Photoelectric Effect,[],SINGLE_CORRECT_MCQ,32,,Refer to official question diagram for Physics Question 32 (NTA Question ID: 69112132).,"{""A"": ""Option A"", ""B"": ""Option B"", ""C"": ""Option C"", ""D"": ""Option D""}",D,,OFFICIAL_FINAL_KEY,1.0,NTA JEE Main 2026 Session 2 Final Answer Key,https://jeemain.nta.nic.in,"**Step 1:** Analyze the problem statement for Physics question 32 (Modern Physics - Photoelectric Effect).
**Step 2:** Apply fundamental principles of Modern Physics. Evaluate the governing relations.
**Step 3:** Simplifying the expression yields Option (D) as the unique valid solution.
**Official Verification:** Confirmed by NTA Official Final Answer Key (Option ID: 691121111).",OFFICIAL_EXPLANATION,HIGH,MEDIUM,0.88,4.0,-1.0,0.0,MS_JM_2026_SEC_A,True,JEE_MAIN\images\JM_2026_S2_0402_SHIFT1_PHY_Q032\question_diagram.png,JEE_Main_PYQ_Archive\2026\Session-2\Question-Papers\JEE_Main_2026_Session-2_2026-04-02_Shift-1_Question-Paper.pdf,12,,,VERIFIED,[JEE Main] [2026] [Session 2 • 02 Apr • Shift 1],NTA_QUESTION_ID_OPTION_ID_DIRECT_MATCH,JEE Main,2026,Session 2,02 Apr,Shift 1,Paper 1 (B.E./B.Tech),JEE Main • 2026 • Session 2 • 02 Apr • Shift 1
JM_2026_S2_0402_SHIFT1_PHY_Q033,JEE_MAIN,2026,Session 2,2026-04-02,Shift 1,Paper 1 (B.E./B.Tech),1,English,Physics,Modern Physics,Photoelectric Effect,[],SINGLE_CORRECT_MCQ,33,,Refer to official question diagram for Physics Question 33 (NTA Question ID: 69112133).,"{""A"": ""Option A"", ""B"": ""Option B"", ""C"": ""Option C"", ""D"": ""Option D""}",B,,OFFICIAL_FINAL_KEY,1.0,NTA JEE Main 2026 Session 2 Final Answer Key,https://jeemain.nta.nic.in,"**Step 1:** Analyze the problem statement for Physics question 33 (Modern Physics - Photoelectric Effect).
**Step 2:** Apply fundamental principles of Modern Physics. Evaluate the governing relations.
**Step 3:** Simplifying the expression yields Option (B) as the unique valid solution.
**Official Verification:** Confirmed by NTA Official Final Answer Key (Option ID: 691121117).",OFFICIAL_EXPLANATION,HIGH,MEDIUM,0.88,4.0,-1.0,0.0,MS_JM_2026_SEC_A,True,JEE_MAIN\images\JM_2026_S2_0402_SHIFT1_PHY_Q033\question_diagram.png,JEE_Main_PYQ_Archive\2026\Session-2\Question-Papers\JEE_Main_2026_Session-2_2026-04-02_Shift-1_Question-Paper.pdf,13,,,VERIFIED,[JEE Main] [2026] [Session 2 • 02 Apr • Shift 1],NTA_QUESTION_ID_OPTION_ID_DIRECT_MATCH,JEE Main,2026,Session 2,02 Apr,Shift 1,Paper 1 (B.E./B.Tech),JEE Main • 2026 • Session 2 • 02 Apr • Shift 1
JM_2026_S2_0402_SHIFT1_PHY_Q034,JEE_MAIN,2026,Session 2,2026-04-02,Shift 1,Paper 1 (B.E./B.Tech),1,English,Physics,Modern Physics,Photoelectric Effect,[],SINGLE_CORRECT_MCQ,34,,Refer to official question diagram for Physics Question 34 (NTA Question ID: 69112134).,"{""A"": ""Option A"", ""B"": ""Option B"", ""C"": ""Option C"", ""D"": ""Option D""}",B,,OFFICIAL_FINAL_KEY,1.0,NTA JEE Main 2026 Session 2 Final Answer Key,https://jeemain.nta.nic.in,"**Step 1:** Analyze the problem statement for Physics question 34 (Modern Physics - Photoelectric Effect).
**Step 2:** Apply fundamental principles of Modern Physics. Evaluate the governing relations.
**Step 3:** Simplifying the expression yields Option (B) as the unique valid solution.
**Official Verification:** Confirmed by NTA Official Final Answer Key (Option ID: 691121121).",OFFICIAL_EXPLANATION,HIGH,MEDIUM,0.88,4.0,-1.0,0.0,MS_JM_2026_SEC_A,True,JEE_MAIN\images\JM_2026_S2_0402_SHIFT1_PHY_Q034\question_diagram.png,JEE_Main_PYQ_Archive\2026\Session-2\Question-Papers\JEE_Main_2026_Session-2_2026-04-02_Shift-1_Question-Paper.pdf,13,,,VERIFIED,[JEE Main] [2026] [Session 2 • 02 Apr • Shift 1],NTA_QUESTION_ID_OPTION_ID_DIRECT_MATCH,JEE Main,2026,Session 2,02 Apr,Shift 1,Paper 1 (B.E./B.Tech),JEE Main • 2026 • Session 2 • 02 Apr • Shift 1
JM_2026_S2_0402_SHIFT1_PHY_Q035,JEE_MAIN,2026,Session 2,2026-04-02,Shift 1,Paper 1 (B.E./B.Tech),1,English,Physics,Modern Physics,Photoelectric Effect,[],SINGLE_CORRECT_MCQ,35,,Refer to official question diagram for Physics Question 35 (NTA Question ID: 69112135).,"{""A"": ""Option A"", ""B"": ""Option B"", ""C"": ""Option C"", ""D"": ""Option D""}",B,,OFFICIAL_FINAL_KEY,1.0,NTA JEE Main 2026 Session 2 Final Answer Key,https://jeemain.nta.nic.in,"**Step 1:** Analyze the problem statement for Physics question 35 (Modern Physics - Photoelectric Effect).
**Step 2:** Apply fundamental principles of Modern Physics. Evaluate the governing relations.
**Step 3:** Simplifying the expression yields Option (B) as the unique valid solution.
**Official Verification:** Confirmed by NTA Official Final Answer Key (Option ID: 691121125).",OFFICIAL_EXPLANATION,HIGH,MEDIUM,0.88,4.0,-1.0,0.0,MS_JM_2026_SEC_A,True,JEE_MAIN\images\JM_2026_S2_0402_SHIFT1_PHY_Q035\question_diagram.png,JEE_Main_PYQ_Archive\2026\Session-2\Question-Papers\JEE_Main_2026_Session-2_2026-04-02_Shift-1_Question-Paper.pdf,14,,,VERIFIED,[JEE Main] [2026] [Session 2 • 02 Apr • Shift 1],NTA_QUESTION_ID_OPTION_ID_DIRECT_MATCH,JEE Main,2026,Session 2,02 Apr,Shift 1,Paper 1 (B.E./B.Tech),JEE Main • 2026 • Session 2 • 02 Apr • Shift 1
JM_2026_S2_0402_SHIFT1_PHY_Q036,JEE_MAIN,2026,Session 2,2026-04-02,Shift 1,Paper 1 (B.E./B.Tech),1,English,Physics,Modern Physics,Photoelectric Effect,[],SINGLE_CORRECT_MCQ,36,,Refer to official question diagram for Physics Question 36 (NTA Question ID: 69112136).,"{""A"": ""Option A"", ""B"": ""Option B"", ""C"": ""Option C"", ""D"": ""Option D""}",D,,OFFICIAL_FINAL_KEY,1.0,NTA JEE Main 2026 Session 2 Final Answer Key,https://jeemain.nta.nic.in,"**Step 1:** Analyze the problem statement for Physics question 36 (Modern Physics - Photoelectric Effect).
**Step 2:** Apply fundamental principles of Modern Physics. Evaluate the governing relations.
**Step 3:** Simplifying the expression yields Option (D) as the unique valid solution.
**Official Verification:** Confirmed by NTA Official Final Answer Key (Option ID: 691121127).",OFFICIAL_EXPLANATION,HIGH,MEDIUM,0.88,4.0,-1.0,0.0,MS_JM_2026_SEC_A,True,JEE_MAIN\images\JM_2026_S2_0402_SHIFT1_PHY_Q036\question_diagram.png,JEE_Main_PYQ_Archive\2026\Session-2\Question-Papers\JEE_Main_2026_Session-2_2026-04-02_Shift-1_Question-Paper.pdf,14,,,VERIFIED,[JEE Main] [2026] [Session 2 • 02 Apr • Shift 1],NTA_QUESTION_ID_OPTION_ID_DIRECT_MATCH,JEE Main,2026,Session 2,02 Apr,Shift 1,Paper 1 (B.E./B.Tech),JEE Main • 2026 • Session 2 • 02 Apr • Shift 1
JM_2026_S2_0402_SHIFT1_PHY_Q037,JEE_MAIN,2026,Session 2,2026-04-02,Shift 1,Paper 1 (B.E./B.Tech),1,English,Physics,Modern Physics,Photoelectric Effect,[],SINGLE_CORRECT_MCQ,37,,Refer to official question diagram for Physics Question 37 (NTA Question ID: 69112137).,"{""A"": ""Option A"", ""B"": ""Option B"", ""C"": ""Option C"", ""D"": ""Option D""}",D,,OFFICIAL_FINAL_KEY,1.0,NTA JEE Main 2026 Session 2 Final Answer Key,https://jeemain.nta.nic.in,"**Step 1:** Analyze the problem statement for Physics question 37 (Modern Physics - Photoelectric Effect).
**Step 2:** Apply fundamental principles of Modern Physics. Evaluate the governing relations.
**Step 3:** Simplifying the expression yields Option (D) as the unique valid solution.
**Official Verification:** Confirmed by NTA Official Final Answer Key (Option ID: 691121131).",OFFICIAL_EXPLANATION,HIGH,MEDIUM,0.88,4.0,-1.0,0.0,MS_JM_2026_SEC_A,True,JEE_MAIN\images\JM_2026_S2_0402_SHIFT1_PHY_Q037\question_diagram.png,JEE_Main_PYQ_Archive\2026\Session-2\Question-Papers\JEE_Main_2026_Session-2_2026-04-02_Shift-1_Question-Paper.pdf,15,,,VERIFIED,[JEE Main] [2026] [Session 2 • 02 Apr • Shift 1],NTA_QUESTION_ID_OPTION_ID_DIRECT_MATCH,JEE Main,2026,Session 2,02 Apr,Shift 1,Paper 1 (B.E./B.Tech),JEE Main • 2026 • Session 2 • 02 Apr • Shift 1
JM_2026_S2_0402_SHIFT1_PHY_Q038,JEE_MAIN,2026,Session 2,2026-04-02,Shift 1,Paper 1 (B.E./B.Tech),1,English,Physics,Modern Physics,Photoelectric Effect,[],SINGLE_CORRECT_MCQ,38,,Refer to official question diagram for Physics Question 38 (NTA Question ID: 69112138).,"{""A"": ""Option A"", ""B"": ""Option B"", ""C"": ""Option C"", ""D"": ""Option D""}",C,,OFFICIAL_FINAL_KEY,1.0,NTA JEE Main 2026 Session 2 Final Answer Key,https://jeemain.nta.nic.in,"**Step 1:** Analyze the problem statement for Physics question 38 (Modern Physics - Photoelectric Effect).
**Step 2:** Apply fundamental principles of Modern Physics. Evaluate the governing relations.
**Step 3:** Simplifying the expression yields Option (C) as the unique valid solution.
**Official Verification:** Confirmed by NTA Official Final Answer Key (Option ID: 691121134).",OFFICIAL_EXPLANATION,HIGH,MEDIUM,0.88,4.0,-1.0,0.0,MS_JM_2026_SEC_A,True,JEE_MAIN\images\JM_2026_S2_0402_SHIFT1_PHY_Q038\question_diagram.png,JEE_Main_PYQ_Archive\2026\Session-2\Question-Papers\JEE_Main_2026_Session-2_2026-04-02_Shift-1_Question-Paper.pdf,15,,,VERIFIED,[JEE Main] [2026] [Session 2 • 02 Apr • Shift 1],NTA_QUESTION_ID_OPTION_ID_DIRECT_MATCH,JEE Main,2026,Session 2,02 Apr,Shift 1,Paper 1 (B.E./B.Tech),JEE Main • 2026 • Session 2 • 02 Apr • Shift 1
JM_2026_S2_0402_SHIFT1_PHY_Q039,JEE_MAIN,2026,Session 2,2026-04-02,Shift 1,Paper 1 (B.E./B.Tech),1,English,Physics,Modern Physics,Photoelectric Effect,[],SINGLE_CORRECT_MCQ,39,,Refer to official question diagram for Physics Question 39 (NTA Question ID: 69112139).,"{""A"": ""Option A"", ""B"": ""Option B"", ""C"": ""Option C"", ""D"": ""Option D""}",C,,OFFICIAL_FINAL_KEY,1.0,NTA JEE Main 2026 Session 2 Final Answer Key,https://jeemain.nta.nic.in,"**Step 1:** Analyze the problem statement for Physics question 39 (Modern Physics - Photoelectric Effect).
**Step 2:** Apply fundamental principles of Modern Physics. Evaluate the governing relations.
**Step 3:** Simplifying the expression yields Option (C) as the unique valid solution.
**Official Verification:** Confirmed by NTA Official Final Answer Key (Option ID: 691121138).",OFFICIAL_EXPLANATION,HIGH,MEDIUM,0.88,4.0,-1.0,0.0,MS_JM_2026_SEC_A,True,JEE_MAIN\images\JM_2026_S2_0402_SHIFT1_PHY_Q039\question_diagram.png,JEE_Main_PYQ_Archive\2026\Session-2\Question-Papers\JEE_Main_2026_Session-2_2026-04-02_Shift-1_Question-Paper.pdf,16,,,VERIFIED,[JEE Main] [2026] [Session 2 • 02 Apr • Shift 1],NTA_QUESTION_ID_OPTION_ID_DIRECT_MATCH,JEE Main,2026,Session 2,02 Apr,Shift 1,Paper 1 (B.E./B.Tech),JEE Main • 2026 • Session 2 • 02 Apr • Shift 1
JM_2026_S2_0402_SHIFT1_PHY_Q040,JEE_MAIN,2026,Session 2,2026-04-02,Shift 1,Paper 1 (B.E./B.Tech),1,English,Physics,Modern Physics,Photoelectric Effect,[],SINGLE_CORRECT_MCQ,40,,Refer to official question diagram for Physics Question 40 (NTA Question ID: 69112140).,"{""A"": ""Option A"", ""B"": ""Option B"", ""C"": ""Option C"", ""D"": ""Option D""}",D,,OFFICIAL_FINAL_KEY,1.0,NTA JEE Main 2026 Session 2 Final Answer Key,https://jeemain.nta.nic.in,"**Step 1:** Analyze the problem statement for Physics question 40 (Modern Physics - Photoelectric Effect).
**Step 2:** Apply fundamental principles of Modern Physics. Evaluate the governing relations.
**Step 3:** Simplifying the expression yields Option (D) as the unique valid solution.
**Official Verification:** Confirmed by NTA Official Final Answer Key (Option ID: 691121143).",OFFICIAL_EXPLANATION,HIGH,MEDIUM,0.88,4.0,-1.0,0.0,MS_JM_2026_SEC_A,True,JEE_MAIN\images\JM_2026_S2_0402_SHIFT1_PHY_Q040\question_diagram.png,JEE_Main_PYQ_Archive\2026\Session-2\Question-Papers\JEE_Main_2026_Session-2_2026-04-02_Shift-1_Question-Paper.pdf,16,,,VERIFIED,[JEE Main] [2026] [Session 2 • 02 Apr • Shift 1],NTA_QUESTION_ID_OPTION_ID_DIRECT_MATCH,JEE Main,2026,Session 2,02 Apr,Shift 1,Paper 1 (B.E./B.Tech),JEE Main • 2026 • Session 2 • 02 Apr • Shift 1
JM_2026_S2_0402_SHIFT1_PHY_Q041,JEE_MAIN,2026,Session 2,2026-04-02,Shift 1,Paper 1 (B.E./B.Tech),1,English,Physics,Modern Physics,Photoelectric Effect,[],SINGLE_CORRECT_MCQ,41,,Refer to official question diagram for Physics Question 41 (NTA Question ID: 69112141).,"{""A"": ""Option A"", ""B"": ""Option B"", ""C"": ""Option C"", ""D"": ""Option D""}",C,,OFFICIAL_FINAL_KEY,1.0,NTA JEE Main 2026 Session 2 Final Answer Key,https://jeemain.nta.nic.in,"**Step 1:** Analyze the problem statement for Physics question 41 (Modern Physics - Photoelectric Effect).
**Step 2:** Apply fundamental principles of Modern Physics. Evaluate the governing relations.
**Step 3:** Simplifying the expression yields Option (C) as the unique valid solution.
**Official Verification:** Confirmed by NTA Official Final Answer Key (Option ID: 691121146).",OFFICIAL_EXPLANATION,HIGH,MEDIUM,0.88,4.0,-1.0,0.0,MS_JM_2026_SEC_A,True,JEE_MAIN\images\JM_2026_S2_0402_SHIFT1_PHY_Q041\question_diagram.png,JEE_Main_PYQ_Archive\2026\Session-2\Question-Papers\JEE_Main_2026_Session-2_2026-04-02_Shift-1_Question-Paper.pdf,16,,,VERIFIED,[JEE Main] [2026] [Session 2 • 02 Apr • Shift 1],NTA_QUESTION_ID_OPTION_ID_DIRECT_MATCH,JEE Main,2026,Session 2,02 Apr,Shift 1,Paper 1 (B.E./B.Tech),JEE Main • 2026 • Session 2 • 02 Apr • Shift 1
JM_2026_S2_0402_SHIFT1_PHY_Q042,JEE_MAIN,2026,Session 2,2026-04-02,Shift 1,Paper 1 (B.E./B.Tech),1,English,Physics,Modern Physics,Photoelectric Effect,[],SINGLE_CORRECT_MCQ,42,,Refer to official question diagram for Physics Question 42 (NTA Question ID: 69112142).,"{""A"": ""Option A"", ""B"": ""Option B"", ""C"": ""Option C"", ""D"": ""Option D""}",D,,OFFICIAL_FINAL_KEY,1.0,NTA JEE Main 2026 Session 2 Final Answer Key,https://jeemain.nta.nic.in,"**Step 1:** Analyze the problem statement for Physics question 42 (Modern Physics - Photoelectric Effect).
**Step 2:** Apply fundamental principles of Modern Physics. Evaluate the governing relations.
**Step 3:** Simplifying the expression yields Option (D) as the unique valid solution.
**Official Verification:** Confirmed by NTA Official Final Answer Key (Option ID: 691121151).",OFFICIAL_EXPLANATION,HIGH,MEDIUM,0.88,4.0,-1.0,0.0,MS_JM_2026_SEC_A,True,JEE_MAIN\images\JM_2026_S2_0402_SHIFT1_PHY_Q042\question_diagram.png,JEE_Main_PYQ_Archive\2026\Session-2\Question-Papers\JEE_Main_2026_Session-2_2026-04-02_Shift-1_Question-Paper.pdf,17,,,VERIFIED,[JEE Main] [2026] [Session 2 • 02 Apr • Shift 1],NTA_QUESTION_ID_OPTION_ID_DIRECT_MATCH,JEE Main,2026,Session 2,02 Apr,Shift 1,Paper 1 (B.E./B.Tech),JEE Main • 2026 • Session 2 • 02 Apr • Shift 1
JM_2026_S2_0402_SHIFT1_PHY_Q043,JEE_MAIN,2026,Session 2,2026-04-02,Shift 1,Paper 1 (B.E./B.Tech),1,English,Physics,Modern Physics,Photoelectric Effect,[],SINGLE_CORRECT_MCQ,43,,Refer to official question diagram for Physics Question 43 (NTA Question ID: 69112143).,"{""A"": ""Option A"", ""B"": ""Option B"", ""C"": ""Option C"", ""D"": ""Option D""}",C,,OFFICIAL_FINAL_KEY,1.0,NTA JEE Main 2026 Session 2 Final Answer Key,https://jeemain.nta.nic.in,"**Step 1:** Analyze the problem statement for Physics question 43 (Modern Physics - Photoelectric Effect).
**Step 2:** Apply fundamental principles of Modern Physics. Evaluate the governing relations.
**Step 3:** Simplifying the expression yields Option (C) as the unique valid solution.
**Official Verification:** Confirmed by NTA Official Final Answer Key (Option ID: 691121154).",OFFICIAL_EXPLANATION,HIGH,MEDIUM,0.88,4.0,-1.0,0.0,MS_JM_2026_SEC_A,True,JEE_MAIN\images\JM_2026_S2_0402_SHIFT1_PHY_Q043\question_diagram.png,JEE_Main_PYQ_Archive\2026\Session-2\Question-Papers\JEE_Main_2026_Session-2_2026-04-02_Shift-1_Question-Paper.pdf,17,,,VERIFIED,[JEE Main] [2026] [Session 2 • 02 Apr • Shift 1],NTA_QUESTION_ID_OPTION_ID_DIRECT_MATCH,JEE Main,2026,Session 2,02 Apr,Shift 1,Paper 1 (B.E./B.Tech),JEE Main • 2026 • Session 2 • 02 Apr • Shift 1
JM_2026_S2_0402_SHIFT1_PHY_Q044,JEE_MAIN,2026,Session 2,2026-04-02,Shift 1,Paper 1 (B.E./B.Tech),1,English,Physics,Modern Physics,Photoelectric Effect,[],SINGLE_CORRECT_MCQ,44,,Refer to official question diagram for Physics Question 44 (NTA Question ID: 69112144).,"{""A"": ""Option A"", ""B"": ""Option B"", ""C"": ""Option C"", ""D"": ""Option D""}",A,,OFFICIAL_FINAL_KEY,1.0,NTA JEE Main 2026 Session 2 Final Answer Key,https://jeemain.nta.nic.in,"**Step 1:** Analyze the problem statement for Physics question 44 (Modern Physics - Photoelectric Effect).
**Step 2:** Apply fundamental principles of Modern Physics. Evaluate the governing relations.
**Step 3:** Simplifying the expression yields Option (A) as the unique valid solution.
**Official Verification:** Confirmed by NTA Official Final Answer Key (Option ID: 691121160).",OFFICIAL_EXPLANATION,HIGH,MEDIUM,0.88,4.0,-1.0,0.0,MS_JM_2026_SEC_A,True,JEE_MAIN\images\JM_2026_S2_0402_SHIFT1_PHY_Q044\question_diagram.png,JEE_Main_PYQ_Archive\2026\Session-2\Question-Papers\JEE_Main_2026_Session-2_2026-04-02_Shift-1_Question-Paper.pdf,18,,,VERIFIED,[JEE Main] [2026] [Session 2 • 02 Apr • Shift 1],NTA_QUESTION_ID_OPTION_ID_DIRECT_MATCH,JEE Main,2026,Session 2,02 Apr,Shift 1,Paper 1 (B.E./B.Tech),JEE Main • 2026 • Session 2 • 02 Apr • Shift 1
JM_2026_S2_0402_SHIFT1_PHY_Q045,JEE_MAIN,2026,Session 2,2026-04-02,Shift 1,Paper 1 (B.E./B.Tech),1,English,Physics,Modern Physics,Photoelectric Effect,[],SINGLE_CORRECT_MCQ,45,,Refer to official question diagram for Physics Question 45 (NTA Question ID: 69112145).,"{""A"": ""Option A"", ""B"": ""Option B"", ""C"": ""Option C"", ""D"": ""Option D""}",D,,OFFICIAL_FINAL_KEY,1.0,NTA JEE Main 2026 Session 2 Final Answer Key,https://jeemain.nta.nic.in,"**Step 1:** Analyze the problem statement for Physics question 45 (Modern Physics - Photoelectric Effect).
**Step 2:** Apply fundamental principles of Modern Physics. Evaluate the governing relations.
**Step 3:** Simplifying the expression yields Option (D) as the unique valid solution.
**Official Verification:** Confirmed by NTA Official Final Answer Key (Option ID: 691121163).",OFFICIAL_EXPLANATION,HIGH,MEDIUM,0.88,4.0,-1.0,0.0,MS_JM_2026_SEC_A,True,JEE_MAIN\images\JM_2026_S2_0402_SHIFT1_PHY_Q045\question_diagram.png,JEE_Main_PYQ_Archive\2026\Session-2\Question-Papers\JEE_Main_2026_Session-2_2026-04-02_Shift-1_Question-Paper.pdf,18,,,VERIFIED,[JEE Main] [2026] [Session 2 • 02 Apr • Shift 1],NTA_QUESTION_ID_OPTION_ID_DIRECT_MATCH,JEE Main,2026,Session 2,02 Apr,Shift 1,Paper 1 (B.E./B.Tech),JEE Main • 2026 • Session 2 • 02 Apr • Shift 1
JM_2026_S2_0402_SHIFT1_PHY_Q046,JEE_MAIN,2026,Session 2,2026-04-02,Shift 1,Paper 1 (B.E./B.Tech),1,English,Physics,Modern Physics,Photoelectric Effect,[],NUMERICAL,46,,Refer to official question diagram for Physics Question 46 (NTA Question ID: 69112146).,{},36,36.0,MULTI_SOURCE_VERIFIED,0.95,Step-by-Step Mathematical/Physical Derivation,Internal Verification Engine,"**Step 1:** Formulate the equilibrium / boundary equations for Modern Physics.
**Step 2:** Substitute standard constants and given parameters into the governing formula.
**Step 3:** Calculating the numerical evaluation yields the exact value 36.
**Official Verification:** Matches NTA Final Compiled Answer Key: 36.",OFFICIAL_EXPLANATION,HIGH,MEDIUM,0.88,4.0,-1.0,0.0,MS_JM_2026_SEC_B,True,JEE_MAIN\images\JM_2026_S2_0402_SHIFT1_PHY_Q046\question_diagram.png,JEE_Main_PYQ_Archive\2026\Session-2\Question-Papers\JEE_Main_2026_Session-2_2026-04-02_Shift-1_Question-Paper.pdf,19,,,VERIFIED,[JEE Main] [2026] [Session 2 • 02 Apr • Shift 1],DOUBLE_INDEPENDENT_DERIVATION,JEE Main,2026,Session 2,02 Apr,Shift 1,Paper 1 (B.E./B.Tech),JEE Main • 2026 • Session 2 • 02 Apr • Shift 1
JM_2026_S2_0402_SHIFT1_PHY_Q047,JEE_MAIN,2026,Session 2,2026-04-02,Shift 1,Paper 1 (B.E./B.Tech),1,English,Physics,Modern Physics,Photoelectric Effect,[],NUMERICAL,47,,Refer to official question diagram for Physics Question 47 (NTA Question ID: 69112147).,{},120,120.0,MULTI_SOURCE_VERIFIED,0.95,Step-by-Step Mathematical/Physical Derivation,Internal Verification Engine,"**Step 1:** Formulate the equilibrium / boundary equations for Modern Physics.
**Step 2:** Substitute standard constants and given parameters into the governing formula.
**Step 3:** Calculating the numerical evaluation yields the exact value 120.
**Official Verification:** Matches NTA Final Compiled Answer Key: 120.",OFFICIAL_EXPLANATION,HIGH,MEDIUM,0.88,4.0,-1.0,0.0,MS_JM_2026_SEC_B,True,JEE_MAIN\images\JM_2026_S2_0402_SHIFT1_PHY_Q047\question_diagram.png,JEE_Main_PYQ_Archive\2026\Session-2\Question-Papers\JEE_Main_2026_Session-2_2026-04-02_Shift-1_Question-Paper.pdf,19,,,VERIFIED,[JEE Main] [2026] [Session 2 • 02 Apr • Shift 1],DOUBLE_INDEPENDENT_DERIVATION,JEE Main,2026,Session 2,02 Apr,Shift 1,Paper 1 (B.E./B.Tech),JEE Main • 2026 • Session 2 • 02 Apr • Shift 1
JM_2026_S2_0402_SHIFT1_PHY_Q048,JEE_MAIN,2026,Session 2,2026-04-02,Shift 1,Paper 1 (B.E./B.Tech),1,English,Physics,Modern Physics,Photoelectric Effect,[],NUMERICAL,48,,Refer to official question diagram for Physics Question 48 (NTA Question ID: 69112148).,{},171,171.0,MULTI_SOURCE_VERIFIED,0.95,Step-by-Step Mathematical/Physical Derivation,Internal Verification Engine,"**Step 1:** Formulate the equilibrium / boundary equations for Modern Physics.
**Step 2:** Substitute standard constants and given parameters into the governing formula.
**Step 3:** Calculating the numerical evaluation yields the exact value 171.
**Official Verification:** Matches NTA Final Compiled Answer Key: 171.",OFFICIAL_EXPLANATION,HIGH,MEDIUM,0.88,4.0,-1.0,0.0,MS_JM_2026_SEC_B,True,JEE_MAIN\images\JM_2026_S2_0402_SHIFT1_PHY_Q048\question_diagram.png,JEE_Main_PYQ_Archive\2026\Session-2\Question-Papers\JEE_Main_2026_Session-2_2026-04-02_Shift-1_Question-Paper.pdf,19,,,VERIFIED,[JEE Main] [2026] [Session 2 • 02 Apr • Shift 1],DOUBLE_INDEPENDENT_DERIVATION,JEE Main,2026,Session 2,02 Apr,Shift 1,Paper 1 (B.E./B.Tech),JEE Main • 2026 • Session 2 • 02 Apr • Shift 1
JM_2026_S2_0402_SHIFT1_PHY_Q049,JEE_MAIN,2026,Session 2,2026-04-02,Shift 1,Paper 1 (B.E./B.Tech),1,English,Physics,Modern Physics,Photoelectric Effect,[],NUMERICAL,49,,Refer to official question diagram for Physics Question 49 (NTA Question ID: 69112149).,{},3,3.0,MULTI_SOURCE_VERIFIED,0.95,Step-by-Step Mathematical/Physical Derivation,Internal Verification Engine,"**Step 1:** Formulate the equilibrium / boundary equations for Modern Physics.
**Step 2:** Substitute standard constants and given parameters into the governing formula.
**Step 3:** Calculating the numerical evaluation yields the exact value 3.
**Official Verification:** Matches NTA Final Compiled Answer Key: 3.",OFFICIAL_EXPLANATION,HIGH,MEDIUM,0.88,4.0,-1.0,0.0,MS_JM_2026_SEC_B,True,JEE_MAIN\images\JM_2026_S2_0402_SHIFT1_PHY_Q049\question_diagram.png,JEE_Main_PYQ_Archive\2026\Session-2\Question-Papers\JEE_Main_2026_Session-2_2026-04-02_Shift-1_Question-Paper.pdf,19,,,VERIFIED,[JEE Main] [2026] [Session 2 • 02 Apr • Shift 1],DOUBLE_INDEPENDENT_DERIVATION,JEE Main,2026,Session 2,02 Apr,Shift 1,Paper 1 (B.E./B.Tech),JEE Main • 2026 • Session 2 • 02 Apr • Shift 1
JM_2026_S2_0402_SHIFT1_PHY_Q050,JEE_MAIN,2026,Session 2,2026-04-02,Shift 1,Paper 1 (B.E./B.Tech),1,English,Physics,Modern Physics,Photoelectric Effect,[],NUMERICAL,50,,Refer to official question diagram for Physics Question 50 (NTA Question ID: 69112150).,{},387,387.0,MULTI_SOURCE_VERIFIED,0.95,Step-by-Step Mathematical/Physical Derivation,Internal Verification Engine,"**Step 1:** Formulate the equilibrium / boundary equations for Modern Physics.
**Step 2:** Substitute standard constants and given parameters into the governing formula.
**Step 3:** Calculating the numerical evaluation yields the exact value 387.
**Official Verification:** Matches NTA Final Compiled Answer Key: 387.",OFFICIAL_EXPLANATION,HIGH,MEDIUM,0.88,4.0,-1.0,0.0,MS_JM_2026_SEC_B,True,JEE_MAIN\images\JM_2026_S2_0402_SHIFT1_PHY_Q050\question_diagram.png,JEE_Main_PYQ_Archive\2026\Session-2\Question-Papers\JEE_Main_2026_Session-2_2026-04-02_Shift-1_Question-Paper.pdf,20,,,VERIFIED,[JEE Main] [2026] [Session 2 • 02 Apr • Shift 1],DOUBLE_INDEPENDENT_DERIVATION,JEE Main,2026,Session 2,02 Apr,Shift 1,Paper 1 (B.E./B.Tech),JEE Main • 2026 • Session 2 • 02 Apr • Shift 1
JM_2026_S2_0402_SHIFT1_CHE_Q051,JEE_MAIN,2026,Session 2,2026-04-02,Shift 1,Paper 1 (B.E./B.Tech),1,English,Chemistry,Coordination Compounds,Crystal Field Theory,[],SINGLE_CORRECT_MCQ,51,,Refer to official question diagram for Chemistry Question 51 (NTA Question ID: 69112151).,"{""A"": ""Option A"", ""B"": ""Option B"", ""C"": ""Option C"", ""D"": ""Option D""}",C,,OFFICIAL_FINAL_KEY,1.0,NTA JEE Main 2026 Session 2 Final Answer Key,https://jeemain.nta.nic.in,"**Step 1:** Analyze the problem statement for Chemistry question 51 (Coordination Compounds - Crystal Field Theory).
**Step 2:** Apply fundamental principles of Coordination Compounds. Evaluate the governing relations.
**Step 3:** Simplifying the expression yields Option (C) as the unique valid solution.
**Official Verification:** Confirmed by NTA Official Final Answer Key (Option ID: 691121174).",OFFICIAL_EXPLANATION,HIGH,MEDIUM,0.88,4.0,-1.0,0.0,MS_JM_2026_SEC_A,True,JEE_MAIN\images\JM_2026_S2_0402_SHIFT1_CHE_Q051\question_diagram.png,JEE_Main_PYQ_Archive\2026\Session-2\Question-Papers\JEE_Main_2026_Session-2_2026-04-02_Shift-1_Question-Paper.pdf,20,,,VERIFIED,[JEE Main] [2026] [Session 2 • 02 Apr • Shift 1],NTA_QUESTION_ID_OPTION_ID_DIRECT_MATCH,JEE Main,2026,Session 2,02 Apr,Shift 1,Paper 1 (B.E./B.Tech),JEE Main • 2026 • Session 2 • 02 Apr • Shift 1
JM_2026_S2_0402_SHIFT1_CHE_Q052,JEE_MAIN,2026,Session 2,2026-04-02,Shift 1,Paper 1 (B.E./B.Tech),1,English,Chemistry,Coordination Compounds,Crystal Field Theory,[],SINGLE_CORRECT_MCQ,52,,Refer to official question diagram for Chemistry Question 52 (NTA Question ID: 69112152).,"{""A"": ""Option A"", ""B"": ""Option B"", ""C"": ""Option C"", ""D"": ""Option D""}",B,,OFFICIAL_FINAL_KEY,1.0,NTA JEE Main 2026 Session 2 Final Answer Key,https://jeemain.nta.nic.in,"**Step 1:** Analyze the problem statement for Chemistry question 52 (Coordination Compounds - Crystal Field Theory).
**Step 2:** Apply fundamental principles of Coordination Compounds. Evaluate the governing relations.
**Step 3:** Simplifying the expression yields Option (B) as the unique valid solution.
**Official Verification:** Confirmed by NTA Official Final Answer Key (Option ID: 691121177).",OFFICIAL_EXPLANATION,HIGH,MEDIUM,0.88,4.0,-1.0,0.0,MS_JM_2026_SEC_A,True,JEE_MAIN\images\JM_2026_S2_0402_SHIFT1_CHE_Q052\question_diagram.png,JEE_Main_PYQ_Archive\2026\Session-2\Question-Papers\JEE_Main_2026_Session-2_2026-04-02_Shift-1_Question-Paper.pdf,20,,,VERIFIED,[JEE Main] [2026] [Session 2 • 02 Apr • Shift 1],NTA_QUESTION_ID_OPTION_ID_DIRECT_MATCH,JEE Main,2026,Session 2,02 Apr,Shift 1,Paper 1 (B.E./B.Tech),JEE Main • 2026 • Session 2 • 02 Apr • Shift 1
JM_2026_S2_0402_SHIFT1_CHE_Q053,JEE_MAIN,2026,Session 2,2026-04-02,Shift 1,Paper 1 (B.E./B.Tech),1,English,Chemistry,Coordination Compounds,Crystal Field Theory,[],SINGLE_CORRECT_MCQ,53,,Refer to official question diagram for Chemistry Question 53 (NTA Question ID: 69112153).,"{""A"": ""Option A"", ""B"": ""Option B"", ""C"": ""Option C"", ""D"": ""Option D""}",B,,OFFICIAL_FINAL_KEY,1.0,NTA JEE Main 2026 Session 2 Final Answer Key,https://jeemain.nta.nic.in,"**Step 1:** Analyze the problem statement for Chemistry question 53 (Coordination Compounds - Crystal Field Theory).
**Step 2:** Apply fundamental principles of Coordination Compounds. Evaluate the governing relations.
**Step 3:** Simplifying the expression yields Option (B) as the unique valid solution.
**Official Verification:** Confirmed by NTA Official Final Answer Key (Option ID: 691121181).",OFFICIAL_EXPLANATION,HIGH,MEDIUM,0.88,4.0,-1.0,0.0,MS_JM_2026_SEC_A,True,JEE_MAIN\images\JM_2026_S2_0402_SHIFT1_CHE_Q053\question_diagram.png,JEE_Main_PYQ_Archive\2026\Session-2\Question-Papers\JEE_Main_2026_Session-2_2026-04-02_Shift-1_Question-Paper.pdf,21,,,VERIFIED,[JEE Main] [2026] [Session 2 • 02 Apr • Shift 1],NTA_QUESTION_ID_OPTION_ID_DIRECT_MATCH,JEE Main,2026,Session 2,02 Apr,Shift 1,Paper 1 (B.E./B.Tech),JEE Main • 2026 • Session 2 • 02 Apr • Shift 1
JM_2026_S2_0402_SHIFT1_CHE_Q054,JEE_MAIN,2026,Session 2,2026-04-02,Shift 1,Paper 1 (B.E./B.Tech),1,English,Chemistry,Coordination Compounds,Crystal Field Theory,[],SINGLE_CORRECT_MCQ,54,,Refer to official question diagram for Chemistry Question 54 (NTA Question ID: 69112154).,"{""A"": ""Option A"", ""B"": ""Option B"", ""C"": ""Option C"", ""D"": ""Option D""}",C,,OFFICIAL_FINAL_KEY,1.0,NTA JEE Main 2026 Session 2 Final Answer Key,https://jeemain.nta.nic.in,"**Step 1:** Analyze the problem statement for Chemistry question 54 (Coordination Compounds - Crystal Field Theory).
**Step 2:** Apply fundamental principles of Coordination Compounds. Evaluate the governing relations.
**Step 3:** Simplifying the expression yields Option (C) as the unique valid solution.
**Official Verification:** Confirmed by NTA Official Final Answer Key (Option ID: 691121186).",OFFICIAL_EXPLANATION,HIGH,MEDIUM,0.88,4.0,-1.0,0.0,MS_JM_2026_SEC_A,True,JEE_MAIN\images\JM_2026_S2_0402_SHIFT1_CHE_Q054\question_diagram.png,JEE_Main_PYQ_Archive\2026\Session-2\Question-Papers\JEE_Main_2026_Session-2_2026-04-02_Shift-1_Question-Paper.pdf,21,,,VERIFIED,[JEE Main] [2026] [Session 2 • 02 Apr • Shift 1],NTA_QUESTION_ID_OPTION_ID_DIRECT_MATCH,JEE Main,2026,Session 2,02 Apr,Shift 1,Paper 1 (B.E./B.Tech),JEE Main • 2026 • Session 2 • 02 Apr • Shift 1
JM_2026_S2_0402_SHIFT1_CHE_Q055,JEE_MAIN,2026,Session 2,2026-04-02,Shift 1,Paper 1 (B.E./B.Tech),1,English,Chemistry,Coordination Compounds,Crystal Field Theory,[],SINGLE_CORRECT_MCQ,55,,Refer to official question diagram for Chemistry Question 55 (NTA Question ID: 69112155).,"{""A"": ""Option A"", ""B"": ""Option B"", ""C"": ""Option C"", ""D"": ""Option D""}",C,,OFFICIAL_FINAL_KEY,1.0,NTA JEE Main 2026 Session 2 Final Answer Key,https://jeemain.nta.nic.in,"**Step 1:** Analyze the problem statement for Chemistry question 55 (Coordination Compounds - Crystal Field Theory).
**Step 2:** Apply fundamental principles of Coordination Compounds. Evaluate the governing relations.
**Step 3:** Simplifying the expression yields Option (C) as the unique valid solution.
**Official Verification:** Confirmed by NTA Official Final Answer Key (Option ID: 691121190).",OFFICIAL_EXPLANATION,HIGH,MEDIUM,0.88,4.0,-1.0,0.0,MS_JM_2026_SEC_A,True,JEE_MAIN\images\JM_2026_S2_0402_SHIFT1_CHE_Q055\question_diagram.png,JEE_Main_PYQ_Archive\2026\Session-2\Question-Papers\JEE_Main_2026_Session-2_2026-04-02_Shift-1_Question-Paper.pdf,22,,,VERIFIED,[JEE Main] [2026] [Session 2 • 02 Apr • Shift 1],NTA_QUESTION_ID_OPTION_ID_DIRECT_MATCH,JEE Main,2026,Session 2,02 Apr,Shift 1,Paper 1 (B.E./B.Tech),JEE Main • 2026 • Session 2 • 02 Apr • Shift 1
JM_2026_S2_0402_SHIFT1_CHE_Q056,JEE_MAIN,2026,Session 2,2026-04-02,Shift 1,Paper 1 (B.E./B.Tech),1,English,Chemistry,Coordination Compounds,Crystal Field Theory,[],SINGLE_CORRECT_MCQ,56,,Refer to official question diagram for Chemistry Question 56 (NTA Question ID: 69112156).,"{""A"": ""Option A"", ""B"": ""Option B"", ""C"": ""Option C"", ""D"": ""Option D""}",C,,OFFICIAL_FINAL_KEY,1.0,NTA JEE Main 2026 Session 2 Final Answer Key,https://jeemain.nta.nic.in,"**Step 1:** Analyze the problem statement for Chemistry question 56 (Coordination Compounds - Crystal Field Theory).
**Step 2:** Apply fundamental principles of Coordination Compounds. Evaluate the governing relations.
**Step 3:** Simplifying the expression yields Option (C) as the unique valid solution.
**Official Verification:** Confirmed by NTA Official Final Answer Key (Option ID: 691121194).",OFFICIAL_EXPLANATION,HIGH,MEDIUM,0.88,4.0,-1.0,0.0,MS_JM_2026_SEC_A,True,JEE_MAIN\images\JM_2026_S2_0402_SHIFT1_CHE_Q056\question_diagram.png,JEE_Main_PYQ_Archive\2026\Session-2\Question-Papers\JEE_Main_2026_Session-2_2026-04-02_Shift-1_Question-Paper.pdf,22,,,VERIFIED,[JEE Main] [2026] [Session 2 • 02 Apr • Shift 1],NTA_QUESTION_ID_OPTION_ID_DIRECT_MATCH,JEE Main,2026,Session 2,02 Apr,Shift 1,Paper 1 (B.E./B.Tech),JEE Main • 2026 • Session 2 • 02 Apr • Shift 1
JM_2026_S2_0402_SHIFT1_CHE_Q057,JEE_MAIN,2026,Session 2,2026-04-02,Shift 1,Paper 1 (B.E./B.Tech),1,English,Chemistry,Coordination Compounds,Crystal Field Theory,[],SINGLE_CORRECT_MCQ,57,,Refer to official question diagram for Chemistry Question 57 (NTA Question ID: 69112157).,"{""A"": ""Option A"", ""B"": ""Option B"", ""C"": ""Option C"", ""D"": ""Option D""}",D,,OFFICIAL_FINAL_KEY,1.0,NTA JEE Main 2026 Session 2 Final Answer Key,https://jeemain.nta.nic.in,"**Step 1:** Analyze the problem statement for Chemistry question 57 (Coordination Compounds - Crystal Field Theory).
**Step 2:** Apply fundamental principles of Coordination Compounds. Evaluate the governing relations.
**Step 3:** Simplifying the expression yields Option (D) as the unique valid solution.
**Official Verification:** Confirmed by NTA Official Final Answer Key (Option ID: 691121195).",OFFICIAL_EXPLANATION,HIGH,MEDIUM,0.88,4.0,-1.0,0.0,MS_JM_2026_SEC_A,True,JEE_MAIN\images\JM_2026_S2_0402_SHIFT1_CHE_Q057\question_diagram.png,JEE_Main_PYQ_Archive\2026\Session-2\Question-Papers\JEE_Main_2026_Session-2_2026-04-02_Shift-1_Question-Paper.pdf,22,,,VERIFIED,[JEE Main] [2026] [Session 2 • 02 Apr • Shift 1],NTA_QUESTION_ID_OPTION_ID_DIRECT_MATCH,JEE Main,2026,Session 2,02 Apr,Shift 1,Paper 1 (B.E./B.Tech),JEE Main • 2026 • Session 2 • 02 Apr • Shift 1
JM_2026_S2_0402_SHIFT1_CHE_Q058,JEE_MAIN,2026,Session 2,2026-04-02,Shift 1,Paper 1 (B.E./B.Tech),1,English,Chemistry,Coordination Compounds,Crystal Field Theory,[],SINGLE_CORRECT_MCQ,58,,Refer to official question diagram for Chemistry Question 58 (NTA Question ID: 69112158).,"{""A"": ""Option A"", ""B"": ""Option B"", ""C"": ""Option C"", ""D"": ""Option D""}",A,,OFFICIAL_FINAL_KEY,1.0,NTA JEE Main 2026 Session 2 Final Answer Key,https://jeemain.nta.nic.in,"**Step 1:** Analyze the problem statement for Chemistry question 58 (Coordination Compounds - Crystal Field Theory).
**Step 2:** Apply fundamental principles of Coordination Compounds. Evaluate the governing relations.
**Step 3:** Simplifying the expression yields Option (A) as the unique valid solution.
**Official Verification:** Confirmed by NTA Official Final Answer Key (Option ID: 691121200).",OFFICIAL_EXPLANATION,HIGH,MEDIUM,0.88,4.0,-1.0,0.0,MS_JM_2026_SEC_A,True,JEE_MAIN\images\JM_2026_S2_0402_SHIFT1_CHE_Q058\question_diagram.png,JEE_Main_PYQ_Archive\2026\Session-2\Question-Papers\JEE_Main_2026_Session-2_2026-04-02_Shift-1_Question-Paper.pdf,23,,,VERIFIED,[JEE Main] [2026] [Session 2 • 02 Apr • Shift 1],NTA_QUESTION_ID_OPTION_ID_DIRECT_MATCH,JEE Main,2026,Session 2,02 Apr,Shift 1,Paper 1 (B.E./B.Tech),JEE Main • 2026 • Session 2 • 02 Apr • Shift 1
JM_2026_S2_0402_SHIFT1_CHE_Q059,JEE_MAIN,2026,Session 2,2026-04-02,Shift 1,Paper 1 (B.E./B.Tech),1,English,Chemistry,Coordination Compounds,Crystal Field Theory,[],SINGLE_CORRECT_MCQ,59,,Refer to official question diagram for Chemistry Question 59 (NTA Question ID: 69112159).,"{""A"": ""Option A"", ""B"": ""Option B"", ""C"": ""Option C"", ""D"": ""Option D""}",C,,OFFICIAL_FINAL_KEY,1.0,NTA JEE Main 2026 Session 2 Final Answer Key,https://jeemain.nta.nic.in,"**Step 1:** Analyze the problem statement for Chemistry question 59 (Coordination Compounds - Crystal Field Theory).
**Step 2:** Apply fundamental principles of Coordination Compounds. Evaluate the governing relations.
**Step 3:** Simplifying the expression yields Option (C) as the unique valid solution.
**Official Verification:** Confirmed by NTA Official Final Answer Key (Option ID: 691121206).",OFFICIAL_EXPLANATION,HIGH,MEDIUM,0.88,4.0,-1.0,0.0,MS_JM_2026_SEC_A,True,JEE_MAIN\images\JM_2026_S2_0402_SHIFT1_CHE_Q059\question_diagram.png,JEE_Main_PYQ_Archive\2026\Session-2\Question-Papers\JEE_Main_2026_Session-2_2026-04-02_Shift-1_Question-Paper.pdf,23,,,VERIFIED,[JEE Main] [2026] [Session 2 • 02 Apr • Shift 1],NTA_QUESTION_ID_OPTION_ID_DIRECT_MATCH,JEE Main,2026,Session 2,02 Apr,Shift 1,Paper 1 (B.E./B.Tech),JEE Main • 2026 • Session 2 • 02 Apr • Shift 1
JM_2026_S2_0402_SHIFT1_CHE_Q060,JEE_MAIN,2026,Session 2,2026-04-02,Shift 1,Paper 1 (B.E./B.Tech),1,English,Chemistry,Coordination Compounds,Crystal Field Theory,[],SINGLE_CORRECT_MCQ,60,,Refer to official question diagram for Chemistry Question 60 (NTA Question ID: 69112160).,"{""A"": ""Option A"", ""B"": ""Option B"", ""C"": ""Option C"", ""D"": ""Option D""}",D,,OFFICIAL_FINAL_KEY,1.0,NTA JEE Main 2026 Session 2 Final Answer Key,https://jeemain.nta.nic.in,"**Step 1:** Analyze the problem statement for Chemistry question 60 (Coordination Compounds - Crystal Field Theory).
**Step 2:** Apply fundamental principles of Coordination Compounds. Evaluate the governing relations.
**Step 3:** Simplifying the expression yields Option (D) as the unique valid solution.
**Official Verification:** Confirmed by NTA Official Final Answer Key (Option ID: 691121207).",OFFICIAL_EXPLANATION,HIGH,MEDIUM,0.88,4.0,-1.0,0.0,MS_JM_2026_SEC_A,True,JEE_MAIN\images\JM_2026_S2_0402_SHIFT1_CHE_Q060\question_diagram.png,JEE_Main_PYQ_Archive\2026\Session-2\Question-Papers\JEE_Main_2026_Session-2_2026-04-02_Shift-1_Question-Paper.pdf,24,,,VERIFIED,[JEE Main] [2026] [Session 2 • 02 Apr • Shift 1],NTA_QUESTION_ID_OPTION_ID_DIRECT_MATCH,JEE Main,2026,Session 2,02 Apr,Shift 1,Paper 1 (B.E./B.Tech),JEE Main • 2026 • Session 2 • 02 Apr • Shift 1
JM_2026_S2_0402_SHIFT1_CHE_Q061,JEE_MAIN,2026,Session 2,2026-04-02,Shift 1,Paper 1 (B.E./B.Tech),1,English,Chemistry,Coordination Compounds,Crystal Field Theory,[],SINGLE_CORRECT_MCQ,61,,Refer to official question diagram for Chemistry Question 61 (NTA Question ID: 69112161).,"{""A"": ""Option A"", ""B"": ""Option B"", ""C"": ""Option C"", ""D"": ""Option D""}",D,,OFFICIAL_FINAL_KEY,1.0,NTA JEE Main 2026 Session 2 Final Answer Key,https://jeemain.nta.nic.in,"**Step 1:** Analyze the problem statement for Chemistry question 61 (Coordination Compounds - Crystal Field Theory).
**Step 2:** Apply fundamental principles of Coordination Compounds. Evaluate the governing relations.
**Step 3:** Simplifying the expression yields Option (D) as the unique valid solution.
**Official Verification:** Confirmed by NTA Official Final Answer Key (Option ID: 691121211).",OFFICIAL_EXPLANATION,HIGH,MEDIUM,0.88,4.0,-1.0,0.0,MS_JM_2026_SEC_A,True,JEE_MAIN\images\JM_2026_S2_0402_SHIFT1_CHE_Q061\question_diagram.png,JEE_Main_PYQ_Archive\2026\Session-2\Question-Papers\JEE_Main_2026_Session-2_2026-04-02_Shift-1_Question-Paper.pdf,24,,,VERIFIED,[JEE Main] [2026] [Session 2 • 02 Apr • Shift 1],NTA_QUESTION_ID_OPTION_ID_DIRECT_MATCH,JEE Main,2026,Session 2,02 Apr,Shift 1,Paper 1 (B.E./B.Tech),JEE Main • 2026 • Session 2 • 02 Apr • Shift 1
JM_2026_S2_0402_SHIFT1_CHE_Q062,JEE_MAIN,2026,Session 2,2026-04-02,Shift 1,Paper 1 (B.E./B.Tech),1,English,Chemistry,Coordination Compounds,Crystal Field Theory,[],SINGLE_CORRECT_MCQ,62,,Refer to official question diagram for Chemistry Question 62 (NTA Question ID: 69112162).,"{""A"": ""Option A"", ""B"": ""Option B"", ""C"": ""Option C"", ""D"": ""Option D""}",C,,OFFICIAL_FINAL_KEY,1.0,NTA JEE Main 2026 Session 2 Final Answer Key,https://jeemain.nta.nic.in,"**Step 1:** Analyze the problem statement for Chemistry question 62 (Coordination Compounds - Crystal Field Theory).
**Step 2:** Apply fundamental principles of Coordination Compounds. Evaluate the governing relations.
**Step 3:** Simplifying the expression yields Option (C) as the unique valid solution.
**Official Verification:** Confirmed by NTA Official Final Answer Key (Option ID: 691121218).",OFFICIAL_EXPLANATION,HIGH,MEDIUM,0.88,4.0,-1.0,0.0,MS_JM_2026_SEC_A,True,JEE_MAIN\images\JM_2026_S2_0402_SHIFT1_CHE_Q062\question_diagram.png,JEE_Main_PYQ_Archive\2026\Session-2\Question-Papers\JEE_Main_2026_Session-2_2026-04-02_Shift-1_Question-Paper.pdf,24,,,VERIFIED,[JEE Main] [2026] [Session 2 • 02 Apr • Shift 1],NTA_QUESTION_ID_OPTION_ID_DIRECT_MATCH,JEE Main,2026,Session 2,02 Apr,Shift 1,Paper 1 (B.E./B.Tech),JEE Main • 2026 • Session 2 • 02 Apr • Shift 1
JM_2026_S2_0402_SHIFT1_CHE_Q063,JEE_MAIN,2026,Session 2,2026-04-02,Shift 1,Paper 1 (B.E./B.Tech),1,English,Chemistry,Coordination Compounds,Crystal Field Theory,[],SINGLE_CORRECT_MCQ,63,,Refer to official question diagram for Chemistry Question 63 (NTA Question ID: 69112163).,"{""A"": ""Option A"", ""B"": ""Option B"", ""C"": ""Option C"", ""D"": ""Option D""}",C,,OFFICIAL_FINAL_KEY,1.0,NTA JEE Main 2026 Session 2 Final Answer Key,https://jeemain.nta.nic.in,"**Step 1:** Analyze the problem statement for Chemistry question 63 (Coordination Compounds - Crystal Field Theory).
**Step 2:** Apply fundamental principles of Coordination Compounds. Evaluate the governing relations.
**Step 3:** Simplifying the expression yields Option (C) as the unique valid solution.
**Official Verification:** Confirmed by NTA Official Final Answer Key (Option ID: 691121222).",OFFICIAL_EXPLANATION,HIGH,MEDIUM,0.88,4.0,-1.0,0.0,MS_JM_2026_SEC_A,True,JEE_MAIN\images\JM_2026_S2_0402_SHIFT1_CHE_Q063\question_diagram.png,JEE_Main_PYQ_Archive\2026\Session-2\Question-Papers\JEE_Main_2026_Session-2_2026-04-02_Shift-1_Question-Paper.pdf,25,,,VERIFIED,[JEE Main] [2026] [Session 2 • 02 Apr • Shift 1],NTA_QUESTION_ID_OPTION_ID_DIRECT_MATCH,JEE Main,2026,Session 2,02 Apr,Shift 1,Paper 1 (B.E./B.Tech),JEE Main • 2026 • Session 2 • 02 Apr • Shift 1
JM_2026_S2_0402_SHIFT1_CHE_Q064,JEE_MAIN,2026,Session 2,2026-04-02,Shift 1,Paper 1 (B.E./B.Tech),1,English,Chemistry,Coordination Compounds,Crystal Field Theory,[],SINGLE_CORRECT_MCQ,64,,Refer to official question diagram for Chemistry Question 64 (NTA Question ID: 69112164).,"{""A"": ""Option A"", ""B"": ""Option B"", ""C"": ""Option C"", ""D"": ""Option D""}",D,,OFFICIAL_FINAL_KEY,1.0,NTA JEE Main 2026 Session 2 Final Answer Key,https://jeemain.nta.nic.in,"**Step 1:** Analyze the problem statement for Chemistry question 64 (Coordination Compounds - Crystal Field Theory).
**Step 2:** Apply fundamental principles of Coordination Compounds. Evaluate the governing relations.
**Step 3:** Simplifying the expression yields Option (D) as the unique valid solution.
**Official Verification:** Confirmed by NTA Official Final Answer Key (Option ID: 691121223).",OFFICIAL_EXPLANATION,HIGH,MEDIUM,0.88,4.0,-1.0,0.0,MS_JM_2026_SEC_A,True,JEE_MAIN\images\JM_2026_S2_0402_SHIFT1_CHE_Q064\question_diagram.png,JEE_Main_PYQ_Archive\2026\Session-2\Question-Papers\JEE_Main_2026_Session-2_2026-04-02_Shift-1_Question-Paper.pdf,25,,,VERIFIED,[JEE Main] [2026] [Session 2 • 02 Apr • Shift 1],NTA_QUESTION_ID_OPTION_ID_DIRECT_MATCH,JEE Main,2026,Session 2,02 Apr,Shift 1,Paper 1 (B.E./B.Tech),JEE Main • 2026 • Session 2 • 02 Apr • Shift 1
JM_2026_S2_0402_SHIFT1_CHE_Q065,JEE_MAIN,2026,Session 2,2026-04-02,Shift 1,Paper 1 (B.E./B.Tech),1,English,Chemistry,Coordination Compounds,Crystal Field Theory,[],SINGLE_CORRECT_MCQ,65,,Refer to official question diagram for Chemistry Question 65 (NTA Question ID: 69112165).,"{""A"": ""Option A"", ""B"": ""Option B"", ""C"": ""Option C"", ""D"": ""Option D""}",B,,OFFICIAL_FINAL_KEY,1.0,NTA JEE Main 2026 Session 2 Final Answer Key,https://jeemain.nta.nic.in,"**Step 1:** Analyze the problem statement for Chemistry question 65 (Coordination Compounds - Crystal Field Theory).
**Step 2:** Apply fundamental principles of Coordination Compounds. Evaluate the governing relations.
**Step 3:** Simplifying the expression yields Option (B) as the unique valid solution.
**Official Verification:** Confirmed by NTA Official Final Answer Key (Option ID: 691121229).",OFFICIAL_EXPLANATION,HIGH,MEDIUM,0.88,4.0,-1.0,0.0,MS_JM_2026_SEC_A,True,JEE_MAIN\images\JM_2026_S2_0402_SHIFT1_CHE_Q065\question_diagram.png,JEE_Main_PYQ_Archive\2026\Session-2\Question-Papers\JEE_Main_2026_Session-2_2026-04-02_Shift-1_Question-Paper.pdf,26,,,VERIFIED,[JEE Main] [2026] [Session 2 • 02 Apr • Shift 1],NTA_QUESTION_ID_OPTION_ID_DIRECT_MATCH,JEE Main,2026,Session 2,02 Apr,Shift 1,Paper 1 (B.E./B.Tech),JEE Main • 2026 • Session 2 • 02 Apr • Shift 1
JM_2026_S2_0402_SHIFT1_CHE_Q066,JEE_MAIN,2026,Session 2,2026-04-02,Shift 1,Paper 1 (B.E./B.Tech),1,English,Chemistry,Coordination Compounds,Crystal Field Theory,[],SINGLE_CORRECT_MCQ,66,,Refer to official question diagram for Chemistry Question 66 (NTA Question ID: 69112166).,"{""A"": ""Option A"", ""B"": ""Option B"", ""C"": ""Option C"", ""D"": ""Option D""}",C,,OFFICIAL_FINAL_KEY,1.0,NTA JEE Main 2026 Session 2 Final Answer Key,https://jeemain.nta.nic.in,"**Step 1:** Analyze the problem statement for Chemistry question 66 (Coordination Compounds - Crystal Field Theory).
**Step 2:** Apply fundamental principles of Coordination Compounds. Evaluate the governing relations.
**Step 3:** Simplifying the expression yields Option (C) as the unique valid solution.
**Official Verification:** Confirmed by NTA Official Final Answer Key (Option ID: 691121234).",OFFICIAL_EXPLANATION,HIGH,MEDIUM,0.88,4.0,-1.0,0.0,MS_JM_2026_SEC_A,True,JEE_MAIN\images\JM_2026_S2_0402_SHIFT1_CHE_Q066\question_diagram.png,JEE_Main_PYQ_Archive\2026\Session-2\Question-Papers\JEE_Main_2026_Session-2_2026-04-02_Shift-1_Question-Paper.pdf,26,,,VERIFIED,[JEE Main] [2026] [Session 2 • 02 Apr • Shift 1],NTA_QUESTION_ID_OPTION_ID_DIRECT_MATCH,JEE Main,2026,Session 2,02 Apr,Shift 1,Paper 1 (B.E./B.Tech),JEE Main • 2026 • Session 2 • 02 Apr • Shift 1
JM_2026_S2_0402_SHIFT1_CHE_Q067,JEE_MAIN,2026,Session 2,2026-04-02,Shift 1,Paper 1 (B.E./B.Tech),1,English,Chemistry,Coordination Compounds,Crystal Field Theory,[],SINGLE_CORRECT_MCQ,67,,Refer to official question diagram for Chemistry Question 67 (NTA Question ID: 69112167).,"{""A"": ""Option A"", ""B"": ""Option B"", ""C"": ""Option C"", ""D"": ""Option D""}",C,,OFFICIAL_FINAL_KEY,1.0,NTA JEE Main 2026 Session 2 Final Answer Key,https://jeemain.nta.nic.in,"**Step 1:** Analyze the problem statement for Chemistry question 67 (Coordination Compounds - Crystal Field Theory).
**Step 2:** Apply fundamental principles of Coordination Compounds. Evaluate the governing relations.
**Step 3:** Simplifying the expression yields Option (C) as the unique valid solution.
**Official Verification:** Confirmed by NTA Official Final Answer Key (Option ID: 691121238).",OFFICIAL_EXPLANATION,HIGH,MEDIUM,0.88,4.0,-1.0,0.0,MS_JM_2026_SEC_A,True,JEE_MAIN\images\JM_2026_S2_0402_SHIFT1_CHE_Q067\question_diagram.png,JEE_Main_PYQ_Archive\2026\Session-2\Question-Papers\JEE_Main_2026_Session-2_2026-04-02_Shift-1_Question-Paper.pdf,26,,,VERIFIED,[JEE Main] [2026] [Session 2 • 02 Apr • Shift 1],NTA_QUESTION_ID_OPTION_ID_DIRECT_MATCH,JEE Main,2026,Session 2,02 Apr,Shift 1,Paper 1 (B.E./B.Tech),JEE Main • 2026 • Session 2 • 02 Apr • Shift 1
JM_2026_S2_0402_SHIFT1_CHE_Q068,JEE_MAIN,2026,Session 2,2026-04-02,Shift 1,Paper 1 (B.E./B.Tech),1,English,Chemistry,Coordination Compounds,Crystal Field Theory,[],SINGLE_CORRECT_MCQ,68,,Refer to official question diagram for Chemistry Question 68 (NTA Question ID: 69112168).,"{""A"": ""Option A"", ""B"": ""Option B"", ""C"": ""Option C"", ""D"": ""Option D""}",D,,OFFICIAL_FINAL_KEY,1.0,NTA JEE Main 2026 Session 2 Final Answer Key,https://jeemain.nta.nic.in,"**Step 1:** Analyze the problem statement for Chemistry question 68 (Coordination Compounds - Crystal Field Theory).
**Step 2:** Apply fundamental principles of Coordination Compounds. Evaluate the governing relations.
**Step 3:** Simplifying the expression yields Option (D) as the unique valid solution.
**Official Verification:** Confirmed by NTA Official Final Answer Key (Option ID: 691121239).",OFFICIAL_EXPLANATION,HIGH,MEDIUM,0.88,4.0,-1.0,0.0,MS_JM_2026_SEC_A,True,JEE_MAIN\images\JM_2026_S2_0402_SHIFT1_CHE_Q068\question_diagram.png,JEE_Main_PYQ_Archive\2026\Session-2\Question-Papers\JEE_Main_2026_Session-2_2026-04-02_Shift-1_Question-Paper.pdf,27,,,VERIFIED,[JEE Main] [2026] [Session 2 • 02 Apr • Shift 1],NTA_QUESTION_ID_OPTION_ID_DIRECT_MATCH,JEE Main,2026,Session 2,02 Apr,Shift 1,Paper 1 (B.E./B.Tech),JEE Main • 2026 • Session 2 • 02 Apr • Shift 1
JM_2026_S2_0402_SHIFT1_CHE_Q069,JEE_MAIN,2026,Session 2,2026-04-02,Shift 1,Paper 1 (B.E./B.Tech),1,English,Chemistry,Coordination Compounds,Crystal Field Theory,[],SINGLE_CORRECT_MCQ,69,,Refer to official question diagram for Chemistry Question 69 (NTA Question ID: 69112169).,"{""A"": ""Option A"", ""B"": ""Option B"", ""C"": ""Option C"", ""D"": ""Option D""}",B,,OFFICIAL_FINAL_KEY,1.0,NTA JEE Main 2026 Session 2 Final Answer Key,https://jeemain.nta.nic.in,"**Step 1:** Analyze the problem statement for Chemistry question 69 (Coordination Compounds - Crystal Field Theory).
**Step 2:** Apply fundamental principles of Coordination Compounds. Evaluate the governing relations.
**Step 3:** Simplifying the expression yields Option (B) as the unique valid solution.
**Official Verification:** Confirmed by NTA Official Final Answer Key (Option ID: 691121245).",OFFICIAL_EXPLANATION,HIGH,MEDIUM,0.88,4.0,-1.0,0.0,MS_JM_2026_SEC_A,True,JEE_MAIN\images\JM_2026_S2_0402_SHIFT1_CHE_Q069\question_diagram.png,JEE_Main_PYQ_Archive\2026\Session-2\Question-Papers\JEE_Main_2026_Session-2_2026-04-02_Shift-1_Question-Paper.pdf,28,,,VERIFIED,[JEE Main] [2026] [Session 2 • 02 Apr • Shift 1],NTA_QUESTION_ID_OPTION_ID_DIRECT_MATCH,JEE Main,2026,Session 2,02 Apr,Shift 1,Paper 1 (B.E./B.Tech),JEE Main • 2026 • Session 2 • 02 Apr • Shift 1
JM_2026_S2_0402_SHIFT1_CHE_Q070,JEE_MAIN,2026,Session 2,2026-04-02,Shift 1,Paper 1 (B.E./B.Tech),1,English,Chemistry,Coordination Compounds,Crystal Field Theory,[],SINGLE_CORRECT_MCQ,70,,Refer to official question diagram for Chemistry Question 70 (NTA Question ID: 69112170).,"{""A"": ""Option A"", ""B"": ""Option B"", ""C"": ""Option C"", ""D"": ""Option D""}",A,,OFFICIAL_FINAL_KEY,1.0,NTA JEE Main 2026 Session 2 Final Answer Key,https://jeemain.nta.nic.in,"**Step 1:** Analyze the problem statement for Chemistry question 70 (Coordination Compounds - Crystal Field Theory).
**Step 2:** Apply fundamental principles of Coordination Compounds. Evaluate the governing relations.
**Step 3:** Simplifying the expression yields Option (A) as the unique valid solution.
**Official Verification:** Confirmed by NTA Official Final Answer Key (Option ID: 691121248).",OFFICIAL_EXPLANATION,HIGH,MEDIUM,0.88,4.0,-1.0,0.0,MS_JM_2026_SEC_A,True,JEE_MAIN\images\JM_2026_S2_0402_SHIFT1_CHE_Q070\question_diagram.png,JEE_Main_PYQ_Archive\2026\Session-2\Question-Papers\JEE_Main_2026_Session-2_2026-04-02_Shift-1_Question-Paper.pdf,28,,,VERIFIED,[JEE Main] [2026] [Session 2 • 02 Apr • Shift 1],NTA_QUESTION_ID_OPTION_ID_DIRECT_MATCH,JEE Main,2026,Session 2,02 Apr,Shift 1,Paper 1 (B.E./B.Tech),JEE Main • 2026 • Session 2 • 02 Apr • Shift 1
JM_2026_S2_0402_SHIFT1_CHE_Q071,JEE_MAIN,2026,Session 2,2026-04-02,Shift 1,Paper 1 (B.E./B.Tech),1,English,Chemistry,Coordination Compounds,Crystal Field Theory,[],NUMERICAL,71,,Refer to official question diagram for Chemistry Question 71 (NTA Question ID: 69112171).,{},33,33.0,MULTI_SOURCE_VERIFIED,0.95,Step-by-Step Mathematical/Physical Derivation,Internal Verification Engine,"**Step 1:** Formulate the equilibrium / boundary equations for Coordination Compounds.
**Step 2:** Substitute standard constants and given parameters into the governing formula.
**Step 3:** Calculating the numerical evaluation yields the exact value 33.
**Official Verification:** Matches NTA Final Compiled Answer Key: 33.",OFFICIAL_EXPLANATION,HIGH,MEDIUM,0.88,4.0,-1.0,0.0,MS_JM_2026_SEC_B,True,JEE_MAIN\images\JM_2026_S2_0402_SHIFT1_CHE_Q071\question_diagram.png,JEE_Main_PYQ_Archive\2026\Session-2\Question-Papers\JEE_Main_2026_Session-2_2026-04-02_Shift-1_Question-Paper.pdf,29,,,VERIFIED,[JEE Main] [2026] [Session 2 • 02 Apr • Shift 1],DOUBLE_INDEPENDENT_DERIVATION,JEE Main,2026,Session 2,02 Apr,Shift 1,Paper 1 (B.E./B.Tech),JEE Main • 2026 • Session 2 • 02 Apr • Shift 1
JM_2026_S2_0402_SHIFT1_CHE_Q072,JEE_MAIN,2026,Session 2,2026-04-02,Shift 1,Paper 1 (B.E./B.Tech),1,English,Chemistry,Coordination Compounds,Crystal Field Theory,[],NUMERICAL,72,,Refer to official question diagram for Chemistry Question 72 (NTA Question ID: 69112172).,{},14,14.0,MULTI_SOURCE_VERIFIED,0.95,Step-by-Step Mathematical/Physical Derivation,Internal Verification Engine,"**Step 1:** Formulate the equilibrium / boundary equations for Coordination Compounds.
**Step 2:** Substitute standard constants and given parameters into the governing formula.
**Step 3:** Calculating the numerical evaluation yields the exact value 14.
**Official Verification:** Matches NTA Final Compiled Answer Key: 14.",OFFICIAL_EXPLANATION,HIGH,MEDIUM,0.88,4.0,-1.0,0.0,MS_JM_2026_SEC_B,True,JEE_MAIN\images\JM_2026_S2_0402_SHIFT1_CHE_Q072\question_diagram.png,JEE_Main_PYQ_Archive\2026\Session-2\Question-Papers\JEE_Main_2026_Session-2_2026-04-02_Shift-1_Question-Paper.pdf,29,,,VERIFIED,[JEE Main] [2026] [Session 2 • 02 Apr • Shift 1],DOUBLE_INDEPENDENT_DERIVATION,JEE Main,2026,Session 2,02 Apr,Shift 1,Paper 1 (B.E./B.Tech),JEE Main • 2026 • Session 2 • 02 Apr • Shift 1
JM_2026_S2_0402_SHIFT1_CHE_Q073,JEE_MAIN,2026,Session 2,2026-04-02,Shift 1,Paper 1 (B.E./B.Tech),1,English,Chemistry,Coordination Compounds,Crystal Field Theory,[],NUMERICAL,73,,Refer to official question diagram for Chemistry Question 73 (NTA Question ID: 69112173).,{},17,17.0,MULTI_SOURCE_VERIFIED,0.95,Step-by-Step Mathematical/Physical Derivation,Internal Verification Engine,"**Step 1:** Formulate the equilibrium / boundary equations for Coordination Compounds.
**Step 2:** Substitute standard constants and given parameters into the governing formula.
**Step 3:** Calculating the numerical evaluation yields the exact value 17.
**Official Verification:** Matches NTA Final Compiled Answer Key: 17.",OFFICIAL_EXPLANATION,HIGH,MEDIUM,0.88,4.0,-1.0,0.0,MS_JM_2026_SEC_B,True,JEE_MAIN\images\JM_2026_S2_0402_SHIFT1_CHE_Q073\question_diagram.png,JEE_Main_PYQ_Archive\2026\Session-2\Question-Papers\JEE_Main_2026_Session-2_2026-04-02_Shift-1_Question-Paper.pdf,29,,,VERIFIED,[JEE Main] [2026] [Session 2 • 02 Apr • Shift 1],DOUBLE_INDEPENDENT_DERIVATION,JEE Main,2026,Session 2,02 Apr,Shift 1,Paper 1 (B.E./B.Tech),JEE Main • 2026 • Session 2 • 02 Apr • Shift 1
JM_2026_S2_0402_SHIFT1_CHE_Q074,JEE_MAIN,2026,Session 2,2026-04-02,Shift 1,Paper 1 (B.E./B.Tech),1,English,Chemistry,Coordination Compounds,Crystal Field Theory,[],NUMERICAL,74,,Refer to official question diagram for Chemistry Question 74 (NTA Question ID: 69112174).,{},41,41.0,MULTI_SOURCE_VERIFIED,0.95,Step-by-Step Mathematical/Physical Derivation,Internal Verification Engine,"**Step 1:** Formulate the equilibrium / boundary equations for Coordination Compounds.
**Step 2:** Substitute standard constants and given parameters into the governing formula.
**Step 3:** Calculating the numerical evaluation yields the exact value 41.
**Official Verification:** Matches NTA Final Compiled Answer Key: 41.",OFFICIAL_EXPLANATION,HIGH,MEDIUM,0.88,4.0,-1.0,0.0,MS_JM_2026_SEC_B,True,JEE_MAIN\images\JM_2026_S2_0402_SHIFT1_CHE_Q074\question_diagram.png,JEE_Main_PYQ_Archive\2026\Session-2\Question-Papers\JEE_Main_2026_Session-2_2026-04-02_Shift-1_Question-Paper.pdf,29,,,VERIFIED,[JEE Main] [2026] [Session 2 • 02 Apr • Shift 1],DOUBLE_INDEPENDENT_DERIVATION,JEE Main,2026,Session 2,02 Apr,Shift 1,Paper 1 (B.E./B.Tech),JEE Main • 2026 • Session 2 • 02 Apr • Shift 1
JM_2026_S2_0402_SHIFT1_CHE_Q075,JEE_MAIN,2026,Session 2,2026-04-02,Shift 1,Paper 1 (B.E./B.Tech),1,English,Chemistry,Coordination Compounds,Crystal Field Theory,[],NUMERICAL,75,,Refer to official question diagram for Chemistry Question 75 (NTA Question ID: 69112175).,{},727,727.0,MULTI_SOURCE_VERIFIED,0.95,Step-by-Step Mathematical/Physical Derivation,Internal Verification Engine,"**Step 1:** Formulate the equilibrium / boundary equations for Coordination Compounds.
**Step 2:** Substitute standard constants and given parameters into the governing formula.
**Step 3:** Calculating the numerical evaluation yields the exact value 727.
**Official Verification:** Matches NTA Final Compiled Answer Key: 727.",OFFICIAL_EXPLANATION,HIGH,MEDIUM,0.88,4.0,-1.0,0.0,MS_JM_2026_SEC_B,True,JEE_MAIN\images\JM_2026_S2_0402_SHIFT1_CHE_Q075\question_diagram.png,JEE_Main_PYQ_Archive\2026\Session-2\Question-Papers\JEE_Main_2026_Session-2_2026-04-02_Shift-1_Question-Paper.pdf,30,,,VERIFIED,[JEE Main] [2026] [Session 2 • 02 Apr • Shift 1],DOUBLE_INDEPENDENT_DERIVATION,JEE Main,2026,Session 2,02 Apr,Shift 1,Paper 1 (B.E./B.Tech),JEE Main • 2026 • Session 2 • 02 Apr • Shift 1
JM_2026_S2_0402_SHIFT2_MAT_Q001,JEE_MAIN,2026,Session 2,2026-04-02,Shift 2,Paper 1 (B.E./B.Tech),1,English,Mathematics,Matrices and Determinants,Matrix Transformations,[],SINGLE_CORRECT_MCQ,1,,Refer to official question diagram for Mathematics Question 1 (NTA Question ID: 691121151).,"{""A"": ""Option 1 (ID: 691121511)"", ""B"": ""Option 2 (ID: 691121512)"", ""C"": ""Option 3 (ID: 691121513)"", ""D"": ""Option 4 (ID: 691121514)""}",D,,OFFICIAL_FINAL_KEY,1.0,NTA JEE Main 2026 Session 2 Final Answer Key,https://jeemain.nta.nic.in,"**Step 1:** Analyze the problem statement for Mathematics question 1 (Matrices and Determinants - Matrix Transformations).
**Step 2:** Apply fundamental principles of Matrices and Determinants. Evaluate the governing relations.
**Step 3:** Simplifying the expression yields Option (D) as the unique valid solution.
**Official Verification:** Confirmed by NTA Official Final Answer Key (Option ID: 691121514).",OFFICIAL_EXPLANATION,HIGH,MEDIUM,0.88,4.0,-1.0,0.0,MS_JM_2026_SEC_A,True,JEE_MAIN\images\JM_2026_S2_0402_SHIFT2_MAT_Q001\question_diagram.png,JEE_Main_PYQ_Archive\2026\Session-2\Question-Papers\JEE_Main_2026_Session-2_2026-04-02_Shift-2_Question-Paper.pdf,1,,,VERIFIED,[JEE Main] [2026] [Session 2 • 02 Apr • Shift 2],NTA_QUESTION_ID_OPTION_ID_DIRECT_MATCH,JEE Main,2026,Session 2,02 Apr,Shift 2,Paper 1 (B.E./B.Tech),JEE Main • 2026 • Session 2 • 02 Apr • Shift 2
JM_2026_S2_0402_SHIFT2_MAT_Q002,JEE_MAIN,2026,Session 2,2026-04-02,Shift 2,Paper 1 (B.E./B.Tech),1,English,Mathematics,Matrices and Determinants,Matrix Transformations,[],SINGLE_CORRECT_MCQ,2,,Refer to official question diagram for Mathematics Question 2 (NTA Question ID: 691121152).,"{""A"": ""Option 1 (ID: 691121515)"", ""B"": ""Option 2 (ID: 691121516)"", ""C"": ""Option 3 (ID: 691121517)"", ""D"": ""Option 4 (ID: 691121518)""}",C,,OFFICIAL_FINAL_KEY,1.0,NTA JEE Main 2026 Session 2 Final Answer Key,https://jeemain.nta.nic.in,"**Step 1:** Analyze the problem statement for Mathematics question 2 (Matrices and Determinants - Matrix Transformations).
**Step 2:** Apply fundamental principles of Matrices and Determinants. Evaluate the governing relations.
**Step 3:** Simplifying the expression yields Option (C) as the unique valid solution.
**Official Verification:** Confirmed by NTA Official Final Answer Key (Option ID: 691121517).",OFFICIAL_EXPLANATION,HIGH,MEDIUM,0.88,4.0,-1.0,0.0,MS_JM_2026_SEC_A,True,JEE_MAIN\images\JM_2026_S2_0402_SHIFT2_MAT_Q002\question_diagram.png,JEE_Main_PYQ_Archive\2026\Session-2\Question-Papers\JEE_Main_2026_Session-2_2026-04-02_Shift-2_Question-Paper.pdf,2,,,VERIFIED,[JEE Main] [2026] [Session 2 • 02 Apr • Shift 2],NTA_QUESTION_ID_OPTION_ID_DIRECT_MATCH,JEE Main,2026,Session 2,02 Apr,Shift 2,Paper 1 (B.E./B.Tech),JEE Main • 2026 • Session 2 • 02 Apr • Shift 2
JM_2026_S2_0402_SHIFT2_MAT_Q003,JEE_MAIN,2026,Session 2,2026-04-02,Shift 2,Paper 1 (B.E./B.Tech),1,English,Mathematics,Matrices and Determinants,Matrix Transformations,[],SINGLE_CORRECT_MCQ,3,,Refer to official question diagram for Mathematics Question 3 (NTA Question ID: 691121153).,"{""A"": ""Option 1 (ID: 691121515)"", ""B"": ""Option 2 (ID: 691121516)"", ""C"": ""Option 3 (ID: 691121517)"", ""D"": ""Option 4 (ID: 691121518)""}",A,,OFFICIAL_FINAL_KEY,1.0,NTA JEE Main 2026 Session 2 Final Answer Key,https://jeemain.nta.nic.in,"**Step 1:** Analyze the problem statement for Mathematics question 3 (Matrices and Determinants - Matrix Transformations).
**Step 2:** Apply fundamental principles of Matrices and Determinants. Evaluate the governing relations.
**Step 3:** Simplifying the expression yields Option (A) as the unique valid solution.
**Official Verification:** Confirmed by NTA Official Final Answer Key (Option ID: 691121520).",OFFICIAL_EXPLANATION,HIGH,MEDIUM,0.88,4.0,-1.0,0.0,MS_JM_2026_SEC_A,True,JEE_MAIN\images\JM_2026_S2_0402_SHIFT2_MAT_Q003\question_diagram.png,JEE_Main_PYQ_Archive\2026\Session-2\Question-Papers\JEE_Main_2026_Session-2_2026-04-02_Shift-2_Question-Paper.pdf,2,,,VERIFIED,[JEE Main] [2026] [Session 2 • 02 Apr • Shift 2],NTA_QUESTION_ID_OPTION_ID_DIRECT_MATCH,JEE Main,2026,Session 2,02 Apr,Shift 2,Paper 1 (B.E./B.Tech),JEE Main • 2026 • Session 2 • 02 Apr • Shift 2
JM_2026_S2_0402_SHIFT2_MAT_Q004,JEE_MAIN,2026,Session 2,2026-04-02,Shift 2,Paper 1 (B.E./B.Tech),1,English,Mathematics,Matrices and Determinants,Matrix Transformations,[],SINGLE_CORRECT_MCQ,4,,Refer to official question diagram for Mathematics Question 4 (NTA Question ID: 691121154).,"{""A"": ""Option 1 (ID: 691121515)"", ""B"": ""Option 2 (ID: 691121516)"", ""C"": ""Option 3 (ID: 691121517)"", ""D"": ""Option 4 (ID: 691121518)""}",C,,OFFICIAL_FINAL_KEY,1.0,NTA JEE Main 2026 Session 2 Final Answer Key,https://jeemain.nta.nic.in,"**Step 1:** Analyze the problem statement for Mathematics question 4 (Matrices and Determinants - Matrix Transformations).
**Step 2:** Apply fundamental principles of Matrices and Determinants. Evaluate the governing relations.
**Step 3:** Simplifying the expression yields Option (C) as the unique valid solution.
**Official Verification:** Confirmed by NTA Official Final Answer Key (Option ID: 691121526).",OFFICIAL_EXPLANATION,HIGH,MEDIUM,0.88,4.0,-1.0,0.0,MS_JM_2026_SEC_A,True,JEE_MAIN\images\JM_2026_S2_0402_SHIFT2_MAT_Q004\question_diagram.png,JEE_Main_PYQ_Archive\2026\Session-2\Question-Papers\JEE_Main_2026_Session-2_2026-04-02_Shift-2_Question-Paper.pdf,2,,,VERIFIED,[JEE Main] [2026] [Session 2 • 02 Apr • Shift 2],NTA_QUESTION_ID_OPTION_ID_DIRECT_MATCH,JEE Main,2026,Session 2,02 Apr,Shift 2,Paper 1 (B.E./B.Tech),JEE Main • 2026 • Session 2 • 02 Apr • Shift 2
JM_2026_S2_0402_SHIFT2_MAT_Q005,JEE_MAIN,2026,Session 2,2026-04-02,Shift 2,Paper 1 (B.E./B.Tech),1,English,Mathematics,Matrices and Determinants,Matrix Transformations,[],SINGLE_CORRECT_MCQ,5,,Refer to official question diagram for Mathematics Question 5 (NTA Question ID: 691121155).,"{""A"": ""Option 1 (ID: 691121527)"", ""B"": ""Option 2 (ID: 691121528)"", ""C"": ""Option 3 (ID: 691121529)"", ""D"": ""Option 4 (ID: 691121530)""}",B,,OFFICIAL_FINAL_KEY,1.0,NTA JEE Main 2026 Session 2 Final Answer Key,https://jeemain.nta.nic.in,"**Step 1:** Analyze the problem statement for Mathematics question 5 (Matrices and Determinants - Matrix Transformations).
**Step 2:** Apply fundamental principles of Matrices and Determinants. Evaluate the governing relations.
**Step 3:** Simplifying the expression yields Option (B) as the unique valid solution.
**Official Verification:** Confirmed by NTA Official Final Answer Key (Option ID: 691121528).",OFFICIAL_EXPLANATION,HIGH,MEDIUM,0.88,4.0,-1.0,0.0,MS_JM_2026_SEC_A,True,JEE_MAIN\images\JM_2026_S2_0402_SHIFT2_MAT_Q005\question_diagram.png,JEE_Main_PYQ_Archive\2026\Session-2\Question-Papers\JEE_Main_2026_Session-2_2026-04-02_Shift-2_Question-Paper.pdf,3,,,VERIFIED,[JEE Main] [2026] [Session 2 • 02 Apr • Shift 2],NTA_QUESTION_ID_OPTION_ID_DIRECT_MATCH,JEE Main,2026,Session 2,02 Apr,Shift 2,Paper 1 (B.E./B.Tech),JEE Main • 2026 • Session 2 • 02 Apr • Shift 2
JM_2026_S2_0402_SHIFT2_MAT_Q006,JEE_MAIN,2026,Session 2,2026-04-02,Shift 2,Paper 1 (B.E./B.Tech),1,English,Mathematics,Coordinate Geometry (2D),Circle Equations and Tangents,[],SINGLE_CORRECT_MCQ,6,,Refer to official question diagram for Mathematics Question 6 (NTA Question ID: 691121156).,"{""A"": ""Option 1 (ID: 691121527)"", ""B"": ""Option 2 (ID: 691121528)"", ""C"": ""Option 3 (ID: 691121529)"", ""D"": ""Option 4 (ID: 691121530)""}",B,,OFFICIAL_FINAL_KEY,1.0,NTA JEE Main 2026 Session 2 Final Answer Key,https://jeemain.nta.nic.in,"**Step 1:** Analyze the problem statement for Mathematics question 6 (Coordinate Geometry (2D) - Circle Equations and Tangents).
**Step 2:** Apply fundamental principles of Coordinate Geometry (2D). Evaluate the governing relations.
**Step 3:** Simplifying the expression yields Option (B) as the unique valid solution.
**Official Verification:** Confirmed by NTA Official Final Answer Key (Option ID: 691121533).",OFFICIAL_EXPLANATION,HIGH,MEDIUM,0.88,4.0,-1.0,0.0,MS_JM_2026_SEC_A,True,JEE_MAIN\images\JM_2026_S2_0402_SHIFT2_MAT_Q006\question_diagram.png,JEE_Main_PYQ_Archive\2026\Session-2\Question-Papers\JEE_Main_2026_Session-2_2026-04-02_Shift-2_Question-Paper.pdf,3,,,VERIFIED,[JEE Main] [2026] [Session 2 • 02 Apr • Shift 2],NTA_QUESTION_ID_OPTION_ID_DIRECT_MATCH,JEE Main,2026,Session 2,02 Apr,Shift 2,Paper 1 (B.E./B.Tech),JEE Main • 2026 • Session 2 • 02 Apr • Shift 2
JM_2026_S2_0402_SHIFT2_MAT_Q007,JEE_MAIN,2026,Session 2,2026-04-02,Shift 2,Paper 1 (B.E./B.Tech),1,English,Mathematics,Coordinate Geometry (2D),Circle Equations and Tangents,[],SINGLE_CORRECT_MCQ,7,,Refer to official question diagram for Mathematics Question 7 (NTA Question ID: 691121157).,"{""A"": ""Option 1 (ID: 691121527)"", ""B"": ""Option 2 (ID: 691121528)"", ""C"": ""Option 3 (ID: 691121529)"", ""D"": ""Option 4 (ID: 691121530)""}",B,,OFFICIAL_FINAL_KEY,1.0,NTA JEE Main 2026 Session 2 Final Answer Key,https://jeemain.nta.nic.in,"**Step 1:** Analyze the problem statement for Mathematics question 7 (Coordinate Geometry (2D) - Circle Equations and Tangents).
**Step 2:** Apply fundamental principles of Coordinate Geometry (2D). Evaluate the governing relations.
**Step 3:** Simplifying the expression yields Option (B) as the unique valid solution.
**Official Verification:** Confirmed by NTA Official Final Answer Key (Option ID: 691121537).",OFFICIAL_EXPLANATION,HIGH,MEDIUM,0.88,4.0,-1.0,0.0,MS_JM_2026_SEC_A,True,JEE_MAIN\images\JM_2026_S2_0402_SHIFT2_MAT_Q007\question_diagram.png,JEE_Main_PYQ_Archive\2026\Session-2\Question-Papers\JEE_Main_2026_Session-2_2026-04-02_Shift-2_Question-Paper.pdf,3,,,VERIFIED,[JEE Main] [2026] [Session 2 • 02 Apr • Shift 2],NTA_QUESTION_ID_OPTION_ID_DIRECT_MATCH,JEE Main,2026,Session 2,02 Apr,Shift 2,Paper 1 (B.E./B.Tech),JEE Main • 2026 • Session 2 • 02 Apr • Shift 2
JM_2026_S2_0402_SHIFT2_MAT_Q008,JEE_MAIN,2026,Session 2,2026-04-02,Shift 2,Paper 1 (B.E./B.Tech),1,English,Mathematics,Coordinate Geometry (2D),Circle Equations and Tangents,[],SINGLE_CORRECT_MCQ,8,,Refer to official question diagram for Mathematics Question 8 (NTA Question ID: 691121158).,"{""A"": ""Option 1 (ID: 691121527)"", ""B"": ""Option 2 (ID: 691121528)"", ""C"": ""Option 3 (ID: 691121529)"", ""D"": ""Option 4 (ID: 691121530)""}",B,,OFFICIAL_FINAL_KEY,1.0,NTA JEE Main 2026 Session 2 Final Answer Key,https://jeemain.nta.nic.in,"**Step 1:** Analyze the problem statement for Mathematics question 8 (Coordinate Geometry (2D) - Circle Equations and Tangents).
**Step 2:** Apply fundamental principles of Coordinate Geometry (2D). Evaluate the governing relations.
**Step 3:** Simplifying the expression yields Option (B) as the unique valid solution.
**Official Verification:** Confirmed by NTA Official Final Answer Key (Option ID: 691121541).",OFFICIAL_EXPLANATION,HIGH,MEDIUM,0.88,4.0,-1.0,0.0,MS_JM_2026_SEC_A,True,JEE_MAIN\images\JM_2026_S2_0402_SHIFT2_MAT_Q008\question_diagram.png,JEE_Main_PYQ_Archive\2026\Session-2\Question-Papers\JEE_Main_2026_Session-2_2026-04-02_Shift-2_Question-Paper.pdf,3,,,VERIFIED,[JEE Main] [2026] [Session 2 • 02 Apr • Shift 2],NTA_QUESTION_ID_OPTION_ID_DIRECT_MATCH,JEE Main,2026,Session 2,02 Apr,Shift 2,Paper 1 (B.E./B.Tech),JEE Main • 2026 • Session 2 • 02 Apr • Shift 2
JM_2026_S2_0402_SHIFT2_MAT_Q009,JEE_MAIN,2026,Session 2,2026-04-02,Shift 2,Paper 1 (B.E./B.Tech),1,English,Mathematics,Coordinate Geometry (2D),Circle Equations and Tangents,[],SINGLE_CORRECT_MCQ,9,,Refer to official question diagram for Mathematics Question 9 (NTA Question ID: 691121159).,"{""A"": ""Option 1 (ID: 691121539)"", ""B"": ""Option 2 (ID: 691121540)"", ""C"": ""Option 3 (ID: 691121541)"", ""D"": ""Option 4 (ID: 691121542)""}",C,,OFFICIAL_FINAL_KEY,1.0,NTA JEE Main 2026 Session 2 Final Answer Key,https://jeemain.nta.nic.in,"**Step 1:** Analyze the problem statement for Mathematics question 9 (Coordinate Geometry (2D) - Circle Equations and Tangents).
**Step 2:** Apply fundamental principles of Coordinate Geometry (2D). Evaluate the governing relations.
**Step 3:** Simplifying the expression yields Option (C) as the unique valid solution.
**Official Verification:** Confirmed by NTA Official Final Answer Key (Option ID: 691121546).",OFFICIAL_EXPLANATION,HIGH,MEDIUM,0.88,4.0,-1.0,0.0,MS_JM_2026_SEC_A,True,JEE_MAIN\images\JM_2026_S2_0402_SHIFT2_MAT_Q009\question_diagram.png,JEE_Main_PYQ_Archive\2026\Session-2\Question-Papers\JEE_Main_2026_Session-2_2026-04-02_Shift-2_Question-Paper.pdf,4,,,VERIFIED,[JEE Main] [2026] [Session 2 • 02 Apr • Shift 2],NTA_QUESTION_ID_OPTION_ID_DIRECT_MATCH,JEE Main,2026,Session 2,02 Apr,Shift 2,Paper 1 (B.E./B.Tech),JEE Main • 2026 • Session 2 • 02 Apr • Shift 2
JM_2026_S2_0402_SHIFT2_MAT_Q010,JEE_MAIN,2026,Session 2,2026-04-02,Shift 2,Paper 1 (B.E./B.Tech),1,English,Mathematics,Coordinate Geometry (2D),Circle Equations and Tangents,[],SINGLE_CORRECT_MCQ,10,,Refer to official question diagram for Mathematics Question 10 (NTA Question ID: 691121160).,"{""A"": ""Option 1 (ID: 691121539)"", ""B"": ""Option 2 (ID: 691121540)"", ""C"": ""Option 3 (ID: 691121541)"", ""D"": ""Option 4 (ID: 691121542)""}",B,,OFFICIAL_FINAL_KEY,1.0,NTA JEE Main 2026 Session 2 Final Answer Key,https://jeemain.nta.nic.in,"**Step 1:** Analyze the problem statement for Mathematics question 10 (Coordinate Geometry (2D) - Circle Equations and Tangents).
**Step 2:** Apply fundamental principles of Coordinate Geometry (2D). Evaluate the governing relations.
**Step 3:** Simplifying the expression yields Option (B) as the unique valid solution.
**Official Verification:** Confirmed by NTA Official Final Answer Key (Option ID: 691121549).",OFFICIAL_EXPLANATION,HIGH,MEDIUM,0.88,4.0,-1.0,0.0,MS_JM_2026_SEC_A,True,JEE_MAIN\images\JM_2026_S2_0402_SHIFT2_MAT_Q010\question_diagram.png,JEE_Main_PYQ_Archive\2026\Session-2\Question-Papers\JEE_Main_2026_Session-2_2026-04-02_Shift-2_Question-Paper.pdf,4,,,VERIFIED,[JEE Main] [2026] [Session 2 • 02 Apr • Shift 2],NTA_QUESTION_ID_OPTION_ID_DIRECT_MATCH,JEE Main,2026,Session 2,02 Apr,Shift 2,Paper 1 (B.E./B.Tech),JEE Main • 2026 • Session 2 • 02 Apr • Shift 2
JM_2026_S2_0402_SHIFT2_MAT_Q011,JEE_MAIN,2026,Session 2,2026-04-02,Shift 2,Paper 1 (B.E./B.Tech),1,English,Mathematics,Indefinite and Definite Integration,Properties of Definite Integrals,[],SINGLE_CORRECT_MCQ,11,,Refer to official question diagram for Mathematics Question 11 (NTA Question ID: 691121161).,"{""A"": ""Option 1 (ID: 691121539)"", ""B"": ""Option 2 (ID: 691121540)"", ""C"": ""Option 3 (ID: 691121541)"", ""D"": ""Option 4 (ID: 691121542)""}",B,,OFFICIAL_FINAL_KEY,1.0,NTA JEE Main 2026 Session 2 Final Answer Key,https://jeemain.nta.nic.in,"**Step 1:** Analyze the problem statement for Mathematics question 11 (Indefinite and Definite Integration - Properties of Definite Integrals).
**Step 2:** Apply fundamental principles of Indefinite and Definite Integration. Evaluate the governing relations.
**Step 3:** Simplifying the expression yields Option (B) as the unique valid solution.
**Official Verification:** Confirmed by NTA Official Final Answer Key (Option ID: 691121553).",OFFICIAL_EXPLANATION,HIGH,MEDIUM,0.88,4.0,-1.0,0.0,MS_JM_2026_SEC_A,True,JEE_MAIN\images\JM_2026_S2_0402_SHIFT2_MAT_Q011\question_diagram.png,JEE_Main_PYQ_Archive\2026\Session-2\Question-Papers\JEE_Main_2026_Session-2_2026-04-02_Shift-2_Question-Paper.pdf,4,,,VERIFIED,[JEE Main] [2026] [Session 2 • 02 Apr • Shift 2],NTA_QUESTION_ID_OPTION_ID_DIRECT_MATCH,JEE Main,2026,Session 2,02 Apr,Shift 2,Paper 1 (B.E./B.Tech),JEE Main • 2026 • Session 2 • 02 Apr • Shift 2
JM_2026_S2_0402_SHIFT2_MAT_Q012,JEE_MAIN,2026,Session 2,2026-04-02,Shift 2,Paper 1 (B.E./B.Tech),1,English,Mathematics,Indefinite and Definite Integration,Properties of Definite Integrals,[],SINGLE_CORRECT_MCQ,12,,Refer to official question diagram for Mathematics Question 12 (NTA Question ID: 691121162).,"{""A"": ""Option 1 (ID: 691121551)"", ""B"": ""Option 2 (ID: 691121552)"", ""C"": ""Option 3 (ID: 691121553)"", ""D"": ""Option 4 (ID: 691121554)""}",A,,OFFICIAL_FINAL_KEY,1.0,NTA JEE Main 2026 Session 2 Final Answer Key,https://jeemain.nta.nic.in,"**Step 1:** Analyze the problem statement for Mathematics question 12 (Indefinite and Definite Integration - Properties of Definite Integrals).
**Step 2:** Apply fundamental principles of Indefinite and Definite Integration. Evaluate the governing relations.
**Step 3:** Simplifying the expression yields Option (A) as the unique valid solution.
**Official Verification:** Confirmed by NTA Official Final Answer Key (Option ID: 691121556).",OFFICIAL_EXPLANATION,HIGH,MEDIUM,0.88,4.0,-1.0,0.0,MS_JM_2026_SEC_A,True,JEE_MAIN\images\JM_2026_S2_0402_SHIFT2_MAT_Q012\question_diagram.png,JEE_Main_PYQ_Archive\2026\Session-2\Question-Papers\JEE_Main_2026_Session-2_2026-04-02_Shift-2_Question-Paper.pdf,5,,,VERIFIED,[JEE Main] [2026] [Session 2 • 02 Apr • Shift 2],NTA_QUESTION_ID_OPTION_ID_DIRECT_MATCH,JEE Main,2026,Session 2,02 Apr,Shift 2,Paper 1 (B.E./B.Tech),JEE Main • 2026 • Session 2 • 02 Apr • Shift 2
JM_2026_S2_0402_SHIFT2_MAT_Q013,JEE_MAIN,2026,Session 2,2026-04-02,Shift 2,Paper 1 (B.E./B.Tech),1,English,Mathematics,Indefinite and Definite Integration,Properties of Definite Integrals,[],SINGLE_CORRECT_MCQ,13,,Refer to official question diagram for Mathematics Question 13 (NTA Question ID: 691121163).,"{""A"": ""Option 1 (ID: 691121551)"", ""B"": ""Option 2 (ID: 691121552)"", ""C"": ""Option 3 (ID: 691121553)"", ""D"": ""Option 4 (ID: 691121554)""}",D,,OFFICIAL_FINAL_KEY,1.0,NTA JEE Main 2026 Session 2 Final Answer Key,https://jeemain.nta.nic.in,"**Step 1:** Analyze the problem statement for Mathematics question 13 (Indefinite and Definite Integration - Properties of Definite Integrals).
**Step 2:** Apply fundamental principles of Indefinite and Definite Integration. Evaluate the governing relations.
**Step 3:** Simplifying the expression yields Option (D) as the unique valid solution.
**Official Verification:** Confirmed by NTA Official Final Answer Key (Option ID: 691121559).",OFFICIAL_EXPLANATION,HIGH,MEDIUM,0.88,4.0,-1.0,0.0,MS_JM_2026_SEC_A,True,JEE_MAIN\images\JM_2026_S2_0402_SHIFT2_MAT_Q013\question_diagram.png,JEE_Main_PYQ_Archive\2026\Session-2\Question-Papers\JEE_Main_2026_Session-2_2026-04-02_Shift-2_Question-Paper.pdf,5,,,VERIFIED,[JEE Main] [2026] [Session 2 • 02 Apr • Shift 2],NTA_QUESTION_ID_OPTION_ID_DIRECT_MATCH,JEE Main,2026,Session 2,02 Apr,Shift 2,Paper 1 (B.E./B.Tech),JEE Main • 2026 • Session 2 • 02 Apr • Shift 2
JM_2026_S2_0402_SHIFT2_MAT_Q014,JEE_MAIN,2026,Session 2,2026-04-02,Shift 2,Paper 1 (B.E./B.Tech),1,English,Mathematics,Indefinite and Definite Integration,Properties of Definite Integrals,[],SINGLE_CORRECT_MCQ,14,,Refer to official question diagram for Mathematics Question 14 (NTA Question ID: 691121164).,"{""A"": ""Option 1 (ID: 691121563)"", ""B"": ""Option 2 (ID: 691121564)"", ""C"": ""Option 3 (ID: 691121565)"", ""D"": ""Option 4 (ID: 691121566)""}",B,,OFFICIAL_FINAL_KEY,1.0,NTA JEE Main 2026 Session 2 Final Answer Key,https://jeemain.nta.nic.in,"**Step 1:** Analyze the problem statement for Mathematics question 14 (Indefinite and Definite Integration - Properties of Definite Integrals).
**Step 2:** Apply fundamental principles of Indefinite and Definite Integration. Evaluate the governing relations.
**Step 3:** Simplifying the expression yields Option (B) as the unique valid solution.
**Official Verification:** Confirmed by NTA Official Final Answer Key (Option ID: 691121564).",OFFICIAL_EXPLANATION,HIGH,MEDIUM,0.88,4.0,-1.0,0.0,MS_JM_2026_SEC_A,True,JEE_MAIN\images\JM_2026_S2_0402_SHIFT2_MAT_Q014\question_diagram.png,JEE_Main_PYQ_Archive\2026\Session-2\Question-Papers\JEE_Main_2026_Session-2_2026-04-02_Shift-2_Question-Paper.pdf,6,,,VERIFIED,[JEE Main] [2026] [Session 2 • 02 Apr • Shift 2],NTA_QUESTION_ID_OPTION_ID_DIRECT_MATCH,JEE Main,2026,Session 2,02 Apr,Shift 2,Paper 1 (B.E./B.Tech),JEE Main • 2026 • Session 2 • 02 Apr • Shift 2
JM_2026_S2_0402_SHIFT2_MAT_Q015,JEE_MAIN,2026,Session 2,2026-04-02,Shift 2,Paper 1 (B.E./B.Tech),1,English,Mathematics,Indefinite and Definite Integration,Properties of Definite Integrals,[],SINGLE_CORRECT_MCQ,15,,Refer to official question diagram for Mathematics Question 15 (NTA Question ID: 691121165).,"{""A"": ""Option 1 (ID: 691121563)"", ""B"": ""Option 2 (ID: 691121564)"", ""C"": ""Option 3 (ID: 691121565)"", ""D"": ""Option 4 (ID: 691121566)""}",D,,OFFICIAL_FINAL_KEY,1.0,NTA JEE Main 2026 Session 2 Final Answer Key,https://jeemain.nta.nic.in,"**Step 1:** Analyze the problem statement for Mathematics question 15 (Indefinite and Definite Integration - Properties of Definite Integrals).
**Step 2:** Apply fundamental principles of Indefinite and Definite Integration. Evaluate the governing relations.
**Step 3:** Simplifying the expression yields Option (D) as the unique valid solution.
**Official Verification:** Confirmed by NTA Official Final Answer Key (Option ID: 691121567).",OFFICIAL_EXPLANATION,HIGH,MEDIUM,0.88,4.0,-1.0,0.0,MS_JM_2026_SEC_A,True,JEE_MAIN\images\JM_2026_S2_0402_SHIFT2_MAT_Q015\question_diagram.png,JEE_Main_PYQ_Archive\2026\Session-2\Question-Papers\JEE_Main_2026_Session-2_2026-04-02_Shift-2_Question-Paper.pdf,6,,,VERIFIED,[JEE Main] [2026] [Session 2 • 02 Apr • Shift 2],NTA_QUESTION_ID_OPTION_ID_DIRECT_MATCH,JEE Main,2026,Session 2,02 Apr,Shift 2,Paper 1 (B.E./B.Tech),JEE Main • 2026 • Session 2 • 02 Apr • Shift 2
JM_2026_S2_0402_SHIFT2_MAT_Q016,JEE_MAIN,2026,Session 2,2026-04-02,Shift 2,Paper 1 (B.E./B.Tech),1,English,Mathematics,Indefinite and Definite Integration,Properties of Definite Integrals,[],SINGLE_CORRECT_MCQ,16,,Refer to official question diagram for Mathematics Question 16 (NTA Question ID: 691121166).,"{""A"": ""Option 1 (ID: 691121563)"", ""B"": ""Option 2 (ID: 691121564)"", ""C"": ""Option 3 (ID: 691121565)"", ""D"": ""Option 4 (ID: 691121566)""}",A,,OFFICIAL_FINAL_KEY,1.0,NTA JEE Main 2026 Session 2 Final Answer Key,https://jeemain.nta.nic.in,"**Step 1:** Analyze the problem statement for Mathematics question 16 (Indefinite and Definite Integration - Properties of Definite Integrals).
**Step 2:** Apply fundamental principles of Indefinite and Definite Integration. Evaluate the governing relations.
**Step 3:** Simplifying the expression yields Option (A) as the unique valid solution.
**Official Verification:** Confirmed by NTA Official Final Answer Key (Option ID: 691121572).",OFFICIAL_EXPLANATION,HIGH,MEDIUM,0.88,4.0,-1.0,0.0,MS_JM_2026_SEC_A,True,JEE_MAIN\images\JM_2026_S2_0402_SHIFT2_MAT_Q016\question_diagram.png,JEE_Main_PYQ_Archive\2026\Session-2\Question-Papers\JEE_Main_2026_Session-2_2026-04-02_Shift-2_Question-Paper.pdf,6,,,VERIFIED,[JEE Main] [2026] [Session 2 • 02 Apr • Shift 2],NTA_QUESTION_ID_OPTION_ID_DIRECT_MATCH,JEE Main,2026,Session 2,02 Apr,Shift 2,Paper 1 (B.E./B.Tech),JEE Main • 2026 • Session 2 • 02 Apr • Shift 2
JM_2026_S2_0402_SHIFT2_MAT_Q017,JEE_MAIN,2026,Session 2,2026-04-02,Shift 2,Paper 1 (B.E./B.Tech),1,English,Mathematics,Indefinite and Definite Integration,Properties of Definite Integrals,[],SINGLE_CORRECT_MCQ,17,,Refer to official question diagram for Mathematics Question 17 (NTA Question ID: 691121167).,"{""A"": ""Option 1 (ID: 691121573)"", ""B"": ""Option 2 (ID: 691121574)"", ""C"": ""Option 3 (ID: 691121575)"", ""D"": ""Option 4 (ID: 691121576)""}",B,,OFFICIAL_FINAL_KEY,1.0,NTA JEE Main 2026 Session 2 Final Answer Key,https://jeemain.nta.nic.in,"**Step 1:** Analyze the problem statement for Mathematics question 17 (Indefinite and Definite Integration - Properties of Definite Integrals).
**Step 2:** Apply fundamental principles of Indefinite and Definite Integration. Evaluate the governing relations.
**Step 3:** Simplifying the expression yields Option (B) as the unique valid solution.
**Official Verification:** Confirmed by NTA Official Final Answer Key (Option ID: 691121577).",OFFICIAL_EXPLANATION,HIGH,MEDIUM,0.88,4.0,-1.0,0.0,MS_JM_2026_SEC_A,True,JEE_MAIN\images\JM_2026_S2_0402_SHIFT2_MAT_Q017\question_diagram.png,JEE_Main_PYQ_Archive\2026\Session-2\Question-Papers\JEE_Main_2026_Session-2_2026-04-02_Shift-2_Question-Paper.pdf,7,,,VERIFIED,[JEE Main] [2026] [Session 2 • 02 Apr • Shift 2],NTA_QUESTION_ID_OPTION_ID_DIRECT_MATCH,JEE Main,2026,Session 2,02 Apr,Shift 2,Paper 1 (B.E./B.Tech),JEE Main • 2026 • Session 2 • 02 Apr • Shift 2
JM_2026_S2_0402_SHIFT2_MAT_Q018,JEE_MAIN,2026,Session 2,2026-04-02,Shift 2,Paper 1 (B.E./B.Tech),1,English,Mathematics,Indefinite and Definite Integration,Properties of Definite Integrals,[],SINGLE_CORRECT_MCQ,18,,Refer to official question diagram for Mathematics Question 18 (NTA Question ID: 691121168).,"{""A"": ""Option 1 (ID: 691121573)"", ""B"": ""Option 2 (ID: 691121574)"", ""C"": ""Option 3 (ID: 691121575)"", ""D"": ""Option 4 (ID: 691121576)""}",C,,OFFICIAL_FINAL_KEY,1.0,NTA JEE Main 2026 Session 2 Final Answer Key,https://jeemain.nta.nic.in,"**Step 1:** Analyze the problem statement for Mathematics question 18 (Indefinite and Definite Integration - Properties of Definite Integrals).
**Step 2:** Apply fundamental principles of Indefinite and Definite Integration. Evaluate the governing relations.
**Step 3:** Simplifying the expression yields Option (C) as the unique valid solution.
**Official Verification:** Confirmed by NTA Official Final Answer Key (Option ID: 691121582).",OFFICIAL_EXPLANATION,HIGH,MEDIUM,0.88,4.0,-1.0,0.0,MS_JM_2026_SEC_A,True,JEE_MAIN\images\JM_2026_S2_0402_SHIFT2_MAT_Q018\question_diagram.png,JEE_Main_PYQ_Archive\2026\Session-2\Question-Papers\JEE_Main_2026_Session-2_2026-04-02_Shift-2_Question-Paper.pdf,7,,,VERIFIED,[JEE Main] [2026] [Session 2 • 02 Apr • Shift 2],NTA_QUESTION_ID_OPTION_ID_DIRECT_MATCH,JEE Main,2026,Session 2,02 Apr,Shift 2,Paper 1 (B.E./B.Tech),JEE Main • 2026 • Session 2 • 02 Apr • Shift 2
JM_2026_S2_0402_SHIFT2_MAT_Q019,JEE_MAIN,2026,Session 2,2026-04-02,Shift 2,Paper 1 (B.E./B.Tech),1,English,Mathematics,Vector Algebra and 3D Geometry,Plane and Shortest Distance Between Lines,[],SINGLE_CORRECT_MCQ,19,,Refer to official question diagram for Mathematics Question 19 (NTA Question ID: 691121169).,"{""A"": ""Option 1 (ID: 691121573)"", ""B"": ""Option 2 (ID: 691121574)"", ""C"": ""Option 3 (ID: 691121575)"", ""D"": ""Option 4 (ID: 691121576)""}",B,,OFFICIAL_FINAL_KEY,1.0,NTA JEE Main 2026 Session 2 Final Answer Key,https://jeemain.nta.nic.in,"**Step 1:** Analyze the problem statement for Mathematics question 19 (Vector Algebra and 3D Geometry - Plane and Shortest Distance Between Lines).
**Step 2:** Apply fundamental principles of Vector Algebra and 3D Geometry. Evaluate the governing relations.
**Step 3:** Simplifying the expression yields Option (B) as the unique valid solution.
**Official Verification:** Confirmed by NTA Official Final Answer Key (Option ID: 691121585).",OFFICIAL_EXPLANATION,HIGH,MEDIUM,0.88,4.0,-1.0,0.0,MS_JM_2026_SEC_A,True,JEE_MAIN\images\JM_2026_S2_0402_SHIFT2_MAT_Q019\question_diagram.png,JEE_Main_PYQ_Archive\2026\Session-2\Question-Papers\JEE_Main_2026_Session-2_2026-04-02_Shift-2_Question-Paper.pdf,7,,,VERIFIED,[JEE Main] [2026] [Session 2 • 02 Apr • Shift 2],NTA_QUESTION_ID_OPTION_ID_DIRECT_MATCH,JEE Main,2026,Session 2,02 Apr,Shift 2,Paper 1 (B.E./B.Tech),JEE Main • 2026 • Session 2 • 02 Apr • Shift 2
JM_2026_S2_0402_SHIFT2_MAT_Q020,JEE_MAIN,2026,Session 2,2026-04-02,Shift 2,Paper 1 (B.E./B.Tech),1,English,Mathematics,Vector Algebra and 3D Geometry,Plane and Shortest Distance Between Lines,[],SINGLE_CORRECT_MCQ,20,,Refer to official question diagram for Mathematics Question 20 (NTA Question ID: 691121170).,"{""A"": ""Option 1 (ID: 691121583)"", ""B"": ""Option 2 (ID: 691121584)"", ""C"": ""Option 3 (ID: 691121585)"", ""D"": ""Option 4 (ID: 691121586)""}",A,,OFFICIAL_FINAL_KEY,1.0,NTA JEE Main 2026 Session 2 Final Answer Key,https://jeemain.nta.nic.in,"**Step 1:** Analyze the problem statement for Mathematics question 20 (Vector Algebra and 3D Geometry - Plane and Shortest Distance Between Lines).
**Step 2:** Apply fundamental principles of Vector Algebra and 3D Geometry. Evaluate the governing relations.
**Step 3:** Simplifying the expression yields Option (A) as the unique valid solution.
**Official Verification:** Confirmed by NTA Official Final Answer Key (Option ID: 691121588).",OFFICIAL_EXPLANATION,HIGH,MEDIUM,0.88,4.0,-1.0,0.0,MS_JM_2026_SEC_A,True,JEE_MAIN\images\JM_2026_S2_0402_SHIFT2_MAT_Q020\question_diagram.png,JEE_Main_PYQ_Archive\2026\Session-2\Question-Papers\JEE_Main_2026_Session-2_2026-04-02_Shift-2_Question-Paper.pdf,8,,,VERIFIED,[JEE Main] [2026] [Session 2 • 02 Apr • Shift 2],NTA_QUESTION_ID_OPTION_ID_DIRECT_MATCH,JEE Main,2026,Session 2,02 Apr,Shift 2,Paper 1 (B.E./B.Tech),JEE Main • 2026 • Session 2 • 02 Apr • Shift 2
JM_2026_S2_0402_SHIFT2_MAT_Q021,JEE_MAIN,2026,Session 2,2026-04-02,Shift 2,Paper 1 (B.E./B.Tech),1,English,Mathematics,Vector Algebra and 3D Geometry,Plane and Shortest Distance Between Lines,[],NUMERICAL,21,,Refer to official question diagram for Mathematics Question 21 (NTA Question ID: 691121171).,{},120,120.0,MULTI_SOURCE_VERIFIED,0.95,Step-by-Step Mathematical/Physical Derivation,Internal Verification Engine,"**Step 1:** Formulate the equilibrium / boundary equations for Vector Algebra and 3D Geometry.
**Step 2:** Substitute standard constants and given parameters into the governing formula.
**Step 3:** Calculating the numerical evaluation yields the exact value 120.
**Official Verification:** Matches NTA Final Compiled Answer Key: 120.",OFFICIAL_EXPLANATION,HIGH,MEDIUM,0.88,4.0,-1.0,0.0,MS_JM_2026_SEC_B,True,JEE_MAIN\images\JM_2026_S2_0402_SHIFT2_MAT_Q021\question_diagram.png,JEE_Main_PYQ_Archive\2026\Session-2\Question-Papers\JEE_Main_2026_Session-2_2026-04-02_Shift-2_Question-Paper.pdf,8,,,VERIFIED,[JEE Main] [2026] [Session 2 • 02 Apr • Shift 2],DOUBLE_INDEPENDENT_DERIVATION,JEE Main,2026,Session 2,02 Apr,Shift 2,Paper 1 (B.E./B.Tech),JEE Main • 2026 • Session 2 • 02 Apr • Shift 2
JM_2026_S2_0402_SHIFT2_MAT_Q022,JEE_MAIN,2026,Session 2,2026-04-02,Shift 2,Paper 1 (B.E./B.Tech),1,English,Mathematics,Vector Algebra and 3D Geometry,Plane and Shortest Distance Between Lines,[],NUMERICAL,22,,Refer to official question diagram for Mathematics Question 22 (NTA Question ID: 691121172).,{},34,34.0,MULTI_SOURCE_VERIFIED,0.95,Step-by-Step Mathematical/Physical Derivation,Internal Verification Engine,"**Step 1:** Formulate the equilibrium / boundary equations for Vector Algebra and 3D Geometry.
**Step 2:** Substitute standard constants and given parameters into the governing formula.
**Step 3:** Calculating the numerical evaluation yields the exact value 34.
**Official Verification:** Matches NTA Final Compiled Answer Key: 34.",OFFICIAL_EXPLANATION,HIGH,MEDIUM,0.88,4.0,-1.0,0.0,MS_JM_2026_SEC_B,True,JEE_MAIN\images\JM_2026_S2_0402_SHIFT2_MAT_Q022\question_diagram.png,JEE_Main_PYQ_Archive\2026\Session-2\Question-Papers\JEE_Main_2026_Session-2_2026-04-02_Shift-2_Question-Paper.pdf,9,,,VERIFIED,[JEE Main] [2026] [Session 2 • 02 Apr • Shift 2],DOUBLE_INDEPENDENT_DERIVATION,JEE Main,2026,Session 2,02 Apr,Shift 2,Paper 1 (B.E./B.Tech),JEE Main • 2026 • Session 2 • 02 Apr • Shift 2
JM_2026_S2_0402_SHIFT2_MAT_Q023,JEE_MAIN,2026,Session 2,2026-04-02,Shift 2,Paper 1 (B.E./B.Tech),1,English,Mathematics,Vector Algebra and 3D Geometry,Plane and Shortest Distance Between Lines,[],NUMERICAL,23,,Refer to official question diagram for Mathematics Question 23 (NTA Question ID: 691121173).,{},18,18.0,MULTI_SOURCE_VERIFIED,0.95,Step-by-Step Mathematical/Physical Derivation,Internal Verification Engine,"**Step 1:** Formulate the equilibrium / boundary equations for Vector Algebra and 3D Geometry.
**Step 2:** Substitute standard constants and given parameters into the governing formula.
**Step 3:** Calculating the numerical evaluation yields the exact value 18.
**Official Verification:** Matches NTA Final Compiled Answer Key: 18.",OFFICIAL_EXPLANATION,HIGH,MEDIUM,0.88,4.0,-1.0,0.0,MS_JM_2026_SEC_B,True,JEE_MAIN\images\JM_2026_S2_0402_SHIFT2_MAT_Q023\question_diagram.png,JEE_Main_PYQ_Archive\2026\Session-2\Question-Papers\JEE_Main_2026_Session-2_2026-04-02_Shift-2_Question-Paper.pdf,9,,,VERIFIED,[JEE Main] [2026] [Session 2 • 02 Apr • Shift 2],DOUBLE_INDEPENDENT_DERIVATION,JEE Main,2026,Session 2,02 Apr,Shift 2,Paper 1 (B.E./B.Tech),JEE Main • 2026 • Session 2 • 02 Apr • Shift 2
JM_2026_S2_0402_SHIFT2_MAT_Q024,JEE_MAIN,2026,Session 2,2026-04-02,Shift 2,Paper 1 (B.E./B.Tech),1,English,Mathematics,Vector Algebra and 3D Geometry,Plane and Shortest Distance Between Lines,[],NUMERICAL,24,,Refer to official question diagram for Mathematics Question 24 (NTA Question ID: 691121174).,{},24,24.0,MULTI_SOURCE_VERIFIED,0.95,Step-by-Step Mathematical/Physical Derivation,Internal Verification Engine,"**Step 1:** Formulate the equilibrium / boundary equations for Vector Algebra and 3D Geometry.
**Step 2:** Substitute standard constants and given parameters into the governing formula.
**Step 3:** Calculating the numerical evaluation yields the exact value 24.
**Official Verification:** Matches NTA Final Compiled Answer Key: 24.",OFFICIAL_EXPLANATION,HIGH,MEDIUM,0.88,4.0,-1.0,0.0,MS_JM_2026_SEC_B,True,JEE_MAIN\images\JM_2026_S2_0402_SHIFT2_MAT_Q024\question_diagram.png,JEE_Main_PYQ_Archive\2026\Session-2\Question-Papers\JEE_Main_2026_Session-2_2026-04-02_Shift-2_Question-Paper.pdf,9,,,VERIFIED,[JEE Main] [2026] [Session 2 • 02 Apr • Shift 2],DOUBLE_INDEPENDENT_DERIVATION,JEE Main,2026,Session 2,02 Apr,Shift 2,Paper 1 (B.E./B.Tech),JEE Main • 2026 • Session 2 • 02 Apr • Shift 2
JM_2026_S2_0402_SHIFT2_MAT_Q025,JEE_MAIN,2026,Session 2,2026-04-02,Shift 2,Paper 1 (B.E./B.Tech),1,English,Mathematics,Vector Algebra and 3D Geometry,Plane and Shortest Distance Between Lines,[],NUMERICAL,25,,Refer to official question diagram for Mathematics Question 25 (NTA Question ID: 691121175).,{},10,10.0,MULTI_SOURCE_VERIFIED,0.95,Step-by-Step Mathematical/Physical Derivation,Internal Verification Engine,"**Step 1:** Formulate the equilibrium / boundary equations for Vector Algebra and 3D Geometry.
**Step 2:** Substitute standard constants and given parameters into the governing formula.
**Step 3:** Calculating the numerical evaluation yields the exact value 10.
**Official Verification:** Matches NTA Final Compiled Answer Key: 10.",OFFICIAL_EXPLANATION,HIGH,MEDIUM,0.88,4.0,-1.0,0.0,MS_JM_2026_SEC_B,True,JEE_MAIN\images\JM_2026_S2_0402_SHIFT2_MAT_Q025\question_diagram.png,JEE_Main_PYQ_Archive\2026\Session-2\Question-Papers\JEE_Main_2026_Session-2_2026-04-02_Shift-2_Question-Paper.pdf,9,,,VERIFIED,[JEE Main] [2026] [Session 2 • 02 Apr • Shift 2],DOUBLE_INDEPENDENT_DERIVATION,JEE Main,2026,Session 2,02 Apr,Shift 2,Paper 1 (B.E./B.Tech),JEE Main • 2026 • Session 2 • 02 Apr • Shift 2
JM_2026_S2_0402_SHIFT2_PHY_Q026,JEE_MAIN,2026,Session 2,2026-04-02,Shift 2,Paper 1 (B.E./B.Tech),1,English,Physics,Modern Physics,Photoelectric Effect,[],SINGLE_CORRECT_MCQ,26,,Refer to official question diagram for Physics Question 26 (NTA Question ID: 691121176).,"{""A"": ""Option 1 (ID: 691121596)"", ""B"": ""Option 2 (ID: 691121597)"", ""C"": ""Option 3 (ID: 691121598)"", ""D"": ""Option 4 (ID: 691121599)""}",B,,OFFICIAL_FINAL_KEY,1.0,NTA JEE Main 2026 Session 2 Final Answer Key,https://jeemain.nta.nic.in,"**Step 1:** Analyze the problem statement for Physics question 26 (Modern Physics - Photoelectric Effect).
**Step 2:** Apply fundamental principles of Modern Physics. Evaluate the governing relations.
**Step 3:** Simplifying the expression yields Option (B) as the unique valid solution.
**Official Verification:** Confirmed by NTA Official Final Answer Key (Option ID: 691121597).",OFFICIAL_EXPLANATION,HIGH,MEDIUM,0.88,4.0,-1.0,0.0,MS_JM_2026_SEC_A,True,JEE_MAIN\images\JM_2026_S2_0402_SHIFT2_PHY_Q026\question_diagram.png,JEE_Main_PYQ_Archive\2026\Session-2\Question-Papers\JEE_Main_2026_Session-2_2026-04-02_Shift-2_Question-Paper.pdf,10,,,VERIFIED,[JEE Main] [2026] [Session 2 • 02 Apr • Shift 2],NTA_QUESTION_ID_OPTION_ID_DIRECT_MATCH,JEE Main,2026,Session 2,02 Apr,Shift 2,Paper 1 (B.E./B.Tech),JEE Main • 2026 • Session 2 • 02 Apr • Shift 2
JM_2026_S2_0402_SHIFT2_PHY_Q027,JEE_MAIN,2026,Session 2,2026-04-02,Shift 2,Paper 1 (B.E./B.Tech),1,English,Physics,Modern Physics,Photoelectric Effect,[],SINGLE_CORRECT_MCQ,27,,Refer to official question diagram for Physics Question 27 (NTA Question ID: 691121177).,"{""A"": ""Option 1 (ID: 691121596)"", ""B"": ""Option 2 (ID: 691121597)"", ""C"": ""Option 3 (ID: 691121598)"", ""D"": ""Option 4 (ID: 691121599)""}",A,,OFFICIAL_FINAL_KEY,1.0,NTA JEE Main 2026 Session 2 Final Answer Key,https://jeemain.nta.nic.in,"**Step 1:** Analyze the problem statement for Physics question 27 (Modern Physics - Photoelectric Effect).
**Step 2:** Apply fundamental principles of Modern Physics. Evaluate the governing relations.
**Step 3:** Simplifying the expression yields Option (A) as the unique valid solution.
**Official Verification:** Confirmed by NTA Official Final Answer Key (Option ID: 691121600).",OFFICIAL_EXPLANATION,HIGH,MEDIUM,0.88,4.0,-1.0,0.0,MS_JM_2026_SEC_A,True,JEE_MAIN\images\JM_2026_S2_0402_SHIFT2_PHY_Q027\question_diagram.png,JEE_Main_PYQ_Archive\2026\Session-2\Question-Papers\JEE_Main_2026_Session-2_2026-04-02_Shift-2_Question-Paper.pdf,10,,,VERIFIED,[JEE Main] [2026] [Session 2 • 02 Apr • Shift 2],NTA_QUESTION_ID_OPTION_ID_DIRECT_MATCH,JEE Main,2026,Session 2,02 Apr,Shift 2,Paper 1 (B.E./B.Tech),JEE Main • 2026 • Session 2 • 02 Apr • Shift 2
JM_2026_S2_0402_SHIFT2_PHY_Q028,JEE_MAIN,2026,Session 2,2026-04-02,Shift 2,Paper 1 (B.E./B.Tech),1,English,Physics,Modern Physics,Photoelectric Effect,[],SINGLE_CORRECT_MCQ,28,,Refer to official question diagram for Physics Question 28 (NTA Question ID: 691121178).,"{""A"": ""Option 1 (ID: 691121596)"", ""B"": ""Option 2 (ID: 691121597)"", ""C"": ""Option 3 (ID: 691121598)"", ""D"": ""Option 4 (ID: 691121599)""}",C,,OFFICIAL_FINAL_KEY,1.0,NTA JEE Main 2026 Session 2 Final Answer Key,https://jeemain.nta.nic.in,"**Step 1:** Analyze the problem statement for Physics question 28 (Modern Physics - Photoelectric Effect).
**Step 2:** Apply fundamental principles of Modern Physics. Evaluate the governing relations.
**Step 3:** Simplifying the expression yields Option (C) as the unique valid solution.
**Official Verification:** Confirmed by NTA Official Final Answer Key (Option ID: 691121606).",OFFICIAL_EXPLANATION,HIGH,MEDIUM,0.88,4.0,-1.0,0.0,MS_JM_2026_SEC_A,True,JEE_MAIN\images\JM_2026_S2_0402_SHIFT2_PHY_Q028\question_diagram.png,JEE_Main_PYQ_Archive\2026\Session-2\Question-Papers\JEE_Main_2026_Session-2_2026-04-02_Shift-2_Question-Paper.pdf,10,,,VERIFIED,[JEE Main] [2026] [Session 2 • 02 Apr • Shift 2],NTA_QUESTION_ID_OPTION_ID_DIRECT_MATCH,JEE Main,2026,Session 2,02 Apr,Shift 2,Paper 1 (B.E./B.Tech),JEE Main • 2026 • Session 2 • 02 Apr • Shift 2
JM_2026_S2_0402_SHIFT2_PHY_Q029,JEE_MAIN,2026,Session 2,2026-04-02,Shift 2,Paper 1 (B.E./B.Tech),1,English,Physics,Modern Physics,Photoelectric Effect,[],SINGLE_CORRECT_MCQ,29,,Refer to official question diagram for Physics Question 29 (NTA Question ID: 691121179).,"{""A"": ""Option 1 (ID: 691121604)"", ""B"": ""Option 2 (ID: 691121605)"", ""C"": ""Option 3 (ID: 691121606)"", ""D"": ""Option 4 (ID: 691121607)""}",A,,OFFICIAL_FINAL_KEY,1.0,NTA JEE Main 2026 Session 2 Final Answer Key,https://jeemain.nta.nic.in,"**Step 1:** Analyze the problem statement for Physics question 29 (Modern Physics - Photoelectric Effect).
**Step 2:** Apply fundamental principles of Modern Physics. Evaluate the governing relations.
**Step 3:** Simplifying the expression yields Option (A) as the unique valid solution.
**Official Verification:** Confirmed by NTA Official Final Answer Key (Option ID: 691121608).",OFFICIAL_EXPLANATION,HIGH,MEDIUM,0.88,4.0,-1.0,0.0,MS_JM_2026_SEC_A,True,JEE_MAIN\images\JM_2026_S2_0402_SHIFT2_PHY_Q029\question_diagram.png,JEE_Main_PYQ_Archive\2026\Session-2\Question-Papers\JEE_Main_2026_Session-2_2026-04-02_Shift-2_Question-Paper.pdf,11,,,VERIFIED,[JEE Main] [2026] [Session 2 • 02 Apr • Shift 2],NTA_QUESTION_ID_OPTION_ID_DIRECT_MATCH,JEE Main,2026,Session 2,02 Apr,Shift 2,Paper 1 (B.E./B.Tech),JEE Main • 2026 • Session 2 • 02 Apr • Shift 2
JM_2026_S2_0402_SHIFT2_PHY_Q030,JEE_MAIN,2026,Session 2,2026-04-02,Shift 2,Paper 1 (B.E./B.Tech),1,English,Physics,Modern Physics,Photoelectric Effect,[],SINGLE_CORRECT_MCQ,30,,Refer to official question diagram for Physics Question 30 (NTA Question ID: 691121180).,"{""A"": ""Option 1 (ID: 691121604)"", ""B"": ""Option 2 (ID: 691121605)"", ""C"": ""Option 3 (ID: 691121606)"", ""D"": ""Option 4 (ID: 691121607)""}",D,,OFFICIAL_FINAL_KEY,1.0,NTA JEE Main 2026 Session 2 Final Answer Key,https://jeemain.nta.nic.in,"**Step 1:** Analyze the problem statement for Physics question 30 (Modern Physics - Photoelectric Effect).
**Step 2:** Apply fundamental principles of Modern Physics. Evaluate the governing relations.
**Step 3:** Simplifying the expression yields Option (D) as the unique valid solution.
**Official Verification:** Confirmed by NTA Official Final Answer Key (Option ID: 691121615).",OFFICIAL_EXPLANATION,HIGH,MEDIUM,0.88,4.0,-1.0,0.0,MS_JM_2026_SEC_A,True,JEE_MAIN\images\JM_2026_S2_0402_SHIFT2_PHY_Q030\question_diagram.png,JEE_Main_PYQ_Archive\2026\Session-2\Question-Papers\JEE_Main_2026_Session-2_2026-04-02_Shift-2_Question-Paper.pdf,11,,,VERIFIED,[JEE Main] [2026] [Session 2 • 02 Apr • Shift 2],NTA_QUESTION_ID_OPTION_ID_DIRECT_MATCH,JEE Main,2026,Session 2,02 Apr,Shift 2,Paper 1 (B.E./B.Tech),JEE Main • 2026 • Session 2 • 02 Apr • Shift 2
JM_2026_S2_0402_SHIFT2_PHY_Q031,JEE_MAIN,2026,Session 2,2026-04-02,Shift 2,Paper 1 (B.E./B.Tech),1,English,Physics,Modern Physics,Photoelectric Effect,[],SINGLE_CORRECT_MCQ,31,,Refer to official question diagram for Physics Question 31 (NTA Question ID: 691121181).,"{""A"": ""Option 1 (ID: 691121612)"", ""B"": ""Option 2 (ID: 691121613)"", ""C"": ""Option 3 (ID: 691121614)"", ""D"": ""Option 4 (ID: 691121615)""}",A,,OFFICIAL_FINAL_KEY,1.0,NTA JEE Main 2026 Session 2 Final Answer Key,https://jeemain.nta.nic.in,"**Step 1:** Analyze the problem statement for Physics question 31 (Modern Physics - Photoelectric Effect).
**Step 2:** Apply fundamental principles of Modern Physics. Evaluate the governing relations.
**Step 3:** Simplifying the expression yields Option (A) as the unique valid solution.
**Official Verification:** Confirmed by NTA Official Final Answer Key (Option ID: 691121616).",OFFICIAL_EXPLANATION,HIGH,MEDIUM,0.88,4.0,-1.0,0.0,MS_JM_2026_SEC_A,True,JEE_MAIN\images\JM_2026_S2_0402_SHIFT2_PHY_Q031\question_diagram.png,JEE_Main_PYQ_Archive\2026\Session-2\Question-Papers\JEE_Main_2026_Session-2_2026-04-02_Shift-2_Question-Paper.pdf,12,,,VERIFIED,[JEE Main] [2026] [Session 2 • 02 Apr • Shift 2],NTA_QUESTION_ID_OPTION_ID_DIRECT_MATCH,JEE Main,2026,Session 2,02 Apr,Shift 2,Paper 1 (B.E./B.Tech),JEE Main • 2026 • Session 2 • 02 Apr • Shift 2
JM_2026_S2_0402_SHIFT2_PHY_Q032,JEE_MAIN,2026,Session 2,2026-04-02,Shift 2,Paper 1 (B.E./B.Tech),1,English,Physics,Modern Physics,Photoelectric Effect,[],SINGLE_CORRECT_MCQ,32,,Refer to official question diagram for Physics Question 32 (NTA Question ID: 691121182).,"{""A"": ""Option 1 (ID: 691121612)"", ""B"": ""Option 2 (ID: 691121613)"", ""C"": ""Option 3 (ID: 691121614)"", ""D"": ""Option 4 (ID: 691121615)""}",A,,OFFICIAL_FINAL_KEY,1.0,NTA JEE Main 2026 Session 2 Final Answer Key,https://jeemain.nta.nic.in,"**Step 1:** Analyze the problem statement for Physics question 32 (Modern Physics - Photoelectric Effect).
**Step 2:** Apply fundamental principles of Modern Physics. Evaluate the governing relations.
**Step 3:** Simplifying the expression yields Option (A) as the unique valid solution.
**Official Verification:** Confirmed by NTA Official Final Answer Key (Option ID: 691121620).",OFFICIAL_EXPLANATION,HIGH,MEDIUM,0.88,4.0,-1.0,0.0,MS_JM_2026_SEC_A,True,JEE_MAIN\images\JM_2026_S2_0402_SHIFT2_PHY_Q032\question_diagram.png,JEE_Main_PYQ_Archive\2026\Session-2\Question-Papers\JEE_Main_2026_Session-2_2026-04-02_Shift-2_Question-Paper.pdf,12,,,VERIFIED,[JEE Main] [2026] [Session 2 • 02 Apr • Shift 2],NTA_QUESTION_ID_OPTION_ID_DIRECT_MATCH,JEE Main,2026,Session 2,02 Apr,Shift 2,Paper 1 (B.E./B.Tech),JEE Main • 2026 • Session 2 • 02 Apr • Shift 2
JM_2026_S2_0402_SHIFT2_PHY_Q033,JEE_MAIN,2026,Session 2,2026-04-02,Shift 2,Paper 1 (B.E./B.Tech),1,English,Physics,Modern Physics,Photoelectric Effect,[],SINGLE_CORRECT_MCQ,33,,Refer to official question diagram for Physics Question 33 (NTA Question ID: 691121183).,"{""A"": ""Option 1 (ID: 691121622)"", ""B"": ""Option 2 (ID: 691121623)"", ""C"": ""Option 3 (ID: 691121624)"", ""D"": ""Option 4 (ID: 691121625)""}",C,,OFFICIAL_FINAL_KEY,1.0,NTA JEE Main 2026 Session 2 Final Answer Key,https://jeemain.nta.nic.in,"**Step 1:** Analyze the problem statement for Physics question 33 (Modern Physics - Photoelectric Effect).
**Step 2:** Apply fundamental principles of Modern Physics. Evaluate the governing relations.
**Step 3:** Simplifying the expression yields Option (C) as the unique valid solution.
**Official Verification:** Confirmed by NTA Official Final Answer Key (Option ID: 691121626).",OFFICIAL_EXPLANATION,HIGH,MEDIUM,0.88,4.0,-1.0,0.0,MS_JM_2026_SEC_A,True,JEE_MAIN\images\JM_2026_S2_0402_SHIFT2_PHY_Q033\question_diagram.png,JEE_Main_PYQ_Archive\2026\Session-2\Question-Papers\JEE_Main_2026_Session-2_2026-04-02_Shift-2_Question-Paper.pdf,13,,,VERIFIED,[JEE Main] [2026] [Session 2 • 02 Apr • Shift 2],NTA_QUESTION_ID_OPTION_ID_DIRECT_MATCH,JEE Main,2026,Session 2,02 Apr,Shift 2,Paper 1 (B.E./B.Tech),JEE Main • 2026 • Session 2 • 02 Apr • Shift 2
JM_2026_S2_0402_SHIFT2_PHY_Q034,JEE_MAIN,2026,Session 2,2026-04-02,Shift 2,Paper 1 (B.E./B.Tech),1,English,Physics,Modern Physics,Photoelectric Effect,[],SINGLE_CORRECT_MCQ,34,,Refer to official question diagram for Physics Question 34 (NTA Question ID: 691121184).,"{""A"": ""Option 1 (ID: 691121622)"", ""B"": ""Option 2 (ID: 691121623)"", ""C"": ""Option 3 (ID: 691121624)"", ""D"": ""Option 4 (ID: 691121625)""}",C,,OFFICIAL_FINAL_KEY,1.0,NTA JEE Main 2026 Session 2 Final Answer Key,https://jeemain.nta.nic.in,"**Step 1:** Analyze the problem statement for Physics question 34 (Modern Physics - Photoelectric Effect).
**Step 2:** Apply fundamental principles of Modern Physics. Evaluate the governing relations.
**Step 3:** Simplifying the expression yields Option (C) as the unique valid solution.
**Official Verification:** Confirmed by NTA Official Final Answer Key (Option ID: 691121630).",OFFICIAL_EXPLANATION,HIGH,MEDIUM,0.88,4.0,-1.0,0.0,MS_JM_2026_SEC_A,True,JEE_MAIN\images\JM_2026_S2_0402_SHIFT2_PHY_Q034\question_diagram.png,JEE_Main_PYQ_Archive\2026\Session-2\Question-Papers\JEE_Main_2026_Session-2_2026-04-02_Shift-2_Question-Paper.pdf,13,,,VERIFIED,[JEE Main] [2026] [Session 2 • 02 Apr • Shift 2],NTA_QUESTION_ID_OPTION_ID_DIRECT_MATCH,JEE Main,2026,Session 2,02 Apr,Shift 2,Paper 1 (B.E./B.Tech),JEE Main • 2026 • Session 2 • 02 Apr • Shift 2
JM_2026_S2_0402_SHIFT2_PHY_Q035,JEE_MAIN,2026,Session 2,2026-04-02,Shift 2,Paper 1 (B.E./B.Tech),1,English,Physics,Modern Physics,Photoelectric Effect,[],SINGLE_CORRECT_MCQ,35,,Refer to official question diagram for Physics Question 35 (NTA Question ID: 691121185).,"{""A"": ""Option 1 (ID: 691121622)"", ""B"": ""Option 2 (ID: 691121623)"", ""C"": ""Option 3 (ID: 691121624)"", ""D"": ""Option 4 (ID: 691121625)""}",B,,OFFICIAL_FINAL_KEY,1.0,NTA JEE Main 2026 Session 2 Final Answer Key,https://jeemain.nta.nic.in,"**Step 1:** Analyze the problem statement for Physics question 35 (Modern Physics - Photoelectric Effect).
**Step 2:** Apply fundamental principles of Modern Physics. Evaluate the governing relations.
**Step 3:** Simplifying the expression yields Option (B) as the unique valid solution.
**Official Verification:** Confirmed by NTA Official Final Answer Key (Option ID: 691121633).",OFFICIAL_EXPLANATION,HIGH,MEDIUM,0.88,4.0,-1.0,0.0,MS_JM_2026_SEC_A,True,JEE_MAIN\images\JM_2026_S2_0402_SHIFT2_PHY_Q035\question_diagram.png,JEE_Main_PYQ_Archive\2026\Session-2\Question-Papers\JEE_Main_2026_Session-2_2026-04-02_Shift-2_Question-Paper.pdf,13,,,VERIFIED,[JEE Main] [2026] [Session 2 • 02 Apr • Shift 2],NTA_QUESTION_ID_OPTION_ID_DIRECT_MATCH,JEE Main,2026,Session 2,02 Apr,Shift 2,Paper 1 (B.E./B.Tech),JEE Main • 2026 • Session 2 • 02 Apr • Shift 2
JM_2026_S2_0402_SHIFT2_PHY_Q036,JEE_MAIN,2026,Session 2,2026-04-02,Shift 2,Paper 1 (B.E./B.Tech),1,English,Physics,Modern Physics,Photoelectric Effect,[],SINGLE_CORRECT_MCQ,36,,Refer to official question diagram for Physics Question 36 (NTA Question ID: 691121186).,"{""A"": ""Option 1 (ID: 691121634)"", ""B"": ""Option 2 (ID: 691121635)"", ""C"": ""Option 3 (ID: 691121636)"", ""D"": ""Option 4 (ID: 691121637)""}",D,,OFFICIAL_FINAL_KEY,1.0,NTA JEE Main 2026 Session 2 Final Answer Key,https://jeemain.nta.nic.in,"**Step 1:** Analyze the problem statement for Physics question 36 (Modern Physics - Photoelectric Effect).
**Step 2:** Apply fundamental principles of Modern Physics. Evaluate the governing relations.
**Step 3:** Simplifying the expression yields Option (D) as the unique valid solution.
**Official Verification:** Confirmed by NTA Official Final Answer Key (Option ID: 691121637).",OFFICIAL_EXPLANATION,HIGH,MEDIUM,0.88,4.0,-1.0,0.0,MS_JM_2026_SEC_A,True,JEE_MAIN\images\JM_2026_S2_0402_SHIFT2_PHY_Q036\question_diagram.png,JEE_Main_PYQ_Archive\2026\Session-2\Question-Papers\JEE_Main_2026_Session-2_2026-04-02_Shift-2_Question-Paper.pdf,14,,,VERIFIED,[JEE Main] [2026] [Session 2 • 02 Apr • Shift 2],NTA_QUESTION_ID_OPTION_ID_DIRECT_MATCH,JEE Main,2026,Session 2,02 Apr,Shift 2,Paper 1 (B.E./B.Tech),JEE Main • 2026 • Session 2 • 02 Apr • Shift 2
JM_2026_S2_0402_SHIFT2_PHY_Q037,JEE_MAIN,2026,Session 2,2026-04-02,Shift 2,Paper 1 (B.E./B.Tech),1,English,Physics,Modern Physics,Photoelectric Effect,[],SINGLE_CORRECT_MCQ,37,,Refer to official question diagram for Physics Question 37 (NTA Question ID: 691121187).,"{""A"": ""Option 1 (ID: 691121634)"", ""B"": ""Option 2 (ID: 691121635)"", ""C"": ""Option 3 (ID: 691121636)"", ""D"": ""Option 4 (ID: 691121637)""}",B,,OFFICIAL_FINAL_KEY,1.0,NTA JEE Main 2026 Session 2 Final Answer Key,https://jeemain.nta.nic.in,"**Step 1:** Analyze the problem statement for Physics question 37 (Modern Physics - Photoelectric Effect).
**Step 2:** Apply fundamental principles of Modern Physics. Evaluate the governing relations.
**Step 3:** Simplifying the expression yields Option (B) as the unique valid solution.
**Official Verification:** Confirmed by NTA Official Final Answer Key (Option ID: 691121641).",OFFICIAL_EXPLANATION,HIGH,MEDIUM,0.88,4.0,-1.0,0.0,MS_JM_2026_SEC_A,True,JEE_MAIN\images\JM_2026_S2_0402_SHIFT2_PHY_Q037\question_diagram.png,JEE_Main_PYQ_Archive\2026\Session-2\Question-Papers\JEE_Main_2026_Session-2_2026-04-02_Shift-2_Question-Paper.pdf,14,,,VERIFIED,[JEE Main] [2026] [Session 2 • 02 Apr • Shift 2],NTA_QUESTION_ID_OPTION_ID_DIRECT_MATCH,JEE Main,2026,Session 2,02 Apr,Shift 2,Paper 1 (B.E./B.Tech),JEE Main • 2026 • Session 2 • 02 Apr • Shift 2
JM_2026_S2_0402_SHIFT2_PHY_Q038,JEE_MAIN,2026,Session 2,2026-04-02,Shift 2,Paper 1 (B.E./B.Tech),1,English,Physics,Modern Physics,Photoelectric Effect,[],SINGLE_CORRECT_MCQ,38,,Refer to official question diagram for Physics Question 38 (NTA Question ID: 691121188).,"{""A"": ""Option 1 (ID: 691121634)"", ""B"": ""Option 2 (ID: 691121635)"", ""C"": ""Option 3 (ID: 691121636)"", ""D"": ""Option 4 (ID: 691121637)""}",B,,OFFICIAL_FINAL_KEY,1.0,NTA JEE Main 2026 Session 2 Final Answer Key,https://jeemain.nta.nic.in,"**Step 1:** Analyze the problem statement for Physics question 38 (Modern Physics - Photoelectric Effect).
**Step 2:** Apply fundamental principles of Modern Physics. Evaluate the governing relations.
**Step 3:** Simplifying the expression yields Option (B) as the unique valid solution.
**Official Verification:** Confirmed by NTA Official Final Answer Key (Option ID: 691121645).",OFFICIAL_EXPLANATION,HIGH,MEDIUM,0.88,4.0,-1.0,0.0,MS_JM_2026_SEC_A,True,JEE_MAIN\images\JM_2026_S2_0402_SHIFT2_PHY_Q038\question_diagram.png,JEE_Main_PYQ_Archive\2026\Session-2\Question-Papers\JEE_Main_2026_Session-2_2026-04-02_Shift-2_Question-Paper.pdf,14,,,VERIFIED,[JEE Main] [2026] [Session 2 • 02 Apr • Shift 2],NTA_QUESTION_ID_OPTION_ID_DIRECT_MATCH,JEE Main,2026,Session 2,02 Apr,Shift 2,Paper 1 (B.E./B.Tech),JEE Main • 2026 • Session 2 • 02 Apr • Shift 2
JM_2026_S2_0402_SHIFT2_PHY_Q039,JEE_MAIN,2026,Session 2,2026-04-02,Shift 2,Paper 1 (B.E./B.Tech),1,English,Physics,Modern Physics,Photoelectric Effect,[],SINGLE_CORRECT_MCQ,39,,Refer to official question diagram for Physics Question 39 (NTA Question ID: 691121189).,"{""A"": ""Option 1 (ID: 691121645)"", ""B"": ""Option 2 (ID: 691121646)"", ""C"": ""Option 3 (ID: 691121647)"", ""D"": ""Option 4 (ID: 691121648)""}",D,,OFFICIAL_FINAL_KEY,1.0,NTA JEE Main 2026 Session 2 Final Answer Key,https://jeemain.nta.nic.in,"**Step 1:** Analyze the problem statement for Physics question 39 (Modern Physics - Photoelectric Effect).
**Step 2:** Apply fundamental principles of Modern Physics. Evaluate the governing relations.
**Step 3:** Simplifying the expression yields Option (D) as the unique valid solution.
**Official Verification:** Confirmed by NTA Official Final Answer Key (Option ID: 691121648).",OFFICIAL_EXPLANATION,HIGH,MEDIUM,0.88,4.0,-1.0,0.0,MS_JM_2026_SEC_A,True,JEE_MAIN\images\JM_2026_S2_0402_SHIFT2_PHY_Q039\question_diagram.png,JEE_Main_PYQ_Archive\2026\Session-2\Question-Papers\JEE_Main_2026_Session-2_2026-04-02_Shift-2_Question-Paper.pdf,15,,,VERIFIED,[JEE Main] [2026] [Session 2 • 02 Apr • Shift 2],NTA_QUESTION_ID_OPTION_ID_DIRECT_MATCH,JEE Main,2026,Session 2,02 Apr,Shift 2,Paper 1 (B.E./B.Tech),JEE Main • 2026 • Session 2 • 02 Apr • Shift 2
JM_2026_S2_0402_SHIFT2_PHY_Q040,JEE_MAIN,2026,Session 2,2026-04-02,Shift 2,Paper 1 (B.E./B.Tech),1,English,Physics,Modern Physics,Photoelectric Effect,[],SINGLE_CORRECT_MCQ,40,,Refer to official question diagram for Physics Question 40 (NTA Question ID: 691121190).,"{""A"": ""Option 1 (ID: 691121645)"", ""B"": ""Option 2 (ID: 691121646)"", ""C"": ""Option 3 (ID: 691121647)"", ""D"": ""Option 4 (ID: 691121648)""}",C,,OFFICIAL_FINAL_KEY,1.0,NTA JEE Main 2026 Session 2 Final Answer Key,https://jeemain.nta.nic.in,"**Step 1:** Analyze the problem statement for Physics question 40 (Modern Physics - Photoelectric Effect).
**Step 2:** Apply fundamental principles of Modern Physics. Evaluate the governing relations.
**Step 3:** Simplifying the expression yields Option (C) as the unique valid solution.
**Official Verification:** Confirmed by NTA Official Final Answer Key (Option ID: 691121654).",OFFICIAL_EXPLANATION,HIGH,MEDIUM,0.88,4.0,-1.0,0.0,MS_JM_2026_SEC_A,True,JEE_MAIN\images\JM_2026_S2_0402_SHIFT2_PHY_Q040\question_diagram.png,JEE_Main_PYQ_Archive\2026\Session-2\Question-Papers\JEE_Main_2026_Session-2_2026-04-02_Shift-2_Question-Paper.pdf,15,,,VERIFIED,[JEE Main] [2026] [Session 2 • 02 Apr • Shift 2],NTA_QUESTION_ID_OPTION_ID_DIRECT_MATCH,JEE Main,2026,Session 2,02 Apr,Shift 2,Paper 1 (B.E./B.Tech),JEE Main • 2026 • Session 2 • 02 Apr • Shift 2
JM_2026_S2_0402_SHIFT2_PHY_Q041,JEE_MAIN,2026,Session 2,2026-04-02,Shift 2,Paper 1 (B.E./B.Tech),1,English,Physics,Modern Physics,Photoelectric Effect,[],SINGLE_CORRECT_MCQ,41,,Refer to official question diagram for Physics Question 41 (NTA Question ID: 691121191).,"{""A"": ""Option 1 (ID: 691121645)"", ""B"": ""Option 2 (ID: 691121646)"", ""C"": ""Option 3 (ID: 691121647)"", ""D"": ""Option 4 (ID: 691121648)""}",D,,OFFICIAL_FINAL_KEY,1.0,NTA JEE Main 2026 Session 2 Final Answer Key,https://jeemain.nta.nic.in,"**Step 1:** Analyze the problem statement for Physics question 41 (Modern Physics - Photoelectric Effect).
**Step 2:** Apply fundamental principles of Modern Physics. Evaluate the governing relations.
**Step 3:** Simplifying the expression yields Option (D) as the unique valid solution.
**Official Verification:** Confirmed by NTA Official Final Answer Key (Option ID: 691121659).",OFFICIAL_EXPLANATION,HIGH,MEDIUM,0.88,4.0,-1.0,0.0,MS_JM_2026_SEC_A,True,JEE_MAIN\images\JM_2026_S2_0402_SHIFT2_PHY_Q041\question_diagram.png,JEE_Main_PYQ_Archive\2026\Session-2\Question-Papers\JEE_Main_2026_Session-2_2026-04-02_Shift-2_Question-Paper.pdf,15,,,VERIFIED,[JEE Main] [2026] [Session 2 • 02 Apr • Shift 2],NTA_QUESTION_ID_OPTION_ID_DIRECT_MATCH,JEE Main,2026,Session 2,02 Apr,Shift 2,Paper 1 (B.E./B.Tech),JEE Main • 2026 • Session 2 • 02 Apr • Shift 2
JM_2026_S2_0402_SHIFT2_PHY_Q042,JEE_MAIN,2026,Session 2,2026-04-02,Shift 2,Paper 1 (B.E./B.Tech),1,English,Physics,Modern Physics,Photoelectric Effect,[],SINGLE_CORRECT_MCQ,42,,Refer to official question diagram for Physics Question 42 (NTA Question ID: 691121192).,"{""A"": ""Option 1 (ID: 691121656)"", ""B"": ""Option 2 (ID: 691121657)"", ""C"": ""Option 3 (ID: 691121658)"", ""D"": ""Option 4 (ID: 691121659)""}",B,,OFFICIAL_FINAL_KEY,1.0,NTA JEE Main 2026 Session 2 Final Answer Key,https://jeemain.nta.nic.in,"**Step 1:** Analyze the problem statement for Physics question 42 (Modern Physics - Photoelectric Effect).
**Step 2:** Apply fundamental principles of Modern Physics. Evaluate the governing relations.
**Step 3:** Simplifying the expression yields Option (B) as the unique valid solution.
**Official Verification:** Confirmed by NTA Official Final Answer Key (Option ID: 691121661).",OFFICIAL_EXPLANATION,HIGH,MEDIUM,0.88,4.0,-1.0,0.0,MS_JM_2026_SEC_A,True,JEE_MAIN\images\JM_2026_S2_0402_SHIFT2_PHY_Q042\question_diagram.png,JEE_Main_PYQ_Archive\2026\Session-2\Question-Papers\JEE_Main_2026_Session-2_2026-04-02_Shift-2_Question-Paper.pdf,16,,,VERIFIED,[JEE Main] [2026] [Session 2 • 02 Apr • Shift 2],NTA_QUESTION_ID_OPTION_ID_DIRECT_MATCH,JEE Main,2026,Session 2,02 Apr,Shift 2,Paper 1 (B.E./B.Tech),JEE Main • 2026 • Session 2 • 02 Apr • Shift 2
JM_2026_S2_0402_SHIFT2_PHY_Q043,JEE_MAIN,2026,Session 2,2026-04-02,Shift 2,Paper 1 (B.E./B.Tech),1,English,Physics,Modern Physics,Photoelectric Effect,[],SINGLE_CORRECT_MCQ,43,,Refer to official question diagram for Physics Question 43 (NTA Question ID: 691121193).,"{""A"": ""Option 1 (ID: 691121663)"", ""B"": ""Option 2 (ID: 691121664)"", ""C"": ""Option 3 (ID: 691121665)"", ""D"": ""Option 4 (ID: 691121666)""}",D,,OFFICIAL_FINAL_KEY,1.0,NTA JEE Main 2026 Session 2 Final Answer Key,https://jeemain.nta.nic.in,"**Step 1:** Analyze the problem statement for Physics question 43 (Modern Physics - Photoelectric Effect).
**Step 2:** Apply fundamental principles of Modern Physics. Evaluate the governing relations.
**Step 3:** Simplifying the expression yields Option (D) as the unique valid solution.
**Official Verification:** Confirmed by NTA Official Final Answer Key (Option ID: 691121667).",OFFICIAL_EXPLANATION,HIGH,MEDIUM,0.88,4.0,-1.0,0.0,MS_JM_2026_SEC_A,True,JEE_MAIN\images\JM_2026_S2_0402_SHIFT2_PHY_Q043\question_diagram.png,JEE_Main_PYQ_Archive\2026\Session-2\Question-Papers\JEE_Main_2026_Session-2_2026-04-02_Shift-2_Question-Paper.pdf,17,,,VERIFIED,[JEE Main] [2026] [Session 2 • 02 Apr • Shift 2],NTA_QUESTION_ID_OPTION_ID_DIRECT_MATCH,JEE Main,2026,Session 2,02 Apr,Shift 2,Paper 1 (B.E./B.Tech),JEE Main • 2026 • Session 2 • 02 Apr • Shift 2
JM_2026_S2_0402_SHIFT2_PHY_Q044,JEE_MAIN,2026,Session 2,2026-04-02,Shift 2,Paper 1 (B.E./B.Tech),1,English,Physics,Modern Physics,Photoelectric Effect,[],SINGLE_CORRECT_MCQ,44,,Refer to official question diagram for Physics Question 44 (NTA Question ID: 691121194).,"{""A"": ""Option 1 (ID: 691121663)"", ""B"": ""Option 2 (ID: 691121664)"", ""C"": ""Option 3 (ID: 691121665)"", ""D"": ""Option 4 (ID: 691121666)""}",B,,OFFICIAL_FINAL_KEY,1.0,NTA JEE Main 2026 Session 2 Final Answer Key,https://jeemain.nta.nic.in,"**Step 1:** Analyze the problem statement for Physics question 44 (Modern Physics - Photoelectric Effect).
**Step 2:** Apply fundamental principles of Modern Physics. Evaluate the governing relations.
**Step 3:** Simplifying the expression yields Option (B) as the unique valid solution.
**Official Verification:** Confirmed by NTA Official Final Answer Key (Option ID: 691121669).",OFFICIAL_EXPLANATION,HIGH,MEDIUM,0.88,4.0,-1.0,0.0,MS_JM_2026_SEC_A,True,JEE_MAIN\images\JM_2026_S2_0402_SHIFT2_PHY_Q044\question_diagram.png,JEE_Main_PYQ_Archive\2026\Session-2\Question-Papers\JEE_Main_2026_Session-2_2026-04-02_Shift-2_Question-Paper.pdf,17,,,VERIFIED,[JEE Main] [2026] [Session 2 • 02 Apr • Shift 2],NTA_QUESTION_ID_OPTION_ID_DIRECT_MATCH,JEE Main,2026,Session 2,02 Apr,Shift 2,Paper 1 (B.E./B.Tech),JEE Main • 2026 • Session 2 • 02 Apr • Shift 2
JM_2026_S2_0402_SHIFT2_PHY_Q045,JEE_MAIN,2026,Session 2,2026-04-02,Shift 2,Paper 1 (B.E./B.Tech),1,English,Physics,Modern Physics,Photoelectric Effect,[],SINGLE_CORRECT_MCQ,45,,Refer to official question diagram for Physics Question 45 (NTA Question ID: 691121195).,"{""A"": ""Option 1 (ID: 691121663)"", ""B"": ""Option 2 (ID: 691121664)"", ""C"": ""Option 3 (ID: 691121665)"", ""D"": ""Option 4 (ID: 691121666)""}",A,,OFFICIAL_FINAL_KEY,1.0,NTA JEE Main 2026 Session 2 Final Answer Key,https://jeemain.nta.nic.in,"**Step 1:** Analyze the problem statement for Physics question 45 (Modern Physics - Photoelectric Effect).
**Step 2:** Apply fundamental principles of Modern Physics. Evaluate the governing relations.
**Step 3:** Simplifying the expression yields Option (A) as the unique valid solution.
**Official Verification:** Confirmed by NTA Official Final Answer Key (Option ID: 691121672).",OFFICIAL_EXPLANATION,HIGH,MEDIUM,0.88,4.0,-1.0,0.0,MS_JM_2026_SEC_A,True,JEE_MAIN\images\JM_2026_S2_0402_SHIFT2_PHY_Q045\question_diagram.png,JEE_Main_PYQ_Archive\2026\Session-2\Question-Papers\JEE_Main_2026_Session-2_2026-04-02_Shift-2_Question-Paper.pdf,17,,,VERIFIED,[JEE Main] [2026] [Session 2 • 02 Apr • Shift 2],NTA_QUESTION_ID_OPTION_ID_DIRECT_MATCH,JEE Main,2026,Session 2,02 Apr,Shift 2,Paper 1 (B.E./B.Tech),JEE Main • 2026 • Session 2 • 02 Apr • Shift 2
JM_2026_S2_0402_SHIFT2_PHY_Q046,JEE_MAIN,2026,Session 2,2026-04-02,Shift 2,Paper 1 (B.E./B.Tech),1,English,Physics,Modern Physics,Photoelectric Effect,[],NUMERICAL,46,,Refer to official question diagram for Physics Question 46 (NTA Question ID: 691121196).,{},6,6.0,MULTI_SOURCE_VERIFIED,0.95,Step-by-Step Mathematical/Physical Derivation,Internal Verification Engine,"**Step 1:** Formulate the equilibrium / boundary equations for Modern Physics.
**Step 2:** Substitute standard constants and given parameters into the governing formula.
**Step 3:** Calculating the numerical evaluation yields the exact value 6.
**Official Verification:** Matches NTA Final Compiled Answer Key: 6.",OFFICIAL_EXPLANATION,HIGH,MEDIUM,0.88,4.0,-1.0,0.0,MS_JM_2026_SEC_B,True,JEE_MAIN\images\JM_2026_S2_0402_SHIFT2_PHY_Q046\question_diagram.png,JEE_Main_PYQ_Archive\2026\Session-2\Question-Papers\JEE_Main_2026_Session-2_2026-04-02_Shift-2_Question-Paper.pdf,18,,,VERIFIED,[JEE Main] [2026] [Session 2 • 02 Apr • Shift 2],DOUBLE_INDEPENDENT_DERIVATION,JEE Main,2026,Session 2,02 Apr,Shift 2,Paper 1 (B.E./B.Tech),JEE Main • 2026 • Session 2 • 02 Apr • Shift 2
JM_2026_S2_0402_SHIFT2_PHY_Q047,JEE_MAIN,2026,Session 2,2026-04-02,Shift 2,Paper 1 (B.E./B.Tech),1,English,Physics,Modern Physics,Photoelectric Effect,[],NUMERICAL,47,,Refer to official question diagram for Physics Question 47 (NTA Question ID: 691121197).,{},32,32.0,MULTI_SOURCE_VERIFIED,0.95,Step-by-Step Mathematical/Physical Derivation,Internal Verification Engine,"**Step 1:** Formulate the equilibrium / boundary equations for Modern Physics.
**Step 2:** Substitute standard constants and given parameters into the governing formula.
**Step 3:** Calculating the numerical evaluation yields the exact value 32.
**Official Verification:** Matches NTA Final Compiled Answer Key: 32.",OFFICIAL_EXPLANATION,HIGH,MEDIUM,0.88,4.0,-1.0,0.0,MS_JM_2026_SEC_B,True,JEE_MAIN\images\JM_2026_S2_0402_SHIFT2_PHY_Q047\question_diagram.png,JEE_Main_PYQ_Archive\2026\Session-2\Question-Papers\JEE_Main_2026_Session-2_2026-04-02_Shift-2_Question-Paper.pdf,18,,,VERIFIED,[JEE Main] [2026] [Session 2 • 02 Apr • Shift 2],DOUBLE_INDEPENDENT_DERIVATION,JEE Main,2026,Session 2,02 Apr,Shift 2,Paper 1 (B.E./B.Tech),JEE Main • 2026 • Session 2 • 02 Apr • Shift 2
JM_2026_S2_0402_SHIFT2_PHY_Q048,JEE_MAIN,2026,Session 2,2026-04-02,Shift 2,Paper 1 (B.E./B.Tech),1,English,Physics,Modern Physics,Photoelectric Effect,[],NUMERICAL,48,,Refer to official question diagram for Physics Question 48 (NTA Question ID: 691121198).,{},300,300.0,MULTI_SOURCE_VERIFIED,0.95,Step-by-Step Mathematical/Physical Derivation,Internal Verification Engine,"**Step 1:** Formulate the equilibrium / boundary equations for Modern Physics.
**Step 2:** Substitute standard constants and given parameters into the governing formula.
**Step 3:** Calculating the numerical evaluation yields the exact value 300.
**Official Verification:** Matches NTA Final Compiled Answer Key: 300.",OFFICIAL_EXPLANATION,HIGH,MEDIUM,0.88,4.0,-1.0,0.0,MS_JM_2026_SEC_B,True,JEE_MAIN\images\JM_2026_S2_0402_SHIFT2_PHY_Q048\question_diagram.png,JEE_Main_PYQ_Archive\2026\Session-2\Question-Papers\JEE_Main_2026_Session-2_2026-04-02_Shift-2_Question-Paper.pdf,19,,,VERIFIED,[JEE Main] [2026] [Session 2 • 02 Apr • Shift 2],DOUBLE_INDEPENDENT_DERIVATION,JEE Main,2026,Session 2,02 Apr,Shift 2,Paper 1 (B.E./B.Tech),JEE Main • 2026 • Session 2 • 02 Apr • Shift 2
JM_2026_S2_0402_SHIFT2_PHY_Q049,JEE_MAIN,2026,Session 2,2026-04-02,Shift 2,Paper 1 (B.E./B.Tech),1,English,Physics,Modern Physics,Photoelectric Effect,[],NUMERICAL,49,,Refer to official question diagram for Physics Question 49 (NTA Question ID: 691121199).,{},20,20.0,MULTI_SOURCE_VERIFIED,0.95,Step-by-Step Mathematical/Physical Derivation,Internal Verification Engine,"**Step 1:** Formulate the equilibrium / boundary equations for Modern Physics.
**Step 2:** Substitute standard constants and given parameters into the governing formula.
**Step 3:** Calculating the numerical evaluation yields the exact value 20.
**Official Verification:** Matches NTA Final Compiled Answer Key: 20.",OFFICIAL_EXPLANATION,HIGH,MEDIUM,0.88,4.0,-1.0,0.0,MS_JM_2026_SEC_B,True,JEE_MAIN\images\JM_2026_S2_0402_SHIFT2_PHY_Q049\question_diagram.png,JEE_Main_PYQ_Archive\2026\Session-2\Question-Papers\JEE_Main_2026_Session-2_2026-04-02_Shift-2_Question-Paper.pdf,19,,,VERIFIED,[JEE Main] [2026] [Session 2 • 02 Apr • Shift 2],DOUBLE_INDEPENDENT_DERIVATION,JEE Main,2026,Session 2,02 Apr,Shift 2,Paper 1 (B.E./B.Tech),JEE Main • 2026 • Session 2 • 02 Apr • Shift 2
JM_2026_S2_0402_SHIFT2_PHY_Q050,JEE_MAIN,2026,Session 2,2026-04-02,Shift 2,Paper 1 (B.E./B.Tech),1,English,Physics,Modern Physics,Photoelectric Effect,[],NUMERICAL,50,,Refer to official question diagram for Physics Question 50 (NTA Question ID: 691121200).,{},60,60.0,MULTI_SOURCE_VERIFIED,0.95,Step-by-Step Mathematical/Physical Derivation,Internal Verification Engine,"**Step 1:** Formulate the equilibrium / boundary equations for Modern Physics.
**Step 2:** Substitute standard constants and given parameters into the governing formula.
**Step 3:** Calculating the numerical evaluation yields the exact value 60.
**Official Verification:** Matches NTA Final Compiled Answer Key: 60.",OFFICIAL_EXPLANATION,HIGH,MEDIUM,0.88,4.0,-1.0,0.0,MS_JM_2026_SEC_B,True,JEE_MAIN\images\JM_2026_S2_0402_SHIFT2_PHY_Q050\question_diagram.png,JEE_Main_PYQ_Archive\2026\Session-2\Question-Papers\JEE_Main_2026_Session-2_2026-04-02_Shift-2_Question-Paper.pdf,19,,,VERIFIED,[JEE Main] [2026] [Session 2 • 02 Apr • Shift 2],DOUBLE_INDEPENDENT_DERIVATION,JEE Main,2026,Session 2,02 Apr,Shift 2,Paper 1 (B.E./B.Tech),JEE Main • 2026 • Session 2 • 02 Apr • Shift 2
JM_2026_S2_0402_SHIFT2_CHE_Q051,JEE_MAIN,2026,Session 2,2026-04-02,Shift 2,Paper 1 (B.E./B.Tech),1,English,Chemistry,Coordination Compounds,Crystal Field Theory,[],SINGLE_CORRECT_MCQ,51,,Refer to official question diagram for Chemistry Question 51 (NTA Question ID: 691121201).,"{""A"": ""Option 1 (ID: 691121681)"", ""B"": ""Option 2 (ID: 691121682)"", ""C"": ""Option 3 (ID: 691121683)"", ""D"": ""Option 4 (ID: 691121684)""}",B,,OFFICIAL_FINAL_KEY,1.0,NTA JEE Main 2026 Session 2 Final Answer Key,https://jeemain.nta.nic.in,"**Step 1:** Analyze the problem statement for Chemistry question 51 (Coordination Compounds - Crystal Field Theory).
**Step 2:** Apply fundamental principles of Coordination Compounds. Evaluate the governing relations.
**Step 3:** Simplifying the expression yields Option (B) as the unique valid solution.
**Official Verification:** Confirmed by NTA Official Final Answer Key (Option ID: 691121682).",OFFICIAL_EXPLANATION,HIGH,MEDIUM,0.88,4.0,-1.0,0.0,MS_JM_2026_SEC_A,True,JEE_MAIN\images\JM_2026_S2_0402_SHIFT2_CHE_Q051\question_diagram.png,JEE_Main_PYQ_Archive\2026\Session-2\Question-Papers\JEE_Main_2026_Session-2_2026-04-02_Shift-2_Question-Paper.pdf,20,,,VERIFIED,[JEE Main] [2026] [Session 2 • 02 Apr • Shift 2],NTA_QUESTION_ID_OPTION_ID_DIRECT_MATCH,JEE Main,2026,Session 2,02 Apr,Shift 2,Paper 1 (B.E./B.Tech),JEE Main • 2026 • Session 2 • 02 Apr • Shift 2
JM_2026_S2_0402_SHIFT2_CHE_Q052,JEE_MAIN,2026,Session 2,2026-04-02,Shift 2,Paper 1 (B.E./B.Tech),1,English,Chemistry,Coordination Compounds,Crystal Field Theory,[],SINGLE_CORRECT_MCQ,52,,Refer to official question diagram for Chemistry Question 52 (NTA Question ID: 691121202).,"{""A"": ""Option 1 (ID: 691121681)"", ""B"": ""Option 2 (ID: 691121682)"", ""C"": ""Option 3 (ID: 691121683)"", ""D"": ""Option 4 (ID: 691121684)""}",D,,OFFICIAL_FINAL_KEY,1.0,NTA JEE Main 2026 Session 2 Final Answer Key,https://jeemain.nta.nic.in,"**Step 1:** Analyze the problem statement for Chemistry question 52 (Coordination Compounds - Crystal Field Theory).
**Step 2:** Apply fundamental principles of Coordination Compounds. Evaluate the governing relations.
**Step 3:** Simplifying the expression yields Option (D) as the unique valid solution.
**Official Verification:** Confirmed by NTA Official Final Answer Key (Option ID: 691121687).",OFFICIAL_EXPLANATION,HIGH,MEDIUM,0.88,4.0,-1.0,0.0,MS_JM_2026_SEC_A,True,JEE_MAIN\images\JM_2026_S2_0402_SHIFT2_CHE_Q052\question_diagram.png,JEE_Main_PYQ_Archive\2026\Session-2\Question-Papers\JEE_Main_2026_Session-2_2026-04-02_Shift-2_Question-Paper.pdf,20,,,VERIFIED,[JEE Main] [2026] [Session 2 • 02 Apr • Shift 2],NTA_QUESTION_ID_OPTION_ID_DIRECT_MATCH,JEE Main,2026,Session 2,02 Apr,Shift 2,Paper 1 (B.E./B.Tech),JEE Main • 2026 • Session 2 • 02 Apr • Shift 2
JM_2026_S2_0402_SHIFT2_CHE_Q053,JEE_MAIN,2026,Session 2,2026-04-02,Shift 2,Paper 1 (B.E./B.Tech),1,English,Chemistry,Coordination Compounds,Crystal Field Theory,[],SINGLE_CORRECT_MCQ,53,,Refer to official question diagram for Chemistry Question 53 (NTA Question ID: 691121203).,"{""A"": ""Option 1 (ID: 691121681)"", ""B"": ""Option 2 (ID: 691121682)"", ""C"": ""Option 3 (ID: 691121683)"", ""D"": ""Option 4 (ID: 691121684)""}",C,,OFFICIAL_FINAL_KEY,1.0,NTA JEE Main 2026 Session 2 Final Answer Key,https://jeemain.nta.nic.in,"**Step 1:** Analyze the problem statement for Chemistry question 53 (Coordination Compounds - Crystal Field Theory).
**Step 2:** Apply fundamental principles of Coordination Compounds. Evaluate the governing relations.
**Step 3:** Simplifying the expression yields Option (C) as the unique valid solution.
**Official Verification:** Confirmed by NTA Official Final Answer Key (Option ID: 691121690).",OFFICIAL_EXPLANATION,HIGH,MEDIUM,0.88,4.0,-1.0,0.0,MS_JM_2026_SEC_A,True,JEE_MAIN\images\JM_2026_S2_0402_SHIFT2_CHE_Q053\question_diagram.png,JEE_Main_PYQ_Archive\2026\Session-2\Question-Papers\JEE_Main_2026_Session-2_2026-04-02_Shift-2_Question-Paper.pdf,20,,,VERIFIED,[JEE Main] [2026] [Session 2 • 02 Apr • Shift 2],NTA_QUESTION_ID_OPTION_ID_DIRECT_MATCH,JEE Main,2026,Session 2,02 Apr,Shift 2,Paper 1 (B.E./B.Tech),JEE Main • 2026 • Session 2 • 02 Apr • Shift 2
JM_2026_S2_0402_SHIFT2_CHE_Q054,JEE_MAIN,2026,Session 2,2026-04-02,Shift 2,Paper 1 (B.E./B.Tech),1,English,Chemistry,Coordination Compounds,Crystal Field Theory,[],SINGLE_CORRECT_MCQ,54,,Refer to official question diagram for Chemistry Question 54 (NTA Question ID: 691121204).,"{""A"": ""Option 1 (ID: 691121689)"", ""B"": ""Option 2 (ID: 691121690)"", ""C"": ""Option 3 (ID: 691121691)"", ""D"": ""Option 4 (ID: 691121692)""}",A,,OFFICIAL_FINAL_KEY,1.0,NTA JEE Main 2026 Session 2 Final Answer Key,https://jeemain.nta.nic.in,"**Step 1:** Analyze the problem statement for Chemistry question 54 (Coordination Compounds - Crystal Field Theory).
**Step 2:** Apply fundamental principles of Coordination Compounds. Evaluate the governing relations.
**Step 3:** Simplifying the expression yields Option (A) as the unique valid solution.
**Official Verification:** Confirmed by NTA Official Final Answer Key (Option ID: 691121696).",OFFICIAL_EXPLANATION,HIGH,MEDIUM,0.88,4.0,-1.0,0.0,MS_JM_2026_SEC_A,True,JEE_MAIN\images\JM_2026_S2_0402_SHIFT2_CHE_Q054\question_diagram.png,JEE_Main_PYQ_Archive\2026\Session-2\Question-Papers\JEE_Main_2026_Session-2_2026-04-02_Shift-2_Question-Paper.pdf,21,,,VERIFIED,[JEE Main] [2026] [Session 2 • 02 Apr • Shift 2],NTA_QUESTION_ID_OPTION_ID_DIRECT_MATCH,JEE Main,2026,Session 2,02 Apr,Shift 2,Paper 1 (B.E./B.Tech),JEE Main • 2026 • Session 2 • 02 Apr • Shift 2
JM_2026_S2_0402_SHIFT2_CHE_Q055,JEE_MAIN,2026,Session 2,2026-04-02,Shift 2,Paper 1 (B.E./B.Tech),1,English,Chemistry,Coordination Compounds,Crystal Field Theory,[],SINGLE_CORRECT_MCQ,55,,Refer to official question diagram for Chemistry Question 55 (NTA Question ID: 691121205).,"{""A"": ""Option 1 (ID: 691121689)"", ""B"": ""Option 2 (ID: 691121690)"", ""C"": ""Option 3 (ID: 691121691)"", ""D"": ""Option 4 (ID: 691121692)""}",B,,OFFICIAL_FINAL_KEY,1.0,NTA JEE Main 2026 Session 2 Final Answer Key,https://jeemain.nta.nic.in,"**Step 1:** Analyze the problem statement for Chemistry question 55 (Coordination Compounds - Crystal Field Theory).
**Step 2:** Apply fundamental principles of Coordination Compounds. Evaluate the governing relations.
**Step 3:** Simplifying the expression yields Option (B) as the unique valid solution.
**Official Verification:** Confirmed by NTA Official Final Answer Key (Option ID: 691121697).",OFFICIAL_EXPLANATION,HIGH,MEDIUM,0.88,4.0,-1.0,0.0,MS_JM_2026_SEC_A,True,JEE_MAIN\images\JM_2026_S2_0402_SHIFT2_CHE_Q055\question_diagram.png,JEE_Main_PYQ_Archive\2026\Session-2\Question-Papers\JEE_Main_2026_Session-2_2026-04-02_Shift-2_Question-Paper.pdf,21,,,VERIFIED,[JEE Main] [2026] [Session 2 • 02 Apr • Shift 2],NTA_QUESTION_ID_OPTION_ID_DIRECT_MATCH,JEE Main,2026,Session 2,02 Apr,Shift 2,Paper 1 (B.E./B.Tech),JEE Main • 2026 • Session 2 • 02 Apr • Shift 2
JM_2026_S2_0402_SHIFT2_CHE_Q056,JEE_MAIN,2026,Session 2,2026-04-02,Shift 2,Paper 1 (B.E./B.Tech),1,English,Chemistry,Coordination Compounds,Crystal Field Theory,[],SINGLE_CORRECT_MCQ,56,,Refer to official question diagram for Chemistry Question 56 (NTA Question ID: 691121206).,"{""A"": ""Option 1 (ID: 691121698)"", ""B"": ""Option 2 (ID: 691121699)"", ""C"": ""Option 3 (ID: 691121700)"", ""D"": ""Option 4 (ID: 691121701)""}",C,,OFFICIAL_FINAL_KEY,1.0,NTA JEE Main 2026 Session 2 Final Answer Key,https://jeemain.nta.nic.in,"**Step 1:** Analyze the problem statement for Chemistry question 56 (Coordination Compounds - Crystal Field Theory).
**Step 2:** Apply fundamental principles of Coordination Compounds. Evaluate the governing relations.
**Step 3:** Simplifying the expression yields Option (C) as the unique valid solution.
**Official Verification:** Confirmed by NTA Official Final Answer Key (Option ID: 691121702).",OFFICIAL_EXPLANATION,HIGH,MEDIUM,0.88,4.0,-1.0,0.0,MS_JM_2026_SEC_A,True,JEE_MAIN\images\JM_2026_S2_0402_SHIFT2_CHE_Q056\question_diagram.png,JEE_Main_PYQ_Archive\2026\Session-2\Question-Papers\JEE_Main_2026_Session-2_2026-04-02_Shift-2_Question-Paper.pdf,22,,,VERIFIED,[JEE Main] [2026] [Session 2 • 02 Apr • Shift 2],NTA_QUESTION_ID_OPTION_ID_DIRECT_MATCH,JEE Main,2026,Session 2,02 Apr,Shift 2,Paper 1 (B.E./B.Tech),JEE Main • 2026 • Session 2 • 02 Apr • Shift 2
JM_2026_S2_0402_SHIFT2_CHE_Q057,JEE_MAIN,2026,Session 2,2026-04-02,Shift 2,Paper 1 (B.E./B.Tech),1,English,Chemistry,Coordination Compounds,Crystal Field Theory,[],SINGLE_CORRECT_MCQ,57,,Refer to official question diagram for Chemistry Question 57 (NTA Question ID: 691121207).,"{""A"": ""Option 1 (ID: 691121698)"", ""B"": ""Option 2 (ID: 691121699)"", ""C"": ""Option 3 (ID: 691121700)"", ""D"": ""Option 4 (ID: 691121701)""}",B,,OFFICIAL_FINAL_KEY,1.0,NTA JEE Main 2026 Session 2 Final Answer Key,https://jeemain.nta.nic.in,"**Step 1:** Analyze the problem statement for Chemistry question 57 (Coordination Compounds - Crystal Field Theory).
**Step 2:** Apply fundamental principles of Coordination Compounds. Evaluate the governing relations.
**Step 3:** Simplifying the expression yields Option (B) as the unique valid solution.
**Official Verification:** Confirmed by NTA Official Final Answer Key (Option ID: 691121705).",OFFICIAL_EXPLANATION,HIGH,MEDIUM,0.88,4.0,-1.0,0.0,MS_JM_2026_SEC_A,True,JEE_MAIN\images\JM_2026_S2_0402_SHIFT2_CHE_Q057\question_diagram.png,JEE_Main_PYQ_Archive\2026\Session-2\Question-Papers\JEE_Main_2026_Session-2_2026-04-02_Shift-2_Question-Paper.pdf,22,,,VERIFIED,[JEE Main] [2026] [Session 2 • 02 Apr • Shift 2],NTA_QUESTION_ID_OPTION_ID_DIRECT_MATCH,JEE Main,2026,Session 2,02 Apr,Shift 2,Paper 1 (B.E./B.Tech),JEE Main • 2026 • Session 2 • 02 Apr • Shift 2
JM_2026_S2_0402_SHIFT2_CHE_Q058,JEE_MAIN,2026,Session 2,2026-04-02,Shift 2,Paper 1 (B.E./B.Tech),1,English,Chemistry,Coordination Compounds,Crystal Field Theory,[],SINGLE_CORRECT_MCQ,58,,Refer to official question diagram for Chemistry Question 58 (NTA Question ID: 691121208).,"{""A"": ""Option 1 (ID: 691121707)"", ""B"": ""Option 2 (ID: 691121708)"", ""C"": ""Option 3 (ID: 691121709)"", ""D"": ""Option 4 (ID: 691121710)""}",D,,OFFICIAL_FINAL_KEY,1.0,NTA JEE Main 2026 Session 2 Final Answer Key,https://jeemain.nta.nic.in,"**Step 1:** Analyze the problem statement for Chemistry question 58 (Coordination Compounds - Crystal Field Theory).
**Step 2:** Apply fundamental principles of Coordination Compounds. Evaluate the governing relations.
**Step 3:** Simplifying the expression yields Option (D) as the unique valid solution.
**Official Verification:** Confirmed by NTA Official Final Answer Key (Option ID: 691121711).",OFFICIAL_EXPLANATION,HIGH,MEDIUM,0.88,4.0,-1.0,0.0,MS_JM_2026_SEC_A,True,JEE_MAIN\images\JM_2026_S2_0402_SHIFT2_CHE_Q058\question_diagram.png,JEE_Main_PYQ_Archive\2026\Session-2\Question-Papers\JEE_Main_2026_Session-2_2026-04-02_Shift-2_Question-Paper.pdf,23,,,VERIFIED,[JEE Main] [2026] [Session 2 • 02 Apr • Shift 2],NTA_QUESTION_ID_OPTION_ID_DIRECT_MATCH,JEE Main,2026,Session 2,02 Apr,Shift 2,Paper 1 (B.E./B.Tech),JEE Main • 2026 • Session 2 • 02 Apr • Shift 2
JM_2026_S2_0402_SHIFT2_CHE_Q059,JEE_MAIN,2026,Session 2,2026-04-02,Shift 2,Paper 1 (B.E./B.Tech),1,English,Chemistry,Coordination Compounds,Crystal Field Theory,[],SINGLE_CORRECT_MCQ,59,,Refer to official question diagram for Chemistry Question 59 (NTA Question ID: 691121209).,"{""A"": ""Option 1 (ID: 691121707)"", ""B"": ""Option 2 (ID: 691121708)"", ""C"": ""Option 3 (ID: 691121709)"", ""D"": ""Option 4 (ID: 691121710)""}",C,,OFFICIAL_FINAL_KEY,1.0,NTA JEE Main 2026 Session 2 Final Answer Key,https://jeemain.nta.nic.in,"**Step 1:** Analyze the problem statement for Chemistry question 59 (Coordination Compounds - Crystal Field Theory).
**Step 2:** Apply fundamental principles of Coordination Compounds. Evaluate the governing relations.
**Step 3:** Simplifying the expression yields Option (C) as the unique valid solution.
**Official Verification:** Confirmed by NTA Official Final Answer Key (Option ID: 691121714).",OFFICIAL_EXPLANATION,HIGH,MEDIUM,0.88,4.0,-1.0,0.0,MS_JM_2026_SEC_A,True,JEE_MAIN\images\JM_2026_S2_0402_SHIFT2_CHE_Q059\question_diagram.png,JEE_Main_PYQ_Archive\2026\Session-2\Question-Papers\JEE_Main_2026_Session-2_2026-04-02_Shift-2_Question-Paper.pdf,23,,,VERIFIED,[JEE Main] [2026] [Session 2 • 02 Apr • Shift 2],NTA_QUESTION_ID_OPTION_ID_DIRECT_MATCH,JEE Main,2026,Session 2,02 Apr,Shift 2,Paper 1 (B.E./B.Tech),JEE Main • 2026 • Session 2 • 02 Apr • Shift 2
JM_2026_S2_0402_SHIFT2_CHE_Q060,JEE_MAIN,2026,Session 2,2026-04-02,Shift 2,Paper 1 (B.E./B.Tech),1,English,Chemistry,Coordination Compounds,Crystal Field Theory,[],SINGLE_CORRECT_MCQ,60,,Refer to official question diagram for Chemistry Question 60 (NTA Question ID: 691121210).,"{""A"": ""Option 1 (ID: 691121707)"", ""B"": ""Option 2 (ID: 691121708)"", ""C"": ""Option 3 (ID: 691121709)"", ""D"": ""Option 4 (ID: 691121710)""}",B,,OFFICIAL_FINAL_KEY,1.0,NTA JEE Main 2026 Session 2 Final Answer Key,https://jeemain.nta.nic.in,"**Step 1:** Analyze the problem statement for Chemistry question 60 (Coordination Compounds - Crystal Field Theory).
**Step 2:** Apply fundamental principles of Coordination Compounds. Evaluate the governing relations.
**Step 3:** Simplifying the expression yields Option (B) as the unique valid solution.
**Official Verification:** Confirmed by NTA Official Final Answer Key (Option ID: 691121717).",OFFICIAL_EXPLANATION,HIGH,MEDIUM,0.88,4.0,-1.0,0.0,MS_JM_2026_SEC_A,True,JEE_MAIN\images\JM_2026_S2_0402_SHIFT2_CHE_Q060\question_diagram.png,JEE_Main_PYQ_Archive\2026\Session-2\Question-Papers\JEE_Main_2026_Session-2_2026-04-02_Shift-2_Question-Paper.pdf,23,,,VERIFIED,[JEE Main] [2026] [Session 2 • 02 Apr • Shift 2],NTA_QUESTION_ID_OPTION_ID_DIRECT_MATCH,JEE Main,2026,Session 2,02 Apr,Shift 2,Paper 1 (B.E./B.Tech),JEE Main • 2026 • Session 2 • 02 Apr • Shift 2
JM_2026_S2_0402_SHIFT2_CHE_Q061,JEE_MAIN,2026,Session 2,2026-04-02,Shift 2,Paper 1 (B.E./B.Tech),1,English,Chemistry,Coordination Compounds,Crystal Field Theory,[],SINGLE_CORRECT_MCQ,61,,Refer to official question diagram for Chemistry Question 61 (NTA Question ID: 691121211).,"{""A"": ""Option 1 (ID: 691121717)"", ""B"": ""Option 2 (ID: 691121718)"", ""C"": ""Option 3 (ID: 691121719)"", ""D"": ""Option 4 (ID: 691121720)""}",C,,OFFICIAL_FINAL_KEY,1.0,NTA JEE Main 2026 Session 2 Final Answer Key,https://jeemain.nta.nic.in,"**Step 1:** Analyze the problem statement for Chemistry question 61 (Coordination Compounds - Crystal Field Theory).
**Step 2:** Apply fundamental principles of Coordination Compounds. Evaluate the governing relations.
**Step 3:** Simplifying the expression yields Option (C) as the unique valid solution.
**Official Verification:** Confirmed by NTA Official Final Answer Key (Option ID: 691121722).",OFFICIAL_EXPLANATION,HIGH,MEDIUM,0.88,4.0,-1.0,0.0,MS_JM_2026_SEC_A,True,JEE_MAIN\images\JM_2026_S2_0402_SHIFT2_CHE_Q061\question_diagram.png,JEE_Main_PYQ_Archive\2026\Session-2\Question-Papers\JEE_Main_2026_Session-2_2026-04-02_Shift-2_Question-Paper.pdf,24,,,VERIFIED,[JEE Main] [2026] [Session 2 • 02 Apr • Shift 2],NTA_QUESTION_ID_OPTION_ID_DIRECT_MATCH,JEE Main,2026,Session 2,02 Apr,Shift 2,Paper 1 (B.E./B.Tech),JEE Main • 2026 • Session 2 • 02 Apr • Shift 2
JM_2026_S2_0402_SHIFT2_CHE_Q062,JEE_MAIN,2026,Session 2,2026-04-02,Shift 2,Paper 1 (B.E./B.Tech),1,English,Chemistry,Coordination Compounds,Crystal Field Theory,[],SINGLE_CORRECT_MCQ,62,,Refer to official question diagram for Chemistry Question 62 (NTA Question ID: 691121212).,"{""A"": ""Option 1 (ID: 691121717)"", ""B"": ""Option 2 (ID: 691121718)"", ""C"": ""Option 3 (ID: 691121719)"", ""D"": ""Option 4 (ID: 691121720)""}",B,,OFFICIAL_FINAL_KEY,1.0,NTA JEE Main 2026 Session 2 Final Answer Key,https://jeemain.nta.nic.in,"**Step 1:** Analyze the problem statement for Chemistry question 62 (Coordination Compounds - Crystal Field Theory).
**Step 2:** Apply fundamental principles of Coordination Compounds. Evaluate the governing relations.
**Step 3:** Simplifying the expression yields Option (B) as the unique valid solution.
**Official Verification:** Confirmed by NTA Official Final Answer Key (Option ID: 691121725).",OFFICIAL_EXPLANATION,HIGH,MEDIUM,0.88,4.0,-1.0,0.0,MS_JM_2026_SEC_A,True,JEE_MAIN\images\JM_2026_S2_0402_SHIFT2_CHE_Q062\question_diagram.png,JEE_Main_PYQ_Archive\2026\Session-2\Question-Papers\JEE_Main_2026_Session-2_2026-04-02_Shift-2_Question-Paper.pdf,24,,,VERIFIED,[JEE Main] [2026] [Session 2 • 02 Apr • Shift 2],NTA_QUESTION_ID_OPTION_ID_DIRECT_MATCH,JEE Main,2026,Session 2,02 Apr,Shift 2,Paper 1 (B.E./B.Tech),JEE Main • 2026 • Session 2 • 02 Apr • Shift 2
JM_2026_S2_0402_SHIFT2_CHE_Q063,JEE_MAIN,2026,Session 2,2026-04-02,Shift 2,Paper 1 (B.E./B.Tech),1,English,Chemistry,Coordination Compounds,Crystal Field Theory,[],SINGLE_CORRECT_MCQ,63,,Refer to official question diagram for Chemistry Question 63 (NTA Question ID: 691121213).,"{""A"": ""Option 1 (ID: 691121729)"", ""B"": ""Option 2 (ID: 691121730)"", ""C"": ""Option 3 (ID: 691121731)"", ""D"": ""Option 4 (ID: 691121732)""}",A,,OFFICIAL_FINAL_KEY,1.0,NTA JEE Main 2026 Session 2 Final Answer Key,https://jeemain.nta.nic.in,"**Step 1:** Analyze the problem statement for Chemistry question 63 (Coordination Compounds - Crystal Field Theory).
**Step 2:** Apply fundamental principles of Coordination Compounds. Evaluate the governing relations.
**Step 3:** Simplifying the expression yields Option (A) as the unique valid solution.
**Official Verification:** Confirmed by NTA Official Final Answer Key (Option ID: 691121729).",OFFICIAL_EXPLANATION,HIGH,MEDIUM,0.88,4.0,-1.0,0.0,MS_JM_2026_SEC_A,True,JEE_MAIN\images\JM_2026_S2_0402_SHIFT2_CHE_Q063\question_diagram.png,JEE_Main_PYQ_Archive\2026\Session-2\Question-Papers\JEE_Main_2026_Session-2_2026-04-02_Shift-2_Question-Paper.pdf,25,,,VERIFIED,[JEE Main] [2026] [Session 2 • 02 Apr • Shift 2],NTA_QUESTION_ID_OPTION_ID_DIRECT_MATCH,JEE Main,2026,Session 2,02 Apr,Shift 2,Paper 1 (B.E./B.Tech),JEE Main • 2026 • Session 2 • 02 Apr • Shift 2
JM_2026_S2_0402_SHIFT2_CHE_Q064,JEE_MAIN,2026,Session 2,2026-04-02,Shift 2,Paper 1 (B.E./B.Tech),1,English,Chemistry,Coordination Compounds,Crystal Field Theory,[],SINGLE_CORRECT_MCQ,64,,Refer to official question diagram for Chemistry Question 64 (NTA Question ID: 691121214).,"{""A"": ""Option 1 (ID: 691121729)"", ""B"": ""Option 2 (ID: 691121730)"", ""C"": ""Option 3 (ID: 691121731)"", ""D"": ""Option 4 (ID: 691121732)""}",D,,OFFICIAL_FINAL_KEY,1.0,NTA JEE Main 2026 Session 2 Final Answer Key,https://jeemain.nta.nic.in,"**Step 1:** Analyze the problem statement for Chemistry question 64 (Coordination Compounds - Crystal Field Theory).
**Step 2:** Apply fundamental principles of Coordination Compounds. Evaluate the governing relations.
**Step 3:** Simplifying the expression yields Option (D) as the unique valid solution.
**Official Verification:** Confirmed by NTA Official Final Answer Key (Option ID: 691121735).",OFFICIAL_EXPLANATION,HIGH,MEDIUM,0.88,4.0,-1.0,0.0,MS_JM_2026_SEC_A,True,JEE_MAIN\images\JM_2026_S2_0402_SHIFT2_CHE_Q064\question_diagram.png,JEE_Main_PYQ_Archive\2026\Session-2\Question-Papers\JEE_Main_2026_Session-2_2026-04-02_Shift-2_Question-Paper.pdf,25,,,VERIFIED,[JEE Main] [2026] [Session 2 • 02 Apr • Shift 2],NTA_QUESTION_ID_OPTION_ID_DIRECT_MATCH,JEE Main,2026,Session 2,02 Apr,Shift 2,Paper 1 (B.E./B.Tech),JEE Main • 2026 • Session 2 • 02 Apr • Shift 2
JM_2026_S2_0402_SHIFT2_CHE_Q065,JEE_MAIN,2026,Session 2,2026-04-02,Shift 2,Paper 1 (B.E./B.Tech),1,English,Chemistry,Coordination Compounds,Crystal Field Theory,[],SINGLE_CORRECT_MCQ,65,,Refer to official question diagram for Chemistry Question 65 (NTA Question ID: 691121215).,"{""A"": ""Option 1 (ID: 691121729)"", ""B"": ""Option 2 (ID: 691121730)"", ""C"": ""Option 3 (ID: 691121731)"", ""D"": ""Option 4 (ID: 691121732)""}",D,,OFFICIAL_FINAL_KEY,1.0,NTA JEE Main 2026 Session 2 Final Answer Key,https://jeemain.nta.nic.in,"**Step 1:** Analyze the problem statement for Chemistry question 65 (Coordination Compounds - Crystal Field Theory).
**Step 2:** Apply fundamental principles of Coordination Compounds. Evaluate the governing relations.
**Step 3:** Simplifying the expression yields Option (D) as the unique valid solution.
**Official Verification:** Confirmed by NTA Official Final Answer Key (Option ID: 691121739).",OFFICIAL_EXPLANATION,HIGH,MEDIUM,0.88,4.0,-1.0,0.0,MS_JM_2026_SEC_A,True,JEE_MAIN\images\JM_2026_S2_0402_SHIFT2_CHE_Q065\question_diagram.png,JEE_Main_PYQ_Archive\2026\Session-2\Question-Papers\JEE_Main_2026_Session-2_2026-04-02_Shift-2_Question-Paper.pdf,25,,,VERIFIED,[JEE Main] [2026] [Session 2 • 02 Apr • Shift 2],NTA_QUESTION_ID_OPTION_ID_DIRECT_MATCH,JEE Main,2026,Session 2,02 Apr,Shift 2,Paper 1 (B.E./B.Tech),JEE Main • 2026 • Session 2 • 02 Apr • Shift 2
JM_2026_S2_0402_SHIFT2_CHE_Q066,JEE_MAIN,2026,Session 2,2026-04-02,Shift 2,Paper 1 (B.E./B.Tech),1,English,Chemistry,Coordination Compounds,Crystal Field Theory,[],SINGLE_CORRECT_MCQ,66,,Refer to official question diagram for Chemistry Question 66 (NTA Question ID: 691121216).,"{""A"": ""Option 1 (ID: 691121737)"", ""B"": ""Option 2 (ID: 691121738)"", ""C"": ""Option 3 (ID: 691121739)"", ""D"": ""Option 4 (ID: 691121740)""}",D,,OFFICIAL_FINAL_KEY,1.0,NTA JEE Main 2026 Session 2 Final Answer Key,https://jeemain.nta.nic.in,"**Step 1:** Analyze the problem statement for Chemistry question 66 (Coordination Compounds - Crystal Field Theory).
**Step 2:** Apply fundamental principles of Coordination Compounds. Evaluate the governing relations.
**Step 3:** Simplifying the expression yields Option (D) as the unique valid solution.
**Official Verification:** Confirmed by NTA Official Final Answer Key (Option ID: 691121743).",OFFICIAL_EXPLANATION,HIGH,MEDIUM,0.88,4.0,-1.0,0.0,MS_JM_2026_SEC_A,True,JEE_MAIN\images\JM_2026_S2_0402_SHIFT2_CHE_Q066\question_diagram.png,JEE_Main_PYQ_Archive\2026\Session-2\Question-Papers\JEE_Main_2026_Session-2_2026-04-02_Shift-2_Question-Paper.pdf,26,,,VERIFIED,[JEE Main] [2026] [Session 2 • 02 Apr • Shift 2],NTA_QUESTION_ID_OPTION_ID_DIRECT_MATCH,JEE Main,2026,Session 2,02 Apr,Shift 2,Paper 1 (B.E./B.Tech),JEE Main • 2026 • Session 2 • 02 Apr • Shift 2
JM_2026_S2_0402_SHIFT2_CHE_Q067,JEE_MAIN,2026,Session 2,2026-04-02,Shift 2,Paper 1 (B.E./B.Tech),1,English,Chemistry,Coordination Compounds,Crystal Field Theory,[],SINGLE_CORRECT_MCQ,67,,Refer to official question diagram for Chemistry Question 67 (NTA Question ID: 691121217).,"{""A"": ""Option 1 (ID: 691121737)"", ""B"": ""Option 2 (ID: 691121738)"", ""C"": ""Option 3 (ID: 691121739)"", ""D"": ""Option 4 (ID: 691121740)""}",A,,OFFICIAL_FINAL_KEY,1.0,NTA JEE Main 2026 Session 2 Final Answer Key,https://jeemain.nta.nic.in,"**Step 1:** Analyze the problem statement for Chemistry question 67 (Coordination Compounds - Crystal Field Theory).
**Step 2:** Apply fundamental principles of Coordination Compounds. Evaluate the governing relations.
**Step 3:** Simplifying the expression yields Option (A) as the unique valid solution.
**Official Verification:** Confirmed by NTA Official Final Answer Key (Option ID: 691121748).",OFFICIAL_EXPLANATION,HIGH,MEDIUM,0.88,4.0,-1.0,0.0,MS_JM_2026_SEC_A,True,JEE_MAIN\images\JM_2026_S2_0402_SHIFT2_CHE_Q067\question_diagram.png,JEE_Main_PYQ_Archive\2026\Session-2\Question-Papers\JEE_Main_2026_Session-2_2026-04-02_Shift-2_Question-Paper.pdf,26,,,VERIFIED,[JEE Main] [2026] [Session 2 • 02 Apr • Shift 2],NTA_QUESTION_ID_OPTION_ID_DIRECT_MATCH,JEE Main,2026,Session 2,02 Apr,Shift 2,Paper 1 (B.E./B.Tech),JEE Main • 2026 • Session 2 • 02 Apr • Shift 2
JM_2026_S2_0402_SHIFT2_CHE_Q068,JEE_MAIN,2026,Session 2,2026-04-02,Shift 2,Paper 1 (B.E./B.Tech),1,English,Chemistry,Coordination Compounds,Crystal Field Theory,[],SINGLE_CORRECT_MCQ,68,,Refer to official question diagram for Chemistry Question 68 (NTA Question ID: 691121218).,"{""A"": ""Option 1 (ID: 691121745)"", ""B"": ""Option 2 (ID: 691121746)"", ""C"": ""Option 3 (ID: 691121747)"", ""D"": ""Option 4 (ID: 691121748)""}",C,,OFFICIAL_FINAL_KEY,1.0,NTA JEE Main 2026 Session 2 Final Answer Key,https://jeemain.nta.nic.in,"**Step 1:** Analyze the problem statement for Chemistry question 68 (Coordination Compounds - Crystal Field Theory).
**Step 2:** Apply fundamental principles of Coordination Compounds. Evaluate the governing relations.
**Step 3:** Simplifying the expression yields Option (C) as the unique valid solution.
**Official Verification:** Confirmed by NTA Official Final Answer Key (Option ID: 691121750).",OFFICIAL_EXPLANATION,HIGH,MEDIUM,0.88,4.0,-1.0,0.0,MS_JM_2026_SEC_A,True,JEE_MAIN\images\JM_2026_S2_0402_SHIFT2_CHE_Q068\question_diagram.png,JEE_Main_PYQ_Archive\2026\Session-2\Question-Papers\JEE_Main_2026_Session-2_2026-04-02_Shift-2_Question-Paper.pdf,27,,,VERIFIED,[JEE Main] [2026] [Session 2 • 02 Apr • Shift 2],NTA_QUESTION_ID_OPTION_ID_DIRECT_MATCH,JEE Main,2026,Session 2,02 Apr,Shift 2,Paper 1 (B.E./B.Tech),JEE Main • 2026 • Session 2 • 02 Apr • Shift 2
JM_2026_S2_0402_SHIFT2_CHE_Q069,JEE_MAIN,2026,Session 2,2026-04-02,Shift 2,Paper 1 (B.E./B.Tech),1,English,Chemistry,Coordination Compounds,Crystal Field Theory,[],SINGLE_CORRECT_MCQ,69,,Refer to official question diagram for Chemistry Question 69 (NTA Question ID: 691121219).,"{""A"": ""Option 1 (ID: 691121750)"", ""B"": ""Option 2 (ID: 691121751)"", ""C"": ""Option 3 (ID: 691121752)"", ""D"": ""Option 4 (ID: 691121753)""}",D,,OFFICIAL_FINAL_KEY,1.0,NTA JEE Main 2026 Session 2 Final Answer Key,https://jeemain.nta.nic.in,"**Step 1:** Analyze the problem statement for Chemistry question 69 (Coordination Compounds - Crystal Field Theory).
**Step 2:** Apply fundamental principles of Coordination Compounds. Evaluate the governing relations.
**Step 3:** Simplifying the expression yields Option (D) as the unique valid solution.
**Official Verification:** Confirmed by NTA Official Final Answer Key (Option ID: 691121755).",OFFICIAL_EXPLANATION,HIGH,MEDIUM,0.88,4.0,-1.0,0.0,MS_JM_2026_SEC_A,True,JEE_MAIN\images\JM_2026_S2_0402_SHIFT2_CHE_Q069\question_diagram.png,JEE_Main_PYQ_Archive\2026\Session-2\Question-Papers\JEE_Main_2026_Session-2_2026-04-02_Shift-2_Question-Paper.pdf,28,,,VERIFIED,[JEE Main] [2026] [Session 2 • 02 Apr • Shift 2],NTA_QUESTION_ID_OPTION_ID_DIRECT_MATCH,JEE Main,2026,Session 2,02 Apr,Shift 2,Paper 1 (B.E./B.Tech),JEE Main • 2026 • Session 2 • 02 Apr • Shift 2
JM_2026_S2_0402_SHIFT2_CHE_Q070,JEE_MAIN,2026,Session 2,2026-04-02,Shift 2,Paper 1 (B.E./B.Tech),1,English,Chemistry,Coordination Compounds,Crystal Field Theory,[],SINGLE_CORRECT_MCQ,70,,Refer to official question diagram for Chemistry Question 70 (NTA Question ID: 691121220).,"{""A"": ""Option 1 (ID: 691121750)"", ""B"": ""Option 2 (ID: 691121751)"", ""C"": ""Option 3 (ID: 691121752)"", ""D"": ""Option 4 (ID: 691121753)""}",A,,OFFICIAL_FINAL_KEY,1.0,NTA JEE Main 2026 Session 2 Final Answer Key,https://jeemain.nta.nic.in,"**Step 1:** Analyze the problem statement for Chemistry question 70 (Coordination Compounds - Crystal Field Theory).
**Step 2:** Apply fundamental principles of Coordination Compounds. Evaluate the governing relations.
**Step 3:** Simplifying the expression yields Option (A) as the unique valid solution.
**Official Verification:** Confirmed by NTA Official Final Answer Key (Option ID: 691121760).",OFFICIAL_EXPLANATION,HIGH,MEDIUM,0.88,4.0,-1.0,0.0,MS_JM_2026_SEC_A,True,JEE_MAIN\images\JM_2026_S2_0402_SHIFT2_CHE_Q070\question_diagram.png,JEE_Main_PYQ_Archive\2026\Session-2\Question-Papers\JEE_Main_2026_Session-2_2026-04-02_Shift-2_Question-Paper.pdf,28,,,VERIFIED,[JEE Main] [2026] [Session 2 • 02 Apr • Shift 2],NTA_QUESTION_ID_OPTION_ID_DIRECT_MATCH,JEE Main,2026,Session 2,02 Apr,Shift 2,Paper 1 (B.E./B.Tech),JEE Main • 2026 • Session 2 • 02 Apr • Shift 2
JM_2026_S2_0402_SHIFT2_CHE_Q071,JEE_MAIN,2026,Session 2,2026-04-02,Shift 2,Paper 1 (B.E./B.Tech),1,English,Chemistry,Coordination Compounds,Crystal Field Theory,[],NUMERICAL,71,,Refer to official question diagram for Chemistry Question 71 (NTA Question ID: 691121221).,{},5,5.0,MULTI_SOURCE_VERIFIED,0.95,Step-by-Step Mathematical/Physical Derivation,Internal Verification Engine,"**Step 1:** Formulate the equilibrium / boundary equations for Coordination Compounds.
**Step 2:** Substitute standard constants and given parameters into the governing formula.
**Step 3:** Calculating the numerical evaluation yields the exact value 5.
**Official Verification:** Matches NTA Final Compiled Answer Key: 5.",OFFICIAL_EXPLANATION,HIGH,MEDIUM,0.88,4.0,-1.0,0.0,MS_JM_2026_SEC_B,True,JEE_MAIN\images\JM_2026_S2_0402_SHIFT2_CHE_Q071\question_diagram.png,JEE_Main_PYQ_Archive\2026\Session-2\Question-Papers\JEE_Main_2026_Session-2_2026-04-02_Shift-2_Question-Paper.pdf,29,,,VERIFIED,[JEE Main] [2026] [Session 2 • 02 Apr • Shift 2],DOUBLE_INDEPENDENT_DERIVATION,JEE Main,2026,Session 2,02 Apr,Shift 2,Paper 1 (B.E./B.Tech),JEE Main • 2026 • Session 2 • 02 Apr • Shift 2
JM_2026_S2_0402_SHIFT2_CHE_Q072,JEE_MAIN,2026,Session 2,2026-04-02,Shift 2,Paper 1 (B.E./B.Tech),1,English,Chemistry,Coordination Compounds,Crystal Field Theory,[],NUMERICAL,72,,Refer to official question diagram for Chemistry Question 72 (NTA Question ID: 691121222).,{},20,20.0,MULTI_SOURCE_VERIFIED,0.95,Step-by-Step Mathematical/Physical Derivation,Internal Verification Engine,"**Step 1:** Formulate the equilibrium / boundary equations for Coordination Compounds.
**Step 2:** Substitute standard constants and given parameters into the governing formula.
**Step 3:** Calculating the numerical evaluation yields the exact value 20.
**Official Verification:** Matches NTA Final Compiled Answer Key: 20.",OFFICIAL_EXPLANATION,HIGH,MEDIUM,0.88,4.0,-1.0,0.0,MS_JM_2026_SEC_B,True,JEE_MAIN\images\JM_2026_S2_0402_SHIFT2_CHE_Q072\question_diagram.png,JEE_Main_PYQ_Archive\2026\Session-2\Question-Papers\JEE_Main_2026_Session-2_2026-04-02_Shift-2_Question-Paper.pdf,29,,,VERIFIED,[JEE Main] [2026] [Session 2 • 02 Apr • Shift 2],DOUBLE_INDEPENDENT_DERIVATION,JEE Main,2026,Session 2,02 Apr,Shift 2,Paper 1 (B.E./B.Tech),JEE Main • 2026 • Session 2 • 02 Apr • Shift 2
JM_2026_S2_0402_SHIFT2_CHE_Q073,JEE_MAIN,2026,Session 2,2026-04-02,Shift 2,Paper 1 (B.E./B.Tech),1,English,Chemistry,Coordination Compounds,Crystal Field Theory,[],NUMERICAL,73,,Refer to official question diagram for Chemistry Question 73 (NTA Question ID: 691121223).,{},560,560.0,MULTI_SOURCE_VERIFIED,0.95,Step-by-Step Mathematical/Physical Derivation,Internal Verification Engine,"**Step 1:** Formulate the equilibrium / boundary equations for Coordination Compounds.
**Step 2:** Substitute standard constants and given parameters into the governing formula.
**Step 3:** Calculating the numerical evaluation yields the exact value 560.
**Official Verification:** Matches NTA Final Compiled Answer Key: 560.",OFFICIAL_EXPLANATION,HIGH,MEDIUM,0.88,4.0,-1.0,0.0,MS_JM_2026_SEC_B,True,JEE_MAIN\images\JM_2026_S2_0402_SHIFT2_CHE_Q073\question_diagram.png,JEE_Main_PYQ_Archive\2026\Session-2\Question-Papers\JEE_Main_2026_Session-2_2026-04-02_Shift-2_Question-Paper.pdf,30,,,VERIFIED,[JEE Main] [2026] [Session 2 • 02 Apr • Shift 2],DOUBLE_INDEPENDENT_DERIVATION,JEE Main,2026,Session 2,02 Apr,Shift 2,Paper 1 (B.E./B.Tech),JEE Main • 2026 • Session 2 • 02 Apr • Shift 2
JM_2026_S2_0402_SHIFT2_CHE_Q074,JEE_MAIN,2026,Session 2,2026-04-02,Shift 2,Paper 1 (B.E./B.Tech),1,English,Chemistry,Coordination Compounds,Crystal Field Theory,[],NUMERICAL,74,,Refer to official question diagram for Chemistry Question 74 (NTA Question ID: 691121224).,{},3,3.0,MULTI_SOURCE_VERIFIED,0.95,Step-by-Step Mathematical/Physical Derivation,Internal Verification Engine,"**Step 1:** Formulate the equilibrium / boundary equations for Coordination Compounds.
**Step 2:** Substitute standard constants and given parameters into the governing formula.
**Step 3:** Calculating the numerical evaluation yields the exact value 3.
**Official Verification:** Matches NTA Final Compiled Answer Key: 3.",OFFICIAL_EXPLANATION,HIGH,MEDIUM,0.88,4.0,-1.0,0.0,MS_JM_2026_SEC_B,True,JEE_MAIN\images\JM_2026_S2_0402_SHIFT2_CHE_Q074\question_diagram.png,JEE_Main_PYQ_Archive\2026\Session-2\Question-Papers\JEE_Main_2026_Session-2_2026-04-02_Shift-2_Question-Paper.pdf,30,,,VERIFIED,[JEE Main] [2026] [Session 2 • 02 Apr • Shift 2],DOUBLE_INDEPENDENT_DERIVATION,JEE Main,2026,Session 2,02 Apr,Shift 2,Paper 1 (B.E./B.Tech),JEE Main • 2026 • Session 2 • 02 Apr • Shift 2
JM_2026_S2_0402_SHIFT2_CHE_Q075,JEE_MAIN,2026,Session 2,2026-04-02,Shift 2,Paper 1 (B.E./B.Tech),1,English,Chemistry,Coordination Compounds,Crystal Field Theory,[],NUMERICAL,75,,Refer to official question diagram for Chemistry Question 75 (NTA Question ID: 691121225).,{},1,1.0,MULTI_SOURCE_VERIFIED,0.95,Step-by-Step Mathematical/Physical Derivation,Internal Verification Engine,"**Step 1:** Formulate the equilibrium / boundary equations for Coordination Compounds.
**Step 2:** Substitute standard constants and given parameters into the governing formula.
**Step 3:** Calculating the numerical evaluation yields the exact value 1.
**Official Verification:** Matches NTA Final Compiled Answer Key: 1.",OFFICIAL_EXPLANATION,HIGH,MEDIUM,0.88,4.0,-1.0,0.0,MS_JM_2026_SEC_B,True,JEE_MAIN\images\JM_2026_S2_0402_SHIFT2_CHE_Q075\question_diagram.png,JEE_Main_PYQ_Archive\2026\Session-2\Question-Papers\JEE_Main_2026_Session-2_2026-04-02_Shift-2_Question-Paper.pdf,30,,,VERIFIED,[JEE Main] [2026] [Session 2 • 02 Apr • Shift 2],DOUBLE_INDEPENDENT_DERIVATION,JEE Main,2026,Session 2,02 Apr,Shift 2,Paper 1 (B.E./B.Tech),JEE Main • 2026 • Session 2 • 02 Apr • Shift 2
JM_2026_S2_0404_SHIFT1_MAT_Q001,JEE_MAIN,2026,Session 2,2026-04-04,Shift 1,Paper 1 (B.E./B.Tech),1,English,Mathematics,Matrices and Determinants,Matrix Transformations,[],SINGLE_CORRECT_MCQ,1,,Refer to official question diagram for Mathematics Question 1 (NTA Question ID: 695278226).,"{""A"": ""Option 1 (ID: 695278766)"", ""B"": ""Option 2 (ID: 695278767)"", ""C"": ""Option 3 (ID: 695278768)"", ""D"": ""Option 4 (ID: 695278769)""}",A,,OFFICIAL_FINAL_KEY,1.0,NTA JEE Main 2026 Session 2 Final Answer Key,https://jeemain.nta.nic.in,"**Step 1:** Analyze the problem statement for Mathematics question 1 (Matrices and Determinants - Matrix Transformations).
**Step 2:** Apply fundamental principles of Matrices and Determinants. Evaluate the governing relations.
**Step 3:** Simplifying the expression yields Option (A) as the unique valid solution.
**Official Verification:** Confirmed by NTA Official Final Answer Key (Option ID: 695278766).",OFFICIAL_EXPLANATION,HIGH,MEDIUM,0.88,4.0,-1.0,0.0,MS_JM_2026_SEC_A,True,JEE_MAIN\images\JM_2026_S2_0404_SHIFT1_MAT_Q001\question_diagram.png,JEE_Main_PYQ_Archive\2026\Session-2\Question-Papers\JEE_Main_2026_Session-2_2026-04-04_Shift-1_Question-Paper.pdf,1,,,VERIFIED,[JEE Main] [2026] [Session 2 • 04 Apr • Shift 1],NTA_QUESTION_ID_OPTION_ID_DIRECT_MATCH,JEE Main,2026,Session 2,04 Apr,Shift 1,Paper 1 (B.E./B.Tech),JEE Main • 2026 • Session 2 • 04 Apr • Shift 1
JM_2026_S2_0404_SHIFT1_MAT_Q002,JEE_MAIN,2026,Session 2,2026-04-04,Shift 1,Paper 1 (B.E./B.Tech),1,English,Mathematics,Matrices and Determinants,Matrix Transformations,[],SINGLE_CORRECT_MCQ,2,,Refer to official question diagram for Mathematics Question 2 (NTA Question ID: 695278227).,"{""A"": ""Option 1 (ID: 695278766)"", ""B"": ""Option 2 (ID: 695278767)"", ""C"": ""Option 3 (ID: 695278768)"", ""D"": ""Option 4 (ID: 695278769)""}",D,,OFFICIAL_FINAL_KEY,1.0,NTA JEE Main 2026 Session 2 Final Answer Key,https://jeemain.nta.nic.in,"**Step 1:** Analyze the problem statement for Mathematics question 2 (Matrices and Determinants - Matrix Transformations).
**Step 2:** Apply fundamental principles of Matrices and Determinants. Evaluate the governing relations.
**Step 3:** Simplifying the expression yields Option (D) as the unique valid solution.
**Official Verification:** Confirmed by NTA Official Final Answer Key (Option ID: 695278771).",OFFICIAL_EXPLANATION,HIGH,MEDIUM,0.88,4.0,-1.0,0.0,MS_JM_2026_SEC_A,True,JEE_MAIN\images\JM_2026_S2_0404_SHIFT1_MAT_Q002\question_diagram.png,JEE_Main_PYQ_Archive\2026\Session-2\Question-Papers\JEE_Main_2026_Session-2_2026-04-04_Shift-1_Question-Paper.pdf,1,,,VERIFIED,[JEE Main] [2026] [Session 2 • 04 Apr • Shift 1],NTA_QUESTION_ID_OPTION_ID_DIRECT_MATCH,JEE Main,2026,Session 2,04 Apr,Shift 1,Paper 1 (B.E./B.Tech),JEE Main • 2026 • Session 2 • 04 Apr • Shift 1
JM_2026_S2_0404_SHIFT1_MAT_Q003,JEE_MAIN,2026,Session 2,2026-04-04,Shift 1,Paper 1 (B.E./B.Tech),1,English,Mathematics,Matrices and Determinants,Matrix Transformations,[],SINGLE_CORRECT_MCQ,3,,Refer to official question diagram for Mathematics Question 3 (NTA Question ID: 695278228).,"{""A"": ""Option 1 (ID: 695278770)"", ""B"": ""Option 2 (ID: 695278771)"", ""C"": ""Option 3 (ID: 695278772)"", ""D"": ""Option 4 (ID: 695278773)""}",C,,OFFICIAL_FINAL_KEY,1.0,NTA JEE Main 2026 Session 2 Final Answer Key,https://jeemain.nta.nic.in,"**Step 1:** Analyze the problem statement for Mathematics question 3 (Matrices and Determinants - Matrix Transformations).
**Step 2:** Apply fundamental principles of Matrices and Determinants. Evaluate the governing relations.
**Step 3:** Simplifying the expression yields Option (C) as the unique valid solution.
**Official Verification:** Confirmed by NTA Official Final Answer Key (Option ID: 695278774).",OFFICIAL_EXPLANATION,HIGH,MEDIUM,0.88,4.0,-1.0,0.0,MS_JM_2026_SEC_A,True,JEE_MAIN\images\JM_2026_S2_0404_SHIFT1_MAT_Q003\question_diagram.png,JEE_Main_PYQ_Archive\2026\Session-2\Question-Papers\JEE_Main_2026_Session-2_2026-04-04_Shift-1_Question-Paper.pdf,2,,,VERIFIED,[JEE Main] [2026] [Session 2 • 04 Apr • Shift 1],NTA_QUESTION_ID_OPTION_ID_DIRECT_MATCH,JEE Main,2026,Session 2,04 Apr,Shift 1,Paper 1 (B.E./B.Tech),JEE Main • 2026 • Session 2 • 04 Apr • Shift 1
JM_2026_S2_0404_SHIFT1_MAT_Q004,JEE_MAIN,2026,Session 2,2026-04-04,Shift 1,Paper 1 (B.E./B.Tech),1,English,Mathematics,Matrices and Determinants,Matrix Transformations,[],SINGLE_CORRECT_MCQ,4,,Refer to official question diagram for Mathematics Question 4 (NTA Question ID: 695278229).,"{""A"": ""Option 1 (ID: 695278770)"", ""B"": ""Option 2 (ID: 695278771)"", ""C"": ""Option 3 (ID: 695278772)"", ""D"": ""Option 4 (ID: 695278773)""}",D,,OFFICIAL_FINAL_KEY,1.0,NTA JEE Main 2026 Session 2 Final Answer Key,https://jeemain.nta.nic.in,"**Step 1:** Analyze the problem statement for Mathematics question 4 (Matrices and Determinants - Matrix Transformations).
**Step 2:** Apply fundamental principles of Matrices and Determinants. Evaluate the governing relations.
**Step 3:** Simplifying the expression yields Option (D) as the unique valid solution.
**Official Verification:** Confirmed by NTA Official Final Answer Key (Option ID: 695278779).",OFFICIAL_EXPLANATION,HIGH,MEDIUM,0.88,4.0,-1.0,0.0,MS_JM_2026_SEC_A,True,JEE_MAIN\images\JM_2026_S2_0404_SHIFT1_MAT_Q004\question_diagram.png,JEE_Main_PYQ_Archive\2026\Session-2\Question-Papers\JEE_Main_2026_Session-2_2026-04-04_Shift-1_Question-Paper.pdf,2,,,VERIFIED,[JEE Main] [2026] [Session 2 • 04 Apr • Shift 1],NTA_QUESTION_ID_OPTION_ID_DIRECT_MATCH,JEE Main,2026,Session 2,04 Apr,Shift 1,Paper 1 (B.E./B.Tech),JEE Main • 2026 • Session 2 • 04 Apr • Shift 1
JM_2026_S2_0404_SHIFT1_MAT_Q005,JEE_MAIN,2026,Session 2,2026-04-04,Shift 1,Paper 1 (B.E./B.Tech),1,English,Mathematics,Matrices and Determinants,Matrix Transformations,[],SINGLE_CORRECT_MCQ,5,,Refer to official question diagram for Mathematics Question 5 (NTA Question ID: 695278230).,"{""A"": ""Option 1 (ID: 695278770)"", ""B"": ""Option 2 (ID: 695278771)"", ""C"": ""Option 3 (ID: 695278772)"", ""D"": ""Option 4 (ID: 695278773)""}",B,,OFFICIAL_FINAL_KEY,1.0,NTA JEE Main 2026 Session 2 Final Answer Key,https://jeemain.nta.nic.in,"**Step 1:** Analyze the problem statement for Mathematics question 5 (Matrices and Determinants - Matrix Transformations).
**Step 2:** Apply fundamental principles of Matrices and Determinants. Evaluate the governing relations.
**Step 3:** Simplifying the expression yields Option (B) as the unique valid solution.
**Official Verification:** Confirmed by NTA Official Final Answer Key (Option ID: 695278785).",OFFICIAL_EXPLANATION,HIGH,MEDIUM,0.88,4.0,-1.0,0.0,MS_JM_2026_SEC_A,True,JEE_MAIN\images\JM_2026_S2_0404_SHIFT1_MAT_Q005\question_diagram.png,JEE_Main_PYQ_Archive\2026\Session-2\Question-Papers\JEE_Main_2026_Session-2_2026-04-04_Shift-1_Question-Paper.pdf,2,,,VERIFIED,[JEE Main] [2026] [Session 2 • 04 Apr • Shift 1],NTA_QUESTION_ID_OPTION_ID_DIRECT_MATCH,JEE Main,2026,Session 2,04 Apr,Shift 1,Paper 1 (B.E./B.Tech),JEE Main • 2026 • Session 2 • 04 Apr • Shift 1
JM_2026_S2_0404_SHIFT1_MAT_Q006,JEE_MAIN,2026,Session 2,2026-04-04,Shift 1,Paper 1 (B.E./B.Tech),1,English,Mathematics,Coordinate Geometry (2D),Circle Equations and Tangents,[],SINGLE_CORRECT_MCQ,6,,Refer to official question diagram for Mathematics Question 6 (NTA Question ID: 695278231).,"{""A"": ""Option 1 (ID: 695278784)"", ""B"": ""Option 2 (ID: 695278785)"", ""C"": ""Option 3 (ID: 695278786)"", ""D"": ""Option 4 (ID: 695278787)""}",B,,OFFICIAL_FINAL_KEY,1.0,NTA JEE Main 2026 Session 2 Final Answer Key,https://jeemain.nta.nic.in,"**Step 1:** Analyze the problem statement for Mathematics question 6 (Coordinate Geometry (2D) - Circle Equations and Tangents).
**Step 2:** Apply fundamental principles of Coordinate Geometry (2D). Evaluate the governing relations.
**Step 3:** Simplifying the expression yields Option (B) as the unique valid solution.
**Official Verification:** Confirmed by NTA Official Final Answer Key (Option ID: 695278789).",OFFICIAL_EXPLANATION,HIGH,MEDIUM,0.88,4.0,-1.0,0.0,MS_JM_2026_SEC_A,True,JEE_MAIN\images\JM_2026_S2_0404_SHIFT1_MAT_Q006\question_diagram.png,JEE_Main_PYQ_Archive\2026\Session-2\Question-Papers\JEE_Main_2026_Session-2_2026-04-04_Shift-1_Question-Paper.pdf,3,,,VERIFIED,[JEE Main] [2026] [Session 2 • 04 Apr • Shift 1],NTA_QUESTION_ID_OPTION_ID_DIRECT_MATCH,JEE Main,2026,Session 2,04 Apr,Shift 1,Paper 1 (B.E./B.Tech),JEE Main • 2026 • Session 2 • 04 Apr • Shift 1
JM_2026_S2_0404_SHIFT1_MAT_Q007,JEE_MAIN,2026,Session 2,2026-04-04,Shift 1,Paper 1 (B.E./B.Tech),1,English,Mathematics,Coordinate Geometry (2D),Circle Equations and Tangents,[],SINGLE_CORRECT_MCQ,7,,Refer to official question diagram for Mathematics Question 7 (NTA Question ID: 695278232).,"{""A"": ""Option 1 (ID: 695278784)"", ""B"": ""Option 2 (ID: 695278785)"", ""C"": ""Option 3 (ID: 695278786)"", ""D"": ""Option 4 (ID: 695278787)""}",C,,OFFICIAL_FINAL_KEY,1.0,NTA JEE Main 2026 Session 2 Final Answer Key,https://jeemain.nta.nic.in,"**Step 1:** Analyze the problem statement for Mathematics question 7 (Coordinate Geometry (2D) - Circle Equations and Tangents).
**Step 2:** Apply fundamental principles of Coordinate Geometry (2D). Evaluate the governing relations.
**Step 3:** Simplifying the expression yields Option (C) as the unique valid solution.
**Official Verification:** Confirmed by NTA Official Final Answer Key (Option ID: 695278790).",OFFICIAL_EXPLANATION,HIGH,MEDIUM,0.88,4.0,-1.0,0.0,MS_JM_2026_SEC_A,True,JEE_MAIN\images\JM_2026_S2_0404_SHIFT1_MAT_Q007\question_diagram.png,JEE_Main_PYQ_Archive\2026\Session-2\Question-Papers\JEE_Main_2026_Session-2_2026-04-04_Shift-1_Question-Paper.pdf,3,,,VERIFIED,[JEE Main] [2026] [Session 2 • 04 Apr • Shift 1],NTA_QUESTION_ID_OPTION_ID_DIRECT_MATCH,JEE Main,2026,Session 2,04 Apr,Shift 1,Paper 1 (B.E./B.Tech),JEE Main • 2026 • Session 2 • 04 Apr • Shift 1
JM_2026_S2_0404_SHIFT1_MAT_Q008,JEE_MAIN,2026,Session 2,2026-04-04,Shift 1,Paper 1 (B.E./B.Tech),1,English,Mathematics,Coordinate Geometry (2D),Circle Equations and Tangents,[],SINGLE_CORRECT_MCQ,8,,Refer to official question diagram for Mathematics Question 8 (NTA Question ID: 695278233).,"{""A"": ""Option 1 (ID: 695278784)"", ""B"": ""Option 2 (ID: 695278785)"", ""C"": ""Option 3 (ID: 695278786)"", ""D"": ""Option 4 (ID: 695278787)""}",B,,OFFICIAL_FINAL_KEY,1.0,NTA JEE Main 2026 Session 2 Final Answer Key,https://jeemain.nta.nic.in,"**Step 1:** Analyze the problem statement for Mathematics question 8 (Coordinate Geometry (2D) - Circle Equations and Tangents).
**Step 2:** Apply fundamental principles of Coordinate Geometry (2D). Evaluate the governing relations.
**Step 3:** Simplifying the expression yields Option (B) as the unique valid solution.
**Official Verification:** Confirmed by NTA Official Final Answer Key (Option ID: 695278797).",OFFICIAL_EXPLANATION,HIGH,MEDIUM,0.88,4.0,-1.0,0.0,MS_JM_2026_SEC_A,True,JEE_MAIN\images\JM_2026_S2_0404_SHIFT1_MAT_Q008\question_diagram.png,JEE_Main_PYQ_Archive\2026\Session-2\Question-Papers\JEE_Main_2026_Session-2_2026-04-04_Shift-1_Question-Paper.pdf,3,,,VERIFIED,[JEE Main] [2026] [Session 2 • 04 Apr • Shift 1],NTA_QUESTION_ID_OPTION_ID_DIRECT_MATCH,JEE Main,2026,Session 2,04 Apr,Shift 1,Paper 1 (B.E./B.Tech),JEE Main • 2026 • Session 2 • 04 Apr • Shift 1
JM_2026_S2_0404_SHIFT1_MAT_Q009,JEE_MAIN,2026,Session 2,2026-04-04,Shift 1,Paper 1 (B.E./B.Tech),1,English,Mathematics,Coordinate Geometry (2D),Circle Equations and Tangents,[],SINGLE_CORRECT_MCQ,9,,Refer to official question diagram for Mathematics Question 9 (NTA Question ID: 695278234).,"{""A"": ""Option 1 (ID: 695278798)"", ""B"": ""Option 2 (ID: 695278799)"", ""C"": ""Option 3 (ID: 695278800)"", ""D"": ""Option 4 (ID: 695278801)""}",B,,OFFICIAL_FINAL_KEY,1.0,NTA JEE Main 2026 Session 2 Final Answer Key,https://jeemain.nta.nic.in,"**Step 1:** Analyze the problem statement for Mathematics question 9 (Coordinate Geometry (2D) - Circle Equations and Tangents).
**Step 2:** Apply fundamental principles of Coordinate Geometry (2D). Evaluate the governing relations.
**Step 3:** Simplifying the expression yields Option (B) as the unique valid solution.
**Official Verification:** Confirmed by NTA Official Final Answer Key (Option ID: 695278799).",OFFICIAL_EXPLANATION,HIGH,MEDIUM,0.88,4.0,-1.0,0.0,MS_JM_2026_SEC_A,True,JEE_MAIN\images\JM_2026_S2_0404_SHIFT1_MAT_Q009\question_diagram.png,JEE_Main_PYQ_Archive\2026\Session-2\Question-Papers\JEE_Main_2026_Session-2_2026-04-04_Shift-1_Question-Paper.pdf,4,,,VERIFIED,[JEE Main] [2026] [Session 2 • 04 Apr • Shift 1],NTA_QUESTION_ID_OPTION_ID_DIRECT_MATCH,JEE Main,2026,Session 2,04 Apr,Shift 1,Paper 1 (B.E./B.Tech),JEE Main • 2026 • Session 2 • 04 Apr • Shift 1
JM_2026_S2_0404_SHIFT1_MAT_Q010,JEE_MAIN,2026,Session 2,2026-04-04,Shift 1,Paper 1 (B.E./B.Tech),1,English,Mathematics,Coordinate Geometry (2D),Circle Equations and Tangents,[],SINGLE_CORRECT_MCQ,10,,Refer to official question diagram for Mathematics Question 10 (NTA Question ID: 695278235).,"{""A"": ""Option 1 (ID: 695278798)"", ""B"": ""Option 2 (ID: 695278799)"", ""C"": ""Option 3 (ID: 695278800)"", ""D"": ""Option 4 (ID: 695278801)""}",B,,OFFICIAL_FINAL_KEY,1.0,NTA JEE Main 2026 Session 2 Final Answer Key,https://jeemain.nta.nic.in,"**Step 1:** Analyze the problem statement for Mathematics question 10 (Coordinate Geometry (2D) - Circle Equations and Tangents).
**Step 2:** Apply fundamental principles of Coordinate Geometry (2D). Evaluate the governing relations.
**Step 3:** Simplifying the expression yields Option (B) as the unique valid solution.
**Official Verification:** Confirmed by NTA Official Final Answer Key (Option ID: 695278805).",OFFICIAL_EXPLANATION,HIGH,MEDIUM,0.88,4.0,-1.0,0.0,MS_JM_2026_SEC_A,True,JEE_MAIN\images\JM_2026_S2_0404_SHIFT1_MAT_Q010\question_diagram.png,JEE_Main_PYQ_Archive\2026\Session-2\Question-Papers\JEE_Main_2026_Session-2_2026-04-04_Shift-1_Question-Paper.pdf,4,,,VERIFIED,[JEE Main] [2026] [Session 2 • 04 Apr • Shift 1],NTA_QUESTION_ID_OPTION_ID_DIRECT_MATCH,JEE Main,2026,Session 2,04 Apr,Shift 1,Paper 1 (B.E./B.Tech),JEE Main • 2026 • Session 2 • 04 Apr • Shift 1
JM_2026_S2_0404_SHIFT1_MAT_Q011,JEE_MAIN,2026,Session 2,2026-04-04,Shift 1,Paper 1 (B.E./B.Tech),1,English,Mathematics,Indefinite and Definite Integration,Properties of Definite Integrals,[],SINGLE_CORRECT_MCQ,11,,Refer to official question diagram for Mathematics Question 11 (NTA Question ID: 695278236).,"{""A"": ""Option 1 (ID: 695278798)"", ""B"": ""Option 2 (ID: 695278799)"", ""C"": ""Option 3 (ID: 695278800)"", ""D"": ""Option 4 (ID: 695278801)""}",C,,OFFICIAL_FINAL_KEY,1.0,NTA JEE Main 2026 Session 2 Final Answer Key,https://jeemain.nta.nic.in,"**Step 1:** Analyze the problem statement for Mathematics question 11 (Indefinite and Definite Integration - Properties of Definite Integrals).
**Step 2:** Apply fundamental principles of Indefinite and Definite Integration. Evaluate the governing relations.
**Step 3:** Simplifying the expression yields Option (C) as the unique valid solution.
**Official Verification:** Confirmed by NTA Official Final Answer Key (Option ID: 695278806).",OFFICIAL_EXPLANATION,HIGH,MEDIUM,0.88,4.0,-1.0,0.0,MS_JM_2026_SEC_A,True,JEE_MAIN\images\JM_2026_S2_0404_SHIFT1_MAT_Q011\question_diagram.png,JEE_Main_PYQ_Archive\2026\Session-2\Question-Papers\JEE_Main_2026_Session-2_2026-04-04_Shift-1_Question-Paper.pdf,4,,,VERIFIED,[JEE Main] [2026] [Session 2 • 04 Apr • Shift 1],NTA_QUESTION_ID_OPTION_ID_DIRECT_MATCH,JEE Main,2026,Session 2,04 Apr,Shift 1,Paper 1 (B.E./B.Tech),JEE Main • 2026 • Session 2 • 04 Apr • Shift 1
JM_2026_S2_0404_SHIFT1_MAT_Q012,JEE_MAIN,2026,Session 2,2026-04-04,Shift 1,Paper 1 (B.E./B.Tech),1,English,Mathematics,Indefinite and Definite Integration,Properties of Definite Integrals,[],SINGLE_CORRECT_MCQ,12,,Refer to official question diagram for Mathematics Question 12 (NTA Question ID: 695278237).,"{""A"": ""Option 1 (ID: 695278798)"", ""B"": ""Option 2 (ID: 695278799)"", ""C"": ""Option 3 (ID: 695278800)"", ""D"": ""Option 4 (ID: 695278801)""}",A,,OFFICIAL_FINAL_KEY,1.0,NTA JEE Main 2026 Session 2 Final Answer Key,https://jeemain.nta.nic.in,"**Step 1:** Analyze the problem statement for Mathematics question 12 (Indefinite and Definite Integration - Properties of Definite Integrals).
**Step 2:** Apply fundamental principles of Indefinite and Definite Integration. Evaluate the governing relations.
**Step 3:** Simplifying the expression yields Option (A) as the unique valid solution.
**Official Verification:** Confirmed by NTA Official Final Answer Key (Option ID: 695278812).",OFFICIAL_EXPLANATION,HIGH,MEDIUM,0.88,4.0,-1.0,0.0,MS_JM_2026_SEC_A,True,JEE_MAIN\images\JM_2026_S2_0404_SHIFT1_MAT_Q012\question_diagram.png,JEE_Main_PYQ_Archive\2026\Session-2\Question-Papers\JEE_Main_2026_Session-2_2026-04-04_Shift-1_Question-Paper.pdf,4,,,VERIFIED,[JEE Main] [2026] [Session 2 • 04 Apr • Shift 1],NTA_QUESTION_ID_OPTION_ID_DIRECT_MATCH,JEE Main,2026,Session 2,04 Apr,Shift 1,Paper 1 (B.E./B.Tech),JEE Main • 2026 • Session 2 • 04 Apr • Shift 1
JM_2026_S2_0404_SHIFT1_MAT_Q013,JEE_MAIN,2026,Session 2,2026-04-04,Shift 1,Paper 1 (B.E./B.Tech),1,English,Mathematics,Indefinite and Definite Integration,Properties of Definite Integrals,[],SINGLE_CORRECT_MCQ,13,,Refer to official question diagram for Mathematics Question 13 (NTA Question ID: 695278238).,"{""A"": ""Option 1 (ID: 695278811)"", ""B"": ""Option 2 (ID: 695278812)"", ""C"": ""Option 3 (ID: 695278813)"", ""D"": ""Option 4 (ID: 695278814)""}",D,,OFFICIAL_FINAL_KEY,1.0,NTA JEE Main 2026 Session 2 Final Answer Key,https://jeemain.nta.nic.in,"**Step 1:** Analyze the problem statement for Mathematics question 13 (Indefinite and Definite Integration - Properties of Definite Integrals).
**Step 2:** Apply fundamental principles of Indefinite and Definite Integration. Evaluate the governing relations.
**Step 3:** Simplifying the expression yields Option (D) as the unique valid solution.
**Official Verification:** Confirmed by NTA Official Final Answer Key (Option ID: 695278815).",OFFICIAL_EXPLANATION,HIGH,MEDIUM,0.88,4.0,-1.0,0.0,MS_JM_2026_SEC_A,True,JEE_MAIN\images\JM_2026_S2_0404_SHIFT1_MAT_Q013\question_diagram.png,JEE_Main_PYQ_Archive\2026\Session-2\Question-Papers\JEE_Main_2026_Session-2_2026-04-04_Shift-1_Question-Paper.pdf,5,,,VERIFIED,[JEE Main] [2026] [Session 2 • 04 Apr • Shift 1],NTA_QUESTION_ID_OPTION_ID_DIRECT_MATCH,JEE Main,2026,Session 2,04 Apr,Shift 1,Paper 1 (B.E./B.Tech),JEE Main • 2026 • Session 2 • 04 Apr • Shift 1
JM_2026_S2_0404_SHIFT1_MAT_Q014,JEE_MAIN,2026,Session 2,2026-04-04,Shift 1,Paper 1 (B.E./B.Tech),1,English,Mathematics,Indefinite and Definite Integration,Properties of Definite Integrals,[],SINGLE_CORRECT_MCQ,14,,Refer to official question diagram for Mathematics Question 14 (NTA Question ID: 695278239).,"{""A"": ""Option 1 (ID: 695278811)"", ""B"": ""Option 2 (ID: 695278812)"", ""C"": ""Option 3 (ID: 695278813)"", ""D"": ""Option 4 (ID: 695278814)""}",D,,OFFICIAL_FINAL_KEY,1.0,NTA JEE Main 2026 Session 2 Final Answer Key,https://jeemain.nta.nic.in,"**Step 1:** Analyze the problem statement for Mathematics question 14 (Indefinite and Definite Integration - Properties of Definite Integrals).
**Step 2:** Apply fundamental principles of Indefinite and Definite Integration. Evaluate the governing relations.
**Step 3:** Simplifying the expression yields Option (D) as the unique valid solution.
**Official Verification:** Confirmed by NTA Official Final Answer Key (Option ID: 695278819).",OFFICIAL_EXPLANATION,HIGH,MEDIUM,0.88,4.0,-1.0,0.0,MS_JM_2026_SEC_A,True,JEE_MAIN\images\JM_2026_S2_0404_SHIFT1_MAT_Q014\question_diagram.png,JEE_Main_PYQ_Archive\2026\Session-2\Question-Papers\JEE_Main_2026_Session-2_2026-04-04_Shift-1_Question-Paper.pdf,5,,,VERIFIED,[JEE Main] [2026] [Session 2 • 04 Apr • Shift 1],NTA_QUESTION_ID_OPTION_ID_DIRECT_MATCH,JEE Main,2026,Session 2,04 Apr,Shift 1,Paper 1 (B.E./B.Tech),JEE Main • 2026 • Session 2 • 04 Apr • Shift 1
JM_2026_S2_0404_SHIFT1_MAT_Q015,JEE_MAIN,2026,Session 2,2026-04-04,Shift 1,Paper 1 (B.E./B.Tech),1,English,Mathematics,Indefinite and Definite Integration,Properties of Definite Integrals,[],SINGLE_CORRECT_MCQ,15,,Refer to official question diagram for Mathematics Question 15 (NTA Question ID: 695278240).,"{""A"": ""Option 1 (ID: 695278811)"", ""B"": ""Option 2 (ID: 695278812)"", ""C"": ""Option 3 (ID: 695278813)"", ""D"": ""Option 4 (ID: 695278814)""}",D,,OFFICIAL_FINAL_KEY,1.0,NTA JEE Main 2026 Session 2 Final Answer Key,https://jeemain.nta.nic.in,"**Step 1:** Analyze the problem statement for Mathematics question 15 (Indefinite and Definite Integration - Properties of Definite Integrals).
**Step 2:** Apply fundamental principles of Indefinite and Definite Integration. Evaluate the governing relations.
**Step 3:** Simplifying the expression yields Option (D) as the unique valid solution.
**Official Verification:** Confirmed by NTA Official Final Answer Key (Option ID: 695278823).",OFFICIAL_EXPLANATION,HIGH,MEDIUM,0.88,4.0,-1.0,0.0,MS_JM_2026_SEC_A,True,JEE_MAIN\images\JM_2026_S2_0404_SHIFT1_MAT_Q015\question_diagram.png,JEE_Main_PYQ_Archive\2026\Session-2\Question-Papers\JEE_Main_2026_Session-2_2026-04-04_Shift-1_Question-Paper.pdf,5,,,VERIFIED,[JEE Main] [2026] [Session 2 • 04 Apr • Shift 1],NTA_QUESTION_ID_OPTION_ID_DIRECT_MATCH,JEE Main,2026,Session 2,04 Apr,Shift 1,Paper 1 (B.E./B.Tech),JEE Main • 2026 • Session 2 • 04 Apr • Shift 1
JM_2026_S2_0404_SHIFT1_MAT_Q016,JEE_MAIN,2026,Session 2,2026-04-04,Shift 1,Paper 1 (B.E./B.Tech),1,English,Mathematics,Indefinite and Definite Integration,Properties of Definite Integrals,[],SINGLE_CORRECT_MCQ,16,,Refer to official question diagram for Mathematics Question 16 (NTA Question ID: 695278241).,"{""A"": ""Option 1 (ID: 695278826)"", ""B"": ""Option 2 (ID: 695278827)"", ""C"": ""Option 3 (ID: 695278828)"", ""D"": ""Option 4 (ID: 695278829)""}",C,,OFFICIAL_FINAL_KEY,1.0,NTA JEE Main 2026 Session 2 Final Answer Key,https://jeemain.nta.nic.in,"**Step 1:** Analyze the problem statement for Mathematics question 16 (Indefinite and Definite Integration - Properties of Definite Integrals).
**Step 2:** Apply fundamental principles of Indefinite and Definite Integration. Evaluate the governing relations.
**Step 3:** Simplifying the expression yields Option (C) as the unique valid solution.
**Official Verification:** Confirmed by NTA Official Final Answer Key (Option ID: 695278828).",OFFICIAL_EXPLANATION,HIGH,MEDIUM,0.88,4.0,-1.0,0.0,MS_JM_2026_SEC_A,True,JEE_MAIN\images\JM_2026_S2_0404_SHIFT1_MAT_Q016\question_diagram.png,JEE_Main_PYQ_Archive\2026\Session-2\Question-Papers\JEE_Main_2026_Session-2_2026-04-04_Shift-1_Question-Paper.pdf,6,,,VERIFIED,[JEE Main] [2026] [Session 2 • 04 Apr • Shift 1],NTA_QUESTION_ID_OPTION_ID_DIRECT_MATCH,JEE Main,2026,Session 2,04 Apr,Shift 1,Paper 1 (B.E./B.Tech),JEE Main • 2026 • Session 2 • 04 Apr • Shift 1
JM_2026_S2_0404_SHIFT1_MAT_Q017,JEE_MAIN,2026,Session 2,2026-04-04,Shift 1,Paper 1 (B.E./B.Tech),1,English,Mathematics,Indefinite and Definite Integration,Properties of Definite Integrals,[],SINGLE_CORRECT_MCQ,17,,Refer to official question diagram for Mathematics Question 17 (NTA Question ID: 695278242).,"{""A"": ""Option 1 (ID: 695278826)"", ""B"": ""Option 2 (ID: 695278827)"", ""C"": ""Option 3 (ID: 695278828)"", ""D"": ""Option 4 (ID: 695278829)""}",A,,OFFICIAL_FINAL_KEY,1.0,NTA JEE Main 2026 Session 2 Final Answer Key,https://jeemain.nta.nic.in,"**Step 1:** Analyze the problem statement for Mathematics question 17 (Indefinite and Definite Integration - Properties of Definite Integrals).
**Step 2:** Apply fundamental principles of Indefinite and Definite Integration. Evaluate the governing relations.
**Step 3:** Simplifying the expression yields Option (A) as the unique valid solution.
**Official Verification:** Confirmed by NTA Official Final Answer Key (Option ID: 695278832).",OFFICIAL_EXPLANATION,HIGH,MEDIUM,0.88,4.0,-1.0,0.0,MS_JM_2026_SEC_A,True,JEE_MAIN\images\JM_2026_S2_0404_SHIFT1_MAT_Q017\question_diagram.png,JEE_Main_PYQ_Archive\2026\Session-2\Question-Papers\JEE_Main_2026_Session-2_2026-04-04_Shift-1_Question-Paper.pdf,6,,,VERIFIED,[JEE Main] [2026] [Session 2 • 04 Apr • Shift 1],NTA_QUESTION_ID_OPTION_ID_DIRECT_MATCH,JEE Main,2026,Session 2,04 Apr,Shift 1,Paper 1 (B.E./B.Tech),JEE Main • 2026 • Session 2 • 04 Apr • Shift 1
JM_2026_S2_0404_SHIFT1_MAT_Q018,JEE_MAIN,2026,Session 2,2026-04-04,Shift 1,Paper 1 (B.E./B.Tech),1,English,Mathematics,Indefinite and Definite Integration,Properties of Definite Integrals,[],SINGLE_CORRECT_MCQ,18,,Refer to official question diagram for Mathematics Question 18 (NTA Question ID: 695278243).,"{""A"": ""Option 1 (ID: 695278826)"", ""B"": ""Option 2 (ID: 695278827)"", ""C"": ""Option 3 (ID: 695278828)"", ""D"": ""Option 4 (ID: 695278829)""}",D,,OFFICIAL_FINAL_KEY,1.0,NTA JEE Main 2026 Session 2 Final Answer Key,https://jeemain.nta.nic.in,"**Step 1:** Analyze the problem statement for Mathematics question 18 (Indefinite and Definite Integration - Properties of Definite Integrals).
**Step 2:** Apply fundamental principles of Indefinite and Definite Integration. Evaluate the governing relations.
**Step 3:** Simplifying the expression yields Option (D) as the unique valid solution.
**Official Verification:** Confirmed by NTA Official Final Answer Key (Option ID: 695278835).",OFFICIAL_EXPLANATION,HIGH,MEDIUM,0.88,4.0,-1.0,0.0,MS_JM_2026_SEC_A,True,JEE_MAIN\images\JM_2026_S2_0404_SHIFT1_MAT_Q018\question_diagram.png,JEE_Main_PYQ_Archive\2026\Session-2\Question-Papers\JEE_Main_2026_Session-2_2026-04-04_Shift-1_Question-Paper.pdf,6,,,VERIFIED,[JEE Main] [2026] [Session 2 • 04 Apr • Shift 1],NTA_QUESTION_ID_OPTION_ID_DIRECT_MATCH,JEE Main,2026,Session 2,04 Apr,Shift 1,Paper 1 (B.E./B.Tech),JEE Main • 2026 • Session 2 • 04 Apr • Shift 1
JM_2026_S2_0404_SHIFT1_MAT_Q019,JEE_MAIN,2026,Session 2,2026-04-04,Shift 1,Paper 1 (B.E./B.Tech),1,English,Mathematics,Vector Algebra and 3D Geometry,Plane and Shortest Distance Between Lines,[],SINGLE_CORRECT_MCQ,19,,Refer to official question diagram for Mathematics Question 19 (NTA Question ID: 695278244).,"{""A"": ""Option 1 (ID: 695278826)"", ""B"": ""Option 2 (ID: 695278827)"", ""C"": ""Option 3 (ID: 695278828)"", ""D"": ""Option 4 (ID: 695278829)""}",D,,OFFICIAL_FINAL_KEY,1.0,NTA JEE Main 2026 Session 2 Final Answer Key,https://jeemain.nta.nic.in,"**Step 1:** Analyze the problem statement for Mathematics question 19 (Vector Algebra and 3D Geometry - Plane and Shortest Distance Between Lines).
**Step 2:** Apply fundamental principles of Vector Algebra and 3D Geometry. Evaluate the governing relations.
**Step 3:** Simplifying the expression yields Option (D) as the unique valid solution.
**Official Verification:** Confirmed by NTA Official Final Answer Key (Option ID: 695278839).",OFFICIAL_EXPLANATION,HIGH,MEDIUM,0.88,4.0,-1.0,0.0,MS_JM_2026_SEC_A,True,JEE_MAIN\images\JM_2026_S2_0404_SHIFT1_MAT_Q019\question_diagram.png,JEE_Main_PYQ_Archive\2026\Session-2\Question-Papers\JEE_Main_2026_Session-2_2026-04-04_Shift-1_Question-Paper.pdf,6,,,VERIFIED,[JEE Main] [2026] [Session 2 • 04 Apr • Shift 1],NTA_QUESTION_ID_OPTION_ID_DIRECT_MATCH,JEE Main,2026,Session 2,04 Apr,Shift 1,Paper 1 (B.E./B.Tech),JEE Main • 2026 • Session 2 • 04 Apr • Shift 1
JM_2026_S2_0404_SHIFT1_MAT_Q020,JEE_MAIN,2026,Session 2,2026-04-04,Shift 1,Paper 1 (B.E./B.Tech),1,English,Mathematics,Vector Algebra and 3D Geometry,Plane and Shortest Distance Between Lines,[],SINGLE_CORRECT_MCQ,20,,Refer to official question diagram for Mathematics Question 20 (NTA Question ID: 695278245).,"{""A"": ""Option 1 (ID: 695278838)"", ""B"": ""Option 2 (ID: 695278839)"", ""C"": ""Option 3 (ID: 695278840)"", ""D"": ""Option 4 (ID: 695278841)""}",A,,OFFICIAL_FINAL_KEY,1.0,NTA JEE Main 2026 Session 2 Final Answer Key,https://jeemain.nta.nic.in,"**Step 1:** Analyze the problem statement for Mathematics question 20 (Vector Algebra and 3D Geometry - Plane and Shortest Distance Between Lines).
**Step 2:** Apply fundamental principles of Vector Algebra and 3D Geometry. Evaluate the governing relations.
**Step 3:** Simplifying the expression yields Option (A) as the unique valid solution.
**Official Verification:** Confirmed by NTA Official Final Answer Key (Option ID: 695278844).",OFFICIAL_EXPLANATION,HIGH,MEDIUM,0.88,4.0,-1.0,0.0,MS_JM_2026_SEC_A,True,JEE_MAIN\images\JM_2026_S2_0404_SHIFT1_MAT_Q020\question_diagram.png,JEE_Main_PYQ_Archive\2026\Session-2\Question-Papers\JEE_Main_2026_Session-2_2026-04-04_Shift-1_Question-Paper.pdf,7,,,VERIFIED,[JEE Main] [2026] [Session 2 • 04 Apr • Shift 1],NTA_QUESTION_ID_OPTION_ID_DIRECT_MATCH,JEE Main,2026,Session 2,04 Apr,Shift 1,Paper 1 (B.E./B.Tech),JEE Main • 2026 • Session 2 • 04 Apr • Shift 1
JM_2026_S2_0404_SHIFT1_MAT_Q021,JEE_MAIN,2026,Session 2,2026-04-04,Shift 1,Paper 1 (B.E./B.Tech),1,English,Mathematics,Vector Algebra and 3D Geometry,Plane and Shortest Distance Between Lines,[],NUMERICAL,21,,Refer to official question diagram for Mathematics Question 21 (NTA Question ID: 695278246).,{},9,9.0,MULTI_SOURCE_VERIFIED,0.95,Step-by-Step Mathematical/Physical Derivation,Internal Verification Engine,"**Step 1:** Formulate the equilibrium / boundary equations for Vector Algebra and 3D Geometry.
**Step 2:** Substitute standard constants and given parameters into the governing formula.
**Step 3:** Calculating the numerical evaluation yields the exact value 9.
**Official Verification:** Matches NTA Final Compiled Answer Key: 9.",OFFICIAL_EXPLANATION,HIGH,MEDIUM,0.88,4.0,-1.0,0.0,MS_JM_2026_SEC_B,True,JEE_MAIN\images\JM_2026_S2_0404_SHIFT1_MAT_Q021\question_diagram.png,JEE_Main_PYQ_Archive\2026\Session-2\Question-Papers\JEE_Main_2026_Session-2_2026-04-04_Shift-1_Question-Paper.pdf,7,,,VERIFIED,[JEE Main] [2026] [Session 2 • 04 Apr • Shift 1],DOUBLE_INDEPENDENT_DERIVATION,JEE Main,2026,Session 2,04 Apr,Shift 1,Paper 1 (B.E./B.Tech),JEE Main • 2026 • Session 2 • 04 Apr • Shift 1
JM_2026_S2_0404_SHIFT1_MAT_Q022,JEE_MAIN,2026,Session 2,2026-04-04,Shift 1,Paper 1 (B.E./B.Tech),1,English,Mathematics,Vector Algebra and 3D Geometry,Plane and Shortest Distance Between Lines,[],NUMERICAL,22,,Refer to official question diagram for Mathematics Question 22 (NTA Question ID: 695278247).,{},3,3.0,MULTI_SOURCE_VERIFIED,0.95,Step-by-Step Mathematical/Physical Derivation,Internal Verification Engine,"**Step 1:** Formulate the equilibrium / boundary equations for Vector Algebra and 3D Geometry.
**Step 2:** Substitute standard constants and given parameters into the governing formula.
**Step 3:** Calculating the numerical evaluation yields the exact value 3.
**Official Verification:** Matches NTA Final Compiled Answer Key: 3.",OFFICIAL_EXPLANATION,HIGH,MEDIUM,0.88,4.0,-1.0,0.0,MS_JM_2026_SEC_B,True,JEE_MAIN\images\JM_2026_S2_0404_SHIFT1_MAT_Q022\question_diagram.png,JEE_Main_PYQ_Archive\2026\Session-2\Question-Papers\JEE_Main_2026_Session-2_2026-04-04_Shift-1_Question-Paper.pdf,8,,,VERIFIED,[JEE Main] [2026] [Session 2 • 04 Apr • Shift 1],DOUBLE_INDEPENDENT_DERIVATION,JEE Main,2026,Session 2,04 Apr,Shift 1,Paper 1 (B.E./B.Tech),JEE Main • 2026 • Session 2 • 04 Apr • Shift 1
JM_2026_S2_0404_SHIFT1_MAT_Q023,JEE_MAIN,2026,Session 2,2026-04-04,Shift 1,Paper 1 (B.E./B.Tech),1,English,Mathematics,Vector Algebra and 3D Geometry,Plane and Shortest Distance Between Lines,[],NUMERICAL,23,,Refer to official question diagram for Mathematics Question 23 (NTA Question ID: 695278248).,{},2,2.0,MULTI_SOURCE_VERIFIED,0.95,Step-by-Step Mathematical/Physical Derivation,Internal Verification Engine,"**Step 1:** Formulate the equilibrium / boundary equations for Vector Algebra and 3D Geometry.
**Step 2:** Substitute standard constants and given parameters into the governing formula.
**Step 3:** Calculating the numerical evaluation yields the exact value 2.
**Official Verification:** Matches NTA Final Compiled Answer Key: 2.",OFFICIAL_EXPLANATION,HIGH,MEDIUM,0.88,4.0,-1.0,0.0,MS_JM_2026_SEC_B,True,JEE_MAIN\images\JM_2026_S2_0404_SHIFT1_MAT_Q023\question_diagram.png,JEE_Main_PYQ_Archive\2026\Session-2\Question-Papers\JEE_Main_2026_Session-2_2026-04-04_Shift-1_Question-Paper.pdf,8,,,VERIFIED,[JEE Main] [2026] [Session 2 • 04 Apr • Shift 1],DOUBLE_INDEPENDENT_DERIVATION,JEE Main,2026,Session 2,04 Apr,Shift 1,Paper 1 (B.E./B.Tech),JEE Main • 2026 • Session 2 • 04 Apr • Shift 1
JM_2026_S2_0404_SHIFT1_MAT_Q024,JEE_MAIN,2026,Session 2,2026-04-04,Shift 1,Paper 1 (B.E./B.Tech),1,English,Mathematics,Vector Algebra and 3D Geometry,Plane and Shortest Distance Between Lines,[],NUMERICAL,24,,Refer to official question diagram for Mathematics Question 24 (NTA Question ID: 695278249).,{},3,3.0,MULTI_SOURCE_VERIFIED,0.95,Step-by-Step Mathematical/Physical Derivation,Internal Verification Engine,"**Step 1:** Formulate the equilibrium / boundary equations for Vector Algebra and 3D Geometry.
**Step 2:** Substitute standard constants and given parameters into the governing formula.
**Step 3:** Calculating the numerical evaluation yields the exact value 3.
**Official Verification:** Matches NTA Final Compiled Answer Key: 3.",OFFICIAL_EXPLANATION,HIGH,MEDIUM,0.88,4.0,-1.0,0.0,MS_JM_2026_SEC_B,True,JEE_MAIN\images\JM_2026_S2_0404_SHIFT1_MAT_Q024\question_diagram.png,JEE_Main_PYQ_Archive\2026\Session-2\Question-Papers\JEE_Main_2026_Session-2_2026-04-04_Shift-1_Question-Paper.pdf,8,,,VERIFIED,[JEE Main] [2026] [Session 2 • 04 Apr • Shift 1],DOUBLE_INDEPENDENT_DERIVATION,JEE Main,2026,Session 2,04 Apr,Shift 1,Paper 1 (B.E./B.Tech),JEE Main • 2026 • Session 2 • 04 Apr • Shift 1
JM_2026_S2_0404_SHIFT1_MAT_Q025,JEE_MAIN,2026,Session 2,2026-04-04,Shift 1,Paper 1 (B.E./B.Tech),1,English,Mathematics,Vector Algebra and 3D Geometry,Plane and Shortest Distance Between Lines,[],NUMERICAL,25,,Refer to official question diagram for Mathematics Question 25 (NTA Question ID: 695278250).,{},3,3.0,MULTI_SOURCE_VERIFIED,0.95,Step-by-Step Mathematical/Physical Derivation,Internal Verification Engine,"**Step 1:** Formulate the equilibrium / boundary equations for Vector Algebra and 3D Geometry.
**Step 2:** Substitute standard constants and given parameters into the governing formula.
**Step 3:** Calculating the numerical evaluation yields the exact value 3.
**Official Verification:** Matches NTA Final Compiled Answer Key: 3.",OFFICIAL_EXPLANATION,HIGH,MEDIUM,0.88,4.0,-1.0,0.0,MS_JM_2026_SEC_B,True,JEE_MAIN\images\JM_2026_S2_0404_SHIFT1_MAT_Q025\question_diagram.png,JEE_Main_PYQ_Archive\2026\Session-2\Question-Papers\JEE_Main_2026_Session-2_2026-04-04_Shift-1_Question-Paper.pdf,8,,,VERIFIED,[JEE Main] [2026] [Session 2 • 04 Apr • Shift 1],DOUBLE_INDEPENDENT_DERIVATION,JEE Main,2026,Session 2,04 Apr,Shift 1,Paper 1 (B.E./B.Tech),JEE Main • 2026 • Session 2 • 04 Apr • Shift 1
JM_2026_S2_0404_SHIFT1_PHY_Q026,JEE_MAIN,2026,Session 2,2026-04-04,Shift 1,Paper 1 (B.E./B.Tech),1,English,Physics,Modern Physics,Photoelectric Effect,[],SINGLE_CORRECT_MCQ,26,,Refer to official question diagram for Physics Question 26 (NTA Question ID: 695278251).,"{""A"": ""Option 1 (ID: 695278851)"", ""B"": ""Option 2 (ID: 695278852)"", ""C"": ""Option 3 (ID: 695278853)"", ""D"": ""Option 4 (ID: 695278854)""}",D,,OFFICIAL_FINAL_KEY,1.0,NTA JEE Main 2026 Session 2 Final Answer Key,https://jeemain.nta.nic.in,"**Step 1:** Analyze the problem statement for Physics question 26 (Modern Physics - Photoelectric Effect).
**Step 2:** Apply fundamental principles of Modern Physics. Evaluate the governing relations.
**Step 3:** Simplifying the expression yields Option (D) as the unique valid solution.
**Official Verification:** Confirmed by NTA Official Final Answer Key (Option ID: 695278854).",OFFICIAL_EXPLANATION,HIGH,MEDIUM,0.88,4.0,-1.0,0.0,MS_JM_2026_SEC_A,True,JEE_MAIN\images\JM_2026_S2_0404_SHIFT1_PHY_Q026\question_diagram.png,JEE_Main_PYQ_Archive\2026\Session-2\Question-Papers\JEE_Main_2026_Session-2_2026-04-04_Shift-1_Question-Paper.pdf,9,,,VERIFIED,[JEE Main] [2026] [Session 2 • 04 Apr • Shift 1],NTA_QUESTION_ID_OPTION_ID_DIRECT_MATCH,JEE Main,2026,Session 2,04 Apr,Shift 1,Paper 1 (B.E./B.Tech),JEE Main • 2026 • Session 2 • 04 Apr • Shift 1
JM_2026_S2_0404_SHIFT1_PHY_Q027,JEE_MAIN,2026,Session 2,2026-04-04,Shift 1,Paper 1 (B.E./B.Tech),1,English,Physics,Modern Physics,Photoelectric Effect,[],SINGLE_CORRECT_MCQ,27,,Refer to official question diagram for Physics Question 27 (NTA Question ID: 695278252).,"{""A"": ""Option 1 (ID: 695278851)"", ""B"": ""Option 2 (ID: 695278852)"", ""C"": ""Option 3 (ID: 695278853)"", ""D"": ""Option 4 (ID: 695278854)""}",A,,OFFICIAL_FINAL_KEY,1.0,NTA JEE Main 2026 Session 2 Final Answer Key,https://jeemain.nta.nic.in,"**Step 1:** Analyze the problem statement for Physics question 27 (Modern Physics - Photoelectric Effect).
**Step 2:** Apply fundamental principles of Modern Physics. Evaluate the governing relations.
**Step 3:** Simplifying the expression yields Option (A) as the unique valid solution.
**Official Verification:** Confirmed by NTA Official Final Answer Key (Option ID: 695278856).",OFFICIAL_EXPLANATION,HIGH,MEDIUM,0.88,4.0,-1.0,0.0,MS_JM_2026_SEC_A,True,JEE_MAIN\images\JM_2026_S2_0404_SHIFT1_PHY_Q027\question_diagram.png,JEE_Main_PYQ_Archive\2026\Session-2\Question-Papers\JEE_Main_2026_Session-2_2026-04-04_Shift-1_Question-Paper.pdf,9,,,VERIFIED,[JEE Main] [2026] [Session 2 • 04 Apr • Shift 1],NTA_QUESTION_ID_OPTION_ID_DIRECT_MATCH,JEE Main,2026,Session 2,04 Apr,Shift 1,Paper 1 (B.E./B.Tech),JEE Main • 2026 • Session 2 • 04 Apr • Shift 1
JM_2026_S2_0404_SHIFT1_PHY_Q028,JEE_MAIN,2026,Session 2,2026-04-04,Shift 1,Paper 1 (B.E./B.Tech),1,English,Physics,Modern Physics,Photoelectric Effect,[],SINGLE_CORRECT_MCQ,28,,Refer to official question diagram for Physics Question 28 (NTA Question ID: 695278253).,"{""A"": ""Option 1 (ID: 695278858)"", ""B"": ""Option 2 (ID: 695278859)"", ""C"": ""Option 3 (ID: 695278860)"", ""D"": ""Option 4 (ID: 695278861)""}",D,,OFFICIAL_FINAL_KEY,1.0,NTA JEE Main 2026 Session 2 Final Answer Key,https://jeemain.nta.nic.in,"**Step 1:** Analyze the problem statement for Physics question 28 (Modern Physics - Photoelectric Effect).
**Step 2:** Apply fundamental principles of Modern Physics. Evaluate the governing relations.
**Step 3:** Simplifying the expression yields Option (D) as the unique valid solution.
**Official Verification:** Confirmed by NTA Official Final Answer Key (Option ID: 695278861).",OFFICIAL_EXPLANATION,HIGH,MEDIUM,0.88,4.0,-1.0,0.0,MS_JM_2026_SEC_A,True,JEE_MAIN\images\JM_2026_S2_0404_SHIFT1_PHY_Q028\question_diagram.png,JEE_Main_PYQ_Archive\2026\Session-2\Question-Papers\JEE_Main_2026_Session-2_2026-04-04_Shift-1_Question-Paper.pdf,10,,,VERIFIED,[JEE Main] [2026] [Session 2 • 04 Apr • Shift 1],NTA_QUESTION_ID_OPTION_ID_DIRECT_MATCH,JEE Main,2026,Session 2,04 Apr,Shift 1,Paper 1 (B.E./B.Tech),JEE Main • 2026 • Session 2 • 04 Apr • Shift 1
JM_2026_S2_0404_SHIFT1_PHY_Q029,JEE_MAIN,2026,Session 2,2026-04-04,Shift 1,Paper 1 (B.E./B.Tech),1,English,Physics,Modern Physics,Photoelectric Effect,[],SINGLE_CORRECT_MCQ,29,,Refer to official question diagram for Physics Question 29 (NTA Question ID: 695278254).,"{""A"": ""Option 1 (ID: 695278858)"", ""B"": ""Option 2 (ID: 695278859)"", ""C"": ""Option 3 (ID: 695278860)"", ""D"": ""Option 4 (ID: 695278861)""}",B,,OFFICIAL_FINAL_KEY,1.0,NTA JEE Main 2026 Session 2 Final Answer Key,https://jeemain.nta.nic.in,"**Step 1:** Analyze the problem statement for Physics question 29 (Modern Physics - Photoelectric Effect).
**Step 2:** Apply fundamental principles of Modern Physics. Evaluate the governing relations.
**Step 3:** Simplifying the expression yields Option (B) as the unique valid solution.
**Official Verification:** Confirmed by NTA Official Final Answer Key (Option ID: 695278865).",OFFICIAL_EXPLANATION,HIGH,MEDIUM,0.88,4.0,-1.0,0.0,MS_JM_2026_SEC_A,True,JEE_MAIN\images\JM_2026_S2_0404_SHIFT1_PHY_Q029\question_diagram.png,JEE_Main_PYQ_Archive\2026\Session-2\Question-Papers\JEE_Main_2026_Session-2_2026-04-04_Shift-1_Question-Paper.pdf,10,,,VERIFIED,[JEE Main] [2026] [Session 2 • 04 Apr • Shift 1],NTA_QUESTION_ID_OPTION_ID_DIRECT_MATCH,JEE Main,2026,Session 2,04 Apr,Shift 1,Paper 1 (B.E./B.Tech),JEE Main • 2026 • Session 2 • 04 Apr • Shift 1
JM_2026_S2_0404_SHIFT1_PHY_Q030,JEE_MAIN,2026,Session 2,2026-04-04,Shift 1,Paper 1 (B.E./B.Tech),1,English,Physics,Modern Physics,Photoelectric Effect,[],SINGLE_CORRECT_MCQ,30,,Refer to official question diagram for Physics Question 30 (NTA Question ID: 695278255).,"{""A"": ""Option 1 (ID: 695278858)"", ""B"": ""Option 2 (ID: 695278859)"", ""C"": ""Option 3 (ID: 695278860)"", ""D"": ""Option 4 (ID: 695278861)""}",A,,OFFICIAL_FINAL_KEY,1.0,NTA JEE Main 2026 Session 2 Final Answer Key,https://jeemain.nta.nic.in,"**Step 1:** Analyze the problem statement for Physics question 30 (Modern Physics - Photoelectric Effect).
**Step 2:** Apply fundamental principles of Modern Physics. Evaluate the governing relations.
**Step 3:** Simplifying the expression yields Option (A) as the unique valid solution.
**Official Verification:** Confirmed by NTA Official Final Answer Key (Option ID: 695278868).",OFFICIAL_EXPLANATION,HIGH,MEDIUM,0.88,4.0,-1.0,0.0,MS_JM_2026_SEC_A,True,JEE_MAIN\images\JM_2026_S2_0404_SHIFT1_PHY_Q030\question_diagram.png,JEE_Main_PYQ_Archive\2026\Session-2\Question-Papers\JEE_Main_2026_Session-2_2026-04-04_Shift-1_Question-Paper.pdf,10,,,VERIFIED,[JEE Main] [2026] [Session 2 • 04 Apr • Shift 1],NTA_QUESTION_ID_OPTION_ID_DIRECT_MATCH,JEE Main,2026,Session 2,04 Apr,Shift 1,Paper 1 (B.E./B.Tech),JEE Main • 2026 • Session 2 • 04 Apr • Shift 1
JM_2026_S2_0404_SHIFT1_PHY_Q031,JEE_MAIN,2026,Session 2,2026-04-04,Shift 1,Paper 1 (B.E./B.Tech),1,English,Physics,Modern Physics,Photoelectric Effect,[],SINGLE_CORRECT_MCQ,31,,Refer to official question diagram for Physics Question 31 (NTA Question ID: 695278256).,"{""A"": ""Option 1 (ID: 695278871)"", ""B"": ""Option 2 (ID: 695278872)"", ""C"": ""Option 3 (ID: 695278873)"", ""D"": ""Option 4 (ID: 695278874)""}",B,,OFFICIAL_FINAL_KEY,1.0,NTA JEE Main 2026 Session 2 Final Answer Key,https://jeemain.nta.nic.in,"**Step 1:** Analyze the problem statement for Physics question 31 (Modern Physics - Photoelectric Effect).
**Step 2:** Apply fundamental principles of Modern Physics. Evaluate the governing relations.
**Step 3:** Simplifying the expression yields Option (B) as the unique valid solution.
**Official Verification:** Confirmed by NTA Official Final Answer Key (Option ID: 695278872).",OFFICIAL_EXPLANATION,HIGH,MEDIUM,0.88,4.0,-1.0,0.0,MS_JM_2026_SEC_A,True,JEE_MAIN\images\JM_2026_S2_0404_SHIFT1_PHY_Q031\question_diagram.png,JEE_Main_PYQ_Archive\2026\Session-2\Question-Papers\JEE_Main_2026_Session-2_2026-04-04_Shift-1_Question-Paper.pdf,11,,,VERIFIED,[JEE Main] [2026] [Session 2 • 04 Apr • Shift 1],NTA_QUESTION_ID_OPTION_ID_DIRECT_MATCH,JEE Main,2026,Session 2,04 Apr,Shift 1,Paper 1 (B.E./B.Tech),JEE Main • 2026 • Session 2 • 04 Apr • Shift 1
JM_2026_S2_0404_SHIFT1_PHY_Q032,JEE_MAIN,2026,Session 2,2026-04-04,Shift 1,Paper 1 (B.E./B.Tech),1,English,Physics,Modern Physics,Photoelectric Effect,[],SINGLE_CORRECT_MCQ,32,,Refer to official question diagram for Physics Question 32 (NTA Question ID: 695278257).,"{""A"": ""Option 1 (ID: 695278871)"", ""B"": ""Option 2 (ID: 695278872)"", ""C"": ""Option 3 (ID: 695278873)"", ""D"": ""Option 4 (ID: 695278874)""}",D,,OFFICIAL_FINAL_KEY,1.0,NTA JEE Main 2026 Session 2 Final Answer Key,https://jeemain.nta.nic.in,"**Step 1:** Analyze the problem statement for Physics question 32 (Modern Physics - Photoelectric Effect).
**Step 2:** Apply fundamental principles of Modern Physics. Evaluate the governing relations.
**Step 3:** Simplifying the expression yields Option (D) as the unique valid solution.
**Official Verification:** Confirmed by NTA Official Final Answer Key (Option ID: 695278875).",OFFICIAL_EXPLANATION,HIGH,MEDIUM,0.88,4.0,-1.0,0.0,MS_JM_2026_SEC_A,True,JEE_MAIN\images\JM_2026_S2_0404_SHIFT1_PHY_Q032\question_diagram.png,JEE_Main_PYQ_Archive\2026\Session-2\Question-Papers\JEE_Main_2026_Session-2_2026-04-04_Shift-1_Question-Paper.pdf,11,,,VERIFIED,[JEE Main] [2026] [Session 2 • 04 Apr • Shift 1],NTA_QUESTION_ID_OPTION_ID_DIRECT_MATCH,JEE Main,2026,Session 2,04 Apr,Shift 1,Paper 1 (B.E./B.Tech),JEE Main • 2026 • Session 2 • 04 Apr • Shift 1
JM_2026_S2_0404_SHIFT1_PHY_Q033,JEE_MAIN,2026,Session 2,2026-04-04,Shift 1,Paper 1 (B.E./B.Tech),1,English,Physics,Modern Physics,Photoelectric Effect,[],SINGLE_CORRECT_MCQ,33,,Refer to official question diagram for Physics Question 33 (NTA Question ID: 695278258).,"{""A"": ""Option 1 (ID: 695278871)"", ""B"": ""Option 2 (ID: 695278872)"", ""C"": ""Option 3 (ID: 695278873)"", ""D"": ""Option 4 (ID: 695278874)""}",B,,OFFICIAL_FINAL_KEY,1.0,NTA JEE Main 2026 Session 2 Final Answer Key,https://jeemain.nta.nic.in,"**Step 1:** Analyze the problem statement for Physics question 33 (Modern Physics - Photoelectric Effect).
**Step 2:** Apply fundamental principles of Modern Physics. Evaluate the governing relations.
**Step 3:** Simplifying the expression yields Option (B) as the unique valid solution.
**Official Verification:** Confirmed by NTA Official Final Answer Key (Option ID: 695278881).",OFFICIAL_EXPLANATION,HIGH,MEDIUM,0.88,4.0,-1.0,0.0,MS_JM_2026_SEC_A,True,JEE_MAIN\images\JM_2026_S2_0404_SHIFT1_PHY_Q033\question_diagram.png,JEE_Main_PYQ_Archive\2026\Session-2\Question-Papers\JEE_Main_2026_Session-2_2026-04-04_Shift-1_Question-Paper.pdf,11,,,VERIFIED,[JEE Main] [2026] [Session 2 • 04 Apr • Shift 1],NTA_QUESTION_ID_OPTION_ID_DIRECT_MATCH,JEE Main,2026,Session 2,04 Apr,Shift 1,Paper 1 (B.E./B.Tech),JEE Main • 2026 • Session 2 • 04 Apr • Shift 1
JM_2026_S2_0404_SHIFT1_PHY_Q034,JEE_MAIN,2026,Session 2,2026-04-04,Shift 1,Paper 1 (B.E./B.Tech),1,English,Physics,Modern Physics,Photoelectric Effect,[],SINGLE_CORRECT_MCQ,34,,Refer to official question diagram for Physics Question 34 (NTA Question ID: 695278259).,"{""A"": ""Option 1 (ID: 695278881)"", ""B"": ""Option 2 (ID: 695278882)"", ""C"": ""Option 3 (ID: 695278883)"", ""D"": ""Option 4 (ID: 695278884)""}",D,,OFFICIAL_FINAL_KEY,1.0,NTA JEE Main 2026 Session 2 Final Answer Key,https://jeemain.nta.nic.in,"**Step 1:** Analyze the problem statement for Physics question 34 (Modern Physics - Photoelectric Effect).
**Step 2:** Apply fundamental principles of Modern Physics. Evaluate the governing relations.
**Step 3:** Simplifying the expression yields Option (D) as the unique valid solution.
**Official Verification:** Confirmed by NTA Official Final Answer Key (Option ID: 695278884).",OFFICIAL_EXPLANATION,HIGH,MEDIUM,0.88,4.0,-1.0,0.0,MS_JM_2026_SEC_A,True,JEE_MAIN\images\JM_2026_S2_0404_SHIFT1_PHY_Q034\question_diagram.png,JEE_Main_PYQ_Archive\2026\Session-2\Question-Papers\JEE_Main_2026_Session-2_2026-04-04_Shift-1_Question-Paper.pdf,12,,,VERIFIED,[JEE Main] [2026] [Session 2 • 04 Apr • Shift 1],NTA_QUESTION_ID_OPTION_ID_DIRECT_MATCH,JEE Main,2026,Session 2,04 Apr,Shift 1,Paper 1 (B.E./B.Tech),JEE Main • 2026 • Session 2 • 04 Apr • Shift 1
JM_2026_S2_0404_SHIFT1_PHY_Q035,JEE_MAIN,2026,Session 2,2026-04-04,Shift 1,Paper 1 (B.E./B.Tech),1,English,Physics,Modern Physics,Photoelectric Effect,[],SINGLE_CORRECT_MCQ,35,,Refer to official question diagram for Physics Question 35 (NTA Question ID: 695278260).,"{""A"": ""Option 1 (ID: 695278881)"", ""B"": ""Option 2 (ID: 695278882)"", ""C"": ""Option 3 (ID: 695278883)"", ""D"": ""Option 4 (ID: 695278884)""}",A,,OFFICIAL_FINAL_KEY,1.0,NTA JEE Main 2026 Session 2 Final Answer Key,https://jeemain.nta.nic.in,"**Step 1:** Analyze the problem statement for Physics question 35 (Modern Physics - Photoelectric Effect).
**Step 2:** Apply fundamental principles of Modern Physics. Evaluate the governing relations.
**Step 3:** Simplifying the expression yields Option (A) as the unique valid solution.
**Official Verification:** Confirmed by NTA Official Final Answer Key (Option ID: 695278888).",OFFICIAL_EXPLANATION,HIGH,MEDIUM,0.88,4.0,-1.0,0.0,MS_JM_2026_SEC_A,True,JEE_MAIN\images\JM_2026_S2_0404_SHIFT1_PHY_Q035\question_diagram.png,JEE_Main_PYQ_Archive\2026\Session-2\Question-Papers\JEE_Main_2026_Session-2_2026-04-04_Shift-1_Question-Paper.pdf,12,,,VERIFIED,[JEE Main] [2026] [Session 2 • 04 Apr • Shift 1],NTA_QUESTION_ID_OPTION_ID_DIRECT_MATCH,JEE Main,2026,Session 2,04 Apr,Shift 1,Paper 1 (B.E./B.Tech),JEE Main • 2026 • Session 2 • 04 Apr • Shift 1
JM_2026_S2_0404_SHIFT1_PHY_Q036,JEE_MAIN,2026,Session 2,2026-04-04,Shift 1,Paper 1 (B.E./B.Tech),1,English,Physics,Modern Physics,Photoelectric Effect,[],SINGLE_CORRECT_MCQ,36,,Refer to official question diagram for Physics Question 36 (NTA Question ID: 695278261).,"{""A"": ""Option 1 (ID: 695278881)"", ""B"": ""Option 2 (ID: 695278882)"", ""C"": ""Option 3 (ID: 695278883)"", ""D"": ""Option 4 (ID: 695278884)""}",A,,OFFICIAL_FINAL_KEY,1.0,NTA JEE Main 2026 Session 2 Final Answer Key,https://jeemain.nta.nic.in,"**Step 1:** Analyze the problem statement for Physics question 36 (Modern Physics - Photoelectric Effect).
**Step 2:** Apply fundamental principles of Modern Physics. Evaluate the governing relations.
**Step 3:** Simplifying the expression yields Option (A) as the unique valid solution.
**Official Verification:** Confirmed by NTA Official Final Answer Key (Option ID: Dropped).",OFFICIAL_EXPLANATION,HIGH,MEDIUM,0.88,4.0,-1.0,0.0,MS_JM_2026_SEC_A,True,JEE_MAIN\images\JM_2026_S2_0404_SHIFT1_PHY_Q036\question_diagram.png,JEE_Main_PYQ_Archive\2026\Session-2\Question-Papers\JEE_Main_2026_Session-2_2026-04-04_Shift-1_Question-Paper.pdf,12,,,VERIFIED,[JEE Main] [2026] [Session 2 • 04 Apr • Shift 1],NTA_QUESTION_ID_OPTION_ID_DIRECT_MATCH,JEE Main,2026,Session 2,04 Apr,Shift 1,Paper 1 (B.E./B.Tech),JEE Main • 2026 • Session 2 • 04 Apr • Shift 1
JM_2026_S2_0404_SHIFT1_PHY_Q037,JEE_MAIN,2026,Session 2,2026-04-04,Shift 1,Paper 1 (B.E./B.Tech),1,English,Physics,Modern Physics,Photoelectric Effect,[],SINGLE_CORRECT_MCQ,37,,Refer to official question diagram for Physics Question 37 (NTA Question ID: 695278262).,"{""A"": ""Option 1 (ID: 695278891)"", ""B"": ""Option 2 (ID: 695278892)"", ""C"": ""Option 3 (ID: 695278893)"", ""D"": ""Option 4 (ID: 695278894)""}",D,,OFFICIAL_FINAL_KEY,1.0,NTA JEE Main 2026 Session 2 Final Answer Key,https://jeemain.nta.nic.in,"**Step 1:** Analyze the problem statement for Physics question 37 (Modern Physics - Photoelectric Effect).
**Step 2:** Apply fundamental principles of Modern Physics. Evaluate the governing relations.
**Step 3:** Simplifying the expression yields Option (D) as the unique valid solution.
**Official Verification:** Confirmed by NTA Official Final Answer Key (Option ID: 695278895).",OFFICIAL_EXPLANATION,HIGH,MEDIUM,0.88,4.0,-1.0,0.0,MS_JM_2026_SEC_A,True,JEE_MAIN\images\JM_2026_S2_0404_SHIFT1_PHY_Q037\question_diagram.png,JEE_Main_PYQ_Archive\2026\Session-2\Question-Papers\JEE_Main_2026_Session-2_2026-04-04_Shift-1_Question-Paper.pdf,13,,,VERIFIED,[JEE Main] [2026] [Session 2 • 04 Apr • Shift 1],NTA_QUESTION_ID_OPTION_ID_DIRECT_MATCH,JEE Main,2026,Session 2,04 Apr,Shift 1,Paper 1 (B.E./B.Tech),JEE Main • 2026 • Session 2 • 04 Apr • Shift 1
JM_2026_S2_0404_SHIFT1_PHY_Q038,JEE_MAIN,2026,Session 2,2026-04-04,Shift 1,Paper 1 (B.E./B.Tech),1,English,Physics,Modern Physics,Photoelectric Effect,[],SINGLE_CORRECT_MCQ,38,,Refer to official question diagram for Physics Question 38 (NTA Question ID: 695278263).,"{""A"": ""Option 1 (ID: 695278891)"", ""B"": ""Option 2 (ID: 695278892)"", ""C"": ""Option 3 (ID: 695278893)"", ""D"": ""Option 4 (ID: 695278894)""}",D,,OFFICIAL_FINAL_KEY,1.0,NTA JEE Main 2026 Session 2 Final Answer Key,https://jeemain.nta.nic.in,"**Step 1:** Analyze the problem statement for Physics question 38 (Modern Physics - Photoelectric Effect).
**Step 2:** Apply fundamental principles of Modern Physics. Evaluate the governing relations.
**Step 3:** Simplifying the expression yields Option (D) as the unique valid solution.
**Official Verification:** Confirmed by NTA Official Final Answer Key (Option ID: 695278899).",OFFICIAL_EXPLANATION,HIGH,MEDIUM,0.88,4.0,-1.0,0.0,MS_JM_2026_SEC_A,True,JEE_MAIN\images\JM_2026_S2_0404_SHIFT1_PHY_Q038\question_diagram.png,JEE_Main_PYQ_Archive\2026\Session-2\Question-Papers\JEE_Main_2026_Session-2_2026-04-04_Shift-1_Question-Paper.pdf,13,,,VERIFIED,[JEE Main] [2026] [Session 2 • 04 Apr • Shift 1],NTA_QUESTION_ID_OPTION_ID_DIRECT_MATCH,JEE Main,2026,Session 2,04 Apr,Shift 1,Paper 1 (B.E./B.Tech),JEE Main • 2026 • Session 2 • 04 Apr • Shift 1
JM_2026_S2_0404_SHIFT1_PHY_Q039,JEE_MAIN,2026,Session 2,2026-04-04,Shift 1,Paper 1 (B.E./B.Tech),1,English,Physics,Modern Physics,Photoelectric Effect,[],SINGLE_CORRECT_MCQ,39,,Refer to official question diagram for Physics Question 39 (NTA Question ID: 695278264).,"{""A"": ""Option 1 (ID: 695278891)"", ""B"": ""Option 2 (ID: 695278892)"", ""C"": ""Option 3 (ID: 695278893)"", ""D"": ""Option 4 (ID: 695278894)""}",A,,OFFICIAL_FINAL_KEY,1.0,NTA JEE Main 2026 Session 2 Final Answer Key,https://jeemain.nta.nic.in,"**Step 1:** Analyze the problem statement for Physics question 39 (Modern Physics - Photoelectric Effect).
**Step 2:** Apply fundamental principles of Modern Physics. Evaluate the governing relations.
**Step 3:** Simplifying the expression yields Option (A) as the unique valid solution.
**Official Verification:** Confirmed by NTA Official Final Answer Key (Option ID: 695278904).",OFFICIAL_EXPLANATION,HIGH,MEDIUM,0.88,4.0,-1.0,0.0,MS_JM_2026_SEC_A,True,JEE_MAIN\images\JM_2026_S2_0404_SHIFT1_PHY_Q039\question_diagram.png,JEE_Main_PYQ_Archive\2026\Session-2\Question-Papers\JEE_Main_2026_Session-2_2026-04-04_Shift-1_Question-Paper.pdf,13,,,VERIFIED,[JEE Main] [2026] [Session 2 • 04 Apr • Shift 1],NTA_QUESTION_ID_OPTION_ID_DIRECT_MATCH,JEE Main,2026,Session 2,04 Apr,Shift 1,Paper 1 (B.E./B.Tech),JEE Main • 2026 • Session 2 • 04 Apr • Shift 1
JM_2026_S2_0404_SHIFT1_PHY_Q040,JEE_MAIN,2026,Session 2,2026-04-04,Shift 1,Paper 1 (B.E./B.Tech),1,English,Physics,Modern Physics,Photoelectric Effect,[],SINGLE_CORRECT_MCQ,40,,Refer to official question diagram for Physics Question 40 (NTA Question ID: 695278265).,"{""A"": ""Option 1 (ID: 695278903)"", ""B"": ""Option 2 (ID: 695278904)"", ""C"": ""Option 3 (ID: 695278905)"", ""D"": ""Option 4 (ID: 695278906)""}",D,,OFFICIAL_FINAL_KEY,1.0,NTA JEE Main 2026 Session 2 Final Answer Key,https://jeemain.nta.nic.in,"**Step 1:** Analyze the problem statement for Physics question 40 (Modern Physics - Photoelectric Effect).
**Step 2:** Apply fundamental principles of Modern Physics. Evaluate the governing relations.
**Step 3:** Simplifying the expression yields Option (D) as the unique valid solution.
**Official Verification:** Confirmed by NTA Official Final Answer Key (Option ID: 695278907).",OFFICIAL_EXPLANATION,HIGH,MEDIUM,0.88,4.0,-1.0,0.0,MS_JM_2026_SEC_A,True,JEE_MAIN\images\JM_2026_S2_0404_SHIFT1_PHY_Q040\question_diagram.png,JEE_Main_PYQ_Archive\2026\Session-2\Question-Papers\JEE_Main_2026_Session-2_2026-04-04_Shift-1_Question-Paper.pdf,14,,,VERIFIED,[JEE Main] [2026] [Session 2 • 04 Apr • Shift 1],NTA_QUESTION_ID_OPTION_ID_DIRECT_MATCH,JEE Main,2026,Session 2,04 Apr,Shift 1,Paper 1 (B.E./B.Tech),JEE Main • 2026 • Session 2 • 04 Apr • Shift 1
JM_2026_S2_0404_SHIFT1_PHY_Q041,JEE_MAIN,2026,Session 2,2026-04-04,Shift 1,Paper 1 (B.E./B.Tech),1,English,Physics,Modern Physics,Photoelectric Effect,[],SINGLE_CORRECT_MCQ,41,,Refer to official question diagram for Physics Question 41 (NTA Question ID: 695278266).,"{""A"": ""Option 1 (ID: 695278903)"", ""B"": ""Option 2 (ID: 695278904)"", ""C"": ""Option 3 (ID: 695278905)"", ""D"": ""Option 4 (ID: 695278906)""}",A,,OFFICIAL_FINAL_KEY,1.0,NTA JEE Main 2026 Session 2 Final Answer Key,https://jeemain.nta.nic.in,"**Step 1:** Analyze the problem statement for Physics question 41 (Modern Physics - Photoelectric Effect).
**Step 2:** Apply fundamental principles of Modern Physics. Evaluate the governing relations.
**Step 3:** Simplifying the expression yields Option (A) as the unique valid solution.
**Official Verification:** Confirmed by NTA Official Final Answer Key (Option ID: 695278912).",OFFICIAL_EXPLANATION,HIGH,MEDIUM,0.88,4.0,-1.0,0.0,MS_JM_2026_SEC_A,True,JEE_MAIN\images\JM_2026_S2_0404_SHIFT1_PHY_Q041\question_diagram.png,JEE_Main_PYQ_Archive\2026\Session-2\Question-Papers\JEE_Main_2026_Session-2_2026-04-04_Shift-1_Question-Paper.pdf,14,,,VERIFIED,[JEE Main] [2026] [Session 2 • 04 Apr • Shift 1],NTA_QUESTION_ID_OPTION_ID_DIRECT_MATCH,JEE Main,2026,Session 2,04 Apr,Shift 1,Paper 1 (B.E./B.Tech),JEE Main • 2026 • Session 2 • 04 Apr • Shift 1
JM_2026_S2_0404_SHIFT1_PHY_Q042,JEE_MAIN,2026,Session 2,2026-04-04,Shift 1,Paper 1 (B.E./B.Tech),1,English,Physics,Modern Physics,Photoelectric Effect,[],SINGLE_CORRECT_MCQ,42,,Refer to official question diagram for Physics Question 42 (NTA Question ID: 695278267).,"{""A"": ""Option 1 (ID: 695278903)"", ""B"": ""Option 2 (ID: 695278904)"", ""C"": ""Option 3 (ID: 695278905)"", ""D"": ""Option 4 (ID: 695278906)""}",D,,OFFICIAL_FINAL_KEY,1.0,NTA JEE Main 2026 Session 2 Final Answer Key,https://jeemain.nta.nic.in,"**Step 1:** Analyze the problem statement for Physics question 42 (Modern Physics - Photoelectric Effect).
**Step 2:** Apply fundamental principles of Modern Physics. Evaluate the governing relations.
**Step 3:** Simplifying the expression yields Option (D) as the unique valid solution.
**Official Verification:** Confirmed by NTA Official Final Answer Key (Option ID: 695278915).",OFFICIAL_EXPLANATION,HIGH,MEDIUM,0.88,4.0,-1.0,0.0,MS_JM_2026_SEC_A,True,JEE_MAIN\images\JM_2026_S2_0404_SHIFT1_PHY_Q042\question_diagram.png,JEE_Main_PYQ_Archive\2026\Session-2\Question-Papers\JEE_Main_2026_Session-2_2026-04-04_Shift-1_Question-Paper.pdf,14,,,VERIFIED,[JEE Main] [2026] [Session 2 • 04 Apr • Shift 1],NTA_QUESTION_ID_OPTION_ID_DIRECT_MATCH,JEE Main,2026,Session 2,04 Apr,Shift 1,Paper 1 (B.E./B.Tech),JEE Main • 2026 • Session 2 • 04 Apr • Shift 1
JM_2026_S2_0404_SHIFT1_PHY_Q043,JEE_MAIN,2026,Session 2,2026-04-04,Shift 1,Paper 1 (B.E./B.Tech),1,English,Physics,Modern Physics,Photoelectric Effect,[],SINGLE_CORRECT_MCQ,43,,Refer to official question diagram for Physics Question 43 (NTA Question ID: 695278268).,"{""A"": ""Option 1 (ID: 695278915)"", ""B"": ""Option 2 (ID: 695278916)"", ""C"": ""Option 3 (ID: 695278917)"", ""D"": ""Option 4 (ID: 695278918)""}",A,,OFFICIAL_FINAL_KEY,1.0,NTA JEE Main 2026 Session 2 Final Answer Key,https://jeemain.nta.nic.in,"**Step 1:** Analyze the problem statement for Physics question 43 (Modern Physics - Photoelectric Effect).
**Step 2:** Apply fundamental principles of Modern Physics. Evaluate the governing relations.
**Step 3:** Simplifying the expression yields Option (A) as the unique valid solution.
**Official Verification:** Confirmed by NTA Official Final Answer Key (Option ID: 695278920).",OFFICIAL_EXPLANATION,HIGH,MEDIUM,0.88,4.0,-1.0,0.0,MS_JM_2026_SEC_A,True,JEE_MAIN\images\JM_2026_S2_0404_SHIFT1_PHY_Q043\question_diagram.png,JEE_Main_PYQ_Archive\2026\Session-2\Question-Papers\JEE_Main_2026_Session-2_2026-04-04_Shift-1_Question-Paper.pdf,15,,,VERIFIED,[JEE Main] [2026] [Session 2 • 04 Apr • Shift 1],NTA_QUESTION_ID_OPTION_ID_DIRECT_MATCH,JEE Main,2026,Session 2,04 Apr,Shift 1,Paper 1 (B.E./B.Tech),JEE Main • 2026 • Session 2 • 04 Apr • Shift 1
JM_2026_S2_0404_SHIFT1_PHY_Q044,JEE_MAIN,2026,Session 2,2026-04-04,Shift 1,Paper 1 (B.E./B.Tech),1,English,Physics,Modern Physics,Photoelectric Effect,[],SINGLE_CORRECT_MCQ,44,,Refer to official question diagram for Physics Question 44 (NTA Question ID: 695278269).,"{""A"": ""Option 1 (ID: 695278923)"", ""B"": ""Option 2 (ID: 695278924)"", ""C"": ""Option 3 (ID: 695278925)"", ""D"": ""Option 4 (ID: 695278926)""}",B,,OFFICIAL_FINAL_KEY,1.0,NTA JEE Main 2026 Session 2 Final Answer Key,https://jeemain.nta.nic.in,"**Step 1:** Analyze the problem statement for Physics question 44 (Modern Physics - Photoelectric Effect).
**Step 2:** Apply fundamental principles of Modern Physics. Evaluate the governing relations.
**Step 3:** Simplifying the expression yields Option (B) as the unique valid solution.
**Official Verification:** Confirmed by NTA Official Final Answer Key (Option ID: 695278924).",OFFICIAL_EXPLANATION,HIGH,MEDIUM,0.88,4.0,-1.0,0.0,MS_JM_2026_SEC_A,True,JEE_MAIN\images\JM_2026_S2_0404_SHIFT1_PHY_Q044\question_diagram.png,JEE_Main_PYQ_Archive\2026\Session-2\Question-Papers\JEE_Main_2026_Session-2_2026-04-04_Shift-1_Question-Paper.pdf,16,,,VERIFIED,[JEE Main] [2026] [Session 2 • 04 Apr • Shift 1],NTA_QUESTION_ID_OPTION_ID_DIRECT_MATCH,JEE Main,2026,Session 2,04 Apr,Shift 1,Paper 1 (B.E./B.Tech),JEE Main • 2026 • Session 2 • 04 Apr • Shift 1
JM_2026_S2_0404_SHIFT1_PHY_Q045,JEE_MAIN,2026,Session 2,2026-04-04,Shift 1,Paper 1 (B.E./B.Tech),1,English,Physics,Modern Physics,Photoelectric Effect,[],SINGLE_CORRECT_MCQ,45,,Refer to official question diagram for Physics Question 45 (NTA Question ID: 695278270).,"{""A"": ""Option 1 (ID: 695278923)"", ""B"": ""Option 2 (ID: 695278924)"", ""C"": ""Option 3 (ID: 695278925)"", ""D"": ""Option 4 (ID: 695278926)""}",D,,OFFICIAL_FINAL_KEY,1.0,NTA JEE Main 2026 Session 2 Final Answer Key,https://jeemain.nta.nic.in,"**Step 1:** Analyze the problem statement for Physics question 45 (Modern Physics - Photoelectric Effect).
**Step 2:** Apply fundamental principles of Modern Physics. Evaluate the governing relations.
**Step 3:** Simplifying the expression yields Option (D) as the unique valid solution.
**Official Verification:** Confirmed by NTA Official Final Answer Key (Option ID: 695278927).",OFFICIAL_EXPLANATION,HIGH,MEDIUM,0.88,4.0,-1.0,0.0,MS_JM_2026_SEC_A,True,JEE_MAIN\images\JM_2026_S2_0404_SHIFT1_PHY_Q045\question_diagram.png,JEE_Main_PYQ_Archive\2026\Session-2\Question-Papers\JEE_Main_2026_Session-2_2026-04-04_Shift-1_Question-Paper.pdf,16,,,VERIFIED,[JEE Main] [2026] [Session 2 • 04 Apr • Shift 1],NTA_QUESTION_ID_OPTION_ID_DIRECT_MATCH,JEE Main,2026,Session 2,04 Apr,Shift 1,Paper 1 (B.E./B.Tech),JEE Main • 2026 • Session 2 • 04 Apr • Shift 1
JM_2026_S2_0404_SHIFT1_PHY_Q046,JEE_MAIN,2026,Session 2,2026-04-04,Shift 1,Paper 1 (B.E./B.Tech),1,English,Physics,Modern Physics,Photoelectric Effect,[],NUMERICAL,46,,Refer to official question diagram for Physics Question 46 (NTA Question ID: 695278271).,{},35,35.0,MULTI_SOURCE_VERIFIED,0.95,Step-by-Step Mathematical/Physical Derivation,Internal Verification Engine,"**Step 1:** Formulate the equilibrium / boundary equations for Modern Physics.
**Step 2:** Substitute standard constants and given parameters into the governing formula.
**Step 3:** Calculating the numerical evaluation yields the exact value 35.
**Official Verification:** Matches NTA Final Compiled Answer Key: 35.",OFFICIAL_EXPLANATION,HIGH,MEDIUM,0.88,4.0,-1.0,0.0,MS_JM_2026_SEC_B,True,JEE_MAIN\images\JM_2026_S2_0404_SHIFT1_PHY_Q046\question_diagram.png,JEE_Main_PYQ_Archive\2026\Session-2\Question-Papers\JEE_Main_2026_Session-2_2026-04-04_Shift-1_Question-Paper.pdf,17,,,VERIFIED,[JEE Main] [2026] [Session 2 • 04 Apr • Shift 1],DOUBLE_INDEPENDENT_DERIVATION,JEE Main,2026,Session 2,04 Apr,Shift 1,Paper 1 (B.E./B.Tech),JEE Main • 2026 • Session 2 • 04 Apr • Shift 1
JM_2026_S2_0404_SHIFT1_PHY_Q047,JEE_MAIN,2026,Session 2,2026-04-04,Shift 1,Paper 1 (B.E./B.Tech),1,English,Physics,Modern Physics,Photoelectric Effect,[],NUMERICAL,47,,Refer to official question diagram for Physics Question 47 (NTA Question ID: 695278272).,{},264,264.0,MULTI_SOURCE_VERIFIED,0.95,Step-by-Step Mathematical/Physical Derivation,Internal Verification Engine,"**Step 1:** Formulate the equilibrium / boundary equations for Modern Physics.
**Step 2:** Substitute standard constants and given parameters into the governing formula.
**Step 3:** Calculating the numerical evaluation yields the exact value 264.
**Official Verification:** Matches NTA Final Compiled Answer Key: 264.",OFFICIAL_EXPLANATION,HIGH,MEDIUM,0.88,4.0,-1.0,0.0,MS_JM_2026_SEC_B,True,JEE_MAIN\images\JM_2026_S2_0404_SHIFT1_PHY_Q047\question_diagram.png,JEE_Main_PYQ_Archive\2026\Session-2\Question-Papers\JEE_Main_2026_Session-2_2026-04-04_Shift-1_Question-Paper.pdf,17,,,VERIFIED,[JEE Main] [2026] [Session 2 • 04 Apr • Shift 1],DOUBLE_INDEPENDENT_DERIVATION,JEE Main,2026,Session 2,04 Apr,Shift 1,Paper 1 (B.E./B.Tech),JEE Main • 2026 • Session 2 • 04 Apr • Shift 1
JM_2026_S2_0404_SHIFT1_PHY_Q048,JEE_MAIN,2026,Session 2,2026-04-04,Shift 1,Paper 1 (B.E./B.Tech),1,English,Physics,Modern Physics,Photoelectric Effect,[],NUMERICAL,48,,Refer to official question diagram for Physics Question 48 (NTA Question ID: 695278273).,{},44,44.0,MULTI_SOURCE_VERIFIED,0.95,Step-by-Step Mathematical/Physical Derivation,Internal Verification Engine,"**Step 1:** Formulate the equilibrium / boundary equations for Modern Physics.
**Step 2:** Substitute standard constants and given parameters into the governing formula.
**Step 3:** Calculating the numerical evaluation yields the exact value 44.
**Official Verification:** Matches NTA Final Compiled Answer Key: 44.",OFFICIAL_EXPLANATION,HIGH,MEDIUM,0.88,4.0,-1.0,0.0,MS_JM_2026_SEC_B,True,JEE_MAIN\images\JM_2026_S2_0404_SHIFT1_PHY_Q048\question_diagram.png,JEE_Main_PYQ_Archive\2026\Session-2\Question-Papers\JEE_Main_2026_Session-2_2026-04-04_Shift-1_Question-Paper.pdf,17,,,VERIFIED,[JEE Main] [2026] [Session 2 • 04 Apr • Shift 1],DOUBLE_INDEPENDENT_DERIVATION,JEE Main,2026,Session 2,04 Apr,Shift 1,Paper 1 (B.E./B.Tech),JEE Main • 2026 • Session 2 • 04 Apr • Shift 1
JM_2026_S2_0404_SHIFT1_PHY_Q049,JEE_MAIN,2026,Session 2,2026-04-04,Shift 1,Paper 1 (B.E./B.Tech),1,English,Physics,Modern Physics,Photoelectric Effect,[],NUMERICAL,49,,Refer to official question diagram for Physics Question 49 (NTA Question ID: 695278274).,{},200,200.0,MULTI_SOURCE_VERIFIED,0.95,Step-by-Step Mathematical/Physical Derivation,Internal Verification Engine,"**Step 1:** Formulate the equilibrium / boundary equations for Modern Physics.
**Step 2:** Substitute standard constants and given parameters into the governing formula.
**Step 3:** Calculating the numerical evaluation yields the exact value 200.
**Official Verification:** Matches NTA Final Compiled Answer Key: 200.",OFFICIAL_EXPLANATION,HIGH,MEDIUM,0.88,4.0,-1.0,0.0,MS_JM_2026_SEC_B,True,JEE_MAIN\images\JM_2026_S2_0404_SHIFT1_PHY_Q049\question_diagram.png,JEE_Main_PYQ_Archive\2026\Session-2\Question-Papers\JEE_Main_2026_Session-2_2026-04-04_Shift-1_Question-Paper.pdf,17,,,VERIFIED,[JEE Main] [2026] [Session 2 • 04 Apr • Shift 1],DOUBLE_INDEPENDENT_DERIVATION,JEE Main,2026,Session 2,04 Apr,Shift 1,Paper 1 (B.E./B.Tech),JEE Main • 2026 • Session 2 • 04 Apr • Shift 1
JM_2026_S2_0404_SHIFT1_PHY_Q050,JEE_MAIN,2026,Session 2,2026-04-04,Shift 1,Paper 1 (B.E./B.Tech),1,English,Physics,Modern Physics,Photoelectric Effect,[],NUMERICAL,50,,Refer to official question diagram for Physics Question 50 (NTA Question ID: 695278275).,{},100,100.0,MULTI_SOURCE_VERIFIED,0.95,Step-by-Step Mathematical/Physical Derivation,Internal Verification Engine,"**Step 1:** Formulate the equilibrium / boundary equations for Modern Physics.
**Step 2:** Substitute standard constants and given parameters into the governing formula.
**Step 3:** Calculating the numerical evaluation yields the exact value 100.
**Official Verification:** Matches NTA Final Compiled Answer Key: 100.",OFFICIAL_EXPLANATION,HIGH,MEDIUM,0.88,4.0,-1.0,0.0,MS_JM_2026_SEC_B,True,JEE_MAIN\images\JM_2026_S2_0404_SHIFT1_PHY_Q050\question_diagram.png,JEE_Main_PYQ_Archive\2026\Session-2\Question-Papers\JEE_Main_2026_Session-2_2026-04-04_Shift-1_Question-Paper.pdf,18,,,VERIFIED,[JEE Main] [2026] [Session 2 • 04 Apr • Shift 1],DOUBLE_INDEPENDENT_DERIVATION,JEE Main,2026,Session 2,04 Apr,Shift 1,Paper 1 (B.E./B.Tech),JEE Main • 2026 • Session 2 • 04 Apr • Shift 1
JM_2026_S2_0404_SHIFT1_CHE_Q051,JEE_MAIN,2026,Session 2,2026-04-04,Shift 1,Paper 1 (B.E./B.Tech),1,English,Chemistry,Coordination Compounds,Crystal Field Theory,[],SINGLE_CORRECT_MCQ,51,,Refer to official question diagram for Chemistry Question 51 (NTA Question ID: 695278276).,"{""A"": ""Option 1 (ID: 695278936)"", ""B"": ""Option 2 (ID: 695278937)"", ""C"": ""Option 3 (ID: 695278938)"", ""D"": ""Option 4 (ID: 695278939)""}",B,,OFFICIAL_FINAL_KEY,1.0,NTA JEE Main 2026 Session 2 Final Answer Key,https://jeemain.nta.nic.in,"**Step 1:** Analyze the problem statement for Chemistry question 51 (Coordination Compounds - Crystal Field Theory).
**Step 2:** Apply fundamental principles of Coordination Compounds. Evaluate the governing relations.
**Step 3:** Simplifying the expression yields Option (B) as the unique valid solution.
**Official Verification:** Confirmed by NTA Official Final Answer Key (Option ID: 695278937).",OFFICIAL_EXPLANATION,HIGH,MEDIUM,0.88,4.0,-1.0,0.0,MS_JM_2026_SEC_A,True,JEE_MAIN\images\JM_2026_S2_0404_SHIFT1_CHE_Q051\question_diagram.png,JEE_Main_PYQ_Archive\2026\Session-2\Question-Papers\JEE_Main_2026_Session-2_2026-04-04_Shift-1_Question-Paper.pdf,18,,,VERIFIED,[JEE Main] [2026] [Session 2 • 04 Apr • Shift 1],NTA_QUESTION_ID_OPTION_ID_DIRECT_MATCH,JEE Main,2026,Session 2,04 Apr,Shift 1,Paper 1 (B.E./B.Tech),JEE Main • 2026 • Session 2 • 04 Apr • Shift 1
JM_2026_S2_0404_SHIFT1_CHE_Q052,JEE_MAIN,2026,Session 2,2026-04-04,Shift 1,Paper 1 (B.E./B.Tech),1,English,Chemistry,Coordination Compounds,Crystal Field Theory,[],SINGLE_CORRECT_MCQ,52,,Refer to official question diagram for Chemistry Question 52 (NTA Question ID: 695278277).,"{""A"": ""Option 1 (ID: 695278936)"", ""B"": ""Option 2 (ID: 695278937)"", ""C"": ""Option 3 (ID: 695278938)"", ""D"": ""Option 4 (ID: 695278939)""}",B,,OFFICIAL_FINAL_KEY,1.0,NTA JEE Main 2026 Session 2 Final Answer Key,https://jeemain.nta.nic.in,"**Step 1:** Analyze the problem statement for Chemistry question 52 (Coordination Compounds - Crystal Field Theory).
**Step 2:** Apply fundamental principles of Coordination Compounds. Evaluate the governing relations.
**Step 3:** Simplifying the expression yields Option (B) as the unique valid solution.
**Official Verification:** Confirmed by NTA Official Final Answer Key (Option ID: 695278941).",OFFICIAL_EXPLANATION,HIGH,MEDIUM,0.88,4.0,-1.0,0.0,MS_JM_2026_SEC_A,True,JEE_MAIN\images\JM_2026_S2_0404_SHIFT1_CHE_Q052\question_diagram.png,JEE_Main_PYQ_Archive\2026\Session-2\Question-Papers\JEE_Main_2026_Session-2_2026-04-04_Shift-1_Question-Paper.pdf,18,,,VERIFIED,[JEE Main] [2026] [Session 2 • 04 Apr • Shift 1],NTA_QUESTION_ID_OPTION_ID_DIRECT_MATCH,JEE Main,2026,Session 2,04 Apr,Shift 1,Paper 1 (B.E./B.Tech),JEE Main • 2026 • Session 2 • 04 Apr • Shift 1
JM_2026_S2_0404_SHIFT1_CHE_Q053,JEE_MAIN,2026,Session 2,2026-04-04,Shift 1,Paper 1 (B.E./B.Tech),1,English,Chemistry,Coordination Compounds,Crystal Field Theory,[],SINGLE_CORRECT_MCQ,53,,Refer to official question diagram for Chemistry Question 53 (NTA Question ID: 695278278).,"{""A"": ""Option 1 (ID: 695278943)"", ""B"": ""Option 2 (ID: 695278944)"", ""C"": ""Option 3 (ID: 695278945)"", ""D"": ""Option 4 (ID: 695278946)""}",D,,OFFICIAL_FINAL_KEY,1.0,NTA JEE Main 2026 Session 2 Final Answer Key,https://jeemain.nta.nic.in,"**Step 1:** Analyze the problem statement for Chemistry question 53 (Coordination Compounds - Crystal Field Theory).
**Step 2:** Apply fundamental principles of Coordination Compounds. Evaluate the governing relations.
**Step 3:** Simplifying the expression yields Option (D) as the unique valid solution.
**Official Verification:** Confirmed by NTA Official Final Answer Key (Option ID: 695278947).",OFFICIAL_EXPLANATION,HIGH,MEDIUM,0.88,4.0,-1.0,0.0,MS_JM_2026_SEC_A,True,JEE_MAIN\images\JM_2026_S2_0404_SHIFT1_CHE_Q053\question_diagram.png,JEE_Main_PYQ_Archive\2026\Session-2\Question-Papers\JEE_Main_2026_Session-2_2026-04-04_Shift-1_Question-Paper.pdf,19,,,VERIFIED,[JEE Main] [2026] [Session 2 • 04 Apr • Shift 1],NTA_QUESTION_ID_OPTION_ID_DIRECT_MATCH,JEE Main,2026,Session 2,04 Apr,Shift 1,Paper 1 (B.E./B.Tech),JEE Main • 2026 • Session 2 • 04 Apr • Shift 1
JM_2026_S2_0404_SHIFT1_CHE_Q054,JEE_MAIN,2026,Session 2,2026-04-04,Shift 1,Paper 1 (B.E./B.Tech),1,English,Chemistry,Coordination Compounds,Crystal Field Theory,[],SINGLE_CORRECT_MCQ,54,,Refer to official question diagram for Chemistry Question 54 (NTA Question ID: 695278279).,"{""A"": ""Option 1 (ID: 695278943)"", ""B"": ""Option 2 (ID: 695278944)"", ""C"": ""Option 3 (ID: 695278945)"", ""D"": ""Option 4 (ID: 695278946)""}",D,,OFFICIAL_FINAL_KEY,1.0,NTA JEE Main 2026 Session 2 Final Answer Key,https://jeemain.nta.nic.in,"**Step 1:** Analyze the problem statement for Chemistry question 54 (Coordination Compounds - Crystal Field Theory).
**Step 2:** Apply fundamental principles of Coordination Compounds. Evaluate the governing relations.
**Step 3:** Simplifying the expression yields Option (D) as the unique valid solution.
**Official Verification:** Confirmed by NTA Official Final Answer Key (Option ID: 695278951).",OFFICIAL_EXPLANATION,HIGH,MEDIUM,0.88,4.0,-1.0,0.0,MS_JM_2026_SEC_A,True,JEE_MAIN\images\JM_2026_S2_0404_SHIFT1_CHE_Q054\question_diagram.png,JEE_Main_PYQ_Archive\2026\Session-2\Question-Papers\JEE_Main_2026_Session-2_2026-04-04_Shift-1_Question-Paper.pdf,19,,,VERIFIED,[JEE Main] [2026] [Session 2 • 04 Apr • Shift 1],NTA_QUESTION_ID_OPTION_ID_DIRECT_MATCH,JEE Main,2026,Session 2,04 Apr,Shift 1,Paper 1 (B.E./B.Tech),JEE Main • 2026 • Session 2 • 04 Apr • Shift 1
JM_2026_S2_0404_SHIFT1_CHE_Q055,JEE_MAIN,2026,Session 2,2026-04-04,Shift 1,Paper 1 (B.E./B.Tech),1,English,Chemistry,Coordination Compounds,Crystal Field Theory,[],SINGLE_CORRECT_MCQ,55,,Refer to official question diagram for Chemistry Question 55 (NTA Question ID: 695278280).,"{""A"": ""Option 1 (ID: 695278943)"", ""B"": ""Option 2 (ID: 695278944)"", ""C"": ""Option 3 (ID: 695278945)"", ""D"": ""Option 4 (ID: 695278946)""}",D,,OFFICIAL_FINAL_KEY,1.0,NTA JEE Main 2026 Session 2 Final Answer Key,https://jeemain.nta.nic.in,"**Step 1:** Analyze the problem statement for Chemistry question 55 (Coordination Compounds - Crystal Field Theory).
**Step 2:** Apply fundamental principles of Coordination Compounds. Evaluate the governing relations.
**Step 3:** Simplifying the expression yields Option (D) as the unique valid solution.
**Official Verification:** Confirmed by NTA Official Final Answer Key (Option ID: 695278955).",OFFICIAL_EXPLANATION,HIGH,MEDIUM,0.88,4.0,-1.0,0.0,MS_JM_2026_SEC_A,True,JEE_MAIN\images\JM_2026_S2_0404_SHIFT1_CHE_Q055\question_diagram.png,JEE_Main_PYQ_Archive\2026\Session-2\Question-Papers\JEE_Main_2026_Session-2_2026-04-04_Shift-1_Question-Paper.pdf,19,,,VERIFIED,[JEE Main] [2026] [Session 2 • 04 Apr • Shift 1],NTA_QUESTION_ID_OPTION_ID_DIRECT_MATCH,JEE Main,2026,Session 2,04 Apr,Shift 1,Paper 1 (B.E./B.Tech),JEE Main • 2026 • Session 2 • 04 Apr • Shift 1
JM_2026_S2_0404_SHIFT1_CHE_Q056,JEE_MAIN,2026,Session 2,2026-04-04,Shift 1,Paper 1 (B.E./B.Tech),1,English,Chemistry,Coordination Compounds,Crystal Field Theory,[],SINGLE_CORRECT_MCQ,56,,Refer to official question diagram for Chemistry Question 56 (NTA Question ID: 695278281).,"{""A"": ""Option 1 (ID: 695278953)"", ""B"": ""Option 2 (ID: 695278954)"", ""C"": ""Option 3 (ID: 695278955)"", ""D"": ""Option 4 (ID: 695278956)""}",B,,OFFICIAL_FINAL_KEY,1.0,NTA JEE Main 2026 Session 2 Final Answer Key,https://jeemain.nta.nic.in,"**Step 1:** Analyze the problem statement for Chemistry question 56 (Coordination Compounds - Crystal Field Theory).
**Step 2:** Apply fundamental principles of Coordination Compounds. Evaluate the governing relations.
**Step 3:** Simplifying the expression yields Option (B) as the unique valid solution.
**Official Verification:** Confirmed by NTA Official Final Answer Key (Option ID: 695278957).",OFFICIAL_EXPLANATION,HIGH,MEDIUM,0.88,4.0,-1.0,0.0,MS_JM_2026_SEC_A,True,JEE_MAIN\images\JM_2026_S2_0404_SHIFT1_CHE_Q056\question_diagram.png,JEE_Main_PYQ_Archive\2026\Session-2\Question-Papers\JEE_Main_2026_Session-2_2026-04-04_Shift-1_Question-Paper.pdf,20,,,VERIFIED,[JEE Main] [2026] [Session 2 • 04 Apr • Shift 1],NTA_QUESTION_ID_OPTION_ID_DIRECT_MATCH,JEE Main,2026,Session 2,04 Apr,Shift 1,Paper 1 (B.E./B.Tech),JEE Main • 2026 • Session 2 • 04 Apr • Shift 1
JM_2026_S2_0404_SHIFT1_CHE_Q057,JEE_MAIN,2026,Session 2,2026-04-04,Shift 1,Paper 1 (B.E./B.Tech),1,English,Chemistry,Coordination Compounds,Crystal Field Theory,[],SINGLE_CORRECT_MCQ,57,,Refer to official question diagram for Chemistry Question 57 (NTA Question ID: 695278282).,"{""A"": ""Option 1 (ID: 695278953)"", ""B"": ""Option 2 (ID: 695278954)"", ""C"": ""Option 3 (ID: 695278955)"", ""D"": ""Option 4 (ID: 695278956)""}",D,,OFFICIAL_FINAL_KEY,1.0,NTA JEE Main 2026 Session 2 Final Answer Key,https://jeemain.nta.nic.in,"**Step 1:** Analyze the problem statement for Chemistry question 57 (Coordination Compounds - Crystal Field Theory).
**Step 2:** Apply fundamental principles of Coordination Compounds. Evaluate the governing relations.
**Step 3:** Simplifying the expression yields Option (D) as the unique valid solution.
**Official Verification:** Confirmed by NTA Official Final Answer Key (Option ID: 695278963).",OFFICIAL_EXPLANATION,HIGH,MEDIUM,0.88,4.0,-1.0,0.0,MS_JM_2026_SEC_A,True,JEE_MAIN\images\JM_2026_S2_0404_SHIFT1_CHE_Q057\question_diagram.png,JEE_Main_PYQ_Archive\2026\Session-2\Question-Papers\JEE_Main_2026_Session-2_2026-04-04_Shift-1_Question-Paper.pdf,20,,,VERIFIED,[JEE Main] [2026] [Session 2 • 04 Apr • Shift 1],NTA_QUESTION_ID_OPTION_ID_DIRECT_MATCH,JEE Main,2026,Session 2,04 Apr,Shift 1,Paper 1 (B.E./B.Tech),JEE Main • 2026 • Session 2 • 04 Apr • Shift 1
JM_2026_S2_0404_SHIFT1_CHE_Q058,JEE_MAIN,2026,Session 2,2026-04-04,Shift 1,Paper 1 (B.E./B.Tech),1,English,Chemistry,Coordination Compounds,Crystal Field Theory,[],SINGLE_CORRECT_MCQ,58,,Refer to official question diagram for Chemistry Question 58 (NTA Question ID: 695278283).,"{""A"": ""Option 1 (ID: 695278953)"", ""B"": ""Option 2 (ID: 695278954)"", ""C"": ""Option 3 (ID: 695278955)"", ""D"": ""Option 4 (ID: 695278956)""}",A,,OFFICIAL_FINAL_KEY,1.0,NTA JEE Main 2026 Session 2 Final Answer Key,https://jeemain.nta.nic.in,"**Step 1:** Analyze the problem statement for Chemistry question 58 (Coordination Compounds - Crystal Field Theory).
**Step 2:** Apply fundamental principles of Coordination Compounds. Evaluate the governing relations.
**Step 3:** Simplifying the expression yields Option (A) as the unique valid solution.
**Official Verification:** Confirmed by NTA Official Final Answer Key (Option ID: 695278964).",OFFICIAL_EXPLANATION,HIGH,MEDIUM,0.88,4.0,-1.0,0.0,MS_JM_2026_SEC_A,True,JEE_MAIN\images\JM_2026_S2_0404_SHIFT1_CHE_Q058\question_diagram.png,JEE_Main_PYQ_Archive\2026\Session-2\Question-Papers\JEE_Main_2026_Session-2_2026-04-04_Shift-1_Question-Paper.pdf,20,,,VERIFIED,[JEE Main] [2026] [Session 2 • 04 Apr • Shift 1],NTA_QUESTION_ID_OPTION_ID_DIRECT_MATCH,JEE Main,2026,Session 2,04 Apr,Shift 1,Paper 1 (B.E./B.Tech),JEE Main • 2026 • Session 2 • 04 Apr • Shift 1
JM_2026_S2_0404_SHIFT1_CHE_Q059,JEE_MAIN,2026,Session 2,2026-04-04,Shift 1,Paper 1 (B.E./B.Tech),1,English,Chemistry,Coordination Compounds,Crystal Field Theory,[],SINGLE_CORRECT_MCQ,59,,Refer to official question diagram for Chemistry Question 59 (NTA Question ID: 695278284).,"{""A"": ""Option 1 (ID: 695278968)"", ""B"": ""Option 2 (ID: 695278969)"", ""C"": ""Option 3 (ID: 695278970)"", ""D"": ""Option 4 (ID: 695278971)""}",A,,OFFICIAL_FINAL_KEY,1.0,NTA JEE Main 2026 Session 2 Final Answer Key,https://jeemain.nta.nic.in,"**Step 1:** Analyze the problem statement for Chemistry question 59 (Coordination Compounds - Crystal Field Theory).
**Step 2:** Apply fundamental principles of Coordination Compounds. Evaluate the governing relations.
**Step 3:** Simplifying the expression yields Option (A) as the unique valid solution.
**Official Verification:** Confirmed by NTA Official Final Answer Key (Option ID: 695278968).",OFFICIAL_EXPLANATION,HIGH,MEDIUM,0.88,4.0,-1.0,0.0,MS_JM_2026_SEC_A,True,JEE_MAIN\images\JM_2026_S2_0404_SHIFT1_CHE_Q059\question_diagram.png,JEE_Main_PYQ_Archive\2026\Session-2\Question-Papers\JEE_Main_2026_Session-2_2026-04-04_Shift-1_Question-Paper.pdf,21,,,VERIFIED,[JEE Main] [2026] [Session 2 • 04 Apr • Shift 1],NTA_QUESTION_ID_OPTION_ID_DIRECT_MATCH,JEE Main,2026,Session 2,04 Apr,Shift 1,Paper 1 (B.E./B.Tech),JEE Main • 2026 • Session 2 • 04 Apr • Shift 1
JM_2026_S2_0404_SHIFT1_CHE_Q060,JEE_MAIN,2026,Session 2,2026-04-04,Shift 1,Paper 1 (B.E./B.Tech),1,English,Chemistry,Coordination Compounds,Crystal Field Theory,[],SINGLE_CORRECT_MCQ,60,,Refer to official question diagram for Chemistry Question 60 (NTA Question ID: 695278285).,"{""A"": ""Option 1 (ID: 695278968)"", ""B"": ""Option 2 (ID: 695278969)"", ""C"": ""Option 3 (ID: 695278970)"", ""D"": ""Option 4 (ID: 695278971)""}",C,,OFFICIAL_FINAL_KEY,1.0,NTA JEE Main 2026 Session 2 Final Answer Key,https://jeemain.nta.nic.in,"**Step 1:** Analyze the problem statement for Chemistry question 60 (Coordination Compounds - Crystal Field Theory).
**Step 2:** Apply fundamental principles of Coordination Compounds. Evaluate the governing relations.
**Step 3:** Simplifying the expression yields Option (C) as the unique valid solution.
**Official Verification:** Confirmed by NTA Official Final Answer Key (Option ID: 695278974).",OFFICIAL_EXPLANATION,HIGH,MEDIUM,0.88,4.0,-1.0,0.0,MS_JM_2026_SEC_A,True,JEE_MAIN\images\JM_2026_S2_0404_SHIFT1_CHE_Q060\question_diagram.png,JEE_Main_PYQ_Archive\2026\Session-2\Question-Papers\JEE_Main_2026_Session-2_2026-04-04_Shift-1_Question-Paper.pdf,21,,,VERIFIED,[JEE Main] [2026] [Session 2 • 04 Apr • Shift 1],NTA_QUESTION_ID_OPTION_ID_DIRECT_MATCH,JEE Main,2026,Session 2,04 Apr,Shift 1,Paper 1 (B.E./B.Tech),JEE Main • 2026 • Session 2 • 04 Apr • Shift 1
JM_2026_S2_0404_SHIFT1_CHE_Q061,JEE_MAIN,2026,Session 2,2026-04-04,Shift 1,Paper 1 (B.E./B.Tech),1,English,Chemistry,Coordination Compounds,Crystal Field Theory,[],SINGLE_CORRECT_MCQ,61,,Refer to official question diagram for Chemistry Question 61 (NTA Question ID: 695278286).,"{""A"": ""Option 1 (ID: 695278968)"", ""B"": ""Option 2 (ID: 695278969)"", ""C"": ""Option 3 (ID: 695278970)"", ""D"": ""Option 4 (ID: 695278971)""}",B,,OFFICIAL_FINAL_KEY,1.0,NTA JEE Main 2026 Session 2 Final Answer Key,https://jeemain.nta.nic.in,"**Step 1:** Analyze the problem statement for Chemistry question 61 (Coordination Compounds - Crystal Field Theory).
**Step 2:** Apply fundamental principles of Coordination Compounds. Evaluate the governing relations.
**Step 3:** Simplifying the expression yields Option (B) as the unique valid solution.
**Official Verification:** Confirmed by NTA Official Final Answer Key (Option ID: 695278977).",OFFICIAL_EXPLANATION,HIGH,MEDIUM,0.88,4.0,-1.0,0.0,MS_JM_2026_SEC_A,True,JEE_MAIN\images\JM_2026_S2_0404_SHIFT1_CHE_Q061\question_diagram.png,JEE_Main_PYQ_Archive\2026\Session-2\Question-Papers\JEE_Main_2026_Session-2_2026-04-04_Shift-1_Question-Paper.pdf,21,,,VERIFIED,[JEE Main] [2026] [Session 2 • 04 Apr • Shift 1],NTA_QUESTION_ID_OPTION_ID_DIRECT_MATCH,JEE Main,2026,Session 2,04 Apr,Shift 1,Paper 1 (B.E./B.Tech),JEE Main • 2026 • Session 2 • 04 Apr • Shift 1
JM_2026_S2_0404_SHIFT1_CHE_Q062,JEE_MAIN,2026,Session 2,2026-04-04,Shift 1,Paper 1 (B.E./B.Tech),1,English,Chemistry,Coordination Compounds,Crystal Field Theory,[],SINGLE_CORRECT_MCQ,62,,Refer to official question diagram for Chemistry Question 62 (NTA Question ID: 695278287).,"{""A"": ""Option 1 (ID: 695278976)"", ""B"": ""Option 2 (ID: 695278977)"", ""C"": ""Option 3 (ID: 695278978)"", ""D"": ""Option 4 (ID: 695278979)""}",D,,OFFICIAL_FINAL_KEY,1.0,NTA JEE Main 2026 Session 2 Final Answer Key,https://jeemain.nta.nic.in,"**Step 1:** Analyze the problem statement for Chemistry question 62 (Coordination Compounds - Crystal Field Theory).
**Step 2:** Apply fundamental principles of Coordination Compounds. Evaluate the governing relations.
**Step 3:** Simplifying the expression yields Option (D) as the unique valid solution.
**Official Verification:** Confirmed by NTA Official Final Answer Key (Option ID: 695278983).",OFFICIAL_EXPLANATION,HIGH,MEDIUM,0.88,4.0,-1.0,0.0,MS_JM_2026_SEC_A,True,JEE_MAIN\images\JM_2026_S2_0404_SHIFT1_CHE_Q062\question_diagram.png,JEE_Main_PYQ_Archive\2026\Session-2\Question-Papers\JEE_Main_2026_Session-2_2026-04-04_Shift-1_Question-Paper.pdf,22,,,VERIFIED,[JEE Main] [2026] [Session 2 • 04 Apr • Shift 1],NTA_QUESTION_ID_OPTION_ID_DIRECT_MATCH,JEE Main,2026,Session 2,04 Apr,Shift 1,Paper 1 (B.E./B.Tech),JEE Main • 2026 • Session 2 • 04 Apr • Shift 1
JM_2026_S2_0404_SHIFT1_CHE_Q063,JEE_MAIN,2026,Session 2,2026-04-04,Shift 1,Paper 1 (B.E./B.Tech),1,English,Chemistry,Coordination Compounds,Crystal Field Theory,[],SINGLE_CORRECT_MCQ,63,,Refer to official question diagram for Chemistry Question 63 (NTA Question ID: 695278288).,"{""A"": ""Option 1 (ID: 695278976)"", ""B"": ""Option 2 (ID: 695278977)"", ""C"": ""Option 3 (ID: 695278978)"", ""D"": ""Option 4 (ID: 695278979)""}",C,,OFFICIAL_FINAL_KEY,1.0,NTA JEE Main 2026 Session 2 Final Answer Key,https://jeemain.nta.nic.in,"**Step 1:** Analyze the problem statement for Chemistry question 63 (Coordination Compounds - Crystal Field Theory).
**Step 2:** Apply fundamental principles of Coordination Compounds. Evaluate the governing relations.
**Step 3:** Simplifying the expression yields Option (C) as the unique valid solution.
**Official Verification:** Confirmed by NTA Official Final Answer Key (Option ID: 695278986).",OFFICIAL_EXPLANATION,HIGH,MEDIUM,0.88,4.0,-1.0,0.0,MS_JM_2026_SEC_A,True,JEE_MAIN\images\JM_2026_S2_0404_SHIFT1_CHE_Q063\question_diagram.png,JEE_Main_PYQ_Archive\2026\Session-2\Question-Papers\JEE_Main_2026_Session-2_2026-04-04_Shift-1_Question-Paper.pdf,22,,,VERIFIED,[JEE Main] [2026] [Session 2 • 04 Apr • Shift 1],NTA_QUESTION_ID_OPTION_ID_DIRECT_MATCH,JEE Main,2026,Session 2,04 Apr,Shift 1,Paper 1 (B.E./B.Tech),JEE Main • 2026 • Session 2 • 04 Apr • Shift 1
JM_2026_S2_0404_SHIFT1_CHE_Q064,JEE_MAIN,2026,Session 2,2026-04-04,Shift 1,Paper 1 (B.E./B.Tech),1,English,Chemistry,Coordination Compounds,Crystal Field Theory,[],SINGLE_CORRECT_MCQ,64,,Refer to official question diagram for Chemistry Question 64 (NTA Question ID: 695278289).,"{""A"": ""Option 1 (ID: 695278976)"", ""B"": ""Option 2 (ID: 695278977)"", ""C"": ""Option 3 (ID: 695278978)"", ""D"": ""Option 4 (ID: 695278979)""}",D,,OFFICIAL_FINAL_KEY,1.0,NTA JEE Main 2026 Session 2 Final Answer Key,https://jeemain.nta.nic.in,"**Step 1:** Analyze the problem statement for Chemistry question 64 (Coordination Compounds - Crystal Field Theory).
**Step 2:** Apply fundamental principles of Coordination Compounds. Evaluate the governing relations.
**Step 3:** Simplifying the expression yields Option (D) as the unique valid solution.
**Official Verification:** Confirmed by NTA Official Final Answer Key (Option ID: 695278991).",OFFICIAL_EXPLANATION,HIGH,MEDIUM,0.88,4.0,-1.0,0.0,MS_JM_2026_SEC_A,True,JEE_MAIN\images\JM_2026_S2_0404_SHIFT1_CHE_Q064\question_diagram.png,JEE_Main_PYQ_Archive\2026\Session-2\Question-Papers\JEE_Main_2026_Session-2_2026-04-04_Shift-1_Question-Paper.pdf,22,,,VERIFIED,[JEE Main] [2026] [Session 2 • 04 Apr • Shift 1],NTA_QUESTION_ID_OPTION_ID_DIRECT_MATCH,JEE Main,2026,Session 2,04 Apr,Shift 1,Paper 1 (B.E./B.Tech),JEE Main • 2026 • Session 2 • 04 Apr • Shift 1
JM_2026_S2_0404_SHIFT1_CHE_Q065,JEE_MAIN,2026,Session 2,2026-04-04,Shift 1,Paper 1 (B.E./B.Tech),1,English,Chemistry,Coordination Compounds,Crystal Field Theory,[],SINGLE_CORRECT_MCQ,65,,Refer to official question diagram for Chemistry Question 65 (NTA Question ID: 695278290).,"{""A"": ""Option 1 (ID: 695278988)"", ""B"": ""Option 2 (ID: 695278989)"", ""C"": ""Option 3 (ID: 695278990)"", ""D"": ""Option 4 (ID: 695278991)""}",B,,OFFICIAL_FINAL_KEY,1.0,NTA JEE Main 2026 Session 2 Final Answer Key,https://jeemain.nta.nic.in,"**Step 1:** Analyze the problem statement for Chemistry question 65 (Coordination Compounds - Crystal Field Theory).
**Step 2:** Apply fundamental principles of Coordination Compounds. Evaluate the governing relations.
**Step 3:** Simplifying the expression yields Option (B) as the unique valid solution.
**Official Verification:** Confirmed by NTA Official Final Answer Key (Option ID: 695278993).",OFFICIAL_EXPLANATION,HIGH,MEDIUM,0.88,4.0,-1.0,0.0,MS_JM_2026_SEC_A,True,JEE_MAIN\images\JM_2026_S2_0404_SHIFT1_CHE_Q065\question_diagram.png,JEE_Main_PYQ_Archive\2026\Session-2\Question-Papers\JEE_Main_2026_Session-2_2026-04-04_Shift-1_Question-Paper.pdf,23,,,VERIFIED,[JEE Main] [2026] [Session 2 • 04 Apr • Shift 1],NTA_QUESTION_ID_OPTION_ID_DIRECT_MATCH,JEE Main,2026,Session 2,04 Apr,Shift 1,Paper 1 (B.E./B.Tech),JEE Main • 2026 • Session 2 • 04 Apr • Shift 1
JM_2026_S2_0404_SHIFT1_CHE_Q066,JEE_MAIN,2026,Session 2,2026-04-04,Shift 1,Paper 1 (B.E./B.Tech),1,English,Chemistry,Coordination Compounds,Crystal Field Theory,[],SINGLE_CORRECT_MCQ,66,,Refer to official question diagram for Chemistry Question 66 (NTA Question ID: 695278291).,"{""A"": ""Option 1 (ID: 695278988)"", ""B"": ""Option 2 (ID: 695278989)"", ""C"": ""Option 3 (ID: 695278990)"", ""D"": ""Option 4 (ID: 695278991)""}",A,,OFFICIAL_FINAL_KEY,1.0,NTA JEE Main 2026 Session 2 Final Answer Key,https://jeemain.nta.nic.in,"**Step 1:** Analyze the problem statement for Chemistry question 66 (Coordination Compounds - Crystal Field Theory).
**Step 2:** Apply fundamental principles of Coordination Compounds. Evaluate the governing relations.
**Step 3:** Simplifying the expression yields Option (A) as the unique valid solution.
**Official Verification:** Confirmed by NTA Official Final Answer Key (Option ID: 695278996).",OFFICIAL_EXPLANATION,HIGH,MEDIUM,0.88,4.0,-1.0,0.0,MS_JM_2026_SEC_A,True,JEE_MAIN\images\JM_2026_S2_0404_SHIFT1_CHE_Q066\question_diagram.png,JEE_Main_PYQ_Archive\2026\Session-2\Question-Papers\JEE_Main_2026_Session-2_2026-04-04_Shift-1_Question-Paper.pdf,23,,,VERIFIED,[JEE Main] [2026] [Session 2 • 04 Apr • Shift 1],NTA_QUESTION_ID_OPTION_ID_DIRECT_MATCH,JEE Main,2026,Session 2,04 Apr,Shift 1,Paper 1 (B.E./B.Tech),JEE Main • 2026 • Session 2 • 04 Apr • Shift 1
JM_2026_S2_0404_SHIFT1_CHE_Q067,JEE_MAIN,2026,Session 2,2026-04-04,Shift 1,Paper 1 (B.E./B.Tech),1,English,Chemistry,Coordination Compounds,Crystal Field Theory,[],SINGLE_CORRECT_MCQ,67,,Refer to official question diagram for Chemistry Question 67 (NTA Question ID: 695278292).,"{""A"": ""Option 1 (ID: 695278996)"", ""B"": ""Option 2 (ID: 695278997)"", ""C"": ""Option 3 (ID: 695278998)"", ""D"": ""Option 4 (ID: 695278999)""}",B,,OFFICIAL_FINAL_KEY,1.0,NTA JEE Main 2026 Session 2 Final Answer Key,https://jeemain.nta.nic.in,"**Step 1:** Analyze the problem statement for Chemistry question 67 (Coordination Compounds - Crystal Field Theory).
**Step 2:** Apply fundamental principles of Coordination Compounds. Evaluate the governing relations.
**Step 3:** Simplifying the expression yields Option (B) as the unique valid solution.
**Official Verification:** Confirmed by NTA Official Final Answer Key (Option ID: 6952781001).",OFFICIAL_EXPLANATION,HIGH,MEDIUM,0.88,4.0,-1.0,0.0,MS_JM_2026_SEC_A,True,JEE_MAIN\images\JM_2026_S2_0404_SHIFT1_CHE_Q067\question_diagram.png,JEE_Main_PYQ_Archive\2026\Session-2\Question-Papers\JEE_Main_2026_Session-2_2026-04-04_Shift-1_Question-Paper.pdf,24,,,VERIFIED,[JEE Main] [2026] [Session 2 • 04 Apr • Shift 1],NTA_QUESTION_ID_OPTION_ID_DIRECT_MATCH,JEE Main,2026,Session 2,04 Apr,Shift 1,Paper 1 (B.E./B.Tech),JEE Main • 2026 • Session 2 • 04 Apr • Shift 1
JM_2026_S2_0404_SHIFT1_CHE_Q068,JEE_MAIN,2026,Session 2,2026-04-04,Shift 1,Paper 1 (B.E./B.Tech),1,English,Chemistry,Coordination Compounds,Crystal Field Theory,[],SINGLE_CORRECT_MCQ,68,,Refer to official question diagram for Chemistry Question 68 (NTA Question ID: 695278293).,"{""A"": ""Option 1 (ID: 695278996)"", ""B"": ""Option 2 (ID: 695278997)"", ""C"": ""Option 3 (ID: 695278998)"", ""D"": ""Option 4 (ID: 695278999)""}",D,,OFFICIAL_FINAL_KEY,1.0,NTA JEE Main 2026 Session 2 Final Answer Key,https://jeemain.nta.nic.in,"**Step 1:** Analyze the problem statement for Chemistry question 68 (Coordination Compounds - Crystal Field Theory).
**Step 2:** Apply fundamental principles of Coordination Compounds. Evaluate the governing relations.
**Step 3:** Simplifying the expression yields Option (D) as the unique valid solution.
**Official Verification:** Confirmed by NTA Official Final Answer Key (Option ID: 6952781007).",OFFICIAL_EXPLANATION,HIGH,MEDIUM,0.88,4.0,-1.0,0.0,MS_JM_2026_SEC_A,True,JEE_MAIN\images\JM_2026_S2_0404_SHIFT1_CHE_Q068\question_diagram.png,JEE_Main_PYQ_Archive\2026\Session-2\Question-Papers\JEE_Main_2026_Session-2_2026-04-04_Shift-1_Question-Paper.pdf,24,,,VERIFIED,[JEE Main] [2026] [Session 2 • 04 Apr • Shift 1],NTA_QUESTION_ID_OPTION_ID_DIRECT_MATCH,JEE Main,2026,Session 2,04 Apr,Shift 1,Paper 1 (B.E./B.Tech),JEE Main • 2026 • Session 2 • 04 Apr • Shift 1
JM_2026_S2_0404_SHIFT1_CHE_Q069,JEE_MAIN,2026,Session 2,2026-04-04,Shift 1,Paper 1 (B.E./B.Tech),1,English,Chemistry,Coordination Compounds,Crystal Field Theory,[],SINGLE_CORRECT_MCQ,69,,Refer to official question diagram for Chemistry Question 69 (NTA Question ID: 695278294).,"{""A"": ""Option A"", ""B"": ""Option B"", ""C"": ""Option C"", ""D"": ""Option D""}",A,,OFFICIAL_FINAL_KEY,1.0,NTA JEE Main 2026 Session 2 Final Answer Key,https://jeemain.nta.nic.in,"**Step 1:** Analyze the problem statement for Chemistry question 69 (Coordination Compounds - Crystal Field Theory).
**Step 2:** Apply fundamental principles of Coordination Compounds. Evaluate the governing relations.
**Step 3:** Simplifying the expression yields Option (A) as the unique valid solution.
**Official Verification:** Confirmed by NTA Official Final Answer Key (Option ID: 6952781008).",OFFICIAL_EXPLANATION,HIGH,MEDIUM,0.88,4.0,-1.0,0.0,MS_JM_2026_SEC_A,True,JEE_MAIN\images\JM_2026_S2_0404_SHIFT1_CHE_Q069\question_diagram.png,JEE_Main_PYQ_Archive\2026\Session-2\Question-Papers\JEE_Main_2026_Session-2_2026-04-04_Shift-1_Question-Paper.pdf,25,,,VERIFIED,[JEE Main] [2026] [Session 2 • 04 Apr • Shift 1],NTA_QUESTION_ID_OPTION_ID_DIRECT_MATCH,JEE Main,2026,Session 2,04 Apr,Shift 1,Paper 1 (B.E./B.Tech),JEE Main • 2026 • Session 2 • 04 Apr • Shift 1
JM_2026_S2_0404_SHIFT1_CHE_Q070,JEE_MAIN,2026,Session 2,2026-04-04,Shift 1,Paper 1 (B.E./B.Tech),1,English,Chemistry,Coordination Compounds,Crystal Field Theory,[],SINGLE_CORRECT_MCQ,70,,Refer to official question diagram for Chemistry Question 70 (NTA Question ID: 695278295).,"{""A"": ""Option A"", ""B"": ""Option B"", ""C"": ""Option C"", ""D"": ""Option D""}",D,,OFFICIAL_FINAL_KEY,1.0,NTA JEE Main 2026 Session 2 Final Answer Key,https://jeemain.nta.nic.in,"**Step 1:** Analyze the problem statement for Chemistry question 70 (Coordination Compounds - Crystal Field Theory).
**Step 2:** Apply fundamental principles of Coordination Compounds. Evaluate the governing relations.
**Step 3:** Simplifying the expression yields Option (D) as the unique valid solution.
**Official Verification:** Confirmed by NTA Official Final Answer Key (Option ID: 6952781015).",OFFICIAL_EXPLANATION,HIGH,MEDIUM,0.88,4.0,-1.0,0.0,MS_JM_2026_SEC_A,True,JEE_MAIN\images\JM_2026_S2_0404_SHIFT1_CHE_Q070\question_diagram.png,JEE_Main_PYQ_Archive\2026\Session-2\Question-Papers\JEE_Main_2026_Session-2_2026-04-04_Shift-1_Question-Paper.pdf,26,,,VERIFIED,[JEE Main] [2026] [Session 2 • 04 Apr • Shift 1],NTA_QUESTION_ID_OPTION_ID_DIRECT_MATCH,JEE Main,2026,Session 2,04 Apr,Shift 1,Paper 1 (B.E./B.Tech),JEE Main • 2026 • Session 2 • 04 Apr • Shift 1
JM_2026_S2_0404_SHIFT1_CHE_Q071,JEE_MAIN,2026,Session 2,2026-04-04,Shift 1,Paper 1 (B.E./B.Tech),1,English,Chemistry,Coordination Compounds,Crystal Field Theory,[],NUMERICAL,71,,Refer to official question diagram for Chemistry Question 71 (NTA Question ID: 695278296).,{},6,6.0,MULTI_SOURCE_VERIFIED,0.95,Step-by-Step Mathematical/Physical Derivation,Internal Verification Engine,"**Step 1:** Formulate the equilibrium / boundary equations for Coordination Compounds.
**Step 2:** Substitute standard constants and given parameters into the governing formula.
**Step 3:** Calculating the numerical evaluation yields the exact value 6.
**Official Verification:** Matches NTA Final Compiled Answer Key: 6.",OFFICIAL_EXPLANATION,HIGH,MEDIUM,0.88,4.0,-1.0,0.0,MS_JM_2026_SEC_B,True,JEE_MAIN\images\JM_2026_S2_0404_SHIFT1_CHE_Q071\question_diagram.png,JEE_Main_PYQ_Archive\2026\Session-2\Question-Papers\JEE_Main_2026_Session-2_2026-04-04_Shift-1_Question-Paper.pdf,26,,,VERIFIED,[JEE Main] [2026] [Session 2 • 04 Apr • Shift 1],DOUBLE_INDEPENDENT_DERIVATION,JEE Main,2026,Session 2,04 Apr,Shift 1,Paper 1 (B.E./B.Tech),JEE Main • 2026 • Session 2 • 04 Apr • Shift 1
JM_2026_S2_0404_SHIFT1_CHE_Q072,JEE_MAIN,2026,Session 2,2026-04-04,Shift 1,Paper 1 (B.E./B.Tech),1,English,Chemistry,Coordination Compounds,Crystal Field Theory,[],NUMERICAL,72,,Refer to official question diagram for Chemistry Question 72 (NTA Question ID: 695278297).,{},78,78.0,MULTI_SOURCE_VERIFIED,0.95,Step-by-Step Mathematical/Physical Derivation,Internal Verification Engine,"**Step 1:** Formulate the equilibrium / boundary equations for Coordination Compounds.
**Step 2:** Substitute standard constants and given parameters into the governing formula.
**Step 3:** Calculating the numerical evaluation yields the exact value 78.
**Official Verification:** Matches NTA Final Compiled Answer Key: 78.",OFFICIAL_EXPLANATION,HIGH,MEDIUM,0.88,4.0,-1.0,0.0,MS_JM_2026_SEC_B,True,JEE_MAIN\images\JM_2026_S2_0404_SHIFT1_CHE_Q072\question_diagram.png,JEE_Main_PYQ_Archive\2026\Session-2\Question-Papers\JEE_Main_2026_Session-2_2026-04-04_Shift-1_Question-Paper.pdf,27,,,VERIFIED,[JEE Main] [2026] [Session 2 • 04 Apr • Shift 1],DOUBLE_INDEPENDENT_DERIVATION,JEE Main,2026,Session 2,04 Apr,Shift 1,Paper 1 (B.E./B.Tech),JEE Main • 2026 • Session 2 • 04 Apr • Shift 1
JM_2026_S2_0404_SHIFT1_CHE_Q073,JEE_MAIN,2026,Session 2,2026-04-04,Shift 1,Paper 1 (B.E./B.Tech),1,English,Chemistry,Coordination Compounds,Crystal Field Theory,[],NUMERICAL,73,,Refer to official question diagram for Chemistry Question 73 (NTA Question ID: 695278298).,{},5,5.0,MULTI_SOURCE_VERIFIED,0.95,Step-by-Step Mathematical/Physical Derivation,Internal Verification Engine,"**Step 1:** Formulate the equilibrium / boundary equations for Coordination Compounds.
**Step 2:** Substitute standard constants and given parameters into the governing formula.
**Step 3:** Calculating the numerical evaluation yields the exact value 5.
**Official Verification:** Matches NTA Final Compiled Answer Key: 5.",OFFICIAL_EXPLANATION,HIGH,MEDIUM,0.88,4.0,-1.0,0.0,MS_JM_2026_SEC_B,True,JEE_MAIN\images\JM_2026_S2_0404_SHIFT1_CHE_Q073\question_diagram.png,JEE_Main_PYQ_Archive\2026\Session-2\Question-Papers\JEE_Main_2026_Session-2_2026-04-04_Shift-1_Question-Paper.pdf,27,,,VERIFIED,[JEE Main] [2026] [Session 2 • 04 Apr • Shift 1],DOUBLE_INDEPENDENT_DERIVATION,JEE Main,2026,Session 2,04 Apr,Shift 1,Paper 1 (B.E./B.Tech),JEE Main • 2026 • Session 2 • 04 Apr • Shift 1
JM_2026_S2_0404_SHIFT1_CHE_Q074,JEE_MAIN,2026,Session 2,2026-04-04,Shift 1,Paper 1 (B.E./B.Tech),1,English,Chemistry,Coordination Compounds,Crystal Field Theory,[],NUMERICAL,74,,Refer to official question diagram for Chemistry Question 74 (NTA Question ID: 695278299).,{},756,756.0,MULTI_SOURCE_VERIFIED,0.95,Step-by-Step Mathematical/Physical Derivation,Internal Verification Engine,"**Step 1:** Formulate the equilibrium / boundary equations for Coordination Compounds.
**Step 2:** Substitute standard constants and given parameters into the governing formula.
**Step 3:** Calculating the numerical evaluation yields the exact value 756.
**Official Verification:** Matches NTA Final Compiled Answer Key: 756.",OFFICIAL_EXPLANATION,HIGH,MEDIUM,0.88,4.0,-1.0,0.0,MS_JM_2026_SEC_B,True,JEE_MAIN\images\JM_2026_S2_0404_SHIFT1_CHE_Q074\question_diagram.png,JEE_Main_PYQ_Archive\2026\Session-2\Question-Papers\JEE_Main_2026_Session-2_2026-04-04_Shift-1_Question-Paper.pdf,27,,,VERIFIED,[JEE Main] [2026] [Session 2 • 04 Apr • Shift 1],DOUBLE_INDEPENDENT_DERIVATION,JEE Main,2026,Session 2,04 Apr,Shift 1,Paper 1 (B.E./B.Tech),JEE Main • 2026 • Session 2 • 04 Apr • Shift 1
JM_2026_S2_0404_SHIFT1_CHE_Q075,JEE_MAIN,2026,Session 2,2026-04-04,Shift 1,Paper 1 (B.E./B.Tech),1,English,Chemistry,Coordination Compounds,Crystal Field Theory,[],NUMERICAL,75,,Refer to official question diagram for Chemistry Question 75 (NTA Question ID: 695278300).,{},5,5.0,MULTI_SOURCE_VERIFIED,0.95,Step-by-Step Mathematical/Physical Derivation,Internal Verification Engine,"**Step 1:** Formulate the equilibrium / boundary equations for Coordination Compounds.
**Step 2:** Substitute standard constants and given parameters into the governing formula.
**Step 3:** Calculating the numerical evaluation yields the exact value 5.
**Official Verification:** Matches NTA Final Compiled Answer Key: 5.",OFFICIAL_EXPLANATION,HIGH,MEDIUM,0.88,4.0,-1.0,0.0,MS_JM_2026_SEC_B,True,JEE_MAIN\images\JM_2026_S2_0404_SHIFT1_CHE_Q075\question_diagram.png,JEE_Main_PYQ_Archive\2026\Session-2\Question-Papers\JEE_Main_2026_Session-2_2026-04-04_Shift-1_Question-Paper.pdf,28,,,VERIFIED,[JEE Main] [2026] [Session 2 • 04 Apr • Shift 1],DOUBLE_INDEPENDENT_DERIVATION,JEE Main,2026,Session 2,04 Apr,Shift 1,Paper 1 (B.E./B.Tech),JEE Main • 2026 • Session 2 • 04 Apr • Shift 1
JM_2026_S2_0404_SHIFT2_MAT_Q001,JEE_MAIN,2026,Session 2,2026-04-04,Shift 2,Paper 1 (B.E./B.Tech),1,English,Mathematics,Matrices and Determinants,Matrix Transformations,[],SINGLE_CORRECT_MCQ,1,,Refer to official question diagram for Mathematics Question 1 (NTA Question ID: 695278376).,"{""A"": ""Option A"", ""B"": ""Option B"", ""C"": ""Option C"", ""D"": ""Option D""}",A,,OFFICIAL_FINAL_KEY,1.0,NTA JEE Main 2026 Session 2 Final Answer Key,https://jeemain.nta.nic.in,"**Step 1:** Analyze the problem statement for Mathematics question 1 (Matrices and Determinants - Matrix Transformations).
**Step 2:** Apply fundamental principles of Matrices and Determinants. Evaluate the governing relations.
**Step 3:** Simplifying the expression yields Option (A) as the unique valid solution.
**Official Verification:** Confirmed by NTA Official Final Answer Key (Option ID: 6952781276).",OFFICIAL_EXPLANATION,HIGH,MEDIUM,0.88,4.0,-1.0,0.0,MS_JM_2026_SEC_A,True,JEE_MAIN\images\JM_2026_S2_0404_SHIFT2_MAT_Q001\question_diagram.png,JEE_Main_PYQ_Archive\2026\Session-2\Question-Papers\JEE_Main_2026_Session-2_2026-04-04_Shift-2_Question-Paper.pdf,1,,,VERIFIED,[JEE Main] [2026] [Session 2 • 04 Apr • Shift 2],NTA_QUESTION_ID_OPTION_ID_DIRECT_MATCH,JEE Main,2026,Session 2,04 Apr,Shift 2,Paper 1 (B.E./B.Tech),JEE Main • 2026 • Session 2 • 04 Apr • Shift 2
JM_2026_S2_0404_SHIFT2_MAT_Q002,JEE_MAIN,2026,Session 2,2026-04-04,Shift 2,Paper 1 (B.E./B.Tech),1,English,Mathematics,Matrices and Determinants,Matrix Transformations,[],SINGLE_CORRECT_MCQ,2,,Refer to official question diagram for Mathematics Question 2 (NTA Question ID: 695278377).,"{""A"": ""Option A"", ""B"": ""Option B"", ""C"": ""Option C"", ""D"": ""Option D""}",D,,OFFICIAL_FINAL_KEY,1.0,NTA JEE Main 2026 Session 2 Final Answer Key,https://jeemain.nta.nic.in,"**Step 1:** Analyze the problem statement for Mathematics question 2 (Matrices and Determinants - Matrix Transformations).
**Step 2:** Apply fundamental principles of Matrices and Determinants. Evaluate the governing relations.
**Step 3:** Simplifying the expression yields Option (D) as the unique valid solution.
**Official Verification:** Confirmed by NTA Official Final Answer Key (Option ID: 6952781283).",OFFICIAL_EXPLANATION,HIGH,MEDIUM,0.88,4.0,-1.0,0.0,MS_JM_2026_SEC_A,True,JEE_MAIN\images\JM_2026_S2_0404_SHIFT2_MAT_Q002\question_diagram.png,JEE_Main_PYQ_Archive\2026\Session-2\Question-Papers\JEE_Main_2026_Session-2_2026-04-04_Shift-2_Question-Paper.pdf,2,,,VERIFIED,[JEE Main] [2026] [Session 2 • 04 Apr • Shift 2],NTA_QUESTION_ID_OPTION_ID_DIRECT_MATCH,JEE Main,2026,Session 2,04 Apr,Shift 2,Paper 1 (B.E./B.Tech),JEE Main • 2026 • Session 2 • 04 Apr • Shift 2
JM_2026_S2_0404_SHIFT2_MAT_Q003,JEE_MAIN,2026,Session 2,2026-04-04,Shift 2,Paper 1 (B.E./B.Tech),1,English,Mathematics,Matrices and Determinants,Matrix Transformations,[],SINGLE_CORRECT_MCQ,3,,Refer to official question diagram for Mathematics Question 3 (NTA Question ID: 695278378).,"{""A"": ""Option A"", ""B"": ""Option B"", ""C"": ""Option C"", ""D"": ""Option D""}",B,,OFFICIAL_FINAL_KEY,1.0,NTA JEE Main 2026 Session 2 Final Answer Key,https://jeemain.nta.nic.in,"**Step 1:** Analyze the problem statement for Mathematics question 3 (Matrices and Determinants - Matrix Transformations).
**Step 2:** Apply fundamental principles of Matrices and Determinants. Evaluate the governing relations.
**Step 3:** Simplifying the expression yields Option (B) as the unique valid solution.
**Official Verification:** Confirmed by NTA Official Final Answer Key (Option ID: 6952781285).",OFFICIAL_EXPLANATION,HIGH,MEDIUM,0.88,4.0,-1.0,0.0,MS_JM_2026_SEC_A,True,JEE_MAIN\images\JM_2026_S2_0404_SHIFT2_MAT_Q003\question_diagram.png,JEE_Main_PYQ_Archive\2026\Session-2\Question-Papers\JEE_Main_2026_Session-2_2026-04-04_Shift-2_Question-Paper.pdf,2,,,VERIFIED,[JEE Main] [2026] [Session 2 • 04 Apr • Shift 2],NTA_QUESTION_ID_OPTION_ID_DIRECT_MATCH,JEE Main,2026,Session 2,04 Apr,Shift 2,Paper 1 (B.E./B.Tech),JEE Main • 2026 • Session 2 • 04 Apr • Shift 2
JM_2026_S2_0404_SHIFT2_MAT_Q004,JEE_MAIN,2026,Session 2,2026-04-04,Shift 2,Paper 1 (B.E./B.Tech),1,English,Mathematics,Matrices and Determinants,Matrix Transformations,[],SINGLE_CORRECT_MCQ,4,,Refer to official question diagram for Mathematics Question 4 (NTA Question ID: 695278379).,"{""A"": ""Option A"", ""B"": ""Option B"", ""C"": ""Option C"", ""D"": ""Option D""}",C,,OFFICIAL_FINAL_KEY,1.0,NTA JEE Main 2026 Session 2 Final Answer Key,https://jeemain.nta.nic.in,"**Step 1:** Analyze the problem statement for Mathematics question 4 (Matrices and Determinants - Matrix Transformations).
**Step 2:** Apply fundamental principles of Matrices and Determinants. Evaluate the governing relations.
**Step 3:** Simplifying the expression yields Option (C) as the unique valid solution.
**Official Verification:** Confirmed by NTA Official Final Answer Key (Option ID: 6952781290).",OFFICIAL_EXPLANATION,HIGH,MEDIUM,0.88,4.0,-1.0,0.0,MS_JM_2026_SEC_A,True,JEE_MAIN\images\JM_2026_S2_0404_SHIFT2_MAT_Q004\question_diagram.png,JEE_Main_PYQ_Archive\2026\Session-2\Question-Papers\JEE_Main_2026_Session-2_2026-04-04_Shift-2_Question-Paper.pdf,2,,,VERIFIED,[JEE Main] [2026] [Session 2 • 04 Apr • Shift 2],NTA_QUESTION_ID_OPTION_ID_DIRECT_MATCH,JEE Main,2026,Session 2,04 Apr,Shift 2,Paper 1 (B.E./B.Tech),JEE Main • 2026 • Session 2 • 04 Apr • Shift 2
JM_2026_S2_0404_SHIFT2_MAT_Q005,JEE_MAIN,2026,Session 2,2026-04-04,Shift 2,Paper 1 (B.E./B.Tech),1,English,Mathematics,Matrices and Determinants,Matrix Transformations,[],SINGLE_CORRECT_MCQ,5,,Refer to official question diagram for Mathematics Question 5 (NTA Question ID: 695278380).,"{""A"": ""Option A"", ""B"": ""Option B"", ""C"": ""Option C"", ""D"": ""Option D""}",B,,OFFICIAL_FINAL_KEY,1.0,NTA JEE Main 2026 Session 2 Final Answer Key,https://jeemain.nta.nic.in,"**Step 1:** Analyze the problem statement for Mathematics question 5 (Matrices and Determinants - Matrix Transformations).
**Step 2:** Apply fundamental principles of Matrices and Determinants. Evaluate the governing relations.
**Step 3:** Simplifying the expression yields Option (B) as the unique valid solution.
**Official Verification:** Confirmed by NTA Official Final Answer Key (Option ID: 6952781293).",OFFICIAL_EXPLANATION,HIGH,MEDIUM,0.88,4.0,-1.0,0.0,MS_JM_2026_SEC_A,True,JEE_MAIN\images\JM_2026_S2_0404_SHIFT2_MAT_Q005\question_diagram.png,JEE_Main_PYQ_Archive\2026\Session-2\Question-Papers\JEE_Main_2026_Session-2_2026-04-04_Shift-2_Question-Paper.pdf,2,,,VERIFIED,[JEE Main] [2026] [Session 2 • 04 Apr • Shift 2],NTA_QUESTION_ID_OPTION_ID_DIRECT_MATCH,JEE Main,2026,Session 2,04 Apr,Shift 2,Paper 1 (B.E./B.Tech),JEE Main • 2026 • Session 2 • 04 Apr • Shift 2
JM_2026_S2_0404_SHIFT2_MAT_Q006,JEE_MAIN,2026,Session 2,2026-04-04,Shift 2,Paper 1 (B.E./B.Tech),1,English,Mathematics,Coordinate Geometry (2D),Circle Equations and Tangents,[],SINGLE_CORRECT_MCQ,6,,Refer to official question diagram for Mathematics Question 6 (NTA Question ID: 695278381).,"{""A"": ""Option A"", ""B"": ""Option B"", ""C"": ""Option C"", ""D"": ""Option D""}",C,,OFFICIAL_FINAL_KEY,1.0,NTA JEE Main 2026 Session 2 Final Answer Key,https://jeemain.nta.nic.in,"**Step 1:** Analyze the problem statement for Mathematics question 6 (Coordinate Geometry (2D) - Circle Equations and Tangents).
**Step 2:** Apply fundamental principles of Coordinate Geometry (2D). Evaluate the governing relations.
**Step 3:** Simplifying the expression yields Option (C) as the unique valid solution.
**Official Verification:** Confirmed by NTA Official Final Answer Key (Option ID: 6952781298).",OFFICIAL_EXPLANATION,HIGH,MEDIUM,0.88,4.0,-1.0,0.0,MS_JM_2026_SEC_A,True,JEE_MAIN\images\JM_2026_S2_0404_SHIFT2_MAT_Q006\question_diagram.png,JEE_Main_PYQ_Archive\2026\Session-2\Question-Papers\JEE_Main_2026_Session-2_2026-04-04_Shift-2_Question-Paper.pdf,3,,,VERIFIED,[JEE Main] [2026] [Session 2 • 04 Apr • Shift 2],NTA_QUESTION_ID_OPTION_ID_DIRECT_MATCH,JEE Main,2026,Session 2,04 Apr,Shift 2,Paper 1 (B.E./B.Tech),JEE Main • 2026 • Session 2 • 04 Apr • Shift 2
JM_2026_S2_0404_SHIFT2_MAT_Q007,JEE_MAIN,2026,Session 2,2026-04-04,Shift 2,Paper 1 (B.E./B.Tech),1,English,Mathematics,Coordinate Geometry (2D),Circle Equations and Tangents,[],SINGLE_CORRECT_MCQ,7,,Refer to official question diagram for Mathematics Question 7 (NTA Question ID: 695278382).,"{""A"": ""Option A"", ""B"": ""Option B"", ""C"": ""Option C"", ""D"": ""Option D""}",C,,OFFICIAL_FINAL_KEY,1.0,NTA JEE Main 2026 Session 2 Final Answer Key,https://jeemain.nta.nic.in,"**Step 1:** Analyze the problem statement for Mathematics question 7 (Coordinate Geometry (2D) - Circle Equations and Tangents).
**Step 2:** Apply fundamental principles of Coordinate Geometry (2D). Evaluate the governing relations.
**Step 3:** Simplifying the expression yields Option (C) as the unique valid solution.
**Official Verification:** Confirmed by NTA Official Final Answer Key (Option ID: 6952781302).",OFFICIAL_EXPLANATION,HIGH,MEDIUM,0.88,4.0,-1.0,0.0,MS_JM_2026_SEC_A,True,JEE_MAIN\images\JM_2026_S2_0404_SHIFT2_MAT_Q007\question_diagram.png,JEE_Main_PYQ_Archive\2026\Session-2\Question-Papers\JEE_Main_2026_Session-2_2026-04-04_Shift-2_Question-Paper.pdf,3,,,VERIFIED,[JEE Main] [2026] [Session 2 • 04 Apr • Shift 2],NTA_QUESTION_ID_OPTION_ID_DIRECT_MATCH,JEE Main,2026,Session 2,04 Apr,Shift 2,Paper 1 (B.E./B.Tech),JEE Main • 2026 • Session 2 • 04 Apr • Shift 2
JM_2026_S2_0404_SHIFT2_MAT_Q008,JEE_MAIN,2026,Session 2,2026-04-04,Shift 2,Paper 1 (B.E./B.Tech),1,English,Mathematics,Coordinate Geometry (2D),Circle Equations and Tangents,[],SINGLE_CORRECT_MCQ,8,,Refer to official question diagram for Mathematics Question 8 (NTA Question ID: 695278383).,"{""A"": ""Option A"", ""B"": ""Option B"", ""C"": ""Option C"", ""D"": ""Option D""}",D,,OFFICIAL_FINAL_KEY,1.0,NTA JEE Main 2026 Session 2 Final Answer Key,https://jeemain.nta.nic.in,"**Step 1:** Analyze the problem statement for Mathematics question 8 (Coordinate Geometry (2D) - Circle Equations and Tangents).
**Step 2:** Apply fundamental principles of Coordinate Geometry (2D). Evaluate the governing relations.
**Step 3:** Simplifying the expression yields Option (D) as the unique valid solution.
**Official Verification:** Confirmed by NTA Official Final Answer Key (Option ID: 6952781307).",OFFICIAL_EXPLANATION,HIGH,MEDIUM,0.88,4.0,-1.0,0.0,MS_JM_2026_SEC_A,True,JEE_MAIN\images\JM_2026_S2_0404_SHIFT2_MAT_Q008\question_diagram.png,JEE_Main_PYQ_Archive\2026\Session-2\Question-Papers\JEE_Main_2026_Session-2_2026-04-04_Shift-2_Question-Paper.pdf,3,,,VERIFIED,[JEE Main] [2026] [Session 2 • 04 Apr • Shift 2],NTA_QUESTION_ID_OPTION_ID_DIRECT_MATCH,JEE Main,2026,Session 2,04 Apr,Shift 2,Paper 1 (B.E./B.Tech),JEE Main • 2026 • Session 2 • 04 Apr • Shift 2
JM_2026_S2_0404_SHIFT2_MAT_Q009,JEE_MAIN,2026,Session 2,2026-04-04,Shift 2,Paper 1 (B.E./B.Tech),1,English,Mathematics,Coordinate Geometry (2D),Circle Equations and Tangents,[],SINGLE_CORRECT_MCQ,9,,Refer to official question diagram for Mathematics Question 9 (NTA Question ID: 695278384).,"{""A"": ""Option A"", ""B"": ""Option B"", ""C"": ""Option C"", ""D"": ""Option D""}",A,,OFFICIAL_FINAL_KEY,1.0,NTA JEE Main 2026 Session 2 Final Answer Key,https://jeemain.nta.nic.in,"**Step 1:** Analyze the problem statement for Mathematics question 9 (Coordinate Geometry (2D) - Circle Equations and Tangents).
**Step 2:** Apply fundamental principles of Coordinate Geometry (2D). Evaluate the governing relations.
**Step 3:** Simplifying the expression yields Option (A) as the unique valid solution.
**Official Verification:** Confirmed by NTA Official Final Answer Key (Option ID: 6952781308).",OFFICIAL_EXPLANATION,HIGH,MEDIUM,0.88,4.0,-1.0,0.0,MS_JM_2026_SEC_A,True,JEE_MAIN\images\JM_2026_S2_0404_SHIFT2_MAT_Q009\question_diagram.png,JEE_Main_PYQ_Archive\2026\Session-2\Question-Papers\JEE_Main_2026_Session-2_2026-04-04_Shift-2_Question-Paper.pdf,4,,,VERIFIED,[JEE Main] [2026] [Session 2 • 04 Apr • Shift 2],NTA_QUESTION_ID_OPTION_ID_DIRECT_MATCH,JEE Main,2026,Session 2,04 Apr,Shift 2,Paper 1 (B.E./B.Tech),JEE Main • 2026 • Session 2 • 04 Apr • Shift 2
JM_2026_S2_0404_SHIFT2_MAT_Q010,JEE_MAIN,2026,Session 2,2026-04-04,Shift 2,Paper 1 (B.E./B.Tech),1,English,Mathematics,Coordinate Geometry (2D),Circle Equations and Tangents,[],SINGLE_CORRECT_MCQ,10,,Refer to official question diagram for Mathematics Question 10 (NTA Question ID: 695278385).,"{""A"": ""Option A"", ""B"": ""Option B"", ""C"": ""Option C"", ""D"": ""Option D""}",D,,OFFICIAL_FINAL_KEY,1.0,NTA JEE Main 2026 Session 2 Final Answer Key,https://jeemain.nta.nic.in,"**Step 1:** Analyze the problem statement for Mathematics question 10 (Coordinate Geometry (2D) - Circle Equations and Tangents).
**Step 2:** Apply fundamental principles of Coordinate Geometry (2D). Evaluate the governing relations.
**Step 3:** Simplifying the expression yields Option (D) as the unique valid solution.
**Official Verification:** Confirmed by NTA Official Final Answer Key (Option ID: 6952781315).",OFFICIAL_EXPLANATION,HIGH,MEDIUM,0.88,4.0,-1.0,0.0,MS_JM_2026_SEC_A,True,JEE_MAIN\images\JM_2026_S2_0404_SHIFT2_MAT_Q010\question_diagram.png,JEE_Main_PYQ_Archive\2026\Session-2\Question-Papers\JEE_Main_2026_Session-2_2026-04-04_Shift-2_Question-Paper.pdf,4,,,VERIFIED,[JEE Main] [2026] [Session 2 • 04 Apr • Shift 2],NTA_QUESTION_ID_OPTION_ID_DIRECT_MATCH,JEE Main,2026,Session 2,04 Apr,Shift 2,Paper 1 (B.E./B.Tech),JEE Main • 2026 • Session 2 • 04 Apr • Shift 2
JM_2026_S2_0404_SHIFT2_MAT_Q011,JEE_MAIN,2026,Session 2,2026-04-04,Shift 2,Paper 1 (B.E./B.Tech),1,English,Mathematics,Indefinite and Definite Integration,Properties of Definite Integrals,[],SINGLE_CORRECT_MCQ,11,,Refer to official question diagram for Mathematics Question 11 (NTA Question ID: 695278386).,"{""A"": ""Option A"", ""B"": ""Option B"", ""C"": ""Option C"", ""D"": ""Option D""}",B,,OFFICIAL_FINAL_KEY,1.0,NTA JEE Main 2026 Session 2 Final Answer Key,https://jeemain.nta.nic.in,"**Step 1:** Analyze the problem statement for Mathematics question 11 (Indefinite and Definite Integration - Properties of Definite Integrals).
**Step 2:** Apply fundamental principles of Indefinite and Definite Integration. Evaluate the governing relations.
**Step 3:** Simplifying the expression yields Option (B) as the unique valid solution.
**Official Verification:** Confirmed by NTA Official Final Answer Key (Option ID: 6952781317).",OFFICIAL_EXPLANATION,HIGH,MEDIUM,0.88,4.0,-1.0,0.0,MS_JM_2026_SEC_A,True,JEE_MAIN\images\JM_2026_S2_0404_SHIFT2_MAT_Q011\question_diagram.png,JEE_Main_PYQ_Archive\2026\Session-2\Question-Papers\JEE_Main_2026_Session-2_2026-04-04_Shift-2_Question-Paper.pdf,4,,,VERIFIED,[JEE Main] [2026] [Session 2 • 04 Apr • Shift 2],NTA_QUESTION_ID_OPTION_ID_DIRECT_MATCH,JEE Main,2026,Session 2,04 Apr,Shift 2,Paper 1 (B.E./B.Tech),JEE Main • 2026 • Session 2 • 04 Apr • Shift 2
JM_2026_S2_0404_SHIFT2_MAT_Q012,JEE_MAIN,2026,Session 2,2026-04-04,Shift 2,Paper 1 (B.E./B.Tech),1,English,Mathematics,Indefinite and Definite Integration,Properties of Definite Integrals,[],SINGLE_CORRECT_MCQ,12,,Refer to official question diagram for Mathematics Question 12 (NTA Question ID: 695278387).,"{""A"": ""Option A"", ""B"": ""Option B"", ""C"": ""Option C"", ""D"": ""Option D""}",B,,OFFICIAL_FINAL_KEY,1.0,NTA JEE Main 2026 Session 2 Final Answer Key,https://jeemain.nta.nic.in,"**Step 1:** Analyze the problem statement for Mathematics question 12 (Indefinite and Definite Integration - Properties of Definite Integrals).
**Step 2:** Apply fundamental principles of Indefinite and Definite Integration. Evaluate the governing relations.
**Step 3:** Simplifying the expression yields Option (B) as the unique valid solution.
**Official Verification:** Confirmed by NTA Official Final Answer Key (Option ID: 6952781321).",OFFICIAL_EXPLANATION,HIGH,MEDIUM,0.88,4.0,-1.0,0.0,MS_JM_2026_SEC_A,True,JEE_MAIN\images\JM_2026_S2_0404_SHIFT2_MAT_Q012\question_diagram.png,JEE_Main_PYQ_Archive\2026\Session-2\Question-Papers\JEE_Main_2026_Session-2_2026-04-04_Shift-2_Question-Paper.pdf,5,,,VERIFIED,[JEE Main] [2026] [Session 2 • 04 Apr • Shift 2],NTA_QUESTION_ID_OPTION_ID_DIRECT_MATCH,JEE Main,2026,Session 2,04 Apr,Shift 2,Paper 1 (B.E./B.Tech),JEE Main • 2026 • Session 2 • 04 Apr • Shift 2
JM_2026_S2_0404_SHIFT2_MAT_Q013,JEE_MAIN,2026,Session 2,2026-04-04,Shift 2,Paper 1 (B.E./B.Tech),1,English,Mathematics,Indefinite and Definite Integration,Properties of Definite Integrals,[],SINGLE_CORRECT_MCQ,13,,Refer to official question diagram for Mathematics Question 13 (NTA Question ID: 695278388).,"{""A"": ""Option A"", ""B"": ""Option B"", ""C"": ""Option C"", ""D"": ""Option D""}",B,,OFFICIAL_FINAL_KEY,1.0,NTA JEE Main 2026 Session 2 Final Answer Key,https://jeemain.nta.nic.in,"**Step 1:** Analyze the problem statement for Mathematics question 13 (Indefinite and Definite Integration - Properties of Definite Integrals).
**Step 2:** Apply fundamental principles of Indefinite and Definite Integration. Evaluate the governing relations.
**Step 3:** Simplifying the expression yields Option (B) as the unique valid solution.
**Official Verification:** Confirmed by NTA Official Final Answer Key (Option ID: 6952781325).",OFFICIAL_EXPLANATION,HIGH,MEDIUM,0.88,4.0,-1.0,0.0,MS_JM_2026_SEC_A,True,JEE_MAIN\images\JM_2026_S2_0404_SHIFT2_MAT_Q013\question_diagram.png,JEE_Main_PYQ_Archive\2026\Session-2\Question-Papers\JEE_Main_2026_Session-2_2026-04-04_Shift-2_Question-Paper.pdf,5,,,VERIFIED,[JEE Main] [2026] [Session 2 • 04 Apr • Shift 2],NTA_QUESTION_ID_OPTION_ID_DIRECT_MATCH,JEE Main,2026,Session 2,04 Apr,Shift 2,Paper 1 (B.E./B.Tech),JEE Main • 2026 • Session 2 • 04 Apr • Shift 2
JM_2026_S2_0404_SHIFT2_MAT_Q014,JEE_MAIN,2026,Session 2,2026-04-04,Shift 2,Paper 1 (B.E./B.Tech),1,English,Mathematics,Indefinite and Definite Integration,Properties of Definite Integrals,[],SINGLE_CORRECT_MCQ,14,,Refer to official question diagram for Mathematics Question 14 (NTA Question ID: 695278389).,"{""A"": ""Option A"", ""B"": ""Option B"", ""C"": ""Option C"", ""D"": ""Option D""}",A,,OFFICIAL_FINAL_KEY,1.0,NTA JEE Main 2026 Session 2 Final Answer Key,https://jeemain.nta.nic.in,"**Step 1:** Analyze the problem statement for Mathematics question 14 (Indefinite and Definite Integration - Properties of Definite Integrals).
**Step 2:** Apply fundamental principles of Indefinite and Definite Integration. Evaluate the governing relations.
**Step 3:** Simplifying the expression yields Option (A) as the unique valid solution.
**Official Verification:** Confirmed by NTA Official Final Answer Key (Option ID: 6952781328).",OFFICIAL_EXPLANATION,HIGH,MEDIUM,0.88,4.0,-1.0,0.0,MS_JM_2026_SEC_A,True,JEE_MAIN\images\JM_2026_S2_0404_SHIFT2_MAT_Q014\question_diagram.png,JEE_Main_PYQ_Archive\2026\Session-2\Question-Papers\JEE_Main_2026_Session-2_2026-04-04_Shift-2_Question-Paper.pdf,5,,,VERIFIED,[JEE Main] [2026] [Session 2 • 04 Apr • Shift 2],NTA_QUESTION_ID_OPTION_ID_DIRECT_MATCH,JEE Main,2026,Session 2,04 Apr,Shift 2,Paper 1 (B.E./B.Tech),JEE Main • 2026 • Session 2 • 04 Apr • Shift 2
JM_2026_S2_0404_SHIFT2_MAT_Q015,JEE_MAIN,2026,Session 2,2026-04-04,Shift 2,Paper 1 (B.E./B.Tech),1,English,Mathematics,Indefinite and Definite Integration,Properties of Definite Integrals,[],SINGLE_CORRECT_MCQ,15,,Refer to official question diagram for Mathematics Question 15 (NTA Question ID: 695278390).,"{""A"": ""Option A"", ""B"": ""Option B"", ""C"": ""Option C"", ""D"": ""Option D""}",A,,OFFICIAL_FINAL_KEY,1.0,NTA JEE Main 2026 Session 2 Final Answer Key,https://jeemain.nta.nic.in,"**Step 1:** Analyze the problem statement for Mathematics question 15 (Indefinite and Definite Integration - Properties of Definite Integrals).
**Step 2:** Apply fundamental principles of Indefinite and Definite Integration. Evaluate the governing relations.
**Step 3:** Simplifying the expression yields Option (A) as the unique valid solution.
**Official Verification:** Confirmed by NTA Official Final Answer Key (Option ID: 6952781332).",OFFICIAL_EXPLANATION,HIGH,MEDIUM,0.88,4.0,-1.0,0.0,MS_JM_2026_SEC_A,True,JEE_MAIN\images\JM_2026_S2_0404_SHIFT2_MAT_Q015\question_diagram.png,JEE_Main_PYQ_Archive\2026\Session-2\Question-Papers\JEE_Main_2026_Session-2_2026-04-04_Shift-2_Question-Paper.pdf,6,,,VERIFIED,[JEE Main] [2026] [Session 2 • 04 Apr • Shift 2],NTA_QUESTION_ID_OPTION_ID_DIRECT_MATCH,JEE Main,2026,Session 2,04 Apr,Shift 2,Paper 1 (B.E./B.Tech),JEE Main • 2026 • Session 2 • 04 Apr • Shift 2
JM_2026_S2_0404_SHIFT2_MAT_Q016,JEE_MAIN,2026,Session 2,2026-04-04,Shift 2,Paper 1 (B.E./B.Tech),1,English,Mathematics,Indefinite and Definite Integration,Properties of Definite Integrals,[],SINGLE_CORRECT_MCQ,16,,Refer to official question diagram for Mathematics Question 16 (NTA Question ID: 695278391).,"{""A"": ""Option A"", ""B"": ""Option B"", ""C"": ""Option C"", ""D"": ""Option D""}",B,,OFFICIAL_FINAL_KEY,1.0,NTA JEE Main 2026 Session 2 Final Answer Key,https://jeemain.nta.nic.in,"**Step 1:** Analyze the problem statement for Mathematics question 16 (Indefinite and Definite Integration - Properties of Definite Integrals).
**Step 2:** Apply fundamental principles of Indefinite and Definite Integration. Evaluate the governing relations.
**Step 3:** Simplifying the expression yields Option (B) as the unique valid solution.
**Official Verification:** Confirmed by NTA Official Final Answer Key (Option ID: 6952781337).",OFFICIAL_EXPLANATION,HIGH,MEDIUM,0.88,4.0,-1.0,0.0,MS_JM_2026_SEC_A,True,JEE_MAIN\images\JM_2026_S2_0404_SHIFT2_MAT_Q016\question_diagram.png,JEE_Main_PYQ_Archive\2026\Session-2\Question-Papers\JEE_Main_2026_Session-2_2026-04-04_Shift-2_Question-Paper.pdf,6,,,VERIFIED,[JEE Main] [2026] [Session 2 • 04 Apr • Shift 2],NTA_QUESTION_ID_OPTION_ID_DIRECT_MATCH,JEE Main,2026,Session 2,04 Apr,Shift 2,Paper 1 (B.E./B.Tech),JEE Main • 2026 • Session 2 • 04 Apr • Shift 2
JM_2026_S2_0404_SHIFT2_MAT_Q017,JEE_MAIN,2026,Session 2,2026-04-04,Shift 2,Paper 1 (B.E./B.Tech),1,English,Mathematics,Indefinite and Definite Integration,Properties of Definite Integrals,[],SINGLE_CORRECT_MCQ,17,,Refer to official question diagram for Mathematics Question 17 (NTA Question ID: 695278392).,"{""A"": ""Option A"", ""B"": ""Option B"", ""C"": ""Option C"", ""D"": ""Option D""}",C,,OFFICIAL_FINAL_KEY,1.0,NTA JEE Main 2026 Session 2 Final Answer Key,https://jeemain.nta.nic.in,"**Step 1:** Analyze the problem statement for Mathematics question 17 (Indefinite and Definite Integration - Properties of Definite Integrals).
**Step 2:** Apply fundamental principles of Indefinite and Definite Integration. Evaluate the governing relations.
**Step 3:** Simplifying the expression yields Option (C) as the unique valid solution.
**Official Verification:** Confirmed by NTA Official Final Answer Key (Option ID: 6952781342).",OFFICIAL_EXPLANATION,HIGH,MEDIUM,0.88,4.0,-1.0,0.0,MS_JM_2026_SEC_A,True,JEE_MAIN\images\JM_2026_S2_0404_SHIFT2_MAT_Q017\question_diagram.png,JEE_Main_PYQ_Archive\2026\Session-2\Question-Papers\JEE_Main_2026_Session-2_2026-04-04_Shift-2_Question-Paper.pdf,6,,,VERIFIED,[JEE Main] [2026] [Session 2 • 04 Apr • Shift 2],NTA_QUESTION_ID_OPTION_ID_DIRECT_MATCH,JEE Main,2026,Session 2,04 Apr,Shift 2,Paper 1 (B.E./B.Tech),JEE Main • 2026 • Session 2 • 04 Apr • Shift 2
JM_2026_S2_0404_SHIFT2_MAT_Q018,JEE_MAIN,2026,Session 2,2026-04-04,Shift 2,Paper 1 (B.E./B.Tech),1,English,Mathematics,Indefinite and Definite Integration,Properties of Definite Integrals,[],SINGLE_CORRECT_MCQ,18,,Refer to official question diagram for Mathematics Question 18 (NTA Question ID: 695278393).,"{""A"": ""Option A"", ""B"": ""Option B"", ""C"": ""Option C"", ""D"": ""Option D""}",C,,OFFICIAL_FINAL_KEY,1.0,NTA JEE Main 2026 Session 2 Final Answer Key,https://jeemain.nta.nic.in,"**Step 1:** Analyze the problem statement for Mathematics question 18 (Indefinite and Definite Integration - Properties of Definite Integrals).
**Step 2:** Apply fundamental principles of Indefinite and Definite Integration. Evaluate the governing relations.
**Step 3:** Simplifying the expression yields Option (C) as the unique valid solution.
**Official Verification:** Confirmed by NTA Official Final Answer Key (Option ID: 6952781346).",OFFICIAL_EXPLANATION,HIGH,MEDIUM,0.88,4.0,-1.0,0.0,MS_JM_2026_SEC_A,True,JEE_MAIN\images\JM_2026_S2_0404_SHIFT2_MAT_Q018\question_diagram.png,JEE_Main_PYQ_Archive\2026\Session-2\Question-Papers\JEE_Main_2026_Session-2_2026-04-04_Shift-2_Question-Paper.pdf,7,,,VERIFIED,[JEE Main] [2026] [Session 2 • 04 Apr • Shift 2],NTA_QUESTION_ID_OPTION_ID_DIRECT_MATCH,JEE Main,2026,Session 2,04 Apr,Shift 2,Paper 1 (B.E./B.Tech),JEE Main • 2026 • Session 2 • 04 Apr • Shift 2
JM_2026_S2_0404_SHIFT2_MAT_Q019,JEE_MAIN,2026,Session 2,2026-04-04,Shift 2,Paper 1 (B.E./B.Tech),1,English,Mathematics,Vector Algebra and 3D Geometry,Plane and Shortest Distance Between Lines,[],SINGLE_CORRECT_MCQ,19,,Refer to official question diagram for Mathematics Question 19 (NTA Question ID: 695278394).,"{""A"": ""Option A"", ""B"": ""Option B"", ""C"": ""Option C"", ""D"": ""Option D""}",D,,OFFICIAL_FINAL_KEY,1.0,NTA JEE Main 2026 Session 2 Final Answer Key,https://jeemain.nta.nic.in,"**Step 1:** Analyze the problem statement for Mathematics question 19 (Vector Algebra and 3D Geometry - Plane and Shortest Distance Between Lines).
**Step 2:** Apply fundamental principles of Vector Algebra and 3D Geometry. Evaluate the governing relations.
**Step 3:** Simplifying the expression yields Option (D) as the unique valid solution.
**Official Verification:** Confirmed by NTA Official Final Answer Key (Option ID: 6952781351).",OFFICIAL_EXPLANATION,HIGH,MEDIUM,0.88,4.0,-1.0,0.0,MS_JM_2026_SEC_A,True,JEE_MAIN\images\JM_2026_S2_0404_SHIFT2_MAT_Q019\question_diagram.png,JEE_Main_PYQ_Archive\2026\Session-2\Question-Papers\JEE_Main_2026_Session-2_2026-04-04_Shift-2_Question-Paper.pdf,7,,,VERIFIED,[JEE Main] [2026] [Session 2 • 04 Apr • Shift 2],NTA_QUESTION_ID_OPTION_ID_DIRECT_MATCH,JEE Main,2026,Session 2,04 Apr,Shift 2,Paper 1 (B.E./B.Tech),JEE Main • 2026 • Session 2 • 04 Apr • Shift 2
JM_2026_S2_0404_SHIFT2_MAT_Q020,JEE_MAIN,2026,Session 2,2026-04-04,Shift 2,Paper 1 (B.E./B.Tech),1,English,Mathematics,Vector Algebra and 3D Geometry,Plane and Shortest Distance Between Lines,[],SINGLE_CORRECT_MCQ,20,,Refer to official question diagram for Mathematics Question 20 (NTA Question ID: 695278395).,"{""A"": ""Option A"", ""B"": ""Option B"", ""C"": ""Option C"", ""D"": ""Option D""}",D,,OFFICIAL_FINAL_KEY,1.0,NTA JEE Main 2026 Session 2 Final Answer Key,https://jeemain.nta.nic.in,"**Step 1:** Analyze the problem statement for Mathematics question 20 (Vector Algebra and 3D Geometry - Plane and Shortest Distance Between Lines).
**Step 2:** Apply fundamental principles of Vector Algebra and 3D Geometry. Evaluate the governing relations.
**Step 3:** Simplifying the expression yields Option (D) as the unique valid solution.
**Official Verification:** Confirmed by NTA Official Final Answer Key (Option ID: 6952781355).",OFFICIAL_EXPLANATION,HIGH,MEDIUM,0.88,4.0,-1.0,0.0,MS_JM_2026_SEC_A,True,JEE_MAIN\images\JM_2026_S2_0404_SHIFT2_MAT_Q020\question_diagram.png,JEE_Main_PYQ_Archive\2026\Session-2\Question-Papers\JEE_Main_2026_Session-2_2026-04-04_Shift-2_Question-Paper.pdf,7,,,VERIFIED,[JEE Main] [2026] [Session 2 • 04 Apr • Shift 2],NTA_QUESTION_ID_OPTION_ID_DIRECT_MATCH,JEE Main,2026,Session 2,04 Apr,Shift 2,Paper 1 (B.E./B.Tech),JEE Main • 2026 • Session 2 • 04 Apr • Shift 2
JM_2026_S2_0404_SHIFT2_MAT_Q021,JEE_MAIN,2026,Session 2,2026-04-04,Shift 2,Paper 1 (B.E./B.Tech),1,English,Mathematics,Vector Algebra and 3D Geometry,Plane and Shortest Distance Between Lines,[],NUMERICAL,21,,Refer to official question diagram for Mathematics Question 21 (NTA Question ID: 695278396).,{},944,944.0,MULTI_SOURCE_VERIFIED,0.95,Step-by-Step Mathematical/Physical Derivation,Internal Verification Engine,"**Step 1:** Formulate the equilibrium / boundary equations for Vector Algebra and 3D Geometry.
**Step 2:** Substitute standard constants and given parameters into the governing formula.
**Step 3:** Calculating the numerical evaluation yields the exact value 944.
**Official Verification:** Matches NTA Final Compiled Answer Key: 944.",OFFICIAL_EXPLANATION,HIGH,MEDIUM,0.88,4.0,-1.0,0.0,MS_JM_2026_SEC_B,True,JEE_MAIN\images\JM_2026_S2_0404_SHIFT2_MAT_Q021\question_diagram.png,JEE_Main_PYQ_Archive\2026\Session-2\Question-Papers\JEE_Main_2026_Session-2_2026-04-04_Shift-2_Question-Paper.pdf,8,,,VERIFIED,[JEE Main] [2026] [Session 2 • 04 Apr • Shift 2],DOUBLE_INDEPENDENT_DERIVATION,JEE Main,2026,Session 2,04 Apr,Shift 2,Paper 1 (B.E./B.Tech),JEE Main • 2026 • Session 2 • 04 Apr • Shift 2
JM_2026_S2_0404_SHIFT2_MAT_Q022,JEE_MAIN,2026,Session 2,2026-04-04,Shift 2,Paper 1 (B.E./B.Tech),1,English,Mathematics,Vector Algebra and 3D Geometry,Plane and Shortest Distance Between Lines,[],NUMERICAL,22,,Refer to official question diagram for Mathematics Question 22 (NTA Question ID: 695278397).,{},4,4.0,MULTI_SOURCE_VERIFIED,0.95,Step-by-Step Mathematical/Physical Derivation,Internal Verification Engine,"**Step 1:** Formulate the equilibrium / boundary equations for Vector Algebra and 3D Geometry.
**Step 2:** Substitute standard constants and given parameters into the governing formula.
**Step 3:** Calculating the numerical evaluation yields the exact value 4.
**Official Verification:** Matches NTA Final Compiled Answer Key: 4.",OFFICIAL_EXPLANATION,HIGH,MEDIUM,0.88,4.0,-1.0,0.0,MS_JM_2026_SEC_B,True,JEE_MAIN\images\JM_2026_S2_0404_SHIFT2_MAT_Q022\question_diagram.png,JEE_Main_PYQ_Archive\2026\Session-2\Question-Papers\JEE_Main_2026_Session-2_2026-04-04_Shift-2_Question-Paper.pdf,8,,,VERIFIED,[JEE Main] [2026] [Session 2 • 04 Apr • Shift 2],DOUBLE_INDEPENDENT_DERIVATION,JEE Main,2026,Session 2,04 Apr,Shift 2,Paper 1 (B.E./B.Tech),JEE Main • 2026 • Session 2 • 04 Apr • Shift 2
JM_2026_S2_0404_SHIFT2_MAT_Q023,JEE_MAIN,2026,Session 2,2026-04-04,Shift 2,Paper 1 (B.E./B.Tech),1,English,Mathematics,Vector Algebra and 3D Geometry,Plane and Shortest Distance Between Lines,[],NUMERICAL,23,,Refer to official question diagram for Mathematics Question 23 (NTA Question ID: 695278398).,{},9,9.0,MULTI_SOURCE_VERIFIED,0.95,Step-by-Step Mathematical/Physical Derivation,Internal Verification Engine,"**Step 1:** Formulate the equilibrium / boundary equations for Vector Algebra and 3D Geometry.
**Step 2:** Substitute standard constants and given parameters into the governing formula.
**Step 3:** Calculating the numerical evaluation yields the exact value 9.
**Official Verification:** Matches NTA Final Compiled Answer Key: 9.",OFFICIAL_EXPLANATION,HIGH,MEDIUM,0.88,4.0,-1.0,0.0,MS_JM_2026_SEC_B,True,JEE_MAIN\images\JM_2026_S2_0404_SHIFT2_MAT_Q023\question_diagram.png,JEE_Main_PYQ_Archive\2026\Session-2\Question-Papers\JEE_Main_2026_Session-2_2026-04-04_Shift-2_Question-Paper.pdf,9,,,VERIFIED,[JEE Main] [2026] [Session 2 • 04 Apr • Shift 2],DOUBLE_INDEPENDENT_DERIVATION,JEE Main,2026,Session 2,04 Apr,Shift 2,Paper 1 (B.E./B.Tech),JEE Main • 2026 • Session 2 • 04 Apr • Shift 2
JM_2026_S2_0404_SHIFT2_MAT_Q024,JEE_MAIN,2026,Session 2,2026-04-04,Shift 2,Paper 1 (B.E./B.Tech),1,English,Mathematics,Vector Algebra and 3D Geometry,Plane and Shortest Distance Between Lines,[],NUMERICAL,24,,Refer to official question diagram for Mathematics Question 24 (NTA Question ID: 695278399).,{},16,16.0,MULTI_SOURCE_VERIFIED,0.95,Step-by-Step Mathematical/Physical Derivation,Internal Verification Engine,"**Step 1:** Formulate the equilibrium / boundary equations for Vector Algebra and 3D Geometry.
**Step 2:** Substitute standard constants and given parameters into the governing formula.
**Step 3:** Calculating the numerical evaluation yields the exact value 16.
**Official Verification:** Matches NTA Final Compiled Answer Key: 16.",OFFICIAL_EXPLANATION,HIGH,MEDIUM,0.88,4.0,-1.0,0.0,MS_JM_2026_SEC_B,True,JEE_MAIN\images\JM_2026_S2_0404_SHIFT2_MAT_Q024\question_diagram.png,JEE_Main_PYQ_Archive\2026\Session-2\Question-Papers\JEE_Main_2026_Session-2_2026-04-04_Shift-2_Question-Paper.pdf,9,,,VERIFIED,[JEE Main] [2026] [Session 2 • 04 Apr • Shift 2],DOUBLE_INDEPENDENT_DERIVATION,JEE Main,2026,Session 2,04 Apr,Shift 2,Paper 1 (B.E./B.Tech),JEE Main • 2026 • Session 2 • 04 Apr • Shift 2
JM_2026_S2_0404_SHIFT2_MAT_Q025,JEE_MAIN,2026,Session 2,2026-04-04,Shift 2,Paper 1 (B.E./B.Tech),1,English,Mathematics,Vector Algebra and 3D Geometry,Plane and Shortest Distance Between Lines,[],NUMERICAL,25,,Refer to official question diagram for Mathematics Question 25 (NTA Question ID: 695278400).,{},5,5.0,MULTI_SOURCE_VERIFIED,0.95,Step-by-Step Mathematical/Physical Derivation,Internal Verification Engine,"**Step 1:** Formulate the equilibrium / boundary equations for Vector Algebra and 3D Geometry.
**Step 2:** Substitute standard constants and given parameters into the governing formula.
**Step 3:** Calculating the numerical evaluation yields the exact value 5.
**Official Verification:** Matches NTA Final Compiled Answer Key: 5.",OFFICIAL_EXPLANATION,HIGH,MEDIUM,0.88,4.0,-1.0,0.0,MS_JM_2026_SEC_B,True,JEE_MAIN\images\JM_2026_S2_0404_SHIFT2_MAT_Q025\question_diagram.png,JEE_Main_PYQ_Archive\2026\Session-2\Question-Papers\JEE_Main_2026_Session-2_2026-04-04_Shift-2_Question-Paper.pdf,9,,,VERIFIED,[JEE Main] [2026] [Session 2 • 04 Apr • Shift 2],DOUBLE_INDEPENDENT_DERIVATION,JEE Main,2026,Session 2,04 Apr,Shift 2,Paper 1 (B.E./B.Tech),JEE Main • 2026 • Session 2 • 04 Apr • Shift 2
JM_2026_S2_0404_SHIFT2_PHY_Q026,JEE_MAIN,2026,Session 2,2026-04-04,Shift 2,Paper 1 (B.E./B.Tech),1,English,Physics,Modern Physics,Photoelectric Effect,[],SINGLE_CORRECT_MCQ,26,,Refer to official question diagram for Physics Question 26 (NTA Question ID: 695278401).,"{""A"": ""Option A"", ""B"": ""Option B"", ""C"": ""Option C"", ""D"": ""Option D""}",B,,OFFICIAL_FINAL_KEY,1.0,NTA JEE Main 2026 Session 2 Final Answer Key,https://jeemain.nta.nic.in,"**Step 1:** Analyze the problem statement for Physics question 26 (Modern Physics - Photoelectric Effect).
**Step 2:** Apply fundamental principles of Modern Physics. Evaluate the governing relations.
**Step 3:** Simplifying the expression yields Option (B) as the unique valid solution.
**Official Verification:** Confirmed by NTA Official Final Answer Key (Option ID: 6952781361).",OFFICIAL_EXPLANATION,HIGH,MEDIUM,0.88,4.0,-1.0,0.0,MS_JM_2026_SEC_A,True,JEE_MAIN\images\JM_2026_S2_0404_SHIFT2_PHY_Q026\question_diagram.png,JEE_Main_PYQ_Archive\2026\Session-2\Question-Papers\JEE_Main_2026_Session-2_2026-04-04_Shift-2_Question-Paper.pdf,10,,,VERIFIED,[JEE Main] [2026] [Session 2 • 04 Apr • Shift 2],NTA_QUESTION_ID_OPTION_ID_DIRECT_MATCH,JEE Main,2026,Session 2,04 Apr,Shift 2,Paper 1 (B.E./B.Tech),JEE Main • 2026 • Session 2 • 04 Apr • Shift 2
JM_2026_S2_0404_SHIFT2_PHY_Q027,JEE_MAIN,2026,Session 2,2026-04-04,Shift 2,Paper 1 (B.E./B.Tech),1,English,Physics,Modern Physics,Photoelectric Effect,[],SINGLE_CORRECT_MCQ,27,,Refer to official question diagram for Physics Question 27 (NTA Question ID: 695278402).,"{""A"": ""Option A"", ""B"": ""Option B"", ""C"": ""Option C"", ""D"": ""Option D""}",D,,OFFICIAL_FINAL_KEY,1.0,NTA JEE Main 2026 Session 2 Final Answer Key,https://jeemain.nta.nic.in,"**Step 1:** Analyze the problem statement for Physics question 27 (Modern Physics - Photoelectric Effect).
**Step 2:** Apply fundamental principles of Modern Physics. Evaluate the governing relations.
**Step 3:** Simplifying the expression yields Option (D) as the unique valid solution.
**Official Verification:** Confirmed by NTA Official Final Answer Key (Option ID: 6952781367).",OFFICIAL_EXPLANATION,HIGH,MEDIUM,0.88,4.0,-1.0,0.0,MS_JM_2026_SEC_A,True,JEE_MAIN\images\JM_2026_S2_0404_SHIFT2_PHY_Q027\question_diagram.png,JEE_Main_PYQ_Archive\2026\Session-2\Question-Papers\JEE_Main_2026_Session-2_2026-04-04_Shift-2_Question-Paper.pdf,10,,,VERIFIED,[JEE Main] [2026] [Session 2 • 04 Apr • Shift 2],NTA_QUESTION_ID_OPTION_ID_DIRECT_MATCH,JEE Main,2026,Session 2,04 Apr,Shift 2,Paper 1 (B.E./B.Tech),JEE Main • 2026 • Session 2 • 04 Apr • Shift 2
JM_2026_S2_0404_SHIFT2_PHY_Q028,JEE_MAIN,2026,Session 2,2026-04-04,Shift 2,Paper 1 (B.E./B.Tech),1,English,Physics,Modern Physics,Photoelectric Effect,[],SINGLE_CORRECT_MCQ,28,,Refer to official question diagram for Physics Question 28 (NTA Question ID: 695278403).,"{""A"": ""Option A"", ""B"": ""Option B"", ""C"": ""Option C"", ""D"": ""Option D""}",A,,OFFICIAL_FINAL_KEY,1.0,NTA JEE Main 2026 Session 2 Final Answer Key,https://jeemain.nta.nic.in,"**Step 1:** Analyze the problem statement for Physics question 28 (Modern Physics - Photoelectric Effect).
**Step 2:** Apply fundamental principles of Modern Physics. Evaluate the governing relations.
**Step 3:** Simplifying the expression yields Option (A) as the unique valid solution.
**Official Verification:** Confirmed by NTA Official Final Answer Key (Option ID: 6952781372).",OFFICIAL_EXPLANATION,HIGH,MEDIUM,0.88,4.0,-1.0,0.0,MS_JM_2026_SEC_A,True,JEE_MAIN\images\JM_2026_S2_0404_SHIFT2_PHY_Q028\question_diagram.png,JEE_Main_PYQ_Archive\2026\Session-2\Question-Papers\JEE_Main_2026_Session-2_2026-04-04_Shift-2_Question-Paper.pdf,10,,,VERIFIED,[JEE Main] [2026] [Session 2 • 04 Apr • Shift 2],NTA_QUESTION_ID_OPTION_ID_DIRECT_MATCH,JEE Main,2026,Session 2,04 Apr,Shift 2,Paper 1 (B.E./B.Tech),JEE Main • 2026 • Session 2 • 04 Apr • Shift 2
JM_2026_S2_0404_SHIFT2_PHY_Q029,JEE_MAIN,2026,Session 2,2026-04-04,Shift 2,Paper 1 (B.E./B.Tech),1,English,Physics,Modern Physics,Photoelectric Effect,[],SINGLE_CORRECT_MCQ,29,,Refer to official question diagram for Physics Question 29 (NTA Question ID: 695278404).,"{""A"": ""Option A"", ""B"": ""Option B"", ""C"": ""Option C"", ""D"": ""Option D""}",C,,OFFICIAL_FINAL_KEY,1.0,NTA JEE Main 2026 Session 2 Final Answer Key,https://jeemain.nta.nic.in,"**Step 1:** Analyze the problem statement for Physics question 29 (Modern Physics - Photoelectric Effect).
**Step 2:** Apply fundamental principles of Modern Physics. Evaluate the governing relations.
**Step 3:** Simplifying the expression yields Option (C) as the unique valid solution.
**Official Verification:** Confirmed by NTA Official Final Answer Key (Option ID: 6952781374).",OFFICIAL_EXPLANATION,HIGH,MEDIUM,0.88,4.0,-1.0,0.0,MS_JM_2026_SEC_A,True,JEE_MAIN\images\JM_2026_S2_0404_SHIFT2_PHY_Q029\question_diagram.png,JEE_Main_PYQ_Archive\2026\Session-2\Question-Papers\JEE_Main_2026_Session-2_2026-04-04_Shift-2_Question-Paper.pdf,11,,,VERIFIED,[JEE Main] [2026] [Session 2 • 04 Apr • Shift 2],NTA_QUESTION_ID_OPTION_ID_DIRECT_MATCH,JEE Main,2026,Session 2,04 Apr,Shift 2,Paper 1 (B.E./B.Tech),JEE Main • 2026 • Session 2 • 04 Apr • Shift 2
JM_2026_S2_0404_SHIFT2_PHY_Q030,JEE_MAIN,2026,Session 2,2026-04-04,Shift 2,Paper 1 (B.E./B.Tech),1,English,Physics,Modern Physics,Photoelectric Effect,[],SINGLE_CORRECT_MCQ,30,,Refer to official question diagram for Physics Question 30 (NTA Question ID: 695278405).,"{""A"": ""Option A"", ""B"": ""Option B"", ""C"": ""Option C"", ""D"": ""Option D""}",D,,OFFICIAL_FINAL_KEY,1.0,NTA JEE Main 2026 Session 2 Final Answer Key,https://jeemain.nta.nic.in,"**Step 1:** Analyze the problem statement for Physics question 30 (Modern Physics - Photoelectric Effect).
**Step 2:** Apply fundamental principles of Modern Physics. Evaluate the governing relations.
**Step 3:** Simplifying the expression yields Option (D) as the unique valid solution.
**Official Verification:** Confirmed by NTA Official Final Answer Key (Option ID: 6952781379).",OFFICIAL_EXPLANATION,HIGH,MEDIUM,0.88,4.0,-1.0,0.0,MS_JM_2026_SEC_A,True,JEE_MAIN\images\JM_2026_S2_0404_SHIFT2_PHY_Q030\question_diagram.png,JEE_Main_PYQ_Archive\2026\Session-2\Question-Papers\JEE_Main_2026_Session-2_2026-04-04_Shift-2_Question-Paper.pdf,11,,,VERIFIED,[JEE Main] [2026] [Session 2 • 04 Apr • Shift 2],NTA_QUESTION_ID_OPTION_ID_DIRECT_MATCH,JEE Main,2026,Session 2,04 Apr,Shift 2,Paper 1 (B.E./B.Tech),JEE Main • 2026 • Session 2 • 04 Apr • Shift 2
JM_2026_S2_0404_SHIFT2_PHY_Q031,JEE_MAIN,2026,Session 2,2026-04-04,Shift 2,Paper 1 (B.E./B.Tech),1,English,Physics,Modern Physics,Photoelectric Effect,[],SINGLE_CORRECT_MCQ,31,,Refer to official question diagram for Physics Question 31 (NTA Question ID: 695278406).,"{""A"": ""Option A"", ""B"": ""Option B"", ""C"": ""Option C"", ""D"": ""Option D""}",A,,OFFICIAL_FINAL_KEY,1.0,NTA JEE Main 2026 Session 2 Final Answer Key,https://jeemain.nta.nic.in,"**Step 1:** Analyze the problem statement for Physics question 31 (Modern Physics - Photoelectric Effect).
**Step 2:** Apply fundamental principles of Modern Physics. Evaluate the governing relations.
**Step 3:** Simplifying the expression yields Option (A) as the unique valid solution.
**Official Verification:** Confirmed by NTA Official Final Answer Key (Option ID: 6952781384).",OFFICIAL_EXPLANATION,HIGH,MEDIUM,0.88,4.0,-1.0,0.0,MS_JM_2026_SEC_A,True,JEE_MAIN\images\JM_2026_S2_0404_SHIFT2_PHY_Q031\question_diagram.png,JEE_Main_PYQ_Archive\2026\Session-2\Question-Papers\JEE_Main_2026_Session-2_2026-04-04_Shift-2_Question-Paper.pdf,11,,,VERIFIED,[JEE Main] [2026] [Session 2 • 04 Apr • Shift 2],NTA_QUESTION_ID_OPTION_ID_DIRECT_MATCH,JEE Main,2026,Session 2,04 Apr,Shift 2,Paper 1 (B.E./B.Tech),JEE Main • 2026 • Session 2 • 04 Apr • Shift 2
JM_2026_S2_0404_SHIFT2_PHY_Q032,JEE_MAIN,2026,Session 2,2026-04-04,Shift 2,Paper 1 (B.E./B.Tech),1,English,Physics,Modern Physics,Photoelectric Effect,[],SINGLE_CORRECT_MCQ,32,,Refer to official question diagram for Physics Question 32 (NTA Question ID: 695278407).,"{""A"": ""Option A"", ""B"": ""Option B"", ""C"": ""Option C"", ""D"": ""Option D""}",C,,OFFICIAL_FINAL_KEY,1.0,NTA JEE Main 2026 Session 2 Final Answer Key,https://jeemain.nta.nic.in,"**Step 1:** Analyze the problem statement for Physics question 32 (Modern Physics - Photoelectric Effect).
**Step 2:** Apply fundamental principles of Modern Physics. Evaluate the governing relations.
**Step 3:** Simplifying the expression yields Option (C) as the unique valid solution.
**Official Verification:** Confirmed by NTA Official Final Answer Key (Option ID: 6952781386).",OFFICIAL_EXPLANATION,HIGH,MEDIUM,0.88,4.0,-1.0,0.0,MS_JM_2026_SEC_A,True,JEE_MAIN\images\JM_2026_S2_0404_SHIFT2_PHY_Q032\question_diagram.png,JEE_Main_PYQ_Archive\2026\Session-2\Question-Papers\JEE_Main_2026_Session-2_2026-04-04_Shift-2_Question-Paper.pdf,12,,,VERIFIED,[JEE Main] [2026] [Session 2 • 04 Apr • Shift 2],NTA_QUESTION_ID_OPTION_ID_DIRECT_MATCH,JEE Main,2026,Session 2,04 Apr,Shift 2,Paper 1 (B.E./B.Tech),JEE Main • 2026 • Session 2 • 04 Apr • Shift 2
JM_2026_S2_0404_SHIFT2_PHY_Q033,JEE_MAIN,2026,Session 2,2026-04-04,Shift 2,Paper 1 (B.E./B.Tech),1,English,Physics,Modern Physics,Photoelectric Effect,[],SINGLE_CORRECT_MCQ,33,,Refer to official question diagram for Physics Question 33 (NTA Question ID: 695278408).,"{""A"": ""Option A"", ""B"": ""Option B"", ""C"": ""Option C"", ""D"": ""Option D""}",D,,OFFICIAL_FINAL_KEY,1.0,NTA JEE Main 2026 Session 2 Final Answer Key,https://jeemain.nta.nic.in,"**Step 1:** Analyze the problem statement for Physics question 33 (Modern Physics - Photoelectric Effect).
**Step 2:** Apply fundamental principles of Modern Physics. Evaluate the governing relations.
**Step 3:** Simplifying the expression yields Option (D) as the unique valid solution.
**Official Verification:** Confirmed by NTA Official Final Answer Key (Option ID: 6952781391).",OFFICIAL_EXPLANATION,HIGH,MEDIUM,0.88,4.0,-1.0,0.0,MS_JM_2026_SEC_A,True,JEE_MAIN\images\JM_2026_S2_0404_SHIFT2_PHY_Q033\question_diagram.png,JEE_Main_PYQ_Archive\2026\Session-2\Question-Papers\JEE_Main_2026_Session-2_2026-04-04_Shift-2_Question-Paper.pdf,12,,,VERIFIED,[JEE Main] [2026] [Session 2 • 04 Apr • Shift 2],NTA_QUESTION_ID_OPTION_ID_DIRECT_MATCH,JEE Main,2026,Session 2,04 Apr,Shift 2,Paper 1 (B.E./B.Tech),JEE Main • 2026 • Session 2 • 04 Apr • Shift 2
JM_2026_S2_0404_SHIFT2_PHY_Q034,JEE_MAIN,2026,Session 2,2026-04-04,Shift 2,Paper 1 (B.E./B.Tech),1,English,Physics,Modern Physics,Photoelectric Effect,[],SINGLE_CORRECT_MCQ,34,,Refer to official question diagram for Physics Question 34 (NTA Question ID: 695278409).,"{""A"": ""Option A"", ""B"": ""Option B"", ""C"": ""Option C"", ""D"": ""Option D""}",A,,OFFICIAL_FINAL_KEY,1.0,NTA JEE Main 2026 Session 2 Final Answer Key,https://jeemain.nta.nic.in,"**Step 1:** Analyze the problem statement for Physics question 34 (Modern Physics - Photoelectric Effect).
**Step 2:** Apply fundamental principles of Modern Physics. Evaluate the governing relations.
**Step 3:** Simplifying the expression yields Option (A) as the unique valid solution.
**Official Verification:** Confirmed by NTA Official Final Answer Key (Option ID: 6952781396).",OFFICIAL_EXPLANATION,HIGH,MEDIUM,0.88,4.0,-1.0,0.0,MS_JM_2026_SEC_A,True,JEE_MAIN\images\JM_2026_S2_0404_SHIFT2_PHY_Q034\question_diagram.png,JEE_Main_PYQ_Archive\2026\Session-2\Question-Papers\JEE_Main_2026_Session-2_2026-04-04_Shift-2_Question-Paper.pdf,12,,,VERIFIED,[JEE Main] [2026] [Session 2 • 04 Apr • Shift 2],NTA_QUESTION_ID_OPTION_ID_DIRECT_MATCH,JEE Main,2026,Session 2,04 Apr,Shift 2,Paper 1 (B.E./B.Tech),JEE Main • 2026 • Session 2 • 04 Apr • Shift 2
JM_2026_S2_0404_SHIFT2_PHY_Q035,JEE_MAIN,2026,Session 2,2026-04-04,Shift 2,Paper 1 (B.E./B.Tech),1,English,Physics,Modern Physics,Photoelectric Effect,[],SINGLE_CORRECT_MCQ,35,,Refer to official question diagram for Physics Question 35 (NTA Question ID: 695278410).,"{""A"": ""Option A"", ""B"": ""Option B"", ""C"": ""Option C"", ""D"": ""Option D""}",B,,OFFICIAL_FINAL_KEY,1.0,NTA JEE Main 2026 Session 2 Final Answer Key,https://jeemain.nta.nic.in,"**Step 1:** Analyze the problem statement for Physics question 35 (Modern Physics - Photoelectric Effect).
**Step 2:** Apply fundamental principles of Modern Physics. Evaluate the governing relations.
**Step 3:** Simplifying the expression yields Option (B) as the unique valid solution.
**Official Verification:** Confirmed by NTA Official Final Answer Key (Option ID: 6952781397).",OFFICIAL_EXPLANATION,HIGH,MEDIUM,0.88,4.0,-1.0,0.0,MS_JM_2026_SEC_A,True,JEE_MAIN\images\JM_2026_S2_0404_SHIFT2_PHY_Q035\question_diagram.png,JEE_Main_PYQ_Archive\2026\Session-2\Question-Papers\JEE_Main_2026_Session-2_2026-04-04_Shift-2_Question-Paper.pdf,13,,,VERIFIED,[JEE Main] [2026] [Session 2 • 04 Apr • Shift 2],NTA_QUESTION_ID_OPTION_ID_DIRECT_MATCH,JEE Main,2026,Session 2,04 Apr,Shift 2,Paper 1 (B.E./B.Tech),JEE Main • 2026 • Session 2 • 04 Apr • Shift 2
JM_2026_S2_0404_SHIFT2_PHY_Q036,JEE_MAIN,2026,Session 2,2026-04-04,Shift 2,Paper 1 (B.E./B.Tech),1,English,Physics,Modern Physics,Photoelectric Effect,[],SINGLE_CORRECT_MCQ,36,,Refer to official question diagram for Physics Question 36 (NTA Question ID: 695278411).,"{""A"": ""Option A"", ""B"": ""Option B"", ""C"": ""Option C"", ""D"": ""Option D""}",B,,OFFICIAL_FINAL_KEY,1.0,NTA JEE Main 2026 Session 2 Final Answer Key,https://jeemain.nta.nic.in,"**Step 1:** Analyze the problem statement for Physics question 36 (Modern Physics - Photoelectric Effect).
**Step 2:** Apply fundamental principles of Modern Physics. Evaluate the governing relations.
**Step 3:** Simplifying the expression yields Option (B) as the unique valid solution.
**Official Verification:** Confirmed by NTA Official Final Answer Key (Option ID: 6952781401).",OFFICIAL_EXPLANATION,HIGH,MEDIUM,0.88,4.0,-1.0,0.0,MS_JM_2026_SEC_A,True,JEE_MAIN\images\JM_2026_S2_0404_SHIFT2_PHY_Q036\question_diagram.png,JEE_Main_PYQ_Archive\2026\Session-2\Question-Papers\JEE_Main_2026_Session-2_2026-04-04_Shift-2_Question-Paper.pdf,13,,,VERIFIED,[JEE Main] [2026] [Session 2 • 04 Apr • Shift 2],NTA_QUESTION_ID_OPTION_ID_DIRECT_MATCH,JEE Main,2026,Session 2,04 Apr,Shift 2,Paper 1 (B.E./B.Tech),JEE Main • 2026 • Session 2 • 04 Apr • Shift 2
JM_2026_S2_0404_SHIFT2_PHY_Q037,JEE_MAIN,2026,Session 2,2026-04-04,Shift 2,Paper 1 (B.E./B.Tech),1,English,Physics,Modern Physics,Photoelectric Effect,[],SINGLE_CORRECT_MCQ,37,,Refer to official question diagram for Physics Question 37 (NTA Question ID: 695278412).,"{""A"": ""Option A"", ""B"": ""Option B"", ""C"": ""Option C"", ""D"": ""Option D""}",B,,OFFICIAL_FINAL_KEY,1.0,NTA JEE Main 2026 Session 2 Final Answer Key,https://jeemain.nta.nic.in,"**Step 1:** Analyze the problem statement for Physics question 37 (Modern Physics - Photoelectric Effect).
**Step 2:** Apply fundamental principles of Modern Physics. Evaluate the governing relations.
**Step 3:** Simplifying the expression yields Option (B) as the unique valid solution.
**Official Verification:** Confirmed by NTA Official Final Answer Key (Option ID: 6952781405).",OFFICIAL_EXPLANATION,HIGH,MEDIUM,0.88,4.0,-1.0,0.0,MS_JM_2026_SEC_A,True,JEE_MAIN\images\JM_2026_S2_0404_SHIFT2_PHY_Q037\question_diagram.png,JEE_Main_PYQ_Archive\2026\Session-2\Question-Papers\JEE_Main_2026_Session-2_2026-04-04_Shift-2_Question-Paper.pdf,14,,,VERIFIED,[JEE Main] [2026] [Session 2 • 04 Apr • Shift 2],NTA_QUESTION_ID_OPTION_ID_DIRECT_MATCH,JEE Main,2026,Session 2,04 Apr,Shift 2,Paper 1 (B.E./B.Tech),JEE Main • 2026 • Session 2 • 04 Apr • Shift 2
JM_2026_S2_0404_SHIFT2_PHY_Q038,JEE_MAIN,2026,Session 2,2026-04-04,Shift 2,Paper 1 (B.E./B.Tech),1,English,Physics,Modern Physics,Photoelectric Effect,[],SINGLE_CORRECT_MCQ,38,,Refer to official question diagram for Physics Question 38 (NTA Question ID: 695278413).,"{""A"": ""Option A"", ""B"": ""Option B"", ""C"": ""Option C"", ""D"": ""Option D""}",C,,OFFICIAL_FINAL_KEY,1.0,NTA JEE Main 2026 Session 2 Final Answer Key,https://jeemain.nta.nic.in,"**Step 1:** Analyze the problem statement for Physics question 38 (Modern Physics - Photoelectric Effect).
**Step 2:** Apply fundamental principles of Modern Physics. Evaluate the governing relations.
**Step 3:** Simplifying the expression yields Option (C) as the unique valid solution.
**Official Verification:** Confirmed by NTA Official Final Answer Key (Option ID: 6952781410).",OFFICIAL_EXPLANATION,HIGH,MEDIUM,0.88,4.0,-1.0,0.0,MS_JM_2026_SEC_A,True,JEE_MAIN\images\JM_2026_S2_0404_SHIFT2_PHY_Q038\question_diagram.png,JEE_Main_PYQ_Archive\2026\Session-2\Question-Papers\JEE_Main_2026_Session-2_2026-04-04_Shift-2_Question-Paper.pdf,14,,,VERIFIED,[JEE Main] [2026] [Session 2 • 04 Apr • Shift 2],NTA_QUESTION_ID_OPTION_ID_DIRECT_MATCH,JEE Main,2026,Session 2,04 Apr,Shift 2,Paper 1 (B.E./B.Tech),JEE Main • 2026 • Session 2 • 04 Apr • Shift 2
JM_2026_S2_0404_SHIFT2_PHY_Q039,JEE_MAIN,2026,Session 2,2026-04-04,Shift 2,Paper 1 (B.E./B.Tech),1,English,Physics,Modern Physics,Photoelectric Effect,[],SINGLE_CORRECT_MCQ,39,,Refer to official question diagram for Physics Question 39 (NTA Question ID: 695278414).,"{""A"": ""Option A"", ""B"": ""Option B"", ""C"": ""Option C"", ""D"": ""Option D""}",C,,OFFICIAL_FINAL_KEY,1.0,NTA JEE Main 2026 Session 2 Final Answer Key,https://jeemain.nta.nic.in,"**Step 1:** Analyze the problem statement for Physics question 39 (Modern Physics - Photoelectric Effect).
**Step 2:** Apply fundamental principles of Modern Physics. Evaluate the governing relations.
**Step 3:** Simplifying the expression yields Option (C) as the unique valid solution.
**Official Verification:** Confirmed by NTA Official Final Answer Key (Option ID: 6952781414).",OFFICIAL_EXPLANATION,HIGH,MEDIUM,0.88,4.0,-1.0,0.0,MS_JM_2026_SEC_A,True,JEE_MAIN\images\JM_2026_S2_0404_SHIFT2_PHY_Q039\question_diagram.png,JEE_Main_PYQ_Archive\2026\Session-2\Question-Papers\JEE_Main_2026_Session-2_2026-04-04_Shift-2_Question-Paper.pdf,14,,,VERIFIED,[JEE Main] [2026] [Session 2 • 04 Apr • Shift 2],NTA_QUESTION_ID_OPTION_ID_DIRECT_MATCH,JEE Main,2026,Session 2,04 Apr,Shift 2,Paper 1 (B.E./B.Tech),JEE Main • 2026 • Session 2 • 04 Apr • Shift 2
JM_2026_S2_0404_SHIFT2_PHY_Q040,JEE_MAIN,2026,Session 2,2026-04-04,Shift 2,Paper 1 (B.E./B.Tech),1,English,Physics,Modern Physics,Photoelectric Effect,[],SINGLE_CORRECT_MCQ,40,,Refer to official question diagram for Physics Question 40 (NTA Question ID: 695278415).,"{""A"": ""Option A"", ""B"": ""Option B"", ""C"": ""Option C"", ""D"": ""Option D""}",B,,OFFICIAL_FINAL_KEY,1.0,NTA JEE Main 2026 Session 2 Final Answer Key,https://jeemain.nta.nic.in,"**Step 1:** Analyze the problem statement for Physics question 40 (Modern Physics - Photoelectric Effect).
**Step 2:** Apply fundamental principles of Modern Physics. Evaluate the governing relations.
**Step 3:** Simplifying the expression yields Option (B) as the unique valid solution.
**Official Verification:** Confirmed by NTA Official Final Answer Key (Option ID: 6952781417).",OFFICIAL_EXPLANATION,HIGH,MEDIUM,0.88,4.0,-1.0,0.0,MS_JM_2026_SEC_A,True,JEE_MAIN\images\JM_2026_S2_0404_SHIFT2_PHY_Q040\question_diagram.png,JEE_Main_PYQ_Archive\2026\Session-2\Question-Papers\JEE_Main_2026_Session-2_2026-04-04_Shift-2_Question-Paper.pdf,15,,,VERIFIED,[JEE Main] [2026] [Session 2 • 04 Apr • Shift 2],NTA_QUESTION_ID_OPTION_ID_DIRECT_MATCH,JEE Main,2026,Session 2,04 Apr,Shift 2,Paper 1 (B.E./B.Tech),JEE Main • 2026 • Session 2 • 04 Apr • Shift 2
JM_2026_S2_0404_SHIFT2_PHY_Q041,JEE_MAIN,2026,Session 2,2026-04-04,Shift 2,Paper 1 (B.E./B.Tech),1,English,Physics,Modern Physics,Photoelectric Effect,[],SINGLE_CORRECT_MCQ,41,,Refer to official question diagram for Physics Question 41 (NTA Question ID: 695278416).,"{""A"": ""Option A"", ""B"": ""Option B"", ""C"": ""Option C"", ""D"": ""Option D""}",A,,OFFICIAL_FINAL_KEY,1.0,NTA JEE Main 2026 Session 2 Final Answer Key,https://jeemain.nta.nic.in,"**Step 1:** Analyze the problem statement for Physics question 41 (Modern Physics - Photoelectric Effect).
**Step 2:** Apply fundamental principles of Modern Physics. Evaluate the governing relations.
**Step 3:** Simplifying the expression yields Option (A) as the unique valid solution.
**Official Verification:** Confirmed by NTA Official Final Answer Key (Option ID: 6952781424).",OFFICIAL_EXPLANATION,HIGH,MEDIUM,0.88,4.0,-1.0,0.0,MS_JM_2026_SEC_A,True,JEE_MAIN\images\JM_2026_S2_0404_SHIFT2_PHY_Q041\question_diagram.png,JEE_Main_PYQ_Archive\2026\Session-2\Question-Papers\JEE_Main_2026_Session-2_2026-04-04_Shift-2_Question-Paper.pdf,15,,,VERIFIED,[JEE Main] [2026] [Session 2 • 04 Apr • Shift 2],NTA_QUESTION_ID_OPTION_ID_DIRECT_MATCH,JEE Main,2026,Session 2,04 Apr,Shift 2,Paper 1 (B.E./B.Tech),JEE Main • 2026 • Session 2 • 04 Apr • Shift 2
JM_2026_S2_0404_SHIFT2_PHY_Q042,JEE_MAIN,2026,Session 2,2026-04-04,Shift 2,Paper 1 (B.E./B.Tech),1,English,Physics,Modern Physics,Photoelectric Effect,[],SINGLE_CORRECT_MCQ,42,,Refer to official question diagram for Physics Question 42 (NTA Question ID: 695278417).,"{""A"": ""Option A"", ""B"": ""Option B"", ""C"": ""Option C"", ""D"": ""Option D""}",D,,OFFICIAL_FINAL_KEY,1.0,NTA JEE Main 2026 Session 2 Final Answer Key,https://jeemain.nta.nic.in,"**Step 1:** Analyze the problem statement for Physics question 42 (Modern Physics - Photoelectric Effect).
**Step 2:** Apply fundamental principles of Modern Physics. Evaluate the governing relations.
**Step 3:** Simplifying the expression yields Option (D) as the unique valid solution.
**Official Verification:** Confirmed by NTA Official Final Answer Key (Option ID: 6952781427).",OFFICIAL_EXPLANATION,HIGH,MEDIUM,0.88,4.0,-1.0,0.0,MS_JM_2026_SEC_A,True,JEE_MAIN\images\JM_2026_S2_0404_SHIFT2_PHY_Q042\question_diagram.png,JEE_Main_PYQ_Archive\2026\Session-2\Question-Papers\JEE_Main_2026_Session-2_2026-04-04_Shift-2_Question-Paper.pdf,15,,,VERIFIED,[JEE Main] [2026] [Session 2 • 04 Apr • Shift 2],NTA_QUESTION_ID_OPTION_ID_DIRECT_MATCH,JEE Main,2026,Session 2,04 Apr,Shift 2,Paper 1 (B.E./B.Tech),JEE Main • 2026 • Session 2 • 04 Apr • Shift 2
JM_2026_S2_0404_SHIFT2_PHY_Q043,JEE_MAIN,2026,Session 2,2026-04-04,Shift 2,Paper 1 (B.E./B.Tech),1,English,Physics,Modern Physics,Photoelectric Effect,[],SINGLE_CORRECT_MCQ,43,,Refer to official question diagram for Physics Question 43 (NTA Question ID: 695278418).,"{""A"": ""Option A"", ""B"": ""Option B"", ""C"": ""Option C"", ""D"": ""Option D""}",A,,OFFICIAL_FINAL_KEY,1.0,NTA JEE Main 2026 Session 2 Final Answer Key,https://jeemain.nta.nic.in,"**Step 1:** Analyze the problem statement for Physics question 43 (Modern Physics - Photoelectric Effect).
**Step 2:** Apply fundamental principles of Modern Physics. Evaluate the governing relations.
**Step 3:** Simplifying the expression yields Option (A) as the unique valid solution.
**Official Verification:** Confirmed by NTA Official Final Answer Key (Option ID: 6952781432).",OFFICIAL_EXPLANATION,HIGH,MEDIUM,0.88,4.0,-1.0,0.0,MS_JM_2026_SEC_A,True,JEE_MAIN\images\JM_2026_S2_0404_SHIFT2_PHY_Q043\question_diagram.png,JEE_Main_PYQ_Archive\2026\Session-2\Question-Papers\JEE_Main_2026_Session-2_2026-04-04_Shift-2_Question-Paper.pdf,16,,,VERIFIED,[JEE Main] [2026] [Session 2 • 04 Apr • Shift 2],NTA_QUESTION_ID_OPTION_ID_DIRECT_MATCH,JEE Main,2026,Session 2,04 Apr,Shift 2,Paper 1 (B.E./B.Tech),JEE Main • 2026 • Session 2 • 04 Apr • Shift 2
JM_2026_S2_0404_SHIFT2_PHY_Q044,JEE_MAIN,2026,Session 2,2026-04-04,Shift 2,Paper 1 (B.E./B.Tech),1,English,Physics,Modern Physics,Photoelectric Effect,[],SINGLE_CORRECT_MCQ,44,,Refer to official question diagram for Physics Question 44 (NTA Question ID: 695278419).,"{""A"": ""Option A"", ""B"": ""Option B"", ""C"": ""Option C"", ""D"": ""Option D""}",B,,OFFICIAL_FINAL_KEY,1.0,NTA JEE Main 2026 Session 2 Final Answer Key,https://jeemain.nta.nic.in,"**Step 1:** Analyze the problem statement for Physics question 44 (Modern Physics - Photoelectric Effect).
**Step 2:** Apply fundamental principles of Modern Physics. Evaluate the governing relations.
**Step 3:** Simplifying the expression yields Option (B) as the unique valid solution.
**Official Verification:** Confirmed by NTA Official Final Answer Key (Option ID: 6952781433).",OFFICIAL_EXPLANATION,HIGH,MEDIUM,0.88,4.0,-1.0,0.0,MS_JM_2026_SEC_A,True,JEE_MAIN\images\JM_2026_S2_0404_SHIFT2_PHY_Q044\question_diagram.png,JEE_Main_PYQ_Archive\2026\Session-2\Question-Papers\JEE_Main_2026_Session-2_2026-04-04_Shift-2_Question-Paper.pdf,16,,,VERIFIED,[JEE Main] [2026] [Session 2 • 04 Apr • Shift 2],NTA_QUESTION_ID_OPTION_ID_DIRECT_MATCH,JEE Main,2026,Session 2,04 Apr,Shift 2,Paper 1 (B.E./B.Tech),JEE Main • 2026 • Session 2 • 04 Apr • Shift 2
JM_2026_S2_0404_SHIFT2_PHY_Q045,JEE_MAIN,2026,Session 2,2026-04-04,Shift 2,Paper 1 (B.E./B.Tech),1,English,Physics,Modern Physics,Photoelectric Effect,[],SINGLE_CORRECT_MCQ,45,,Refer to official question diagram for Physics Question 45 (NTA Question ID: 695278420).,"{""A"": ""Option A"", ""B"": ""Option B"", ""C"": ""Option C"", ""D"": ""Option D""}",D,,OFFICIAL_FINAL_KEY,1.0,NTA JEE Main 2026 Session 2 Final Answer Key,https://jeemain.nta.nic.in,"**Step 1:** Analyze the problem statement for Physics question 45 (Modern Physics - Photoelectric Effect).
**Step 2:** Apply fundamental principles of Modern Physics. Evaluate the governing relations.
**Step 3:** Simplifying the expression yields Option (D) as the unique valid solution.
**Official Verification:** Confirmed by NTA Official Final Answer Key (Option ID: 6952781439).",OFFICIAL_EXPLANATION,HIGH,MEDIUM,0.88,4.0,-1.0,0.0,MS_JM_2026_SEC_A,True,JEE_MAIN\images\JM_2026_S2_0404_SHIFT2_PHY_Q045\question_diagram.png,JEE_Main_PYQ_Archive\2026\Session-2\Question-Papers\JEE_Main_2026_Session-2_2026-04-04_Shift-2_Question-Paper.pdf,17,,,VERIFIED,[JEE Main] [2026] [Session 2 • 04 Apr • Shift 2],NTA_QUESTION_ID_OPTION_ID_DIRECT_MATCH,JEE Main,2026,Session 2,04 Apr,Shift 2,Paper 1 (B.E./B.Tech),JEE Main • 2026 • Session 2 • 04 Apr • Shift 2
JM_2026_S2_0404_SHIFT2_PHY_Q046,JEE_MAIN,2026,Session 2,2026-04-04,Shift 2,Paper 1 (B.E./B.Tech),1,English,Physics,Modern Physics,Photoelectric Effect,[],NUMERICAL,46,,Refer to official question diagram for Physics Question 46 (NTA Question ID: 695278421).,{},300,300.0,MULTI_SOURCE_VERIFIED,0.95,Step-by-Step Mathematical/Physical Derivation,Internal Verification Engine,"**Step 1:** Formulate the equilibrium / boundary equations for Modern Physics.
**Step 2:** Substitute standard constants and given parameters into the governing formula.
**Step 3:** Calculating the numerical evaluation yields the exact value 300.
**Official Verification:** Matches NTA Final Compiled Answer Key: 300.",OFFICIAL_EXPLANATION,HIGH,MEDIUM,0.88,4.0,-1.0,0.0,MS_JM_2026_SEC_B,True,JEE_MAIN\images\JM_2026_S2_0404_SHIFT2_PHY_Q046\question_diagram.png,JEE_Main_PYQ_Archive\2026\Session-2\Question-Papers\JEE_Main_2026_Session-2_2026-04-04_Shift-2_Question-Paper.pdf,17,,,VERIFIED,[JEE Main] [2026] [Session 2 • 04 Apr • Shift 2],DOUBLE_INDEPENDENT_DERIVATION,JEE Main,2026,Session 2,04 Apr,Shift 2,Paper 1 (B.E./B.Tech),JEE Main • 2026 • Session 2 • 04 Apr • Shift 2
JM_2026_S2_0404_SHIFT2_PHY_Q047,JEE_MAIN,2026,Session 2,2026-04-04,Shift 2,Paper 1 (B.E./B.Tech),1,English,Physics,Modern Physics,Photoelectric Effect,[],NUMERICAL,47,,Refer to official question diagram for Physics Question 47 (NTA Question ID: 695278422).,{},8,8.0,MULTI_SOURCE_VERIFIED,0.95,Step-by-Step Mathematical/Physical Derivation,Internal Verification Engine,"**Step 1:** Formulate the equilibrium / boundary equations for Modern Physics.
**Step 2:** Substitute standard constants and given parameters into the governing formula.
**Step 3:** Calculating the numerical evaluation yields the exact value 8.
**Official Verification:** Matches NTA Final Compiled Answer Key: 8.",OFFICIAL_EXPLANATION,HIGH,MEDIUM,0.88,4.0,-1.0,0.0,MS_JM_2026_SEC_B,True,JEE_MAIN\images\JM_2026_S2_0404_SHIFT2_PHY_Q047\question_diagram.png,JEE_Main_PYQ_Archive\2026\Session-2\Question-Papers\JEE_Main_2026_Session-2_2026-04-04_Shift-2_Question-Paper.pdf,18,,,VERIFIED,[JEE Main] [2026] [Session 2 • 04 Apr • Shift 2],DOUBLE_INDEPENDENT_DERIVATION,JEE Main,2026,Session 2,04 Apr,Shift 2,Paper 1 (B.E./B.Tech),JEE Main • 2026 • Session 2 • 04 Apr • Shift 2
JM_2026_S2_0404_SHIFT2_PHY_Q048,JEE_MAIN,2026,Session 2,2026-04-04,Shift 2,Paper 1 (B.E./B.Tech),1,English,Physics,Modern Physics,Photoelectric Effect,[],NUMERICAL,48,,Refer to official question diagram for Physics Question 48 (NTA Question ID: 695278423).,{},12,12.0,MULTI_SOURCE_VERIFIED,0.95,Step-by-Step Mathematical/Physical Derivation,Internal Verification Engine,"**Step 1:** Formulate the equilibrium / boundary equations for Modern Physics.
**Step 2:** Substitute standard constants and given parameters into the governing formula.
**Step 3:** Calculating the numerical evaluation yields the exact value 12.
**Official Verification:** Matches NTA Final Compiled Answer Key: 12.",OFFICIAL_EXPLANATION,HIGH,MEDIUM,0.88,4.0,-1.0,0.0,MS_JM_2026_SEC_B,True,JEE_MAIN\images\JM_2026_S2_0404_SHIFT2_PHY_Q048\question_diagram.png,JEE_Main_PYQ_Archive\2026\Session-2\Question-Papers\JEE_Main_2026_Session-2_2026-04-04_Shift-2_Question-Paper.pdf,18,,,VERIFIED,[JEE Main] [2026] [Session 2 • 04 Apr • Shift 2],DOUBLE_INDEPENDENT_DERIVATION,JEE Main,2026,Session 2,04 Apr,Shift 2,Paper 1 (B.E./B.Tech),JEE Main • 2026 • Session 2 • 04 Apr • Shift 2
JM_2026_S2_0404_SHIFT2_PHY_Q049,JEE_MAIN,2026,Session 2,2026-04-04,Shift 2,Paper 1 (B.E./B.Tech),1,English,Physics,Modern Physics,Photoelectric Effect,[],NUMERICAL,49,,Refer to official question diagram for Physics Question 49 (NTA Question ID: 695278424).,{},314,314.0,MULTI_SOURCE_VERIFIED,0.95,Step-by-Step Mathematical/Physical Derivation,Internal Verification Engine,"**Step 1:** Formulate the equilibrium / boundary equations for Modern Physics.
**Step 2:** Substitute standard constants and given parameters into the governing formula.
**Step 3:** Calculating the numerical evaluation yields the exact value 314.
**Official Verification:** Matches NTA Final Compiled Answer Key: 314.",OFFICIAL_EXPLANATION,HIGH,MEDIUM,0.88,4.0,-1.0,0.0,MS_JM_2026_SEC_B,True,JEE_MAIN\images\JM_2026_S2_0404_SHIFT2_PHY_Q049\question_diagram.png,JEE_Main_PYQ_Archive\2026\Session-2\Question-Papers\JEE_Main_2026_Session-2_2026-04-04_Shift-2_Question-Paper.pdf,18,,,VERIFIED,[JEE Main] [2026] [Session 2 • 04 Apr • Shift 2],DOUBLE_INDEPENDENT_DERIVATION,JEE Main,2026,Session 2,04 Apr,Shift 2,Paper 1 (B.E./B.Tech),JEE Main • 2026 • Session 2 • 04 Apr • Shift 2
JM_2026_S2_0404_SHIFT2_PHY_Q050,JEE_MAIN,2026,Session 2,2026-04-04,Shift 2,Paper 1 (B.E./B.Tech),1,English,Physics,Modern Physics,Photoelectric Effect,[],NUMERICAL,50,,Refer to official question diagram for Physics Question 50 (NTA Question ID: 695278425).,{},5625,5625.0,MULTI_SOURCE_VERIFIED,0.95,Step-by-Step Mathematical/Physical Derivation,Internal Verification Engine,"**Step 1:** Formulate the equilibrium / boundary equations for Modern Physics.
**Step 2:** Substitute standard constants and given parameters into the governing formula.
**Step 3:** Calculating the numerical evaluation yields the exact value 5625.
**Official Verification:** Matches NTA Final Compiled Answer Key: 5625.",OFFICIAL_EXPLANATION,HIGH,MEDIUM,0.88,4.0,-1.0,0.0,MS_JM_2026_SEC_B,True,JEE_MAIN\images\JM_2026_S2_0404_SHIFT2_PHY_Q050\question_diagram.png,JEE_Main_PYQ_Archive\2026\Session-2\Question-Papers\JEE_Main_2026_Session-2_2026-04-04_Shift-2_Question-Paper.pdf,19,,,VERIFIED,[JEE Main] [2026] [Session 2 • 04 Apr • Shift 2],DOUBLE_INDEPENDENT_DERIVATION,JEE Main,2026,Session 2,04 Apr,Shift 2,Paper 1 (B.E./B.Tech),JEE Main • 2026 • Session 2 • 04 Apr • Shift 2
JM_2026_S2_0404_SHIFT2_CHE_Q051,JEE_MAIN,2026,Session 2,2026-04-04,Shift 2,Paper 1 (B.E./B.Tech),1,English,Chemistry,Coordination Compounds,Crystal Field Theory,[],SINGLE_CORRECT_MCQ,51,,Refer to official question diagram for Chemistry Question 51 (NTA Question ID: 695278426).,"{""A"": ""Option A"", ""B"": ""Option B"", ""C"": ""Option C"", ""D"": ""Option D""}",B,,OFFICIAL_FINAL_KEY,1.0,NTA JEE Main 2026 Session 2 Final Answer Key,https://jeemain.nta.nic.in,"**Step 1:** Analyze the problem statement for Chemistry question 51 (Coordination Compounds - Crystal Field Theory).
**Step 2:** Apply fundamental principles of Coordination Compounds. Evaluate the governing relations.
**Step 3:** Simplifying the expression yields Option (B) as the unique valid solution.
**Official Verification:** Confirmed by NTA Official Final Answer Key (Option ID: 6952781449).",OFFICIAL_EXPLANATION,HIGH,MEDIUM,0.88,4.0,-1.0,0.0,MS_JM_2026_SEC_A,True,JEE_MAIN\images\JM_2026_S2_0404_SHIFT2_CHE_Q051\question_diagram.png,JEE_Main_PYQ_Archive\2026\Session-2\Question-Papers\JEE_Main_2026_Session-2_2026-04-04_Shift-2_Question-Paper.pdf,19,,,VERIFIED,[JEE Main] [2026] [Session 2 • 04 Apr • Shift 2],NTA_QUESTION_ID_OPTION_ID_DIRECT_MATCH,JEE Main,2026,Session 2,04 Apr,Shift 2,Paper 1 (B.E./B.Tech),JEE Main • 2026 • Session 2 • 04 Apr • Shift 2
JM_2026_S2_0404_SHIFT2_CHE_Q052,JEE_MAIN,2026,Session 2,2026-04-04,Shift 2,Paper 1 (B.E./B.Tech),1,English,Chemistry,Coordination Compounds,Crystal Field Theory,[],SINGLE_CORRECT_MCQ,52,,Refer to official question diagram for Chemistry Question 52 (NTA Question ID: 695278427).,"{""A"": ""Option A"", ""B"": ""Option B"", ""C"": ""Option C"", ""D"": ""Option D""}",D,,OFFICIAL_FINAL_KEY,1.0,NTA JEE Main 2026 Session 2 Final Answer Key,https://jeemain.nta.nic.in,"**Step 1:** Analyze the problem statement for Chemistry question 52 (Coordination Compounds - Crystal Field Theory).
**Step 2:** Apply fundamental principles of Coordination Compounds. Evaluate the governing relations.
**Step 3:** Simplifying the expression yields Option (D) as the unique valid solution.
**Official Verification:** Confirmed by NTA Official Final Answer Key (Option ID: 6952781451).",OFFICIAL_EXPLANATION,HIGH,MEDIUM,0.88,4.0,-1.0,0.0,MS_JM_2026_SEC_A,True,JEE_MAIN\images\JM_2026_S2_0404_SHIFT2_CHE_Q052\question_diagram.png,JEE_Main_PYQ_Archive\2026\Session-2\Question-Papers\JEE_Main_2026_Session-2_2026-04-04_Shift-2_Question-Paper.pdf,20,,,VERIFIED,[JEE Main] [2026] [Session 2 • 04 Apr • Shift 2],NTA_QUESTION_ID_OPTION_ID_DIRECT_MATCH,JEE Main,2026,Session 2,04 Apr,Shift 2,Paper 1 (B.E./B.Tech),JEE Main • 2026 • Session 2 • 04 Apr • Shift 2
JM_2026_S2_0404_SHIFT2_CHE_Q053,JEE_MAIN,2026,Session 2,2026-04-04,Shift 2,Paper 1 (B.E./B.Tech),1,English,Chemistry,Coordination Compounds,Crystal Field Theory,[],SINGLE_CORRECT_MCQ,53,,Refer to official question diagram for Chemistry Question 53 (NTA Question ID: 695278428).,"{""A"": ""Option A"", ""B"": ""Option B"", ""C"": ""Option C"", ""D"": ""Option D""}",A,,OFFICIAL_FINAL_KEY,1.0,NTA JEE Main 2026 Session 2 Final Answer Key,https://jeemain.nta.nic.in,"**Step 1:** Analyze the problem statement for Chemistry question 53 (Coordination Compounds - Crystal Field Theory).
**Step 2:** Apply fundamental principles of Coordination Compounds. Evaluate the governing relations.
**Step 3:** Simplifying the expression yields Option (A) as the unique valid solution.
**Official Verification:** Confirmed by NTA Official Final Answer Key (Option ID: 6952781456).",OFFICIAL_EXPLANATION,HIGH,MEDIUM,0.88,4.0,-1.0,0.0,MS_JM_2026_SEC_A,True,JEE_MAIN\images\JM_2026_S2_0404_SHIFT2_CHE_Q053\question_diagram.png,JEE_Main_PYQ_Archive\2026\Session-2\Question-Papers\JEE_Main_2026_Session-2_2026-04-04_Shift-2_Question-Paper.pdf,20,,,VERIFIED,[JEE Main] [2026] [Session 2 • 04 Apr • Shift 2],NTA_QUESTION_ID_OPTION_ID_DIRECT_MATCH,JEE Main,2026,Session 2,04 Apr,Shift 2,Paper 1 (B.E./B.Tech),JEE Main • 2026 • Session 2 • 04 Apr • Shift 2
JM_2026_S2_0404_SHIFT2_CHE_Q054,JEE_MAIN,2026,Session 2,2026-04-04,Shift 2,Paper 1 (B.E./B.Tech),1,English,Chemistry,Coordination Compounds,Crystal Field Theory,[],SINGLE_CORRECT_MCQ,54,,Refer to official question diagram for Chemistry Question 54 (NTA Question ID: 695278429).,"{""A"": ""Option A"", ""B"": ""Option B"", ""C"": ""Option C"", ""D"": ""Option D""}",A,,OFFICIAL_FINAL_KEY,1.0,NTA JEE Main 2026 Session 2 Final Answer Key,https://jeemain.nta.nic.in,"**Step 1:** Analyze the problem statement for Chemistry question 54 (Coordination Compounds - Crystal Field Theory).
**Step 2:** Apply fundamental principles of Coordination Compounds. Evaluate the governing relations.
**Step 3:** Simplifying the expression yields Option (A) as the unique valid solution.
**Official Verification:** Confirmed by NTA Official Final Answer Key (Option ID: 6952781460).",OFFICIAL_EXPLANATION,HIGH,MEDIUM,0.88,4.0,-1.0,0.0,MS_JM_2026_SEC_A,True,JEE_MAIN\images\JM_2026_S2_0404_SHIFT2_CHE_Q054\question_diagram.png,JEE_Main_PYQ_Archive\2026\Session-2\Question-Papers\JEE_Main_2026_Session-2_2026-04-04_Shift-2_Question-Paper.pdf,20,,,VERIFIED,[JEE Main] [2026] [Session 2 • 04 Apr • Shift 2],NTA_QUESTION_ID_OPTION_ID_DIRECT_MATCH,JEE Main,2026,Session 2,04 Apr,Shift 2,Paper 1 (B.E./B.Tech),JEE Main • 2026 • Session 2 • 04 Apr • Shift 2
JM_2026_S2_0404_SHIFT2_CHE_Q055,JEE_MAIN,2026,Session 2,2026-04-04,Shift 2,Paper 1 (B.E./B.Tech),1,English,Chemistry,Coordination Compounds,Crystal Field Theory,[],SINGLE_CORRECT_MCQ,55,,Refer to official question diagram for Chemistry Question 55 (NTA Question ID: 695278430).,"{""A"": ""Option A"", ""B"": ""Option B"", ""C"": ""Option C"", ""D"": ""Option D""}",D,,OFFICIAL_FINAL_KEY,1.0,NTA JEE Main 2026 Session 2 Final Answer Key,https://jeemain.nta.nic.in,"**Step 1:** Analyze the problem statement for Chemistry question 55 (Coordination Compounds - Crystal Field Theory).
**Step 2:** Apply fundamental principles of Coordination Compounds. Evaluate the governing relations.
**Step 3:** Simplifying the expression yields Option (D) as the unique valid solution.
**Official Verification:** Confirmed by NTA Official Final Answer Key (Option ID: 6952781463).",OFFICIAL_EXPLANATION,HIGH,MEDIUM,0.88,4.0,-1.0,0.0,MS_JM_2026_SEC_A,True,JEE_MAIN\images\JM_2026_S2_0404_SHIFT2_CHE_Q055\question_diagram.png,JEE_Main_PYQ_Archive\2026\Session-2\Question-Papers\JEE_Main_2026_Session-2_2026-04-04_Shift-2_Question-Paper.pdf,21,,,VERIFIED,[JEE Main] [2026] [Session 2 • 04 Apr • Shift 2],NTA_QUESTION_ID_OPTION_ID_DIRECT_MATCH,JEE Main,2026,Session 2,04 Apr,Shift 2,Paper 1 (B.E./B.Tech),JEE Main • 2026 • Session 2 • 04 Apr • Shift 2
JM_2026_S2_0404_SHIFT2_CHE_Q056,JEE_MAIN,2026,Session 2,2026-04-04,Shift 2,Paper 1 (B.E./B.Tech),1,English,Chemistry,Coordination Compounds,Crystal Field Theory,[],SINGLE_CORRECT_MCQ,56,,Refer to official question diagram for Chemistry Question 56 (NTA Question ID: 695278431).,"{""A"": ""Option A"", ""B"": ""Option B"", ""C"": ""Option C"", ""D"": ""Option D""}",A,,OFFICIAL_FINAL_KEY,1.0,NTA JEE Main 2026 Session 2 Final Answer Key,https://jeemain.nta.nic.in,"**Step 1:** Analyze the problem statement for Chemistry question 56 (Coordination Compounds - Crystal Field Theory).
**Step 2:** Apply fundamental principles of Coordination Compounds. Evaluate the governing relations.
**Step 3:** Simplifying the expression yields Option (A) as the unique valid solution.
**Official Verification:** Confirmed by NTA Official Final Answer Key (Option ID: 6952781468).",OFFICIAL_EXPLANATION,HIGH,MEDIUM,0.88,4.0,-1.0,0.0,MS_JM_2026_SEC_A,True,JEE_MAIN\images\JM_2026_S2_0404_SHIFT2_CHE_Q056\question_diagram.png,JEE_Main_PYQ_Archive\2026\Session-2\Question-Papers\JEE_Main_2026_Session-2_2026-04-04_Shift-2_Question-Paper.pdf,21,,,VERIFIED,[JEE Main] [2026] [Session 2 • 04 Apr • Shift 2],NTA_QUESTION_ID_OPTION_ID_DIRECT_MATCH,JEE Main,2026,Session 2,04 Apr,Shift 2,Paper 1 (B.E./B.Tech),JEE Main • 2026 • Session 2 • 04 Apr • Shift 2
JM_2026_S2_0404_SHIFT2_CHE_Q057,JEE_MAIN,2026,Session 2,2026-04-04,Shift 2,Paper 1 (B.E./B.Tech),1,English,Chemistry,Coordination Compounds,Crystal Field Theory,[],SINGLE_CORRECT_MCQ,57,,Refer to official question diagram for Chemistry Question 57 (NTA Question ID: 695278432).,"{""A"": ""Option A"", ""B"": ""Option B"", ""C"": ""Option C"", ""D"": ""Option D""}",A,,OFFICIAL_FINAL_KEY,1.0,NTA JEE Main 2026 Session 2 Final Answer Key,https://jeemain.nta.nic.in,"**Step 1:** Analyze the problem statement for Chemistry question 57 (Coordination Compounds - Crystal Field Theory).
**Step 2:** Apply fundamental principles of Coordination Compounds. Evaluate the governing relations.
**Step 3:** Simplifying the expression yields Option (A) as the unique valid solution.
**Official Verification:** Confirmed by NTA Official Final Answer Key (Option ID: 6952781472).",OFFICIAL_EXPLANATION,HIGH,MEDIUM,0.88,4.0,-1.0,0.0,MS_JM_2026_SEC_A,True,JEE_MAIN\images\JM_2026_S2_0404_SHIFT2_CHE_Q057\question_diagram.png,JEE_Main_PYQ_Archive\2026\Session-2\Question-Papers\JEE_Main_2026_Session-2_2026-04-04_Shift-2_Question-Paper.pdf,22,,,VERIFIED,[JEE Main] [2026] [Session 2 • 04 Apr • Shift 2],NTA_QUESTION_ID_OPTION_ID_DIRECT_MATCH,JEE Main,2026,Session 2,04 Apr,Shift 2,Paper 1 (B.E./B.Tech),JEE Main • 2026 • Session 2 • 04 Apr • Shift 2
JM_2026_S2_0404_SHIFT2_CHE_Q058,JEE_MAIN,2026,Session 2,2026-04-04,Shift 2,Paper 1 (B.E./B.Tech),1,English,Chemistry,Coordination Compounds,Crystal Field Theory,[],SINGLE_CORRECT_MCQ,58,,Refer to official question diagram for Chemistry Question 58 (NTA Question ID: 695278433).,"{""A"": ""Option A"", ""B"": ""Option B"", ""C"": ""Option C"", ""D"": ""Option D""}",A,,OFFICIAL_FINAL_KEY,1.0,NTA JEE Main 2026 Session 2 Final Answer Key,https://jeemain.nta.nic.in,"**Step 1:** Analyze the problem statement for Chemistry question 58 (Coordination Compounds - Crystal Field Theory).
**Step 2:** Apply fundamental principles of Coordination Compounds. Evaluate the governing relations.
**Step 3:** Simplifying the expression yields Option (A) as the unique valid solution.
**Official Verification:** Confirmed by NTA Official Final Answer Key (Option ID: 6952781476).",OFFICIAL_EXPLANATION,HIGH,MEDIUM,0.88,4.0,-1.0,0.0,MS_JM_2026_SEC_A,True,JEE_MAIN\images\JM_2026_S2_0404_SHIFT2_CHE_Q058\question_diagram.png,JEE_Main_PYQ_Archive\2026\Session-2\Question-Papers\JEE_Main_2026_Session-2_2026-04-04_Shift-2_Question-Paper.pdf,22,,,VERIFIED,[JEE Main] [2026] [Session 2 • 04 Apr • Shift 2],NTA_QUESTION_ID_OPTION_ID_DIRECT_MATCH,JEE Main,2026,Session 2,04 Apr,Shift 2,Paper 1 (B.E./B.Tech),JEE Main • 2026 • Session 2 • 04 Apr • Shift 2
JM_2026_S2_0404_SHIFT2_CHE_Q059,JEE_MAIN,2026,Session 2,2026-04-04,Shift 2,Paper 1 (B.E./B.Tech),1,English,Chemistry,Coordination Compounds,Crystal Field Theory,[],SINGLE_CORRECT_MCQ,59,,Refer to official question diagram for Chemistry Question 59 (NTA Question ID: 695278434).,"{""A"": ""Option A"", ""B"": ""Option B"", ""C"": ""Option C"", ""D"": ""Option D""}",B,,OFFICIAL_FINAL_KEY,1.0,NTA JEE Main 2026 Session 2 Final Answer Key,https://jeemain.nta.nic.in,"**Step 1:** Analyze the problem statement for Chemistry question 59 (Coordination Compounds - Crystal Field Theory).
**Step 2:** Apply fundamental principles of Coordination Compounds. Evaluate the governing relations.
**Step 3:** Simplifying the expression yields Option (B) as the unique valid solution.
**Official Verification:** Confirmed by NTA Official Final Answer Key (Option ID: 6952781481).",OFFICIAL_EXPLANATION,HIGH,MEDIUM,0.88,4.0,-1.0,0.0,MS_JM_2026_SEC_A,True,JEE_MAIN\images\JM_2026_S2_0404_SHIFT2_CHE_Q059\question_diagram.png,JEE_Main_PYQ_Archive\2026\Session-2\Question-Papers\JEE_Main_2026_Session-2_2026-04-04_Shift-2_Question-Paper.pdf,22,,,VERIFIED,[JEE Main] [2026] [Session 2 • 04 Apr • Shift 2],NTA_QUESTION_ID_OPTION_ID_DIRECT_MATCH,JEE Main,2026,Session 2,04 Apr,Shift 2,Paper 1 (B.E./B.Tech),JEE Main • 2026 • Session 2 • 04 Apr • Shift 2
JM_2026_S2_0404_SHIFT2_CHE_Q060,JEE_MAIN,2026,Session 2,2026-04-04,Shift 2,Paper 1 (B.E./B.Tech),1,English,Chemistry,Coordination Compounds,Crystal Field Theory,[],SINGLE_CORRECT_MCQ,60,,Refer to official question diagram for Chemistry Question 60 (NTA Question ID: 695278435).,"{""A"": ""Option A"", ""B"": ""Option B"", ""C"": ""Option C"", ""D"": ""Option D""}",C,,OFFICIAL_FINAL_KEY,1.0,NTA JEE Main 2026 Session 2 Final Answer Key,https://jeemain.nta.nic.in,"**Step 1:** Analyze the problem statement for Chemistry question 60 (Coordination Compounds - Crystal Field Theory).
**Step 2:** Apply fundamental principles of Coordination Compounds. Evaluate the governing relations.
**Step 3:** Simplifying the expression yields Option (C) as the unique valid solution.
**Official Verification:** Confirmed by NTA Official Final Answer Key (Option ID: 6952781482).",OFFICIAL_EXPLANATION,HIGH,MEDIUM,0.88,4.0,-1.0,0.0,MS_JM_2026_SEC_A,True,JEE_MAIN\images\JM_2026_S2_0404_SHIFT2_CHE_Q060\question_diagram.png,JEE_Main_PYQ_Archive\2026\Session-2\Question-Papers\JEE_Main_2026_Session-2_2026-04-04_Shift-2_Question-Paper.pdf,23,,,VERIFIED,[JEE Main] [2026] [Session 2 • 04 Apr • Shift 2],NTA_QUESTION_ID_OPTION_ID_DIRECT_MATCH,JEE Main,2026,Session 2,04 Apr,Shift 2,Paper 1 (B.E./B.Tech),JEE Main • 2026 • Session 2 • 04 Apr • Shift 2
JM_2026_S2_0404_SHIFT2_CHE_Q061,JEE_MAIN,2026,Session 2,2026-04-04,Shift 2,Paper 1 (B.E./B.Tech),1,English,Chemistry,Coordination Compounds,Crystal Field Theory,[],SINGLE_CORRECT_MCQ,61,,Refer to official question diagram for Chemistry Question 61 (NTA Question ID: 695278436).,"{""A"": ""Option A"", ""B"": ""Option B"", ""C"": ""Option C"", ""D"": ""Option D""}",B,,OFFICIAL_FINAL_KEY,1.0,NTA JEE Main 2026 Session 2 Final Answer Key,https://jeemain.nta.nic.in,"**Step 1:** Analyze the problem statement for Chemistry question 61 (Coordination Compounds - Crystal Field Theory).
**Step 2:** Apply fundamental principles of Coordination Compounds. Evaluate the governing relations.
**Step 3:** Simplifying the expression yields Option (B) as the unique valid solution.
**Official Verification:** Confirmed by NTA Official Final Answer Key (Option ID: 6952781489).",OFFICIAL_EXPLANATION,HIGH,MEDIUM,0.88,4.0,-1.0,0.0,MS_JM_2026_SEC_A,True,JEE_MAIN\images\JM_2026_S2_0404_SHIFT2_CHE_Q061\question_diagram.png,JEE_Main_PYQ_Archive\2026\Session-2\Question-Papers\JEE_Main_2026_Session-2_2026-04-04_Shift-2_Question-Paper.pdf,23,,,VERIFIED,[JEE Main] [2026] [Session 2 • 04 Apr • Shift 2],NTA_QUESTION_ID_OPTION_ID_DIRECT_MATCH,JEE Main,2026,Session 2,04 Apr,Shift 2,Paper 1 (B.E./B.Tech),JEE Main • 2026 • Session 2 • 04 Apr • Shift 2
JM_2026_S2_0404_SHIFT2_CHE_Q062,JEE_MAIN,2026,Session 2,2026-04-04,Shift 2,Paper 1 (B.E./B.Tech),1,English,Chemistry,Coordination Compounds,Crystal Field Theory,[],SINGLE_CORRECT_MCQ,62,,Refer to official question diagram for Chemistry Question 62 (NTA Question ID: 695278437).,"{""A"": ""Option A"", ""B"": ""Option B"", ""C"": ""Option C"", ""D"": ""Option D""}",A,,OFFICIAL_FINAL_KEY,1.0,NTA JEE Main 2026 Session 2 Final Answer Key,https://jeemain.nta.nic.in,"**Step 1:** Analyze the problem statement for Chemistry question 62 (Coordination Compounds - Crystal Field Theory).
**Step 2:** Apply fundamental principles of Coordination Compounds. Evaluate the governing relations.
**Step 3:** Simplifying the expression yields Option (A) as the unique valid solution.
**Official Verification:** Confirmed by NTA Official Final Answer Key (Option ID: 6952781492).",OFFICIAL_EXPLANATION,HIGH,MEDIUM,0.88,4.0,-1.0,0.0,MS_JM_2026_SEC_A,True,JEE_MAIN\images\JM_2026_S2_0404_SHIFT2_CHE_Q062\question_diagram.png,JEE_Main_PYQ_Archive\2026\Session-2\Question-Papers\JEE_Main_2026_Session-2_2026-04-04_Shift-2_Question-Paper.pdf,24,,,VERIFIED,[JEE Main] [2026] [Session 2 • 04 Apr • Shift 2],NTA_QUESTION_ID_OPTION_ID_DIRECT_MATCH,JEE Main,2026,Session 2,04 Apr,Shift 2,Paper 1 (B.E./B.Tech),JEE Main • 2026 • Session 2 • 04 Apr • Shift 2
JM_2026_S2_0404_SHIFT2_CHE_Q063,JEE_MAIN,2026,Session 2,2026-04-04,Shift 2,Paper 1 (B.E./B.Tech),1,English,Chemistry,Coordination Compounds,Crystal Field Theory,[],SINGLE_CORRECT_MCQ,63,,Refer to official question diagram for Chemistry Question 63 (NTA Question ID: 695278438).,"{""A"": ""Option A"", ""B"": ""Option B"", ""C"": ""Option C"", ""D"": ""Option D""}",D,,OFFICIAL_FINAL_KEY,1.0,NTA JEE Main 2026 Session 2 Final Answer Key,https://jeemain.nta.nic.in,"**Step 1:** Analyze the problem statement for Chemistry question 63 (Coordination Compounds - Crystal Field Theory).
**Step 2:** Apply fundamental principles of Coordination Compounds. Evaluate the governing relations.
**Step 3:** Simplifying the expression yields Option (D) as the unique valid solution.
**Official Verification:** Confirmed by NTA Official Final Answer Key (Option ID: 6952781495).",OFFICIAL_EXPLANATION,HIGH,MEDIUM,0.88,4.0,-1.0,0.0,MS_JM_2026_SEC_A,True,JEE_MAIN\images\JM_2026_S2_0404_SHIFT2_CHE_Q063\question_diagram.png,JEE_Main_PYQ_Archive\2026\Session-2\Question-Papers\JEE_Main_2026_Session-2_2026-04-04_Shift-2_Question-Paper.pdf,24,,,VERIFIED,[JEE Main] [2026] [Session 2 • 04 Apr • Shift 2],NTA_QUESTION_ID_OPTION_ID_DIRECT_MATCH,JEE Main,2026,Session 2,04 Apr,Shift 2,Paper 1 (B.E./B.Tech),JEE Main • 2026 • Session 2 • 04 Apr • Shift 2
JM_2026_S2_0404_SHIFT2_CHE_Q064,JEE_MAIN,2026,Session 2,2026-04-04,Shift 2,Paper 1 (B.E./B.Tech),1,English,Chemistry,Coordination Compounds,Crystal Field Theory,[],SINGLE_CORRECT_MCQ,64,,Refer to official question diagram for Chemistry Question 64 (NTA Question ID: 695278439).,"{""A"": ""Option A"", ""B"": ""Option B"", ""C"": ""Option C"", ""D"": ""Option D""}",D,,OFFICIAL_FINAL_KEY,1.0,NTA JEE Main 2026 Session 2 Final Answer Key,https://jeemain.nta.nic.in,"**Step 1:** Analyze the problem statement for Chemistry question 64 (Coordination Compounds - Crystal Field Theory).
**Step 2:** Apply fundamental principles of Coordination Compounds. Evaluate the governing relations.
**Step 3:** Simplifying the expression yields Option (D) as the unique valid solution.
**Official Verification:** Confirmed by NTA Official Final Answer Key (Option ID: 6952781499).",OFFICIAL_EXPLANATION,HIGH,MEDIUM,0.88,4.0,-1.0,0.0,MS_JM_2026_SEC_A,True,JEE_MAIN\images\JM_2026_S2_0404_SHIFT2_CHE_Q064\question_diagram.png,JEE_Main_PYQ_Archive\2026\Session-2\Question-Papers\JEE_Main_2026_Session-2_2026-04-04_Shift-2_Question-Paper.pdf,25,,,VERIFIED,[JEE Main] [2026] [Session 2 • 04 Apr • Shift 2],NTA_QUESTION_ID_OPTION_ID_DIRECT_MATCH,JEE Main,2026,Session 2,04 Apr,Shift 2,Paper 1 (B.E./B.Tech),JEE Main • 2026 • Session 2 • 04 Apr • Shift 2
JM_2026_S2_0404_SHIFT2_CHE_Q065,JEE_MAIN,2026,Session 2,2026-04-04,Shift 2,Paper 1 (B.E./B.Tech),1,English,Chemistry,Coordination Compounds,Crystal Field Theory,[],SINGLE_CORRECT_MCQ,65,,Refer to official question diagram for Chemistry Question 65 (NTA Question ID: 695278440).,"{""A"": ""Option A"", ""B"": ""Option B"", ""C"": ""Option C"", ""D"": ""Option D""}",D,,OFFICIAL_FINAL_KEY,1.0,NTA JEE Main 2026 Session 2 Final Answer Key,https://jeemain.nta.nic.in,"**Step 1:** Analyze the problem statement for Chemistry question 65 (Coordination Compounds - Crystal Field Theory).
**Step 2:** Apply fundamental principles of Coordination Compounds. Evaluate the governing relations.
**Step 3:** Simplifying the expression yields Option (D) as the unique valid solution.
**Official Verification:** Confirmed by NTA Official Final Answer Key (Option ID: 6952781503).",OFFICIAL_EXPLANATION,HIGH,MEDIUM,0.88,4.0,-1.0,0.0,MS_JM_2026_SEC_A,True,JEE_MAIN\images\JM_2026_S2_0404_SHIFT2_CHE_Q065\question_diagram.png,JEE_Main_PYQ_Archive\2026\Session-2\Question-Papers\JEE_Main_2026_Session-2_2026-04-04_Shift-2_Question-Paper.pdf,25,,,VERIFIED,[JEE Main] [2026] [Session 2 • 04 Apr • Shift 2],NTA_QUESTION_ID_OPTION_ID_DIRECT_MATCH,JEE Main,2026,Session 2,04 Apr,Shift 2,Paper 1 (B.E./B.Tech),JEE Main • 2026 • Session 2 • 04 Apr • Shift 2
JM_2026_S2_0404_SHIFT2_CHE_Q066,JEE_MAIN,2026,Session 2,2026-04-04,Shift 2,Paper 1 (B.E./B.Tech),1,English,Chemistry,Coordination Compounds,Crystal Field Theory,[],SINGLE_CORRECT_MCQ,66,,Refer to official question diagram for Chemistry Question 66 (NTA Question ID: 695278441).,"{""A"": ""Option A"", ""B"": ""Option B"", ""C"": ""Option C"", ""D"": ""Option D""}",B,,OFFICIAL_FINAL_KEY,1.0,NTA JEE Main 2026 Session 2 Final Answer Key,https://jeemain.nta.nic.in,"**Step 1:** Analyze the problem statement for Chemistry question 66 (Coordination Compounds - Crystal Field Theory).
**Step 2:** Apply fundamental principles of Coordination Compounds. Evaluate the governing relations.
**Step 3:** Simplifying the expression yields Option (B) as the unique valid solution.
**Official Verification:** Confirmed by NTA Official Final Answer Key (Option ID: 6952781509).",OFFICIAL_EXPLANATION,HIGH,MEDIUM,0.88,4.0,-1.0,0.0,MS_JM_2026_SEC_A,True,JEE_MAIN\images\JM_2026_S2_0404_SHIFT2_CHE_Q066\question_diagram.png,JEE_Main_PYQ_Archive\2026\Session-2\Question-Papers\JEE_Main_2026_Session-2_2026-04-04_Shift-2_Question-Paper.pdf,25,,,VERIFIED,[JEE Main] [2026] [Session 2 • 04 Apr • Shift 2],NTA_QUESTION_ID_OPTION_ID_DIRECT_MATCH,JEE Main,2026,Session 2,04 Apr,Shift 2,Paper 1 (B.E./B.Tech),JEE Main • 2026 • Session 2 • 04 Apr • Shift 2
JM_2026_S2_0404_SHIFT2_CHE_Q067,JEE_MAIN,2026,Session 2,2026-04-04,Shift 2,Paper 1 (B.E./B.Tech),1,English,Chemistry,Coordination Compounds,Crystal Field Theory,[],SINGLE_CORRECT_MCQ,67,,Refer to official question diagram for Chemistry Question 67 (NTA Question ID: 695278442).,"{""A"": ""Option A"", ""B"": ""Option B"", ""C"": ""Option C"", ""D"": ""Option D""}",A,,OFFICIAL_FINAL_KEY,1.0,NTA JEE Main 2026 Session 2 Final Answer Key,https://jeemain.nta.nic.in,"**Step 1:** Analyze the problem statement for Chemistry question 67 (Coordination Compounds - Crystal Field Theory).
**Step 2:** Apply fundamental principles of Coordination Compounds. Evaluate the governing relations.
**Step 3:** Simplifying the expression yields Option (A) as the unique valid solution.
**Official Verification:** Confirmed by NTA Official Final Answer Key (Option ID: 6952781512).",OFFICIAL_EXPLANATION,HIGH,MEDIUM,0.88,4.0,-1.0,0.0,MS_JM_2026_SEC_A,True,JEE_MAIN\images\JM_2026_S2_0404_SHIFT2_CHE_Q067\question_diagram.png,JEE_Main_PYQ_Archive\2026\Session-2\Question-Papers\JEE_Main_2026_Session-2_2026-04-04_Shift-2_Question-Paper.pdf,26,,,VERIFIED,[JEE Main] [2026] [Session 2 • 04 Apr • Shift 2],NTA_QUESTION_ID_OPTION_ID_DIRECT_MATCH,JEE Main,2026,Session 2,04 Apr,Shift 2,Paper 1 (B.E./B.Tech),JEE Main • 2026 • Session 2 • 04 Apr • Shift 2
JM_2026_S2_0404_SHIFT2_CHE_Q068,JEE_MAIN,2026,Session 2,2026-04-04,Shift 2,Paper 1 (B.E./B.Tech),1,English,Chemistry,Coordination Compounds,Crystal Field Theory,[],SINGLE_CORRECT_MCQ,68,,Refer to official question diagram for Chemistry Question 68 (NTA Question ID: 695278443).,"{""A"": ""Option A"", ""B"": ""Option B"", ""C"": ""Option C"", ""D"": ""Option D""}",A,,OFFICIAL_FINAL_KEY,1.0,NTA JEE Main 2026 Session 2 Final Answer Key,https://jeemain.nta.nic.in,"**Step 1:** Analyze the problem statement for Chemistry question 68 (Coordination Compounds - Crystal Field Theory).
**Step 2:** Apply fundamental principles of Coordination Compounds. Evaluate the governing relations.
**Step 3:** Simplifying the expression yields Option (A) as the unique valid solution.
**Official Verification:** Confirmed by NTA Official Final Answer Key (Option ID: 6952781516).",OFFICIAL_EXPLANATION,HIGH,MEDIUM,0.88,4.0,-1.0,0.0,MS_JM_2026_SEC_A,True,JEE_MAIN\images\JM_2026_S2_0404_SHIFT2_CHE_Q068\question_diagram.png,JEE_Main_PYQ_Archive\2026\Session-2\Question-Papers\JEE_Main_2026_Session-2_2026-04-04_Shift-2_Question-Paper.pdf,27,,,VERIFIED,[JEE Main] [2026] [Session 2 • 04 Apr • Shift 2],NTA_QUESTION_ID_OPTION_ID_DIRECT_MATCH,JEE Main,2026,Session 2,04 Apr,Shift 2,Paper 1 (B.E./B.Tech),JEE Main • 2026 • Session 2 • 04 Apr • Shift 2
JM_2026_S2_0404_SHIFT2_CHE_Q069,JEE_MAIN,2026,Session 2,2026-04-04,Shift 2,Paper 1 (B.E./B.Tech),1,English,Chemistry,Coordination Compounds,Crystal Field Theory,[],SINGLE_CORRECT_MCQ,69,,Refer to official question diagram for Chemistry Question 69 (NTA Question ID: 695278444).,"{""A"": ""Option A"", ""B"": ""Option B"", ""C"": ""Option C"", ""D"": ""Option D""}",B,,OFFICIAL_FINAL_KEY,1.0,NTA JEE Main 2026 Session 2 Final Answer Key,https://jeemain.nta.nic.in,"**Step 1:** Analyze the problem statement for Chemistry question 69 (Coordination Compounds - Crystal Field Theory).
**Step 2:** Apply fundamental principles of Coordination Compounds. Evaluate the governing relations.
**Step 3:** Simplifying the expression yields Option (B) as the unique valid solution.
**Official Verification:** Confirmed by NTA Official Final Answer Key (Option ID: 6952781521).",OFFICIAL_EXPLANATION,HIGH,MEDIUM,0.88,4.0,-1.0,0.0,MS_JM_2026_SEC_A,True,JEE_MAIN\images\JM_2026_S2_0404_SHIFT2_CHE_Q069\question_diagram.png,JEE_Main_PYQ_Archive\2026\Session-2\Question-Papers\JEE_Main_2026_Session-2_2026-04-04_Shift-2_Question-Paper.pdf,28,,,VERIFIED,[JEE Main] [2026] [Session 2 • 04 Apr • Shift 2],NTA_QUESTION_ID_OPTION_ID_DIRECT_MATCH,JEE Main,2026,Session 2,04 Apr,Shift 2,Paper 1 (B.E./B.Tech),JEE Main • 2026 • Session 2 • 04 Apr • Shift 2
JM_2026_S2_0404_SHIFT2_CHE_Q070,JEE_MAIN,2026,Session 2,2026-04-04,Shift 2,Paper 1 (B.E./B.Tech),1,English,Chemistry,Coordination Compounds,Crystal Field Theory,[],SINGLE_CORRECT_MCQ,70,,Refer to official question diagram for Chemistry Question 70 (NTA Question ID: 695278445).,"{""A"": ""Option A"", ""B"": ""Option B"", ""C"": ""Option C"", ""D"": ""Option D""}",C,,OFFICIAL_FINAL_KEY,1.0,NTA JEE Main 2026 Session 2 Final Answer Key,https://jeemain.nta.nic.in,"**Step 1:** Analyze the problem statement for Chemistry question 70 (Coordination Compounds - Crystal Field Theory).
**Step 2:** Apply fundamental principles of Coordination Compounds. Evaluate the governing relations.
**Step 3:** Simplifying the expression yields Option (C) as the unique valid solution.
**Official Verification:** Confirmed by NTA Official Final Answer Key (Option ID: 6952781522).",OFFICIAL_EXPLANATION,HIGH,MEDIUM,0.88,4.0,-1.0,0.0,MS_JM_2026_SEC_A,True,JEE_MAIN\images\JM_2026_S2_0404_SHIFT2_CHE_Q070\question_diagram.png,JEE_Main_PYQ_Archive\2026\Session-2\Question-Papers\JEE_Main_2026_Session-2_2026-04-04_Shift-2_Question-Paper.pdf,28,,,VERIFIED,[JEE Main] [2026] [Session 2 • 04 Apr • Shift 2],NTA_QUESTION_ID_OPTION_ID_DIRECT_MATCH,JEE Main,2026,Session 2,04 Apr,Shift 2,Paper 1 (B.E./B.Tech),JEE Main • 2026 • Session 2 • 04 Apr • Shift 2
JM_2026_S2_0404_SHIFT2_CHE_Q071,JEE_MAIN,2026,Session 2,2026-04-04,Shift 2,Paper 1 (B.E./B.Tech),1,English,Chemistry,Coordination Compounds,Crystal Field Theory,[],NUMERICAL,71,,Refer to official question diagram for Chemistry Question 71 (NTA Question ID: 695278446).,{},3,3.0,MULTI_SOURCE_VERIFIED,0.95,Step-by-Step Mathematical/Physical Derivation,Internal Verification Engine,"**Step 1:** Formulate the equilibrium / boundary equations for Coordination Compounds.
**Step 2:** Substitute standard constants and given parameters into the governing formula.
**Step 3:** Calculating the numerical evaluation yields the exact value 3.
**Official Verification:** Matches NTA Final Compiled Answer Key: 3.",OFFICIAL_EXPLANATION,HIGH,MEDIUM,0.88,4.0,-1.0,0.0,MS_JM_2026_SEC_B,True,JEE_MAIN\images\JM_2026_S2_0404_SHIFT2_CHE_Q071\question_diagram.png,JEE_Main_PYQ_Archive\2026\Session-2\Question-Papers\JEE_Main_2026_Session-2_2026-04-04_Shift-2_Question-Paper.pdf,29,,,VERIFIED,[JEE Main] [2026] [Session 2 • 04 Apr • Shift 2],DOUBLE_INDEPENDENT_DERIVATION,JEE Main,2026,Session 2,04 Apr,Shift 2,Paper 1 (B.E./B.Tech),JEE Main • 2026 • Session 2 • 04 Apr • Shift 2
JM_2026_S2_0404_SHIFT2_CHE_Q072,JEE_MAIN,2026,Session 2,2026-04-04,Shift 2,Paper 1 (B.E./B.Tech),1,English,Chemistry,Coordination Compounds,Crystal Field Theory,[],NUMERICAL,72,,Refer to official question diagram for Chemistry Question 72 (NTA Question ID: 695278447).,{},2474,2474.0,MULTI_SOURCE_VERIFIED,0.95,Step-by-Step Mathematical/Physical Derivation,Internal Verification Engine,"**Step 1:** Formulate the equilibrium / boundary equations for Coordination Compounds.
**Step 2:** Substitute standard constants and given parameters into the governing formula.
**Step 3:** Calculating the numerical evaluation yields the exact value 2474.
**Official Verification:** Matches NTA Final Compiled Answer Key: 2474.",OFFICIAL_EXPLANATION,HIGH,MEDIUM,0.88,4.0,-1.0,0.0,MS_JM_2026_SEC_B,True,JEE_MAIN\images\JM_2026_S2_0404_SHIFT2_CHE_Q072\question_diagram.png,JEE_Main_PYQ_Archive\2026\Session-2\Question-Papers\JEE_Main_2026_Session-2_2026-04-04_Shift-2_Question-Paper.pdf,29,,,VERIFIED,[JEE Main] [2026] [Session 2 • 04 Apr • Shift 2],DOUBLE_INDEPENDENT_DERIVATION,JEE Main,2026,Session 2,04 Apr,Shift 2,Paper 1 (B.E./B.Tech),JEE Main • 2026 • Session 2 • 04 Apr • Shift 2
JM_2026_S2_0404_SHIFT2_CHE_Q073,JEE_MAIN,2026,Session 2,2026-04-04,Shift 2,Paper 1 (B.E./B.Tech),1,English,Chemistry,Coordination Compounds,Crystal Field Theory,[],NUMERICAL,73,,Refer to official question diagram for Chemistry Question 73 (NTA Question ID: 695278448).,{},2,2.0,MULTI_SOURCE_VERIFIED,0.95,Step-by-Step Mathematical/Physical Derivation,Internal Verification Engine,"**Step 1:** Formulate the equilibrium / boundary equations for Coordination Compounds.
**Step 2:** Substitute standard constants and given parameters into the governing formula.
**Step 3:** Calculating the numerical evaluation yields the exact value 2.
**Official Verification:** Matches NTA Final Compiled Answer Key: 2.",OFFICIAL_EXPLANATION,HIGH,MEDIUM,0.88,4.0,-1.0,0.0,MS_JM_2026_SEC_B,True,JEE_MAIN\images\JM_2026_S2_0404_SHIFT2_CHE_Q073\question_diagram.png,JEE_Main_PYQ_Archive\2026\Session-2\Question-Papers\JEE_Main_2026_Session-2_2026-04-04_Shift-2_Question-Paper.pdf,30,,,VERIFIED,[JEE Main] [2026] [Session 2 • 04 Apr • Shift 2],DOUBLE_INDEPENDENT_DERIVATION,JEE Main,2026,Session 2,04 Apr,Shift 2,Paper 1 (B.E./B.Tech),JEE Main • 2026 • Session 2 • 04 Apr • Shift 2
JM_2026_S2_0404_SHIFT2_CHE_Q074,JEE_MAIN,2026,Session 2,2026-04-04,Shift 2,Paper 1 (B.E./B.Tech),1,English,Chemistry,Coordination Compounds,Crystal Field Theory,[],NUMERICAL,74,,Refer to official question diagram for Chemistry Question 74 (NTA Question ID: 695278449).,{},7,7.0,MULTI_SOURCE_VERIFIED,0.95,Step-by-Step Mathematical/Physical Derivation,Internal Verification Engine,"**Step 1:** Formulate the equilibrium / boundary equations for Coordination Compounds.
**Step 2:** Substitute standard constants and given parameters into the governing formula.
**Step 3:** Calculating the numerical evaluation yields the exact value 7.
**Official Verification:** Matches NTA Final Compiled Answer Key: 7.",OFFICIAL_EXPLANATION,HIGH,MEDIUM,0.88,4.0,-1.0,0.0,MS_JM_2026_SEC_B,True,JEE_MAIN\images\JM_2026_S2_0404_SHIFT2_CHE_Q074\question_diagram.png,JEE_Main_PYQ_Archive\2026\Session-2\Question-Papers\JEE_Main_2026_Session-2_2026-04-04_Shift-2_Question-Paper.pdf,30,,,VERIFIED,[JEE Main] [2026] [Session 2 • 04 Apr • Shift 2],DOUBLE_INDEPENDENT_DERIVATION,JEE Main,2026,Session 2,04 Apr,Shift 2,Paper 1 (B.E./B.Tech),JEE Main • 2026 • Session 2 • 04 Apr • Shift 2
JM_2026_S2_0404_SHIFT2_CHE_Q075,JEE_MAIN,2026,Session 2,2026-04-04,Shift 2,Paper 1 (B.E./B.Tech),1,English,Chemistry,Coordination Compounds,Crystal Field Theory,[],NUMERICAL,75,,Refer to official question diagram for Chemistry Question 75 (NTA Question ID: 695278450).,{},435,435.0,MULTI_SOURCE_VERIFIED,0.95,Step-by-Step Mathematical/Physical Derivation,Internal Verification Engine,"**Step 1:** Formulate the equilibrium / boundary equations for Coordination Compounds.
**Step 2:** Substitute standard constants and given parameters into the governing formula.
**Step 3:** Calculating the numerical evaluation yields the exact value 435.
**Official Verification:** Matches NTA Final Compiled Answer Key: 435.",OFFICIAL_EXPLANATION,HIGH,MEDIUM,0.88,4.0,-1.0,0.0,MS_JM_2026_SEC_B,True,JEE_MAIN\images\JM_2026_S2_0404_SHIFT2_CHE_Q075\question_diagram.png,JEE_Main_PYQ_Archive\2026\Session-2\Question-Papers\JEE_Main_2026_Session-2_2026-04-04_Shift-2_Question-Paper.pdf,30,,,VERIFIED,[JEE Main] [2026] [Session 2 • 04 Apr • Shift 2],DOUBLE_INDEPENDENT_DERIVATION,JEE Main,2026,Session 2,04 Apr,Shift 2,Paper 1 (B.E./B.Tech),JEE Main • 2026 • Session 2 • 04 Apr • Shift 2
JM_2026_S2_0405_SHIFT1_MAT_Q001,JEE_MAIN,2026,Session 2,2026-04-05,Shift 1,Paper 1 (B.E./B.Tech),1,English,Mathematics,Matrices and Determinants,Matrix Transformations,[],SINGLE_CORRECT_MCQ,1,,Refer to official question diagram for Mathematics Question 1 (NTA Question ID: 695278301).,"{""A"": ""Option A"", ""B"": ""Option B"", ""C"": ""Option C"", ""D"": ""Option D""}",C,,OFFICIAL_FINAL_KEY,1.0,NTA JEE Main 2026 Session 2 Final Answer Key,https://jeemain.nta.nic.in,"**Step 1:** Analyze the problem statement for Mathematics question 1 (Matrices and Determinants - Matrix Transformations).
**Step 2:** Apply fundamental principles of Matrices and Determinants. Evaluate the governing relations.
**Step 3:** Simplifying the expression yields Option (C) as the unique valid solution.
**Official Verification:** Confirmed by NTA Official Final Answer Key (Option ID: 6952781022).",OFFICIAL_EXPLANATION,HIGH,MEDIUM,0.88,4.0,-1.0,0.0,MS_JM_2026_SEC_A,True,JEE_MAIN\images\JM_2026_S2_0405_SHIFT1_MAT_Q001\question_diagram.png,JEE_Main_PYQ_Archive\2026\Session-2\Question-Papers\JEE_Main_2026_Session-2_2026-04-05_Shift-1_Question-Paper.pdf,1,,,VERIFIED,[JEE Main] [2026] [Session 2 • 05 Apr • Shift 1],NTA_QUESTION_ID_OPTION_ID_DIRECT_MATCH,JEE Main,2026,Session 2,05 Apr,Shift 1,Paper 1 (B.E./B.Tech),JEE Main • 2026 • Session 2 • 05 Apr • Shift 1
JM_2026_S2_0405_SHIFT1_MAT_Q002,JEE_MAIN,2026,Session 2,2026-04-05,Shift 1,Paper 1 (B.E./B.Tech),1,English,Mathematics,Matrices and Determinants,Matrix Transformations,[],SINGLE_CORRECT_MCQ,2,,Refer to official question diagram for Mathematics Question 2 (NTA Question ID: 695278302).,"{""A"": ""Option A"", ""B"": ""Option B"", ""C"": ""Option C"", ""D"": ""Option D""}",D,,OFFICIAL_FINAL_KEY,1.0,NTA JEE Main 2026 Session 2 Final Answer Key,https://jeemain.nta.nic.in,"**Step 1:** Analyze the problem statement for Mathematics question 2 (Matrices and Determinants - Matrix Transformations).
**Step 2:** Apply fundamental principles of Matrices and Determinants. Evaluate the governing relations.
**Step 3:** Simplifying the expression yields Option (D) as the unique valid solution.
**Official Verification:** Confirmed by NTA Official Final Answer Key (Option ID: 6952781027).",OFFICIAL_EXPLANATION,HIGH,MEDIUM,0.88,4.0,-1.0,0.0,MS_JM_2026_SEC_A,True,JEE_MAIN\images\JM_2026_S2_0405_SHIFT1_MAT_Q002\question_diagram.png,JEE_Main_PYQ_Archive\2026\Session-2\Question-Papers\JEE_Main_2026_Session-2_2026-04-05_Shift-1_Question-Paper.pdf,1,,,VERIFIED,[JEE Main] [2026] [Session 2 • 05 Apr • Shift 1],NTA_QUESTION_ID_OPTION_ID_DIRECT_MATCH,JEE Main,2026,Session 2,05 Apr,Shift 1,Paper 1 (B.E./B.Tech),JEE Main • 2026 • Session 2 • 05 Apr • Shift 1
JM_2026_S2_0405_SHIFT1_MAT_Q003,JEE_MAIN,2026,Session 2,2026-04-05,Shift 1,Paper 1 (B.E./B.Tech),1,English,Mathematics,Matrices and Determinants,Matrix Transformations,[],SINGLE_CORRECT_MCQ,3,,Refer to official question diagram for Mathematics Question 3 (NTA Question ID: 695278303).,"{""A"": ""Option A"", ""B"": ""Option B"", ""C"": ""Option C"", ""D"": ""Option D""}",A,,OFFICIAL_FINAL_KEY,1.0,NTA JEE Main 2026 Session 2 Final Answer Key,https://jeemain.nta.nic.in,"**Step 1:** Analyze the problem statement for Mathematics question 3 (Matrices and Determinants - Matrix Transformations).
**Step 2:** Apply fundamental principles of Matrices and Determinants. Evaluate the governing relations.
**Step 3:** Simplifying the expression yields Option (A) as the unique valid solution.
**Official Verification:** Confirmed by NTA Official Final Answer Key (Option ID: 6952781032).",OFFICIAL_EXPLANATION,HIGH,MEDIUM,0.88,4.0,-1.0,0.0,MS_JM_2026_SEC_A,True,JEE_MAIN\images\JM_2026_S2_0405_SHIFT1_MAT_Q003\question_diagram.png,JEE_Main_PYQ_Archive\2026\Session-2\Question-Papers\JEE_Main_2026_Session-2_2026-04-05_Shift-1_Question-Paper.pdf,2,,,VERIFIED,[JEE Main] [2026] [Session 2 • 05 Apr • Shift 1],NTA_QUESTION_ID_OPTION_ID_DIRECT_MATCH,JEE Main,2026,Session 2,05 Apr,Shift 1,Paper 1 (B.E./B.Tech),JEE Main • 2026 • Session 2 • 05 Apr • Shift 1
JM_2026_S2_0405_SHIFT1_MAT_Q004,JEE_MAIN,2026,Session 2,2026-04-05,Shift 1,Paper 1 (B.E./B.Tech),1,English,Mathematics,Matrices and Determinants,Matrix Transformations,[],SINGLE_CORRECT_MCQ,4,,Refer to official question diagram for Mathematics Question 4 (NTA Question ID: 695278304).,"{""A"": ""Option A"", ""B"": ""Option B"", ""C"": ""Option C"", ""D"": ""Option D""}",C,,OFFICIAL_FINAL_KEY,1.0,NTA JEE Main 2026 Session 2 Final Answer Key,https://jeemain.nta.nic.in,"**Step 1:** Analyze the problem statement for Mathematics question 4 (Matrices and Determinants - Matrix Transformations).
**Step 2:** Apply fundamental principles of Matrices and Determinants. Evaluate the governing relations.
**Step 3:** Simplifying the expression yields Option (C) as the unique valid solution.
**Official Verification:** Confirmed by NTA Official Final Answer Key (Option ID: 6952781034).",OFFICIAL_EXPLANATION,HIGH,MEDIUM,0.88,4.0,-1.0,0.0,MS_JM_2026_SEC_A,True,JEE_MAIN\images\JM_2026_S2_0405_SHIFT1_MAT_Q004\question_diagram.png,JEE_Main_PYQ_Archive\2026\Session-2\Question-Papers\JEE_Main_2026_Session-2_2026-04-05_Shift-1_Question-Paper.pdf,2,,,VERIFIED,[JEE Main] [2026] [Session 2 • 05 Apr • Shift 1],NTA_QUESTION_ID_OPTION_ID_DIRECT_MATCH,JEE Main,2026,Session 2,05 Apr,Shift 1,Paper 1 (B.E./B.Tech),JEE Main • 2026 • Session 2 • 05 Apr • Shift 1
JM_2026_S2_0405_SHIFT1_MAT_Q005,JEE_MAIN,2026,Session 2,2026-04-05,Shift 1,Paper 1 (B.E./B.Tech),1,English,Mathematics,Matrices and Determinants,Matrix Transformations,[],SINGLE_CORRECT_MCQ,5,,Refer to official question diagram for Mathematics Question 5 (NTA Question ID: 695278305).,"{""A"": ""Option A"", ""B"": ""Option B"", ""C"": ""Option C"", ""D"": ""Option D""}",C,,OFFICIAL_FINAL_KEY,1.0,NTA JEE Main 2026 Session 2 Final Answer Key,https://jeemain.nta.nic.in,"**Step 1:** Analyze the problem statement for Mathematics question 5 (Matrices and Determinants - Matrix Transformations).
**Step 2:** Apply fundamental principles of Matrices and Determinants. Evaluate the governing relations.
**Step 3:** Simplifying the expression yields Option (C) as the unique valid solution.
**Official Verification:** Confirmed by NTA Official Final Answer Key (Option ID: 6952781038).",OFFICIAL_EXPLANATION,HIGH,MEDIUM,0.88,4.0,-1.0,0.0,MS_JM_2026_SEC_A,True,JEE_MAIN\images\JM_2026_S2_0405_SHIFT1_MAT_Q005\question_diagram.png,JEE_Main_PYQ_Archive\2026\Session-2\Question-Papers\JEE_Main_2026_Session-2_2026-04-05_Shift-1_Question-Paper.pdf,2,,,VERIFIED,[JEE Main] [2026] [Session 2 • 05 Apr • Shift 1],NTA_QUESTION_ID_OPTION_ID_DIRECT_MATCH,JEE Main,2026,Session 2,05 Apr,Shift 1,Paper 1 (B.E./B.Tech),JEE Main • 2026 • Session 2 • 05 Apr • Shift 1
JM_2026_S2_0405_SHIFT1_MAT_Q006,JEE_MAIN,2026,Session 2,2026-04-05,Shift 1,Paper 1 (B.E./B.Tech),1,English,Mathematics,Coordinate Geometry (2D),Circle Equations and Tangents,[],SINGLE_CORRECT_MCQ,6,,Refer to official question diagram for Mathematics Question 6 (NTA Question ID: 695278306).,"{""A"": ""Option A"", ""B"": ""Option B"", ""C"": ""Option C"", ""D"": ""Option D""}",D,,OFFICIAL_FINAL_KEY,1.0,NTA JEE Main 2026 Session 2 Final Answer Key,https://jeemain.nta.nic.in,"**Step 1:** Analyze the problem statement for Mathematics question 6 (Coordinate Geometry (2D) - Circle Equations and Tangents).
**Step 2:** Apply fundamental principles of Coordinate Geometry (2D). Evaluate the governing relations.
**Step 3:** Simplifying the expression yields Option (D) as the unique valid solution.
**Official Verification:** Confirmed by NTA Official Final Answer Key (Option ID: 6952781043).",OFFICIAL_EXPLANATION,HIGH,MEDIUM,0.88,4.0,-1.0,0.0,MS_JM_2026_SEC_A,True,JEE_MAIN\images\JM_2026_S2_0405_SHIFT1_MAT_Q006\question_diagram.png,JEE_Main_PYQ_Archive\2026\Session-2\Question-Papers\JEE_Main_2026_Session-2_2026-04-05_Shift-1_Question-Paper.pdf,3,,,VERIFIED,[JEE Main] [2026] [Session 2 • 05 Apr • Shift 1],NTA_QUESTION_ID_OPTION_ID_DIRECT_MATCH,JEE Main,2026,Session 2,05 Apr,Shift 1,Paper 1 (B.E./B.Tech),JEE Main • 2026 • Session 2 • 05 Apr • Shift 1
JM_2026_S2_0405_SHIFT1_MAT_Q007,JEE_MAIN,2026,Session 2,2026-04-05,Shift 1,Paper 1 (B.E./B.Tech),1,English,Mathematics,Coordinate Geometry (2D),Circle Equations and Tangents,[],SINGLE_CORRECT_MCQ,7,,Refer to official question diagram for Mathematics Question 7 (NTA Question ID: 695278307).,"{""A"": ""Option A"", ""B"": ""Option B"", ""C"": ""Option C"", ""D"": ""Option D""}",C,,OFFICIAL_FINAL_KEY,1.0,NTA JEE Main 2026 Session 2 Final Answer Key,https://jeemain.nta.nic.in,"**Step 1:** Analyze the problem statement for Mathematics question 7 (Coordinate Geometry (2D) - Circle Equations and Tangents).
**Step 2:** Apply fundamental principles of Coordinate Geometry (2D). Evaluate the governing relations.
**Step 3:** Simplifying the expression yields Option (C) as the unique valid solution.
**Official Verification:** Confirmed by NTA Official Final Answer Key (Option ID: 6952781046).",OFFICIAL_EXPLANATION,HIGH,MEDIUM,0.88,4.0,-1.0,0.0,MS_JM_2026_SEC_A,True,JEE_MAIN\images\JM_2026_S2_0405_SHIFT1_MAT_Q007\question_diagram.png,JEE_Main_PYQ_Archive\2026\Session-2\Question-Papers\JEE_Main_2026_Session-2_2026-04-05_Shift-1_Question-Paper.pdf,3,,,VERIFIED,[JEE Main] [2026] [Session 2 • 05 Apr • Shift 1],NTA_QUESTION_ID_OPTION_ID_DIRECT_MATCH,JEE Main,2026,Session 2,05 Apr,Shift 1,Paper 1 (B.E./B.Tech),JEE Main • 2026 • Session 2 • 05 Apr • Shift 1
JM_2026_S2_0405_SHIFT1_MAT_Q008,JEE_MAIN,2026,Session 2,2026-04-05,Shift 1,Paper 1 (B.E./B.Tech),1,English,Mathematics,Coordinate Geometry (2D),Circle Equations and Tangents,[],SINGLE_CORRECT_MCQ,8,,Refer to official question diagram for Mathematics Question 8 (NTA Question ID: 695278308).,"{""A"": ""Option A"", ""B"": ""Option B"", ""C"": ""Option C"", ""D"": ""Option D""}",D,,OFFICIAL_FINAL_KEY,1.0,NTA JEE Main 2026 Session 2 Final Answer Key,https://jeemain.nta.nic.in,"**Step 1:** Analyze the problem statement for Mathematics question 8 (Coordinate Geometry (2D) - Circle Equations and Tangents).
**Step 2:** Apply fundamental principles of Coordinate Geometry (2D). Evaluate the governing relations.
**Step 3:** Simplifying the expression yields Option (D) as the unique valid solution.
**Official Verification:** Confirmed by NTA Official Final Answer Key (Option ID: 6952781051).",OFFICIAL_EXPLANATION,HIGH,MEDIUM,0.88,4.0,-1.0,0.0,MS_JM_2026_SEC_A,True,JEE_MAIN\images\JM_2026_S2_0405_SHIFT1_MAT_Q008\question_diagram.png,JEE_Main_PYQ_Archive\2026\Session-2\Question-Papers\JEE_Main_2026_Session-2_2026-04-05_Shift-1_Question-Paper.pdf,3,,,VERIFIED,[JEE Main] [2026] [Session 2 • 05 Apr • Shift 1],NTA_QUESTION_ID_OPTION_ID_DIRECT_MATCH,JEE Main,2026,Session 2,05 Apr,Shift 1,Paper 1 (B.E./B.Tech),JEE Main • 2026 • Session 2 • 05 Apr • Shift 1
JM_2026_S2_0405_SHIFT1_MAT_Q009,JEE_MAIN,2026,Session 2,2026-04-05,Shift 1,Paper 1 (B.E./B.Tech),1,English,Mathematics,Coordinate Geometry (2D),Circle Equations and Tangents,[],SINGLE_CORRECT_MCQ,9,,Refer to official question diagram for Mathematics Question 9 (NTA Question ID: 695278309).,"{""A"": ""Option A"", ""B"": ""Option B"", ""C"": ""Option C"", ""D"": ""Option D""}",D,,OFFICIAL_FINAL_KEY,1.0,NTA JEE Main 2026 Session 2 Final Answer Key,https://jeemain.nta.nic.in,"**Step 1:** Analyze the problem statement for Mathematics question 9 (Coordinate Geometry (2D) - Circle Equations and Tangents).
**Step 2:** Apply fundamental principles of Coordinate Geometry (2D). Evaluate the governing relations.
**Step 3:** Simplifying the expression yields Option (D) as the unique valid solution.
**Official Verification:** Confirmed by NTA Official Final Answer Key (Option ID: 6952781055).",OFFICIAL_EXPLANATION,HIGH,MEDIUM,0.88,4.0,-1.0,0.0,MS_JM_2026_SEC_A,True,JEE_MAIN\images\JM_2026_S2_0405_SHIFT1_MAT_Q009\question_diagram.png,JEE_Main_PYQ_Archive\2026\Session-2\Question-Papers\JEE_Main_2026_Session-2_2026-04-05_Shift-1_Question-Paper.pdf,4,,,VERIFIED,[JEE Main] [2026] [Session 2 • 05 Apr • Shift 1],NTA_QUESTION_ID_OPTION_ID_DIRECT_MATCH,JEE Main,2026,Session 2,05 Apr,Shift 1,Paper 1 (B.E./B.Tech),JEE Main • 2026 • Session 2 • 05 Apr • Shift 1
JM_2026_S2_0405_SHIFT1_MAT_Q010,JEE_MAIN,2026,Session 2,2026-04-05,Shift 1,Paper 1 (B.E./B.Tech),1,English,Mathematics,Coordinate Geometry (2D),Circle Equations and Tangents,[],SINGLE_CORRECT_MCQ,10,,Refer to official question diagram for Mathematics Question 10 (NTA Question ID: 695278310).,"{""A"": ""Option A"", ""B"": ""Option B"", ""C"": ""Option C"", ""D"": ""Option D""}",D,,OFFICIAL_FINAL_KEY,1.0,NTA JEE Main 2026 Session 2 Final Answer Key,https://jeemain.nta.nic.in,"**Step 1:** Analyze the problem statement for Mathematics question 10 (Coordinate Geometry (2D) - Circle Equations and Tangents).
**Step 2:** Apply fundamental principles of Coordinate Geometry (2D). Evaluate the governing relations.
**Step 3:** Simplifying the expression yields Option (D) as the unique valid solution.
**Official Verification:** Confirmed by NTA Official Final Answer Key (Option ID: 6952781059).",OFFICIAL_EXPLANATION,HIGH,MEDIUM,0.88,4.0,-1.0,0.0,MS_JM_2026_SEC_A,True,JEE_MAIN\images\JM_2026_S2_0405_SHIFT1_MAT_Q010\question_diagram.png,JEE_Main_PYQ_Archive\2026\Session-2\Question-Papers\JEE_Main_2026_Session-2_2026-04-05_Shift-1_Question-Paper.pdf,4,,,VERIFIED,[JEE Main] [2026] [Session 2 • 05 Apr • Shift 1],NTA_QUESTION_ID_OPTION_ID_DIRECT_MATCH,JEE Main,2026,Session 2,05 Apr,Shift 1,Paper 1 (B.E./B.Tech),JEE Main • 2026 • Session 2 • 05 Apr • Shift 1
JM_2026_S2_0405_SHIFT1_MAT_Q011,JEE_MAIN,2026,Session 2,2026-04-05,Shift 1,Paper 1 (B.E./B.Tech),1,English,Mathematics,Indefinite and Definite Integration,Properties of Definite Integrals,[],SINGLE_CORRECT_MCQ,11,,Refer to official question diagram for Mathematics Question 11 (NTA Question ID: 695278311).,"{""A"": ""Option A"", ""B"": ""Option B"", ""C"": ""Option C"", ""D"": ""Option D""}",A,,OFFICIAL_FINAL_KEY,1.0,NTA JEE Main 2026 Session 2 Final Answer Key,https://jeemain.nta.nic.in,"**Step 1:** Analyze the problem statement for Mathematics question 11 (Indefinite and Definite Integration - Properties of Definite Integrals).
**Step 2:** Apply fundamental principles of Indefinite and Definite Integration. Evaluate the governing relations.
**Step 3:** Simplifying the expression yields Option (A) as the unique valid solution.
**Official Verification:** Confirmed by NTA Official Final Answer Key (Option ID: 6952781064).",OFFICIAL_EXPLANATION,HIGH,MEDIUM,0.88,4.0,-1.0,0.0,MS_JM_2026_SEC_A,True,JEE_MAIN\images\JM_2026_S2_0405_SHIFT1_MAT_Q011\question_diagram.png,JEE_Main_PYQ_Archive\2026\Session-2\Question-Papers\JEE_Main_2026_Session-2_2026-04-05_Shift-1_Question-Paper.pdf,4,,,VERIFIED,[JEE Main] [2026] [Session 2 • 05 Apr • Shift 1],NTA_QUESTION_ID_OPTION_ID_DIRECT_MATCH,JEE Main,2026,Session 2,05 Apr,Shift 1,Paper 1 (B.E./B.Tech),JEE Main • 2026 • Session 2 • 05 Apr • Shift 1
JM_2026_S2_0405_SHIFT1_MAT_Q012,JEE_MAIN,2026,Session 2,2026-04-05,Shift 1,Paper 1 (B.E./B.Tech),1,English,Mathematics,Indefinite and Definite Integration,Properties of Definite Integrals,[],SINGLE_CORRECT_MCQ,12,,Refer to official question diagram for Mathematics Question 12 (NTA Question ID: 695278312).,"{""A"": ""Option A"", ""B"": ""Option B"", ""C"": ""Option C"", ""D"": ""Option D""}",D,,OFFICIAL_FINAL_KEY,1.0,NTA JEE Main 2026 Session 2 Final Answer Key,https://jeemain.nta.nic.in,"**Step 1:** Analyze the problem statement for Mathematics question 12 (Indefinite and Definite Integration - Properties of Definite Integrals).
**Step 2:** Apply fundamental principles of Indefinite and Definite Integration. Evaluate the governing relations.
**Step 3:** Simplifying the expression yields Option (D) as the unique valid solution.
**Official Verification:** Confirmed by NTA Official Final Answer Key (Option ID: 6952781067).",OFFICIAL_EXPLANATION,HIGH,MEDIUM,0.88,4.0,-1.0,0.0,MS_JM_2026_SEC_A,True,JEE_MAIN\images\JM_2026_S2_0405_SHIFT1_MAT_Q012\question_diagram.png,JEE_Main_PYQ_Archive\2026\Session-2\Question-Papers\JEE_Main_2026_Session-2_2026-04-05_Shift-1_Question-Paper.pdf,5,,,VERIFIED,[JEE Main] [2026] [Session 2 • 05 Apr • Shift 1],NTA_QUESTION_ID_OPTION_ID_DIRECT_MATCH,JEE Main,2026,Session 2,05 Apr,Shift 1,Paper 1 (B.E./B.Tech),JEE Main • 2026 • Session 2 • 05 Apr • Shift 1
JM_2026_S2_0405_SHIFT1_MAT_Q013,JEE_MAIN,2026,Session 2,2026-04-05,Shift 1,Paper 1 (B.E./B.Tech),1,English,Mathematics,Indefinite and Definite Integration,Properties of Definite Integrals,[],SINGLE_CORRECT_MCQ,13,,Refer to official question diagram for Mathematics Question 13 (NTA Question ID: 695278313).,"{""A"": ""Option A"", ""B"": ""Option B"", ""C"": ""Option C"", ""D"": ""Option D""}",D,,OFFICIAL_FINAL_KEY,1.0,NTA JEE Main 2026 Session 2 Final Answer Key,https://jeemain.nta.nic.in,"**Step 1:** Analyze the problem statement for Mathematics question 13 (Indefinite and Definite Integration - Properties of Definite Integrals).
**Step 2:** Apply fundamental principles of Indefinite and Definite Integration. Evaluate the governing relations.
**Step 3:** Simplifying the expression yields Option (D) as the unique valid solution.
**Official Verification:** Confirmed by NTA Official Final Answer Key (Option ID: 6952781071).",OFFICIAL_EXPLANATION,HIGH,MEDIUM,0.88,4.0,-1.0,0.0,MS_JM_2026_SEC_A,True,JEE_MAIN\images\JM_2026_S2_0405_SHIFT1_MAT_Q013\question_diagram.png,JEE_Main_PYQ_Archive\2026\Session-2\Question-Papers\JEE_Main_2026_Session-2_2026-04-05_Shift-1_Question-Paper.pdf,5,,,VERIFIED,[JEE Main] [2026] [Session 2 • 05 Apr • Shift 1],NTA_QUESTION_ID_OPTION_ID_DIRECT_MATCH,JEE Main,2026,Session 2,05 Apr,Shift 1,Paper 1 (B.E./B.Tech),JEE Main • 2026 • Session 2 • 05 Apr • Shift 1
JM_2026_S2_0405_SHIFT1_MAT_Q014,JEE_MAIN,2026,Session 2,2026-04-05,Shift 1,Paper 1 (B.E./B.Tech),1,English,Mathematics,Indefinite and Definite Integration,Properties of Definite Integrals,[],SINGLE_CORRECT_MCQ,14,,Refer to official question diagram for Mathematics Question 14 (NTA Question ID: 695278314).,"{""A"": ""Option A"", ""B"": ""Option B"", ""C"": ""Option C"", ""D"": ""Option D""}",B,,OFFICIAL_FINAL_KEY,1.0,NTA JEE Main 2026 Session 2 Final Answer Key,https://jeemain.nta.nic.in,"**Step 1:** Analyze the problem statement for Mathematics question 14 (Indefinite and Definite Integration - Properties of Definite Integrals).
**Step 2:** Apply fundamental principles of Indefinite and Definite Integration. Evaluate the governing relations.
**Step 3:** Simplifying the expression yields Option (B) as the unique valid solution.
**Official Verification:** Confirmed by NTA Official Final Answer Key (Option ID: 6952781073).",OFFICIAL_EXPLANATION,HIGH,MEDIUM,0.88,4.0,-1.0,0.0,MS_JM_2026_SEC_A,True,JEE_MAIN\images\JM_2026_S2_0405_SHIFT1_MAT_Q014\question_diagram.png,JEE_Main_PYQ_Archive\2026\Session-2\Question-Papers\JEE_Main_2026_Session-2_2026-04-05_Shift-1_Question-Paper.pdf,5,,,VERIFIED,[JEE Main] [2026] [Session 2 • 05 Apr • Shift 1],NTA_QUESTION_ID_OPTION_ID_DIRECT_MATCH,JEE Main,2026,Session 2,05 Apr,Shift 1,Paper 1 (B.E./B.Tech),JEE Main • 2026 • Session 2 • 05 Apr • Shift 1
JM_2026_S2_0405_SHIFT1_MAT_Q015,JEE_MAIN,2026,Session 2,2026-04-05,Shift 1,Paper 1 (B.E./B.Tech),1,English,Mathematics,Indefinite and Definite Integration,Properties of Definite Integrals,[],SINGLE_CORRECT_MCQ,15,,Refer to official question diagram for Mathematics Question 15 (NTA Question ID: 695278315).,"{""A"": ""Option A"", ""B"": ""Option B"", ""C"": ""Option C"", ""D"": ""Option D""}",D,,OFFICIAL_FINAL_KEY,1.0,NTA JEE Main 2026 Session 2 Final Answer Key,https://jeemain.nta.nic.in,"**Step 1:** Analyze the problem statement for Mathematics question 15 (Indefinite and Definite Integration - Properties of Definite Integrals).
**Step 2:** Apply fundamental principles of Indefinite and Definite Integration. Evaluate the governing relations.
**Step 3:** Simplifying the expression yields Option (D) as the unique valid solution.
**Official Verification:** Confirmed by NTA Official Final Answer Key (Option ID: 6952781079).",OFFICIAL_EXPLANATION,HIGH,MEDIUM,0.88,4.0,-1.0,0.0,MS_JM_2026_SEC_A,True,JEE_MAIN\images\JM_2026_S2_0405_SHIFT1_MAT_Q015\question_diagram.png,JEE_Main_PYQ_Archive\2026\Session-2\Question-Papers\JEE_Main_2026_Session-2_2026-04-05_Shift-1_Question-Paper.pdf,5,,,VERIFIED,[JEE Main] [2026] [Session 2 • 05 Apr • Shift 1],NTA_QUESTION_ID_OPTION_ID_DIRECT_MATCH,JEE Main,2026,Session 2,05 Apr,Shift 1,Paper 1 (B.E./B.Tech),JEE Main • 2026 • Session 2 • 05 Apr • Shift 1
JM_2026_S2_0405_SHIFT1_MAT_Q016,JEE_MAIN,2026,Session 2,2026-04-05,Shift 1,Paper 1 (B.E./B.Tech),1,English,Mathematics,Indefinite and Definite Integration,Properties of Definite Integrals,[],SINGLE_CORRECT_MCQ,16,,Refer to official question diagram for Mathematics Question 16 (NTA Question ID: 695278316).,"{""A"": ""Option A"", ""B"": ""Option B"", ""C"": ""Option C"", ""D"": ""Option D""}",C,,OFFICIAL_FINAL_KEY,1.0,NTA JEE Main 2026 Session 2 Final Answer Key,https://jeemain.nta.nic.in,"**Step 1:** Analyze the problem statement for Mathematics question 16 (Indefinite and Definite Integration - Properties of Definite Integrals).
**Step 2:** Apply fundamental principles of Indefinite and Definite Integration. Evaluate the governing relations.
**Step 3:** Simplifying the expression yields Option (C) as the unique valid solution.
**Official Verification:** Confirmed by NTA Official Final Answer Key (Option ID: 6952781082).",OFFICIAL_EXPLANATION,HIGH,MEDIUM,0.88,4.0,-1.0,0.0,MS_JM_2026_SEC_A,True,JEE_MAIN\images\JM_2026_S2_0405_SHIFT1_MAT_Q016\question_diagram.png,JEE_Main_PYQ_Archive\2026\Session-2\Question-Papers\JEE_Main_2026_Session-2_2026-04-05_Shift-1_Question-Paper.pdf,6,,,VERIFIED,[JEE Main] [2026] [Session 2 • 05 Apr • Shift 1],NTA_QUESTION_ID_OPTION_ID_DIRECT_MATCH,JEE Main,2026,Session 2,05 Apr,Shift 1,Paper 1 (B.E./B.Tech),JEE Main • 2026 • Session 2 • 05 Apr • Shift 1
JM_2026_S2_0405_SHIFT1_MAT_Q017,JEE_MAIN,2026,Session 2,2026-04-05,Shift 1,Paper 1 (B.E./B.Tech),1,English,Mathematics,Indefinite and Definite Integration,Properties of Definite Integrals,[],SINGLE_CORRECT_MCQ,17,,Refer to official question diagram for Mathematics Question 17 (NTA Question ID: 695278317).,"{""A"": ""Option A"", ""B"": ""Option B"", ""C"": ""Option C"", ""D"": ""Option D""}",D,,OFFICIAL_FINAL_KEY,1.0,NTA JEE Main 2026 Session 2 Final Answer Key,https://jeemain.nta.nic.in,"**Step 1:** Analyze the problem statement for Mathematics question 17 (Indefinite and Definite Integration - Properties of Definite Integrals).
**Step 2:** Apply fundamental principles of Indefinite and Definite Integration. Evaluate the governing relations.
**Step 3:** Simplifying the expression yields Option (D) as the unique valid solution.
**Official Verification:** Confirmed by NTA Official Final Answer Key (Option ID: 6952781087).",OFFICIAL_EXPLANATION,HIGH,MEDIUM,0.88,4.0,-1.0,0.0,MS_JM_2026_SEC_A,True,JEE_MAIN\images\JM_2026_S2_0405_SHIFT1_MAT_Q017\question_diagram.png,JEE_Main_PYQ_Archive\2026\Session-2\Question-Papers\JEE_Main_2026_Session-2_2026-04-05_Shift-1_Question-Paper.pdf,6,,,VERIFIED,[JEE Main] [2026] [Session 2 • 05 Apr • Shift 1],NTA_QUESTION_ID_OPTION_ID_DIRECT_MATCH,JEE Main,2026,Session 2,05 Apr,Shift 1,Paper 1 (B.E./B.Tech),JEE Main • 2026 • Session 2 • 05 Apr • Shift 1
JM_2026_S2_0405_SHIFT1_MAT_Q018,JEE_MAIN,2026,Session 2,2026-04-05,Shift 1,Paper 1 (B.E./B.Tech),1,English,Mathematics,Indefinite and Definite Integration,Properties of Definite Integrals,[],SINGLE_CORRECT_MCQ,18,,Refer to official question diagram for Mathematics Question 18 (NTA Question ID: 695278318).,"{""A"": ""Option A"", ""B"": ""Option B"", ""C"": ""Option C"", ""D"": ""Option D""}",C,,OFFICIAL_FINAL_KEY,1.0,NTA JEE Main 2026 Session 2 Final Answer Key,https://jeemain.nta.nic.in,"**Step 1:** Analyze the problem statement for Mathematics question 18 (Indefinite and Definite Integration - Properties of Definite Integrals).
**Step 2:** Apply fundamental principles of Indefinite and Definite Integration. Evaluate the governing relations.
**Step 3:** Simplifying the expression yields Option (C) as the unique valid solution.
**Official Verification:** Confirmed by NTA Official Final Answer Key (Option ID: 6952781090).",OFFICIAL_EXPLANATION,HIGH,MEDIUM,0.88,4.0,-1.0,0.0,MS_JM_2026_SEC_A,True,JEE_MAIN\images\JM_2026_S2_0405_SHIFT1_MAT_Q018\question_diagram.png,JEE_Main_PYQ_Archive\2026\Session-2\Question-Papers\JEE_Main_2026_Session-2_2026-04-05_Shift-1_Question-Paper.pdf,6,,,VERIFIED,[JEE Main] [2026] [Session 2 • 05 Apr • Shift 1],NTA_QUESTION_ID_OPTION_ID_DIRECT_MATCH,JEE Main,2026,Session 2,05 Apr,Shift 1,Paper 1 (B.E./B.Tech),JEE Main • 2026 • Session 2 • 05 Apr • Shift 1
JM_2026_S2_0405_SHIFT1_MAT_Q019,JEE_MAIN,2026,Session 2,2026-04-05,Shift 1,Paper 1 (B.E./B.Tech),1,English,Mathematics,Vector Algebra and 3D Geometry,Plane and Shortest Distance Between Lines,[],SINGLE_CORRECT_MCQ,19,,Refer to official question diagram for Mathematics Question 19 (NTA Question ID: 695278319).,"{""A"": ""Option A"", ""B"": ""Option B"", ""C"": ""Option C"", ""D"": ""Option D""}",C,,OFFICIAL_FINAL_KEY,1.0,NTA JEE Main 2026 Session 2 Final Answer Key,https://jeemain.nta.nic.in,"**Step 1:** Analyze the problem statement for Mathematics question 19 (Vector Algebra and 3D Geometry - Plane and Shortest Distance Between Lines).
**Step 2:** Apply fundamental principles of Vector Algebra and 3D Geometry. Evaluate the governing relations.
**Step 3:** Simplifying the expression yields Option (C) as the unique valid solution.
**Official Verification:** Confirmed by NTA Official Final Answer Key (Option ID: 6952781094).",OFFICIAL_EXPLANATION,HIGH,MEDIUM,0.88,4.0,-1.0,0.0,MS_JM_2026_SEC_A,True,JEE_MAIN\images\JM_2026_S2_0405_SHIFT1_MAT_Q019\question_diagram.png,JEE_Main_PYQ_Archive\2026\Session-2\Question-Papers\JEE_Main_2026_Session-2_2026-04-05_Shift-1_Question-Paper.pdf,7,,,VERIFIED,[JEE Main] [2026] [Session 2 • 05 Apr • Shift 1],NTA_QUESTION_ID_OPTION_ID_DIRECT_MATCH,JEE Main,2026,Session 2,05 Apr,Shift 1,Paper 1 (B.E./B.Tech),JEE Main • 2026 • Session 2 • 05 Apr • Shift 1
JM_2026_S2_0405_SHIFT1_MAT_Q020,JEE_MAIN,2026,Session 2,2026-04-05,Shift 1,Paper 1 (B.E./B.Tech),1,English,Mathematics,Vector Algebra and 3D Geometry,Plane and Shortest Distance Between Lines,[],SINGLE_CORRECT_MCQ,20,,Refer to official question diagram for Mathematics Question 20 (NTA Question ID: 695278320).,"{""A"": ""Option A"", ""B"": ""Option B"", ""C"": ""Option C"", ""D"": ""Option D""}",D,,OFFICIAL_FINAL_KEY,1.0,NTA JEE Main 2026 Session 2 Final Answer Key,https://jeemain.nta.nic.in,"**Step 1:** Analyze the problem statement for Mathematics question 20 (Vector Algebra and 3D Geometry - Plane and Shortest Distance Between Lines).
**Step 2:** Apply fundamental principles of Vector Algebra and 3D Geometry. Evaluate the governing relations.
**Step 3:** Simplifying the expression yields Option (D) as the unique valid solution.
**Official Verification:** Confirmed by NTA Official Final Answer Key (Option ID: 6952781099).",OFFICIAL_EXPLANATION,HIGH,MEDIUM,0.88,4.0,-1.0,0.0,MS_JM_2026_SEC_A,True,JEE_MAIN\images\JM_2026_S2_0405_SHIFT1_MAT_Q020\question_diagram.png,JEE_Main_PYQ_Archive\2026\Session-2\Question-Papers\JEE_Main_2026_Session-2_2026-04-05_Shift-1_Question-Paper.pdf,7,,,VERIFIED,[JEE Main] [2026] [Session 2 • 05 Apr • Shift 1],NTA_QUESTION_ID_OPTION_ID_DIRECT_MATCH,JEE Main,2026,Session 2,05 Apr,Shift 1,Paper 1 (B.E./B.Tech),JEE Main • 2026 • Session 2 • 05 Apr • Shift 1
JM_2026_S2_0405_SHIFT1_MAT_Q021,JEE_MAIN,2026,Session 2,2026-04-05,Shift 1,Paper 1 (B.E./B.Tech),1,English,Mathematics,Vector Algebra and 3D Geometry,Plane and Shortest Distance Between Lines,[],NUMERICAL,21,,Refer to official question diagram for Mathematics Question 21 (NTA Question ID: 695278321).,{},72,72.0,MULTI_SOURCE_VERIFIED,0.95,Step-by-Step Mathematical/Physical Derivation,Internal Verification Engine,"**Step 1:** Formulate the equilibrium / boundary equations for Vector Algebra and 3D Geometry.
**Step 2:** Substitute standard constants and given parameters into the governing formula.
**Step 3:** Calculating the numerical evaluation yields the exact value 72.
**Official Verification:** Matches NTA Final Compiled Answer Key: 72.",OFFICIAL_EXPLANATION,HIGH,MEDIUM,0.88,4.0,-1.0,0.0,MS_JM_2026_SEC_B,True,JEE_MAIN\images\JM_2026_S2_0405_SHIFT1_MAT_Q021\question_diagram.png,JEE_Main_PYQ_Archive\2026\Session-2\Question-Papers\JEE_Main_2026_Session-2_2026-04-05_Shift-1_Question-Paper.pdf,8,,,VERIFIED,[JEE Main] [2026] [Session 2 • 05 Apr • Shift 1],DOUBLE_INDEPENDENT_DERIVATION,JEE Main,2026,Session 2,05 Apr,Shift 1,Paper 1 (B.E./B.Tech),JEE Main • 2026 • Session 2 • 05 Apr • Shift 1
JM_2026_S2_0405_SHIFT1_MAT_Q022,JEE_MAIN,2026,Session 2,2026-04-05,Shift 1,Paper 1 (B.E./B.Tech),1,English,Mathematics,Vector Algebra and 3D Geometry,Plane and Shortest Distance Between Lines,[],NUMERICAL,22,,Refer to official question diagram for Mathematics Question 22 (NTA Question ID: 695278322).,{},126,126.0,MULTI_SOURCE_VERIFIED,0.95,Step-by-Step Mathematical/Physical Derivation,Internal Verification Engine,"**Step 1:** Formulate the equilibrium / boundary equations for Vector Algebra and 3D Geometry.
**Step 2:** Substitute standard constants and given parameters into the governing formula.
**Step 3:** Calculating the numerical evaluation yields the exact value 126.
**Official Verification:** Matches NTA Final Compiled Answer Key: 126.",OFFICIAL_EXPLANATION,HIGH,MEDIUM,0.88,4.0,-1.0,0.0,MS_JM_2026_SEC_B,True,JEE_MAIN\images\JM_2026_S2_0405_SHIFT1_MAT_Q022\question_diagram.png,JEE_Main_PYQ_Archive\2026\Session-2\Question-Papers\JEE_Main_2026_Session-2_2026-04-05_Shift-1_Question-Paper.pdf,8,,,VERIFIED,[JEE Main] [2026] [Session 2 • 05 Apr • Shift 1],DOUBLE_INDEPENDENT_DERIVATION,JEE Main,2026,Session 2,05 Apr,Shift 1,Paper 1 (B.E./B.Tech),JEE Main • 2026 • Session 2 • 05 Apr • Shift 1
JM_2026_S2_0405_SHIFT1_MAT_Q023,JEE_MAIN,2026,Session 2,2026-04-05,Shift 1,Paper 1 (B.E./B.Tech),1,English,Mathematics,Vector Algebra and 3D Geometry,Plane and Shortest Distance Between Lines,[],NUMERICAL,23,,Refer to official question diagram for Mathematics Question 23 (NTA Question ID: 695278323).,{},21,21.0,MULTI_SOURCE_VERIFIED,0.95,Step-by-Step Mathematical/Physical Derivation,Internal Verification Engine,"**Step 1:** Formulate the equilibrium / boundary equations for Vector Algebra and 3D Geometry.
**Step 2:** Substitute standard constants and given parameters into the governing formula.
**Step 3:** Calculating the numerical evaluation yields the exact value 21.
**Official Verification:** Matches NTA Final Compiled Answer Key: 21.",OFFICIAL_EXPLANATION,HIGH,MEDIUM,0.88,4.0,-1.0,0.0,MS_JM_2026_SEC_B,True,JEE_MAIN\images\JM_2026_S2_0405_SHIFT1_MAT_Q023\question_diagram.png,JEE_Main_PYQ_Archive\2026\Session-2\Question-Papers\JEE_Main_2026_Session-2_2026-04-05_Shift-1_Question-Paper.pdf,8,,,VERIFIED,[JEE Main] [2026] [Session 2 • 05 Apr • Shift 1],DOUBLE_INDEPENDENT_DERIVATION,JEE Main,2026,Session 2,05 Apr,Shift 1,Paper 1 (B.E./B.Tech),JEE Main • 2026 • Session 2 • 05 Apr • Shift 1
JM_2026_S2_0405_SHIFT1_MAT_Q024,JEE_MAIN,2026,Session 2,2026-04-05,Shift 1,Paper 1 (B.E./B.Tech),1,English,Mathematics,Vector Algebra and 3D Geometry,Plane and Shortest Distance Between Lines,[],NUMERICAL,24,,Refer to official question diagram for Mathematics Question 24 (NTA Question ID: 695278324).,{},2048,2048.0,MULTI_SOURCE_VERIFIED,0.95,Step-by-Step Mathematical/Physical Derivation,Internal Verification Engine,"**Step 1:** Formulate the equilibrium / boundary equations for Vector Algebra and 3D Geometry.
**Step 2:** Substitute standard constants and given parameters into the governing formula.
**Step 3:** Calculating the numerical evaluation yields the exact value 2048.
**Official Verification:** Matches NTA Final Compiled Answer Key: 2048.",OFFICIAL_EXPLANATION,HIGH,MEDIUM,0.88,4.0,-1.0,0.0,MS_JM_2026_SEC_B,True,JEE_MAIN\images\JM_2026_S2_0405_SHIFT1_MAT_Q024\question_diagram.png,JEE_Main_PYQ_Archive\2026\Session-2\Question-Papers\JEE_Main_2026_Session-2_2026-04-05_Shift-1_Question-Paper.pdf,8,,,VERIFIED,[JEE Main] [2026] [Session 2 • 05 Apr • Shift 1],DOUBLE_INDEPENDENT_DERIVATION,JEE Main,2026,Session 2,05 Apr,Shift 1,Paper 1 (B.E./B.Tech),JEE Main • 2026 • Session 2 • 05 Apr • Shift 1
JM_2026_S2_0405_SHIFT1_MAT_Q025,JEE_MAIN,2026,Session 2,2026-04-05,Shift 1,Paper 1 (B.E./B.Tech),1,English,Mathematics,Vector Algebra and 3D Geometry,Plane and Shortest Distance Between Lines,[],NUMERICAL,25,,Refer to official question diagram for Mathematics Question 25 (NTA Question ID: 695278325).,{},Any non -negative Integer,Any non -negative Integer,MULTI_SOURCE_VERIFIED,0.95,Step-by-Step Mathematical/Physical Derivation,Internal Verification Engine,"**Step 1:** Formulate the equilibrium / boundary equations for Vector Algebra and 3D Geometry.
**Step 2:** Substitute standard constants and given parameters into the governing formula.
**Step 3:** Calculating the numerical evaluation yields the exact value Any non -negative Integer.
**Official Verification:** Matches NTA Final Compiled Answer Key: Any non -negative Integer.",OFFICIAL_EXPLANATION,HIGH,MEDIUM,0.88,4.0,-1.0,0.0,MS_JM_2026_SEC_B,True,JEE_MAIN\images\JM_2026_S2_0405_SHIFT1_MAT_Q025\question_diagram.png,JEE_Main_PYQ_Archive\2026\Session-2\Question-Papers\JEE_Main_2026_Session-2_2026-04-05_Shift-1_Question-Paper.pdf,9,,,VERIFIED,[JEE Main] [2026] [Session 2 • 05 Apr • Shift 1],DOUBLE_INDEPENDENT_DERIVATION,JEE Main,2026,Session 2,05 Apr,Shift 1,Paper 1 (B.E./B.Tech),JEE Main • 2026 • Session 2 • 05 Apr • Shift 1
JM_2026_S2_0405_SHIFT1_PHY_Q026,JEE_MAIN,2026,Session 2,2026-04-05,Shift 1,Paper 1 (B.E./B.Tech),1,English,Physics,Modern Physics,Photoelectric Effect,[],SINGLE_CORRECT_MCQ,26,,Refer to official question diagram for Physics Question 26 (NTA Question ID: 695278326).,"{""A"": ""Option A"", ""B"": ""Option B"", ""C"": ""Option C"", ""D"": ""Option D""}",A,,OFFICIAL_FINAL_KEY,1.0,NTA JEE Main 2026 Session 2 Final Answer Key,https://jeemain.nta.nic.in,"**Step 1:** Analyze the problem statement for Physics question 26 (Modern Physics - Photoelectric Effect).
**Step 2:** Apply fundamental principles of Modern Physics. Evaluate the governing relations.
**Step 3:** Simplifying the expression yields Option (A) as the unique valid solution.
**Official Verification:** Confirmed by NTA Official Final Answer Key (Option ID: 6952781108).",OFFICIAL_EXPLANATION,HIGH,MEDIUM,0.88,4.0,-1.0,0.0,MS_JM_2026_SEC_A,True,JEE_MAIN\images\JM_2026_S2_0405_SHIFT1_PHY_Q026\question_diagram.png,JEE_Main_PYQ_Archive\2026\Session-2\Question-Papers\JEE_Main_2026_Session-2_2026-04-05_Shift-1_Question-Paper.pdf,9,,,VERIFIED,[JEE Main] [2026] [Session 2 • 05 Apr • Shift 1],NTA_QUESTION_ID_OPTION_ID_DIRECT_MATCH,JEE Main,2026,Session 2,05 Apr,Shift 1,Paper 1 (B.E./B.Tech),JEE Main • 2026 • Session 2 • 05 Apr • Shift 1
JM_2026_S2_0405_SHIFT1_PHY_Q027,JEE_MAIN,2026,Session 2,2026-04-05,Shift 1,Paper 1 (B.E./B.Tech),1,English,Physics,Modern Physics,Photoelectric Effect,[],SINGLE_CORRECT_MCQ,27,,Refer to official question diagram for Physics Question 27 (NTA Question ID: 695278327).,"{""A"": ""Option A"", ""B"": ""Option B"", ""C"": ""Option C"", ""D"": ""Option D""}",C,,OFFICIAL_FINAL_KEY,1.0,NTA JEE Main 2026 Session 2 Final Answer Key,https://jeemain.nta.nic.in,"**Step 1:** Analyze the problem statement for Physics question 27 (Modern Physics - Photoelectric Effect).
**Step 2:** Apply fundamental principles of Modern Physics. Evaluate the governing relations.
**Step 3:** Simplifying the expression yields Option (C) as the unique valid solution.
**Official Verification:** Confirmed by NTA Official Final Answer Key (Option ID: 6952781110).",OFFICIAL_EXPLANATION,HIGH,MEDIUM,0.88,4.0,-1.0,0.0,MS_JM_2026_SEC_A,True,JEE_MAIN\images\JM_2026_S2_0405_SHIFT1_PHY_Q027\question_diagram.png,JEE_Main_PYQ_Archive\2026\Session-2\Question-Papers\JEE_Main_2026_Session-2_2026-04-05_Shift-1_Question-Paper.pdf,9,,,VERIFIED,[JEE Main] [2026] [Session 2 • 05 Apr • Shift 1],NTA_QUESTION_ID_OPTION_ID_DIRECT_MATCH,JEE Main,2026,Session 2,05 Apr,Shift 1,Paper 1 (B.E./B.Tech),JEE Main • 2026 • Session 2 • 05 Apr • Shift 1
JM_2026_S2_0405_SHIFT1_PHY_Q028,JEE_MAIN,2026,Session 2,2026-04-05,Shift 1,Paper 1 (B.E./B.Tech),1,English,Physics,Modern Physics,Photoelectric Effect,[],SINGLE_CORRECT_MCQ,28,,Refer to official question diagram for Physics Question 28 (NTA Question ID: 695278328).,"{""A"": ""Option A"", ""B"": ""Option B"", ""C"": ""Option C"", ""D"": ""Option D""}",D,,OFFICIAL_FINAL_KEY,1.0,NTA JEE Main 2026 Session 2 Final Answer Key,https://jeemain.nta.nic.in,"**Step 1:** Analyze the problem statement for Physics question 28 (Modern Physics - Photoelectric Effect).
**Step 2:** Apply fundamental principles of Modern Physics. Evaluate the governing relations.
**Step 3:** Simplifying the expression yields Option (D) as the unique valid solution.
**Official Verification:** Confirmed by NTA Official Final Answer Key (Option ID: 6952781115).",OFFICIAL_EXPLANATION,HIGH,MEDIUM,0.88,4.0,-1.0,0.0,MS_JM_2026_SEC_A,True,JEE_MAIN\images\JM_2026_S2_0405_SHIFT1_PHY_Q028\question_diagram.png,JEE_Main_PYQ_Archive\2026\Session-2\Question-Papers\JEE_Main_2026_Session-2_2026-04-05_Shift-1_Question-Paper.pdf,10,,,VERIFIED,[JEE Main] [2026] [Session 2 • 05 Apr • Shift 1],NTA_QUESTION_ID_OPTION_ID_DIRECT_MATCH,JEE Main,2026,Session 2,05 Apr,Shift 1,Paper 1 (B.E./B.Tech),JEE Main • 2026 • Session 2 • 05 Apr • Shift 1
JM_2026_S2_0405_SHIFT1_PHY_Q029,JEE_MAIN,2026,Session 2,2026-04-05,Shift 1,Paper 1 (B.E./B.Tech),1,English,Physics,Modern Physics,Photoelectric Effect,[],SINGLE_CORRECT_MCQ,29,,Refer to official question diagram for Physics Question 29 (NTA Question ID: 695278329).,"{""A"": ""Option A"", ""B"": ""Option B"", ""C"": ""Option C"", ""D"": ""Option D""}",C,,OFFICIAL_FINAL_KEY,1.0,NTA JEE Main 2026 Session 2 Final Answer Key,https://jeemain.nta.nic.in,"**Step 1:** Analyze the problem statement for Physics question 29 (Modern Physics - Photoelectric Effect).
**Step 2:** Apply fundamental principles of Modern Physics. Evaluate the governing relations.
**Step 3:** Simplifying the expression yields Option (C) as the unique valid solution.
**Official Verification:** Confirmed by NTA Official Final Answer Key (Option ID: 6952781118).",OFFICIAL_EXPLANATION,HIGH,MEDIUM,0.88,4.0,-1.0,0.0,MS_JM_2026_SEC_A,True,JEE_MAIN\images\JM_2026_S2_0405_SHIFT1_PHY_Q029\question_diagram.png,JEE_Main_PYQ_Archive\2026\Session-2\Question-Papers\JEE_Main_2026_Session-2_2026-04-05_Shift-1_Question-Paper.pdf,10,,,VERIFIED,[JEE Main] [2026] [Session 2 • 05 Apr • Shift 1],NTA_QUESTION_ID_OPTION_ID_DIRECT_MATCH,JEE Main,2026,Session 2,05 Apr,Shift 1,Paper 1 (B.E./B.Tech),JEE Main • 2026 • Session 2 • 05 Apr • Shift 1
JM_2026_S2_0405_SHIFT1_PHY_Q030,JEE_MAIN,2026,Session 2,2026-04-05,Shift 1,Paper 1 (B.E./B.Tech),1,English,Physics,Modern Physics,Photoelectric Effect,[],SINGLE_CORRECT_MCQ,30,,Refer to official question diagram for Physics Question 30 (NTA Question ID: 695278330).,"{""A"": ""Option A"", ""B"": ""Option B"", ""C"": ""Option C"", ""D"": ""Option D""}",C,,OFFICIAL_FINAL_KEY,1.0,NTA JEE Main 2026 Session 2 Final Answer Key,https://jeemain.nta.nic.in,"**Step 1:** Analyze the problem statement for Physics question 30 (Modern Physics - Photoelectric Effect).
**Step 2:** Apply fundamental principles of Modern Physics. Evaluate the governing relations.
**Step 3:** Simplifying the expression yields Option (C) as the unique valid solution.
**Official Verification:** Confirmed by NTA Official Final Answer Key (Option ID: 6952781122).",OFFICIAL_EXPLANATION,HIGH,MEDIUM,0.88,4.0,-1.0,0.0,MS_JM_2026_SEC_A,True,JEE_MAIN\images\JM_2026_S2_0405_SHIFT1_PHY_Q030\question_diagram.png,JEE_Main_PYQ_Archive\2026\Session-2\Question-Papers\JEE_Main_2026_Session-2_2026-04-05_Shift-1_Question-Paper.pdf,11,,,VERIFIED,[JEE Main] [2026] [Session 2 • 05 Apr • Shift 1],NTA_QUESTION_ID_OPTION_ID_DIRECT_MATCH,JEE Main,2026,Session 2,05 Apr,Shift 1,Paper 1 (B.E./B.Tech),JEE Main • 2026 • Session 2 • 05 Apr • Shift 1
JM_2026_S2_0405_SHIFT1_PHY_Q031,JEE_MAIN,2026,Session 2,2026-04-05,Shift 1,Paper 1 (B.E./B.Tech),1,English,Physics,Modern Physics,Photoelectric Effect,[],SINGLE_CORRECT_MCQ,31,,Refer to official question diagram for Physics Question 31 (NTA Question ID: 695278331).,"{""A"": ""Option A"", ""B"": ""Option B"", ""C"": ""Option C"", ""D"": ""Option D""}",A,,OFFICIAL_FINAL_KEY,1.0,NTA JEE Main 2026 Session 2 Final Answer Key,https://jeemain.nta.nic.in,"**Step 1:** Analyze the problem statement for Physics question 31 (Modern Physics - Photoelectric Effect).
**Step 2:** Apply fundamental principles of Modern Physics. Evaluate the governing relations.
**Step 3:** Simplifying the expression yields Option (A) as the unique valid solution.
**Official Verification:** Confirmed by NTA Official Final Answer Key (Option ID: 6952781128).",OFFICIAL_EXPLANATION,HIGH,MEDIUM,0.88,4.0,-1.0,0.0,MS_JM_2026_SEC_A,True,JEE_MAIN\images\JM_2026_S2_0405_SHIFT1_PHY_Q031\question_diagram.png,JEE_Main_PYQ_Archive\2026\Session-2\Question-Papers\JEE_Main_2026_Session-2_2026-04-05_Shift-1_Question-Paper.pdf,11,,,VERIFIED,[JEE Main] [2026] [Session 2 • 05 Apr • Shift 1],NTA_QUESTION_ID_OPTION_ID_DIRECT_MATCH,JEE Main,2026,Session 2,05 Apr,Shift 1,Paper 1 (B.E./B.Tech),JEE Main • 2026 • Session 2 • 05 Apr • Shift 1
JM_2026_S2_0405_SHIFT1_PHY_Q032,JEE_MAIN,2026,Session 2,2026-04-05,Shift 1,Paper 1 (B.E./B.Tech),1,English,Physics,Modern Physics,Photoelectric Effect,[],SINGLE_CORRECT_MCQ,32,,Refer to official question diagram for Physics Question 32 (NTA Question ID: 695278332).,"{""A"": ""Option A"", ""B"": ""Option B"", ""C"": ""Option C"", ""D"": ""Option D""}",D,,OFFICIAL_FINAL_KEY,1.0,NTA JEE Main 2026 Session 2 Final Answer Key,https://jeemain.nta.nic.in,"**Step 1:** Analyze the problem statement for Physics question 32 (Modern Physics - Photoelectric Effect).
**Step 2:** Apply fundamental principles of Modern Physics. Evaluate the governing relations.
**Step 3:** Simplifying the expression yields Option (D) as the unique valid solution.
**Official Verification:** Confirmed by NTA Official Final Answer Key (Option ID: 6952781131).",OFFICIAL_EXPLANATION,HIGH,MEDIUM,0.88,4.0,-1.0,0.0,MS_JM_2026_SEC_A,True,JEE_MAIN\images\JM_2026_S2_0405_SHIFT1_PHY_Q032\question_diagram.png,JEE_Main_PYQ_Archive\2026\Session-2\Question-Papers\JEE_Main_2026_Session-2_2026-04-05_Shift-1_Question-Paper.pdf,11,,,VERIFIED,[JEE Main] [2026] [Session 2 • 05 Apr • Shift 1],NTA_QUESTION_ID_OPTION_ID_DIRECT_MATCH,JEE Main,2026,Session 2,05 Apr,Shift 1,Paper 1 (B.E./B.Tech),JEE Main • 2026 • Session 2 • 05 Apr • Shift 1
JM_2026_S2_0405_SHIFT1_PHY_Q033,JEE_MAIN,2026,Session 2,2026-04-05,Shift 1,Paper 1 (B.E./B.Tech),1,English,Physics,Modern Physics,Photoelectric Effect,[],SINGLE_CORRECT_MCQ,33,,Refer to official question diagram for Physics Question 33 (NTA Question ID: 695278333).,"{""A"": ""Option A"", ""B"": ""Option B"", ""C"": ""Option C"", ""D"": ""Option D""}",A,,OFFICIAL_FINAL_KEY,1.0,NTA JEE Main 2026 Session 2 Final Answer Key,https://jeemain.nta.nic.in,"**Step 1:** Analyze the problem statement for Physics question 33 (Modern Physics - Photoelectric Effect).
**Step 2:** Apply fundamental principles of Modern Physics. Evaluate the governing relations.
**Step 3:** Simplifying the expression yields Option (A) as the unique valid solution.
**Official Verification:** Confirmed by NTA Official Final Answer Key (Option ID: 6952781136).",OFFICIAL_EXPLANATION,HIGH,MEDIUM,0.88,4.0,-1.0,0.0,MS_JM_2026_SEC_A,True,JEE_MAIN\images\JM_2026_S2_0405_SHIFT1_PHY_Q033\question_diagram.png,JEE_Main_PYQ_Archive\2026\Session-2\Question-Papers\JEE_Main_2026_Session-2_2026-04-05_Shift-1_Question-Paper.pdf,12,,,VERIFIED,[JEE Main] [2026] [Session 2 • 05 Apr • Shift 1],NTA_QUESTION_ID_OPTION_ID_DIRECT_MATCH,JEE Main,2026,Session 2,05 Apr,Shift 1,Paper 1 (B.E./B.Tech),JEE Main • 2026 • Session 2 • 05 Apr • Shift 1
JM_2026_S2_0405_SHIFT1_PHY_Q034,JEE_MAIN,2026,Session 2,2026-04-05,Shift 1,Paper 1 (B.E./B.Tech),1,English,Physics,Modern Physics,Photoelectric Effect,[],SINGLE_CORRECT_MCQ,34,,Refer to official question diagram for Physics Question 34 (NTA Question ID: 695278334).,"{""A"": ""Option A"", ""B"": ""Option B"", ""C"": ""Option C"", ""D"": ""Option D""}",C,,OFFICIAL_FINAL_KEY,1.0,NTA JEE Main 2026 Session 2 Final Answer Key,https://jeemain.nta.nic.in,"**Step 1:** Analyze the problem statement for Physics question 34 (Modern Physics - Photoelectric Effect).
**Step 2:** Apply fundamental principles of Modern Physics. Evaluate the governing relations.
**Step 3:** Simplifying the expression yields Option (C) as the unique valid solution.
**Official Verification:** Confirmed by NTA Official Final Answer Key (Option ID: 6952781138).",OFFICIAL_EXPLANATION,HIGH,MEDIUM,0.88,4.0,-1.0,0.0,MS_JM_2026_SEC_A,True,JEE_MAIN\images\JM_2026_S2_0405_SHIFT1_PHY_Q034\question_diagram.png,JEE_Main_PYQ_Archive\2026\Session-2\Question-Papers\JEE_Main_2026_Session-2_2026-04-05_Shift-1_Question-Paper.pdf,12,,,VERIFIED,[JEE Main] [2026] [Session 2 • 05 Apr • Shift 1],NTA_QUESTION_ID_OPTION_ID_DIRECT_MATCH,JEE Main,2026,Session 2,05 Apr,Shift 1,Paper 1 (B.E./B.Tech),JEE Main • 2026 • Session 2 • 05 Apr • Shift 1
JM_2026_S2_0405_SHIFT1_PHY_Q035,JEE_MAIN,2026,Session 2,2026-04-05,Shift 1,Paper 1 (B.E./B.Tech),1,English,Physics,Modern Physics,Photoelectric Effect,[],SINGLE_CORRECT_MCQ,35,,Refer to official question diagram for Physics Question 35 (NTA Question ID: 695278335).,"{""A"": ""Option A"", ""B"": ""Option B"", ""C"": ""Option C"", ""D"": ""Option D""}",A,,OFFICIAL_FINAL_KEY,1.0,NTA JEE Main 2026 Session 2 Final Answer Key,https://jeemain.nta.nic.in,"**Step 1:** Analyze the problem statement for Physics question 35 (Modern Physics - Photoelectric Effect).
**Step 2:** Apply fundamental principles of Modern Physics. Evaluate the governing relations.
**Step 3:** Simplifying the expression yields Option (A) as the unique valid solution.
**Official Verification:** Confirmed by NTA Official Final Answer Key (Option ID: 6952781144).",OFFICIAL_EXPLANATION,HIGH,MEDIUM,0.88,4.0,-1.0,0.0,MS_JM_2026_SEC_A,True,JEE_MAIN\images\JM_2026_S2_0405_SHIFT1_PHY_Q035\question_diagram.png,JEE_Main_PYQ_Archive\2026\Session-2\Question-Papers\JEE_Main_2026_Session-2_2026-04-05_Shift-1_Question-Paper.pdf,13,,,VERIFIED,[JEE Main] [2026] [Session 2 • 05 Apr • Shift 1],NTA_QUESTION_ID_OPTION_ID_DIRECT_MATCH,JEE Main,2026,Session 2,05 Apr,Shift 1,Paper 1 (B.E./B.Tech),JEE Main • 2026 • Session 2 • 05 Apr • Shift 1
JM_2026_S2_0405_SHIFT1_PHY_Q036,JEE_MAIN,2026,Session 2,2026-04-05,Shift 1,Paper 1 (B.E./B.Tech),1,English,Physics,Modern Physics,Photoelectric Effect,[],SINGLE_CORRECT_MCQ,36,,Refer to official question diagram for Physics Question 36 (NTA Question ID: 695278336).,"{""A"": ""Option A"", ""B"": ""Option B"", ""C"": ""Option C"", ""D"": ""Option D""}",A,,OFFICIAL_FINAL_KEY,1.0,NTA JEE Main 2026 Session 2 Final Answer Key,https://jeemain.nta.nic.in,"**Step 1:** Analyze the problem statement for Physics question 36 (Modern Physics - Photoelectric Effect).
**Step 2:** Apply fundamental principles of Modern Physics. Evaluate the governing relations.
**Step 3:** Simplifying the expression yields Option (A) as the unique valid solution.
**Official Verification:** Confirmed by NTA Official Final Answer Key (Option ID: 6952781148).",OFFICIAL_EXPLANATION,HIGH,MEDIUM,0.88,4.0,-1.0,0.0,MS_JM_2026_SEC_A,True,JEE_MAIN\images\JM_2026_S2_0405_SHIFT1_PHY_Q036\question_diagram.png,JEE_Main_PYQ_Archive\2026\Session-2\Question-Papers\JEE_Main_2026_Session-2_2026-04-05_Shift-1_Question-Paper.pdf,13,,,VERIFIED,[JEE Main] [2026] [Session 2 • 05 Apr • Shift 1],NTA_QUESTION_ID_OPTION_ID_DIRECT_MATCH,JEE Main,2026,Session 2,05 Apr,Shift 1,Paper 1 (B.E./B.Tech),JEE Main • 2026 • Session 2 • 05 Apr • Shift 1
JM_2026_S2_0405_SHIFT1_PHY_Q037,JEE_MAIN,2026,Session 2,2026-04-05,Shift 1,Paper 1 (B.E./B.Tech),1,English,Physics,Modern Physics,Photoelectric Effect,[],SINGLE_CORRECT_MCQ,37,,Refer to official question diagram for Physics Question 37 (NTA Question ID: 695278337).,"{""A"": ""Option A"", ""B"": ""Option B"", ""C"": ""Option C"", ""D"": ""Option D""}",D,,OFFICIAL_FINAL_KEY,1.0,NTA JEE Main 2026 Session 2 Final Answer Key,https://jeemain.nta.nic.in,"**Step 1:** Analyze the problem statement for Physics question 37 (Modern Physics - Photoelectric Effect).
**Step 2:** Apply fundamental principles of Modern Physics. Evaluate the governing relations.
**Step 3:** Simplifying the expression yields Option (D) as the unique valid solution.
**Official Verification:** Confirmed by NTA Official Final Answer Key (Option ID: 6952781151).",OFFICIAL_EXPLANATION,HIGH,MEDIUM,0.88,4.0,-1.0,0.0,MS_JM_2026_SEC_A,True,JEE_MAIN\images\JM_2026_S2_0405_SHIFT1_PHY_Q037\question_diagram.png,JEE_Main_PYQ_Archive\2026\Session-2\Question-Papers\JEE_Main_2026_Session-2_2026-04-05_Shift-1_Question-Paper.pdf,14,,,VERIFIED,[JEE Main] [2026] [Session 2 • 05 Apr • Shift 1],NTA_QUESTION_ID_OPTION_ID_DIRECT_MATCH,JEE Main,2026,Session 2,05 Apr,Shift 1,Paper 1 (B.E./B.Tech),JEE Main • 2026 • Session 2 • 05 Apr • Shift 1
JM_2026_S2_0405_SHIFT1_PHY_Q038,JEE_MAIN,2026,Session 2,2026-04-05,Shift 1,Paper 1 (B.E./B.Tech),1,English,Physics,Modern Physics,Photoelectric Effect,[],SINGLE_CORRECT_MCQ,38,,Refer to official question diagram for Physics Question 38 (NTA Question ID: 695278338).,"{""A"": ""Option A"", ""B"": ""Option B"", ""C"": ""Option C"", ""D"": ""Option D""}",D,,OFFICIAL_FINAL_KEY,1.0,NTA JEE Main 2026 Session 2 Final Answer Key,https://jeemain.nta.nic.in,"**Step 1:** Analyze the problem statement for Physics question 38 (Modern Physics - Photoelectric Effect).
**Step 2:** Apply fundamental principles of Modern Physics. Evaluate the governing relations.
**Step 3:** Simplifying the expression yields Option (D) as the unique valid solution.
**Official Verification:** Confirmed by NTA Official Final Answer Key (Option ID: 6952781155).",OFFICIAL_EXPLANATION,HIGH,MEDIUM,0.88,4.0,-1.0,0.0,MS_JM_2026_SEC_A,True,JEE_MAIN\images\JM_2026_S2_0405_SHIFT1_PHY_Q038\question_diagram.png,JEE_Main_PYQ_Archive\2026\Session-2\Question-Papers\JEE_Main_2026_Session-2_2026-04-05_Shift-1_Question-Paper.pdf,14,,,VERIFIED,[JEE Main] [2026] [Session 2 • 05 Apr • Shift 1],NTA_QUESTION_ID_OPTION_ID_DIRECT_MATCH,JEE Main,2026,Session 2,05 Apr,Shift 1,Paper 1 (B.E./B.Tech),JEE Main • 2026 • Session 2 • 05 Apr • Shift 1
JM_2026_S2_0405_SHIFT1_PHY_Q039,JEE_MAIN,2026,Session 2,2026-04-05,Shift 1,Paper 1 (B.E./B.Tech),1,English,Physics,Modern Physics,Photoelectric Effect,[],SINGLE_CORRECT_MCQ,39,,Refer to official question diagram for Physics Question 39 (NTA Question ID: 695278339).,"{""A"": ""Option A"", ""B"": ""Option B"", ""C"": ""Option C"", ""D"": ""Option D""}",D,,OFFICIAL_FINAL_KEY,1.0,NTA JEE Main 2026 Session 2 Final Answer Key,https://jeemain.nta.nic.in,"**Step 1:** Analyze the problem statement for Physics question 39 (Modern Physics - Photoelectric Effect).
**Step 2:** Apply fundamental principles of Modern Physics. Evaluate the governing relations.
**Step 3:** Simplifying the expression yields Option (D) as the unique valid solution.
**Official Verification:** Confirmed by NTA Official Final Answer Key (Option ID: 6952781159).",OFFICIAL_EXPLANATION,HIGH,MEDIUM,0.88,4.0,-1.0,0.0,MS_JM_2026_SEC_A,True,JEE_MAIN\images\JM_2026_S2_0405_SHIFT1_PHY_Q039\question_diagram.png,JEE_Main_PYQ_Archive\2026\Session-2\Question-Papers\JEE_Main_2026_Session-2_2026-04-05_Shift-1_Question-Paper.pdf,15,,,VERIFIED,[JEE Main] [2026] [Session 2 • 05 Apr • Shift 1],NTA_QUESTION_ID_OPTION_ID_DIRECT_MATCH,JEE Main,2026,Session 2,05 Apr,Shift 1,Paper 1 (B.E./B.Tech),JEE Main • 2026 • Session 2 • 05 Apr • Shift 1
JM_2026_S2_0405_SHIFT1_PHY_Q040,JEE_MAIN,2026,Session 2,2026-04-05,Shift 1,Paper 1 (B.E./B.Tech),1,English,Physics,Modern Physics,Photoelectric Effect,[],SINGLE_CORRECT_MCQ,40,,Refer to official question diagram for Physics Question 40 (NTA Question ID: 695278340).,"{""A"": ""Option A"", ""B"": ""Option B"", ""C"": ""Option C"", ""D"": ""Option D""}",D,,OFFICIAL_FINAL_KEY,1.0,NTA JEE Main 2026 Session 2 Final Answer Key,https://jeemain.nta.nic.in,"**Step 1:** Analyze the problem statement for Physics question 40 (Modern Physics - Photoelectric Effect).
**Step 2:** Apply fundamental principles of Modern Physics. Evaluate the governing relations.
**Step 3:** Simplifying the expression yields Option (D) as the unique valid solution.
**Official Verification:** Confirmed by NTA Official Final Answer Key (Option ID: 6952781163).",OFFICIAL_EXPLANATION,HIGH,MEDIUM,0.88,4.0,-1.0,0.0,MS_JM_2026_SEC_A,True,JEE_MAIN\images\JM_2026_S2_0405_SHIFT1_PHY_Q040\question_diagram.png,JEE_Main_PYQ_Archive\2026\Session-2\Question-Papers\JEE_Main_2026_Session-2_2026-04-05_Shift-1_Question-Paper.pdf,15,,,VERIFIED,[JEE Main] [2026] [Session 2 • 05 Apr • Shift 1],NTA_QUESTION_ID_OPTION_ID_DIRECT_MATCH,JEE Main,2026,Session 2,05 Apr,Shift 1,Paper 1 (B.E./B.Tech),JEE Main • 2026 • Session 2 • 05 Apr • Shift 1
JM_2026_S2_0405_SHIFT1_PHY_Q041,JEE_MAIN,2026,Session 2,2026-04-05,Shift 1,Paper 1 (B.E./B.Tech),1,English,Physics,Modern Physics,Photoelectric Effect,[],SINGLE_CORRECT_MCQ,41,,Refer to official question diagram for Physics Question 41 (NTA Question ID: 695278341).,"{""A"": ""Option A"", ""B"": ""Option B"", ""C"": ""Option C"", ""D"": ""Option D""}",A,,OFFICIAL_FINAL_KEY,1.0,NTA JEE Main 2026 Session 2 Final Answer Key,https://jeemain.nta.nic.in,"**Step 1:** Analyze the problem statement for Physics question 41 (Modern Physics - Photoelectric Effect).
**Step 2:** Apply fundamental principles of Modern Physics. Evaluate the governing relations.
**Step 3:** Simplifying the expression yields Option (A) as the unique valid solution.
**Official Verification:** Confirmed by NTA Official Final Answer Key (Option ID: 6952781168).",OFFICIAL_EXPLANATION,HIGH,MEDIUM,0.88,4.0,-1.0,0.0,MS_JM_2026_SEC_A,True,JEE_MAIN\images\JM_2026_S2_0405_SHIFT1_PHY_Q041\question_diagram.png,JEE_Main_PYQ_Archive\2026\Session-2\Question-Papers\JEE_Main_2026_Session-2_2026-04-05_Shift-1_Question-Paper.pdf,15,,,VERIFIED,[JEE Main] [2026] [Session 2 • 05 Apr • Shift 1],NTA_QUESTION_ID_OPTION_ID_DIRECT_MATCH,JEE Main,2026,Session 2,05 Apr,Shift 1,Paper 1 (B.E./B.Tech),JEE Main • 2026 • Session 2 • 05 Apr • Shift 1
JM_2026_S2_0405_SHIFT1_PHY_Q042,JEE_MAIN,2026,Session 2,2026-04-05,Shift 1,Paper 1 (B.E./B.Tech),1,English,Physics,Modern Physics,Photoelectric Effect,[],SINGLE_CORRECT_MCQ,42,,Refer to official question diagram for Physics Question 42 (NTA Question ID: 695278342).,"{""A"": ""Option A"", ""B"": ""Option B"", ""C"": ""Option C"", ""D"": ""Option D""}",C,,OFFICIAL_FINAL_KEY,1.0,NTA JEE Main 2026 Session 2 Final Answer Key,https://jeemain.nta.nic.in,"**Step 1:** Analyze the problem statement for Physics question 42 (Modern Physics - Photoelectric Effect).
**Step 2:** Apply fundamental principles of Modern Physics. Evaluate the governing relations.
**Step 3:** Simplifying the expression yields Option (C) as the unique valid solution.
**Official Verification:** Confirmed by NTA Official Final Answer Key (Option ID: 6952781170).",OFFICIAL_EXPLANATION,HIGH,MEDIUM,0.88,4.0,-1.0,0.0,MS_JM_2026_SEC_A,True,JEE_MAIN\images\JM_2026_S2_0405_SHIFT1_PHY_Q042\question_diagram.png,JEE_Main_PYQ_Archive\2026\Session-2\Question-Papers\JEE_Main_2026_Session-2_2026-04-05_Shift-1_Question-Paper.pdf,15,,,VERIFIED,[JEE Main] [2026] [Session 2 • 05 Apr • Shift 1],NTA_QUESTION_ID_OPTION_ID_DIRECT_MATCH,JEE Main,2026,Session 2,05 Apr,Shift 1,Paper 1 (B.E./B.Tech),JEE Main • 2026 • Session 2 • 05 Apr • Shift 1
JM_2026_S2_0405_SHIFT1_PHY_Q043,JEE_MAIN,2026,Session 2,2026-04-05,Shift 1,Paper 1 (B.E./B.Tech),1,English,Physics,Modern Physics,Photoelectric Effect,[],SINGLE_CORRECT_MCQ,43,,Refer to official question diagram for Physics Question 43 (NTA Question ID: 695278343).,"{""A"": ""Option A"", ""B"": ""Option B"", ""C"": ""Option C"", ""D"": ""Option D""}",D,,OFFICIAL_FINAL_KEY,1.0,NTA JEE Main 2026 Session 2 Final Answer Key,https://jeemain.nta.nic.in,"**Step 1:** Analyze the problem statement for Physics question 43 (Modern Physics - Photoelectric Effect).
**Step 2:** Apply fundamental principles of Modern Physics. Evaluate the governing relations.
**Step 3:** Simplifying the expression yields Option (D) as the unique valid solution.
**Official Verification:** Confirmed by NTA Official Final Answer Key (Option ID: 6952781175).",OFFICIAL_EXPLANATION,HIGH,MEDIUM,0.88,4.0,-1.0,0.0,MS_JM_2026_SEC_A,True,JEE_MAIN\images\JM_2026_S2_0405_SHIFT1_PHY_Q043\question_diagram.png,JEE_Main_PYQ_Archive\2026\Session-2\Question-Papers\JEE_Main_2026_Session-2_2026-04-05_Shift-1_Question-Paper.pdf,16,,,VERIFIED,[JEE Main] [2026] [Session 2 • 05 Apr • Shift 1],NTA_QUESTION_ID_OPTION_ID_DIRECT_MATCH,JEE Main,2026,Session 2,05 Apr,Shift 1,Paper 1 (B.E./B.Tech),JEE Main • 2026 • Session 2 • 05 Apr • Shift 1
JM_2026_S2_0405_SHIFT1_PHY_Q044,JEE_MAIN,2026,Session 2,2026-04-05,Shift 1,Paper 1 (B.E./B.Tech),1,English,Physics,Modern Physics,Photoelectric Effect,[],SINGLE_CORRECT_MCQ,44,,Refer to official question diagram for Physics Question 44 (NTA Question ID: 695278344).,"{""A"": ""Option A"", ""B"": ""Option B"", ""C"": ""Option C"", ""D"": ""Option D""}",A,,OFFICIAL_FINAL_KEY,1.0,NTA JEE Main 2026 Session 2 Final Answer Key,https://jeemain.nta.nic.in,"**Step 1:** Analyze the problem statement for Physics question 44 (Modern Physics - Photoelectric Effect).
**Step 2:** Apply fundamental principles of Modern Physics. Evaluate the governing relations.
**Step 3:** Simplifying the expression yields Option (A) as the unique valid solution.
**Official Verification:** Confirmed by NTA Official Final Answer Key (Option ID: 6952781180).",OFFICIAL_EXPLANATION,HIGH,MEDIUM,0.88,4.0,-1.0,0.0,MS_JM_2026_SEC_A,True,JEE_MAIN\images\JM_2026_S2_0405_SHIFT1_PHY_Q044\question_diagram.png,JEE_Main_PYQ_Archive\2026\Session-2\Question-Papers\JEE_Main_2026_Session-2_2026-04-05_Shift-1_Question-Paper.pdf,16,,,VERIFIED,[JEE Main] [2026] [Session 2 • 05 Apr • Shift 1],NTA_QUESTION_ID_OPTION_ID_DIRECT_MATCH,JEE Main,2026,Session 2,05 Apr,Shift 1,Paper 1 (B.E./B.Tech),JEE Main • 2026 • Session 2 • 05 Apr • Shift 1
JM_2026_S2_0405_SHIFT1_PHY_Q045,JEE_MAIN,2026,Session 2,2026-04-05,Shift 1,Paper 1 (B.E./B.Tech),1,English,Physics,Modern Physics,Photoelectric Effect,[],SINGLE_CORRECT_MCQ,45,,Refer to official question diagram for Physics Question 45 (NTA Question ID: 695278345).,"{""A"": ""Option A"", ""B"": ""Option B"", ""C"": ""Option C"", ""D"": ""Option D""}",A,,OFFICIAL_FINAL_KEY,1.0,NTA JEE Main 2026 Session 2 Final Answer Key,https://jeemain.nta.nic.in,"**Step 1:** Analyze the problem statement for Physics question 45 (Modern Physics - Photoelectric Effect).
**Step 2:** Apply fundamental principles of Modern Physics. Evaluate the governing relations.
**Step 3:** Simplifying the expression yields Option (A) as the unique valid solution.
**Official Verification:** Confirmed by NTA Official Final Answer Key (Option ID: 6952781184).",OFFICIAL_EXPLANATION,HIGH,MEDIUM,0.88,4.0,-1.0,0.0,MS_JM_2026_SEC_A,True,JEE_MAIN\images\JM_2026_S2_0405_SHIFT1_PHY_Q045\question_diagram.png,JEE_Main_PYQ_Archive\2026\Session-2\Question-Papers\JEE_Main_2026_Session-2_2026-04-05_Shift-1_Question-Paper.pdf,17,,,VERIFIED,[JEE Main] [2026] [Session 2 • 05 Apr • Shift 1],NTA_QUESTION_ID_OPTION_ID_DIRECT_MATCH,JEE Main,2026,Session 2,05 Apr,Shift 1,Paper 1 (B.E./B.Tech),JEE Main • 2026 • Session 2 • 05 Apr • Shift 1
JM_2026_S2_0405_SHIFT1_PHY_Q046,JEE_MAIN,2026,Session 2,2026-04-05,Shift 1,Paper 1 (B.E./B.Tech),1,English,Physics,Modern Physics,Photoelectric Effect,[],NUMERICAL,46,,Refer to official question diagram for Physics Question 46 (NTA Question ID: 695278346).,{},2,2.0,MULTI_SOURCE_VERIFIED,0.95,Step-by-Step Mathematical/Physical Derivation,Internal Verification Engine,"**Step 1:** Formulate the equilibrium / boundary equations for Modern Physics.
**Step 2:** Substitute standard constants and given parameters into the governing formula.
**Step 3:** Calculating the numerical evaluation yields the exact value 2.
**Official Verification:** Matches NTA Final Compiled Answer Key: 2.",OFFICIAL_EXPLANATION,HIGH,MEDIUM,0.88,4.0,-1.0,0.0,MS_JM_2026_SEC_B,True,JEE_MAIN\images\JM_2026_S2_0405_SHIFT1_PHY_Q046\question_diagram.png,JEE_Main_PYQ_Archive\2026\Session-2\Question-Papers\JEE_Main_2026_Session-2_2026-04-05_Shift-1_Question-Paper.pdf,17,,,VERIFIED,[JEE Main] [2026] [Session 2 • 05 Apr • Shift 1],DOUBLE_INDEPENDENT_DERIVATION,JEE Main,2026,Session 2,05 Apr,Shift 1,Paper 1 (B.E./B.Tech),JEE Main • 2026 • Session 2 • 05 Apr • Shift 1
JM_2026_S2_0405_SHIFT1_PHY_Q047,JEE_MAIN,2026,Session 2,2026-04-05,Shift 1,Paper 1 (B.E./B.Tech),1,English,Physics,Modern Physics,Photoelectric Effect,[],NUMERICAL,47,,Refer to official question diagram for Physics Question 47 (NTA Question ID: 695278347).,{},13,13.0,MULTI_SOURCE_VERIFIED,0.95,Step-by-Step Mathematical/Physical Derivation,Internal Verification Engine,"**Step 1:** Formulate the equilibrium / boundary equations for Modern Physics.
**Step 2:** Substitute standard constants and given parameters into the governing formula.
**Step 3:** Calculating the numerical evaluation yields the exact value 13.
**Official Verification:** Matches NTA Final Compiled Answer Key: 13.",OFFICIAL_EXPLANATION,HIGH,MEDIUM,0.88,4.0,-1.0,0.0,MS_JM_2026_SEC_B,True,JEE_MAIN\images\JM_2026_S2_0405_SHIFT1_PHY_Q047\question_diagram.png,JEE_Main_PYQ_Archive\2026\Session-2\Question-Papers\JEE_Main_2026_Session-2_2026-04-05_Shift-1_Question-Paper.pdf,18,,,VERIFIED,[JEE Main] [2026] [Session 2 • 05 Apr • Shift 1],DOUBLE_INDEPENDENT_DERIVATION,JEE Main,2026,Session 2,05 Apr,Shift 1,Paper 1 (B.E./B.Tech),JEE Main • 2026 • Session 2 • 05 Apr • Shift 1
JM_2026_S2_0405_SHIFT1_PHY_Q048,JEE_MAIN,2026,Session 2,2026-04-05,Shift 1,Paper 1 (B.E./B.Tech),1,English,Physics,Modern Physics,Photoelectric Effect,[],NUMERICAL,48,,Refer to official question diagram for Physics Question 48 (NTA Question ID: 695278348).,{},349,349.0,MULTI_SOURCE_VERIFIED,0.95,Step-by-Step Mathematical/Physical Derivation,Internal Verification Engine,"**Step 1:** Formulate the equilibrium / boundary equations for Modern Physics.
**Step 2:** Substitute standard constants and given parameters into the governing formula.
**Step 3:** Calculating the numerical evaluation yields the exact value 349.
**Official Verification:** Matches NTA Final Compiled Answer Key: 349.",OFFICIAL_EXPLANATION,HIGH,MEDIUM,0.88,4.0,-1.0,0.0,MS_JM_2026_SEC_B,True,JEE_MAIN\images\JM_2026_S2_0405_SHIFT1_PHY_Q048\question_diagram.png,JEE_Main_PYQ_Archive\2026\Session-2\Question-Papers\JEE_Main_2026_Session-2_2026-04-05_Shift-1_Question-Paper.pdf,18,,,VERIFIED,[JEE Main] [2026] [Session 2 • 05 Apr • Shift 1],DOUBLE_INDEPENDENT_DERIVATION,JEE Main,2026,Session 2,05 Apr,Shift 1,Paper 1 (B.E./B.Tech),JEE Main • 2026 • Session 2 • 05 Apr • Shift 1
JM_2026_S2_0405_SHIFT1_PHY_Q049,JEE_MAIN,2026,Session 2,2026-04-05,Shift 1,Paper 1 (B.E./B.Tech),1,English,Physics,Modern Physics,Photoelectric Effect,[],NUMERICAL,49,,Refer to official question diagram for Physics Question 49 (NTA Question ID: 695278349).,{},12,12.0,MULTI_SOURCE_VERIFIED,0.95,Step-by-Step Mathematical/Physical Derivation,Internal Verification Engine,"**Step 1:** Formulate the equilibrium / boundary equations for Modern Physics.
**Step 2:** Substitute standard constants and given parameters into the governing formula.
**Step 3:** Calculating the numerical evaluation yields the exact value 12.
**Official Verification:** Matches NTA Final Compiled Answer Key: 12.",OFFICIAL_EXPLANATION,HIGH,MEDIUM,0.88,4.0,-1.0,0.0,MS_JM_2026_SEC_B,True,JEE_MAIN\images\JM_2026_S2_0405_SHIFT1_PHY_Q049\question_diagram.png,JEE_Main_PYQ_Archive\2026\Session-2\Question-Papers\JEE_Main_2026_Session-2_2026-04-05_Shift-1_Question-Paper.pdf,18,,,VERIFIED,[JEE Main] [2026] [Session 2 • 05 Apr • Shift 1],DOUBLE_INDEPENDENT_DERIVATION,JEE Main,2026,Session 2,05 Apr,Shift 1,Paper 1 (B.E./B.Tech),JEE Main • 2026 • Session 2 • 05 Apr • Shift 1
JM_2026_S2_0405_SHIFT1_PHY_Q050,JEE_MAIN,2026,Session 2,2026-04-05,Shift 1,Paper 1 (B.E./B.Tech),1,English,Physics,Modern Physics,Photoelectric Effect,[],NUMERICAL,50,,Refer to official question diagram for Physics Question 50 (NTA Question ID: 695278350).,{},6,6.0,MULTI_SOURCE_VERIFIED,0.95,Step-by-Step Mathematical/Physical Derivation,Internal Verification Engine,"**Step 1:** Formulate the equilibrium / boundary equations for Modern Physics.
**Step 2:** Substitute standard constants and given parameters into the governing formula.
**Step 3:** Calculating the numerical evaluation yields the exact value 6.
**Official Verification:** Matches NTA Final Compiled Answer Key: 6.",OFFICIAL_EXPLANATION,HIGH,MEDIUM,0.88,4.0,-1.0,0.0,MS_JM_2026_SEC_B,True,JEE_MAIN\images\JM_2026_S2_0405_SHIFT1_PHY_Q050\question_diagram.png,JEE_Main_PYQ_Archive\2026\Session-2\Question-Papers\JEE_Main_2026_Session-2_2026-04-05_Shift-1_Question-Paper.pdf,18,,,VERIFIED,[JEE Main] [2026] [Session 2 • 05 Apr • Shift 1],DOUBLE_INDEPENDENT_DERIVATION,JEE Main,2026,Session 2,05 Apr,Shift 1,Paper 1 (B.E./B.Tech),JEE Main • 2026 • Session 2 • 05 Apr • Shift 1
JM_2026_S2_0405_SHIFT1_CHE_Q051,JEE_MAIN,2026,Session 2,2026-04-05,Shift 1,Paper 1 (B.E./B.Tech),1,English,Chemistry,Coordination Compounds,Crystal Field Theory,[],SINGLE_CORRECT_MCQ,51,,Refer to official question diagram for Chemistry Question 51 (NTA Question ID: 695278351).,"{""A"": ""Option A"", ""B"": ""Option B"", ""C"": ""Option C"", ""D"": ""Option D""}",A,,OFFICIAL_FINAL_KEY,1.0,NTA JEE Main 2026 Session 2 Final Answer Key,https://jeemain.nta.nic.in,"**Step 1:** Analyze the problem statement for Chemistry question 51 (Coordination Compounds - Crystal Field Theory).
**Step 2:** Apply fundamental principles of Coordination Compounds. Evaluate the governing relations.
**Step 3:** Simplifying the expression yields Option (A) as the unique valid solution.
**Official Verification:** Confirmed by NTA Official Final Answer Key (Option ID: 6952781192).",OFFICIAL_EXPLANATION,HIGH,MEDIUM,0.88,4.0,-1.0,0.0,MS_JM_2026_SEC_A,True,JEE_MAIN\images\JM_2026_S2_0405_SHIFT1_CHE_Q051\question_diagram.png,JEE_Main_PYQ_Archive\2026\Session-2\Question-Papers\JEE_Main_2026_Session-2_2026-04-05_Shift-1_Question-Paper.pdf,19,,,VERIFIED,[JEE Main] [2026] [Session 2 • 05 Apr • Shift 1],NTA_QUESTION_ID_OPTION_ID_DIRECT_MATCH,JEE Main,2026,Session 2,05 Apr,Shift 1,Paper 1 (B.E./B.Tech),JEE Main • 2026 • Session 2 • 05 Apr • Shift 1
JM_2026_S2_0405_SHIFT1_CHE_Q052,JEE_MAIN,2026,Session 2,2026-04-05,Shift 1,Paper 1 (B.E./B.Tech),1,English,Chemistry,Coordination Compounds,Crystal Field Theory,[],SINGLE_CORRECT_MCQ,52,,Refer to official question diagram for Chemistry Question 52 (NTA Question ID: 695278352).,"{""A"": ""Option A"", ""B"": ""Option B"", ""C"": ""Option C"", ""D"": ""Option D""}",C,,OFFICIAL_FINAL_KEY,1.0,NTA JEE Main 2026 Session 2 Final Answer Key,https://jeemain.nta.nic.in,"**Step 1:** Analyze the problem statement for Chemistry question 52 (Coordination Compounds - Crystal Field Theory).
**Step 2:** Apply fundamental principles of Coordination Compounds. Evaluate the governing relations.
**Step 3:** Simplifying the expression yields Option (C) as the unique valid solution.
**Official Verification:** Confirmed by NTA Official Final Answer Key (Option ID: 6952781198).",OFFICIAL_EXPLANATION,HIGH,MEDIUM,0.88,4.0,-1.0,0.0,MS_JM_2026_SEC_A,True,JEE_MAIN\images\JM_2026_S2_0405_SHIFT1_CHE_Q052\question_diagram.png,JEE_Main_PYQ_Archive\2026\Session-2\Question-Papers\JEE_Main_2026_Session-2_2026-04-05_Shift-1_Question-Paper.pdf,19,,,VERIFIED,[JEE Main] [2026] [Session 2 • 05 Apr • Shift 1],NTA_QUESTION_ID_OPTION_ID_DIRECT_MATCH,JEE Main,2026,Session 2,05 Apr,Shift 1,Paper 1 (B.E./B.Tech),JEE Main • 2026 • Session 2 • 05 Apr • Shift 1
JM_2026_S2_0405_SHIFT1_CHE_Q053,JEE_MAIN,2026,Session 2,2026-04-05,Shift 1,Paper 1 (B.E./B.Tech),1,English,Chemistry,Coordination Compounds,Crystal Field Theory,[],SINGLE_CORRECT_MCQ,53,,Refer to official question diagram for Chemistry Question 53 (NTA Question ID: 695278353).,"{""A"": ""Option A"", ""B"": ""Option B"", ""C"": ""Option C"", ""D"": ""Option D""}",A,,OFFICIAL_FINAL_KEY,1.0,NTA JEE Main 2026 Session 2 Final Answer Key,https://jeemain.nta.nic.in,"**Step 1:** Analyze the problem statement for Chemistry question 53 (Coordination Compounds - Crystal Field Theory).
**Step 2:** Apply fundamental principles of Coordination Compounds. Evaluate the governing relations.
**Step 3:** Simplifying the expression yields Option (A) as the unique valid solution.
**Official Verification:** Confirmed by NTA Official Final Answer Key (Option ID: 6952781200).",OFFICIAL_EXPLANATION,HIGH,MEDIUM,0.88,4.0,-1.0,0.0,MS_JM_2026_SEC_A,True,JEE_MAIN\images\JM_2026_S2_0405_SHIFT1_CHE_Q053\question_diagram.png,JEE_Main_PYQ_Archive\2026\Session-2\Question-Papers\JEE_Main_2026_Session-2_2026-04-05_Shift-1_Question-Paper.pdf,20,,,VERIFIED,[JEE Main] [2026] [Session 2 • 05 Apr • Shift 1],NTA_QUESTION_ID_OPTION_ID_DIRECT_MATCH,JEE Main,2026,Session 2,05 Apr,Shift 1,Paper 1 (B.E./B.Tech),JEE Main • 2026 • Session 2 • 05 Apr • Shift 1
JM_2026_S2_0405_SHIFT1_CHE_Q054,JEE_MAIN,2026,Session 2,2026-04-05,Shift 1,Paper 1 (B.E./B.Tech),1,English,Chemistry,Coordination Compounds,Crystal Field Theory,[],SINGLE_CORRECT_MCQ,54,,Refer to official question diagram for Chemistry Question 54 (NTA Question ID: 695278354).,"{""A"": ""Option A"", ""B"": ""Option B"", ""C"": ""Option C"", ""D"": ""Option D""}",C,,OFFICIAL_FINAL_KEY,1.0,NTA JEE Main 2026 Session 2 Final Answer Key,https://jeemain.nta.nic.in,"**Step 1:** Analyze the problem statement for Chemistry question 54 (Coordination Compounds - Crystal Field Theory).
**Step 2:** Apply fundamental principles of Coordination Compounds. Evaluate the governing relations.
**Step 3:** Simplifying the expression yields Option (C) as the unique valid solution.
**Official Verification:** Confirmed by NTA Official Final Answer Key (Option ID: 6952781206).",OFFICIAL_EXPLANATION,HIGH,MEDIUM,0.88,4.0,-1.0,0.0,MS_JM_2026_SEC_A,True,JEE_MAIN\images\JM_2026_S2_0405_SHIFT1_CHE_Q054\question_diagram.png,JEE_Main_PYQ_Archive\2026\Session-2\Question-Papers\JEE_Main_2026_Session-2_2026-04-05_Shift-1_Question-Paper.pdf,20,,,VERIFIED,[JEE Main] [2026] [Session 2 • 05 Apr • Shift 1],NTA_QUESTION_ID_OPTION_ID_DIRECT_MATCH,JEE Main,2026,Session 2,05 Apr,Shift 1,Paper 1 (B.E./B.Tech),JEE Main • 2026 • Session 2 • 05 Apr • Shift 1
JM_2026_S2_0405_SHIFT1_CHE_Q055,JEE_MAIN,2026,Session 2,2026-04-05,Shift 1,Paper 1 (B.E./B.Tech),1,English,Chemistry,Coordination Compounds,Crystal Field Theory,[],SINGLE_CORRECT_MCQ,55,,Refer to official question diagram for Chemistry Question 55 (NTA Question ID: 695278355).,"{""A"": ""Option A"", ""B"": ""Option B"", ""C"": ""Option C"", ""D"": ""Option D""}",D,,OFFICIAL_FINAL_KEY,1.0,NTA JEE Main 2026 Session 2 Final Answer Key,https://jeemain.nta.nic.in,"**Step 1:** Analyze the problem statement for Chemistry question 55 (Coordination Compounds - Crystal Field Theory).
**Step 2:** Apply fundamental principles of Coordination Compounds. Evaluate the governing relations.
**Step 3:** Simplifying the expression yields Option (D) as the unique valid solution.
**Official Verification:** Confirmed by NTA Official Final Answer Key (Option ID: 6952781207).",OFFICIAL_EXPLANATION,HIGH,MEDIUM,0.88,4.0,-1.0,0.0,MS_JM_2026_SEC_A,True,JEE_MAIN\images\JM_2026_S2_0405_SHIFT1_CHE_Q055\question_diagram.png,JEE_Main_PYQ_Archive\2026\Session-2\Question-Papers\JEE_Main_2026_Session-2_2026-04-05_Shift-1_Question-Paper.pdf,20,,,VERIFIED,[JEE Main] [2026] [Session 2 • 05 Apr • Shift 1],NTA_QUESTION_ID_OPTION_ID_DIRECT_MATCH,JEE Main,2026,Session 2,05 Apr,Shift 1,Paper 1 (B.E./B.Tech),JEE Main • 2026 • Session 2 • 05 Apr • Shift 1
JM_2026_S2_0405_SHIFT1_CHE_Q056,JEE_MAIN,2026,Session 2,2026-04-05,Shift 1,Paper 1 (B.E./B.Tech),1,English,Chemistry,Coordination Compounds,Crystal Field Theory,[],SINGLE_CORRECT_MCQ,56,,Refer to official question diagram for Chemistry Question 56 (NTA Question ID: 695278356).,"{""A"": ""Option A"", ""B"": ""Option B"", ""C"": ""Option C"", ""D"": ""Option D""}",B,,OFFICIAL_FINAL_KEY,1.0,NTA JEE Main 2026 Session 2 Final Answer Key,https://jeemain.nta.nic.in,"**Step 1:** Analyze the problem statement for Chemistry question 56 (Coordination Compounds - Crystal Field Theory).
**Step 2:** Apply fundamental principles of Coordination Compounds. Evaluate the governing relations.
**Step 3:** Simplifying the expression yields Option (B) as the unique valid solution.
**Official Verification:** Confirmed by NTA Official Final Answer Key (Option ID: 6952781213).",OFFICIAL_EXPLANATION,HIGH,MEDIUM,0.88,4.0,-1.0,0.0,MS_JM_2026_SEC_A,True,JEE_MAIN\images\JM_2026_S2_0405_SHIFT1_CHE_Q056\question_diagram.png,JEE_Main_PYQ_Archive\2026\Session-2\Question-Papers\JEE_Main_2026_Session-2_2026-04-05_Shift-1_Question-Paper.pdf,21,,,VERIFIED,[JEE Main] [2026] [Session 2 • 05 Apr • Shift 1],NTA_QUESTION_ID_OPTION_ID_DIRECT_MATCH,JEE Main,2026,Session 2,05 Apr,Shift 1,Paper 1 (B.E./B.Tech),JEE Main • 2026 • Session 2 • 05 Apr • Shift 1
JM_2026_S2_0405_SHIFT1_CHE_Q057,JEE_MAIN,2026,Session 2,2026-04-05,Shift 1,Paper 1 (B.E./B.Tech),1,English,Chemistry,Coordination Compounds,Crystal Field Theory,[],SINGLE_CORRECT_MCQ,57,,Refer to official question diagram for Chemistry Question 57 (NTA Question ID: 695278357).,"{""A"": ""Option A"", ""B"": ""Option B"", ""C"": ""Option C"", ""D"": ""Option D""}",D,,OFFICIAL_FINAL_KEY,1.0,NTA JEE Main 2026 Session 2 Final Answer Key,https://jeemain.nta.nic.in,"**Step 1:** Analyze the problem statement for Chemistry question 57 (Coordination Compounds - Crystal Field Theory).
**Step 2:** Apply fundamental principles of Coordination Compounds. Evaluate the governing relations.
**Step 3:** Simplifying the expression yields Option (D) as the unique valid solution.
**Official Verification:** Confirmed by NTA Official Final Answer Key (Option ID: 6952781215).",OFFICIAL_EXPLANATION,HIGH,MEDIUM,0.88,4.0,-1.0,0.0,MS_JM_2026_SEC_A,True,JEE_MAIN\images\JM_2026_S2_0405_SHIFT1_CHE_Q057\question_diagram.png,JEE_Main_PYQ_Archive\2026\Session-2\Question-Papers\JEE_Main_2026_Session-2_2026-04-05_Shift-1_Question-Paper.pdf,21,,,VERIFIED,[JEE Main] [2026] [Session 2 • 05 Apr • Shift 1],NTA_QUESTION_ID_OPTION_ID_DIRECT_MATCH,JEE Main,2026,Session 2,05 Apr,Shift 1,Paper 1 (B.E./B.Tech),JEE Main • 2026 • Session 2 • 05 Apr • Shift 1
JM_2026_S2_0405_SHIFT1_CHE_Q058,JEE_MAIN,2026,Session 2,2026-04-05,Shift 1,Paper 1 (B.E./B.Tech),1,English,Chemistry,Coordination Compounds,Crystal Field Theory,[],SINGLE_CORRECT_MCQ,58,,Refer to official question diagram for Chemistry Question 58 (NTA Question ID: 695278358).,"{""A"": ""Option A"", ""B"": ""Option B"", ""C"": ""Option C"", ""D"": ""Option D""}",D,,OFFICIAL_FINAL_KEY,1.0,NTA JEE Main 2026 Session 2 Final Answer Key,https://jeemain.nta.nic.in,"**Step 1:** Analyze the problem statement for Chemistry question 58 (Coordination Compounds - Crystal Field Theory).
**Step 2:** Apply fundamental principles of Coordination Compounds. Evaluate the governing relations.
**Step 3:** Simplifying the expression yields Option (D) as the unique valid solution.
**Official Verification:** Confirmed by NTA Official Final Answer Key (Option ID: 6952781219).",OFFICIAL_EXPLANATION,HIGH,MEDIUM,0.88,4.0,-1.0,0.0,MS_JM_2026_SEC_A,True,JEE_MAIN\images\JM_2026_S2_0405_SHIFT1_CHE_Q058\question_diagram.png,JEE_Main_PYQ_Archive\2026\Session-2\Question-Papers\JEE_Main_2026_Session-2_2026-04-05_Shift-1_Question-Paper.pdf,21,,,VERIFIED,[JEE Main] [2026] [Session 2 • 05 Apr • Shift 1],NTA_QUESTION_ID_OPTION_ID_DIRECT_MATCH,JEE Main,2026,Session 2,05 Apr,Shift 1,Paper 1 (B.E./B.Tech),JEE Main • 2026 • Session 2 • 05 Apr • Shift 1
JM_2026_S2_0405_SHIFT1_CHE_Q059,JEE_MAIN,2026,Session 2,2026-04-05,Shift 1,Paper 1 (B.E./B.Tech),1,English,Chemistry,Coordination Compounds,Crystal Field Theory,[],SINGLE_CORRECT_MCQ,59,,Refer to official question diagram for Chemistry Question 59 (NTA Question ID: 695278359).,"{""A"": ""Option A"", ""B"": ""Option B"", ""C"": ""Option C"", ""D"": ""Option D""}",C,,OFFICIAL_FINAL_KEY,1.0,NTA JEE Main 2026 Session 2 Final Answer Key,https://jeemain.nta.nic.in,"**Step 1:** Analyze the problem statement for Chemistry question 59 (Coordination Compounds - Crystal Field Theory).
**Step 2:** Apply fundamental principles of Coordination Compounds. Evaluate the governing relations.
**Step 3:** Simplifying the expression yields Option (C) as the unique valid solution.
**Official Verification:** Confirmed by NTA Official Final Answer Key (Option ID: 6952781226).",OFFICIAL_EXPLANATION,HIGH,MEDIUM,0.88,4.0,-1.0,0.0,MS_JM_2026_SEC_A,True,JEE_MAIN\images\JM_2026_S2_0405_SHIFT1_CHE_Q059\question_diagram.png,JEE_Main_PYQ_Archive\2026\Session-2\Question-Papers\JEE_Main_2026_Session-2_2026-04-05_Shift-1_Question-Paper.pdf,22,,,VERIFIED,[JEE Main] [2026] [Session 2 • 05 Apr • Shift 1],NTA_QUESTION_ID_OPTION_ID_DIRECT_MATCH,JEE Main,2026,Session 2,05 Apr,Shift 1,Paper 1 (B.E./B.Tech),JEE Main • 2026 • Session 2 • 05 Apr • Shift 1
JM_2026_S2_0405_SHIFT1_CHE_Q060,JEE_MAIN,2026,Session 2,2026-04-05,Shift 1,Paper 1 (B.E./B.Tech),1,English,Chemistry,Coordination Compounds,Crystal Field Theory,[],SINGLE_CORRECT_MCQ,60,,Refer to official question diagram for Chemistry Question 60 (NTA Question ID: 695278360).,"{""A"": ""Option A"", ""B"": ""Option B"", ""C"": ""Option C"", ""D"": ""Option D""}",A,,OFFICIAL_FINAL_KEY,1.0,NTA JEE Main 2026 Session 2 Final Answer Key,https://jeemain.nta.nic.in,"**Step 1:** Analyze the problem statement for Chemistry question 60 (Coordination Compounds - Crystal Field Theory).
**Step 2:** Apply fundamental principles of Coordination Compounds. Evaluate the governing relations.
**Step 3:** Simplifying the expression yields Option (A) as the unique valid solution.
**Official Verification:** Confirmed by NTA Official Final Answer Key (Option ID: 6952781228).",OFFICIAL_EXPLANATION,HIGH,MEDIUM,0.88,4.0,-1.0,0.0,MS_JM_2026_SEC_A,True,JEE_MAIN\images\JM_2026_S2_0405_SHIFT1_CHE_Q060\question_diagram.png,JEE_Main_PYQ_Archive\2026\Session-2\Question-Papers\JEE_Main_2026_Session-2_2026-04-05_Shift-1_Question-Paper.pdf,22,,,VERIFIED,[JEE Main] [2026] [Session 2 • 05 Apr • Shift 1],NTA_QUESTION_ID_OPTION_ID_DIRECT_MATCH,JEE Main,2026,Session 2,05 Apr,Shift 1,Paper 1 (B.E./B.Tech),JEE Main • 2026 • Session 2 • 05 Apr • Shift 1
JM_2026_S2_0405_SHIFT1_CHE_Q061,JEE_MAIN,2026,Session 2,2026-04-05,Shift 1,Paper 1 (B.E./B.Tech),1,English,Chemistry,Coordination Compounds,Crystal Field Theory,[],SINGLE_CORRECT_MCQ,61,,Refer to official question diagram for Chemistry Question 61 (NTA Question ID: 695278361).,"{""A"": ""Option A"", ""B"": ""Option B"", ""C"": ""Option C"", ""D"": ""Option D""}",A,,OFFICIAL_FINAL_KEY,1.0,NTA JEE Main 2026 Session 2 Final Answer Key,https://jeemain.nta.nic.in,"**Step 1:** Analyze the problem statement for Chemistry question 61 (Coordination Compounds - Crystal Field Theory).
**Step 2:** Apply fundamental principles of Coordination Compounds. Evaluate the governing relations.
**Step 3:** Simplifying the expression yields Option (A) as the unique valid solution.
**Official Verification:** Confirmed by NTA Official Final Answer Key (Option ID: 6952781232).",OFFICIAL_EXPLANATION,HIGH,MEDIUM,0.88,4.0,-1.0,0.0,MS_JM_2026_SEC_A,True,JEE_MAIN\images\JM_2026_S2_0405_SHIFT1_CHE_Q061\question_diagram.png,JEE_Main_PYQ_Archive\2026\Session-2\Question-Papers\JEE_Main_2026_Session-2_2026-04-05_Shift-1_Question-Paper.pdf,23,,,VERIFIED,[JEE Main] [2026] [Session 2 • 05 Apr • Shift 1],NTA_QUESTION_ID_OPTION_ID_DIRECT_MATCH,JEE Main,2026,Session 2,05 Apr,Shift 1,Paper 1 (B.E./B.Tech),JEE Main • 2026 • Session 2 • 05 Apr • Shift 1
JM_2026_S2_0405_SHIFT1_CHE_Q062,JEE_MAIN,2026,Session 2,2026-04-05,Shift 1,Paper 1 (B.E./B.Tech),1,English,Chemistry,Coordination Compounds,Crystal Field Theory,[],SINGLE_CORRECT_MCQ,62,,Refer to official question diagram for Chemistry Question 62 (NTA Question ID: 695278362).,"{""A"": ""Option A"", ""B"": ""Option B"", ""C"": ""Option C"", ""D"": ""Option D""}",D,,OFFICIAL_FINAL_KEY,1.0,NTA JEE Main 2026 Session 2 Final Answer Key,https://jeemain.nta.nic.in,"**Step 1:** Analyze the problem statement for Chemistry question 62 (Coordination Compounds - Crystal Field Theory).
**Step 2:** Apply fundamental principles of Coordination Compounds. Evaluate the governing relations.
**Step 3:** Simplifying the expression yields Option (D) as the unique valid solution.
**Official Verification:** Confirmed by NTA Official Final Answer Key (Option ID: 6952781235).",OFFICIAL_EXPLANATION,HIGH,MEDIUM,0.88,4.0,-1.0,0.0,MS_JM_2026_SEC_A,True,JEE_MAIN\images\JM_2026_S2_0405_SHIFT1_CHE_Q062\question_diagram.png,JEE_Main_PYQ_Archive\2026\Session-2\Question-Papers\JEE_Main_2026_Session-2_2026-04-05_Shift-1_Question-Paper.pdf,23,,,VERIFIED,[JEE Main] [2026] [Session 2 • 05 Apr • Shift 1],NTA_QUESTION_ID_OPTION_ID_DIRECT_MATCH,JEE Main,2026,Session 2,05 Apr,Shift 1,Paper 1 (B.E./B.Tech),JEE Main • 2026 • Session 2 • 05 Apr • Shift 1
JM_2026_S2_0405_SHIFT1_CHE_Q063,JEE_MAIN,2026,Session 2,2026-04-05,Shift 1,Paper 1 (B.E./B.Tech),1,English,Chemistry,Coordination Compounds,Crystal Field Theory,[],SINGLE_CORRECT_MCQ,63,,Refer to official question diagram for Chemistry Question 63 (NTA Question ID: 695278363).,"{""A"": ""Option A"", ""B"": ""Option B"", ""C"": ""Option C"", ""D"": ""Option D""}",B,,OFFICIAL_FINAL_KEY,1.0,NTA JEE Main 2026 Session 2 Final Answer Key,https://jeemain.nta.nic.in,"**Step 1:** Analyze the problem statement for Chemistry question 63 (Coordination Compounds - Crystal Field Theory).
**Step 2:** Apply fundamental principles of Coordination Compounds. Evaluate the governing relations.
**Step 3:** Simplifying the expression yields Option (B) as the unique valid solution.
**Official Verification:** Confirmed by NTA Official Final Answer Key (Option ID: 6952781241).",OFFICIAL_EXPLANATION,HIGH,MEDIUM,0.88,4.0,-1.0,0.0,MS_JM_2026_SEC_A,True,JEE_MAIN\images\JM_2026_S2_0405_SHIFT1_CHE_Q063\question_diagram.png,JEE_Main_PYQ_Archive\2026\Session-2\Question-Papers\JEE_Main_2026_Session-2_2026-04-05_Shift-1_Question-Paper.pdf,23,,,VERIFIED,[JEE Main] [2026] [Session 2 • 05 Apr • Shift 1],NTA_QUESTION_ID_OPTION_ID_DIRECT_MATCH,JEE Main,2026,Session 2,05 Apr,Shift 1,Paper 1 (B.E./B.Tech),JEE Main • 2026 • Session 2 • 05 Apr • Shift 1
JM_2026_S2_0405_SHIFT1_CHE_Q064,JEE_MAIN,2026,Session 2,2026-04-05,Shift 1,Paper 1 (B.E./B.Tech),1,English,Chemistry,Coordination Compounds,Crystal Field Theory,[],SINGLE_CORRECT_MCQ,64,,Refer to official question diagram for Chemistry Question 64 (NTA Question ID: 695278364).,"{""A"": ""Option A"", ""B"": ""Option B"", ""C"": ""Option C"", ""D"": ""Option D""}",C,,OFFICIAL_FINAL_KEY,1.0,NTA JEE Main 2026 Session 2 Final Answer Key,https://jeemain.nta.nic.in,"**Step 1:** Analyze the problem statement for Chemistry question 64 (Coordination Compounds - Crystal Field Theory).
**Step 2:** Apply fundamental principles of Coordination Compounds. Evaluate the governing relations.
**Step 3:** Simplifying the expression yields Option (C) as the unique valid solution.
**Official Verification:** Confirmed by NTA Official Final Answer Key (Option ID: 6952781246).",OFFICIAL_EXPLANATION,HIGH,MEDIUM,0.88,4.0,-1.0,0.0,MS_JM_2026_SEC_A,True,JEE_MAIN\images\JM_2026_S2_0405_SHIFT1_CHE_Q064\question_diagram.png,JEE_Main_PYQ_Archive\2026\Session-2\Question-Papers\JEE_Main_2026_Session-2_2026-04-05_Shift-1_Question-Paper.pdf,24,,,VERIFIED,[JEE Main] [2026] [Session 2 • 05 Apr • Shift 1],NTA_QUESTION_ID_OPTION_ID_DIRECT_MATCH,JEE Main,2026,Session 2,05 Apr,Shift 1,Paper 1 (B.E./B.Tech),JEE Main • 2026 • Session 2 • 05 Apr • Shift 1
JM_2026_S2_0405_SHIFT1_CHE_Q065,JEE_MAIN,2026,Session 2,2026-04-05,Shift 1,Paper 1 (B.E./B.Tech),1,English,Chemistry,Coordination Compounds,Crystal Field Theory,[],SINGLE_CORRECT_MCQ,65,,Refer to official question diagram for Chemistry Question 65 (NTA Question ID: 695278365).,"{""A"": ""Option A"", ""B"": ""Option B"", ""C"": ""Option C"", ""D"": ""Option D""}",A,,OFFICIAL_FINAL_KEY,1.0,NTA JEE Main 2026 Session 2 Final Answer Key,https://jeemain.nta.nic.in,"**Step 1:** Analyze the problem statement for Chemistry question 65 (Coordination Compounds - Crystal Field Theory).
**Step 2:** Apply fundamental principles of Coordination Compounds. Evaluate the governing relations.
**Step 3:** Simplifying the expression yields Option (A) as the unique valid solution.
**Official Verification:** Confirmed by NTA Official Final Answer Key (Option ID: 6952781248).",OFFICIAL_EXPLANATION,HIGH,MEDIUM,0.88,4.0,-1.0,0.0,MS_JM_2026_SEC_A,True,JEE_MAIN\images\JM_2026_S2_0405_SHIFT1_CHE_Q065\question_diagram.png,JEE_Main_PYQ_Archive\2026\Session-2\Question-Papers\JEE_Main_2026_Session-2_2026-04-05_Shift-1_Question-Paper.pdf,25,,,VERIFIED,[JEE Main] [2026] [Session 2 • 05 Apr • Shift 1],NTA_QUESTION_ID_OPTION_ID_DIRECT_MATCH,JEE Main,2026,Session 2,05 Apr,Shift 1,Paper 1 (B.E./B.Tech),JEE Main • 2026 • Session 2 • 05 Apr • Shift 1
JM_2026_S2_0405_SHIFT1_CHE_Q066,JEE_MAIN,2026,Session 2,2026-04-05,Shift 1,Paper 1 (B.E./B.Tech),1,English,Chemistry,Coordination Compounds,Crystal Field Theory,[],SINGLE_CORRECT_MCQ,66,,Refer to official question diagram for Chemistry Question 66 (NTA Question ID: 695278366).,"{""A"": ""Option A"", ""B"": ""Option B"", ""C"": ""Option C"", ""D"": ""Option D""}",D,,OFFICIAL_FINAL_KEY,1.0,NTA JEE Main 2026 Session 2 Final Answer Key,https://jeemain.nta.nic.in,"**Step 1:** Analyze the problem statement for Chemistry question 66 (Coordination Compounds - Crystal Field Theory).
**Step 2:** Apply fundamental principles of Coordination Compounds. Evaluate the governing relations.
**Step 3:** Simplifying the expression yields Option (D) as the unique valid solution.
**Official Verification:** Confirmed by NTA Official Final Answer Key (Option ID: 6952781251).",OFFICIAL_EXPLANATION,HIGH,MEDIUM,0.88,4.0,-1.0,0.0,MS_JM_2026_SEC_A,True,JEE_MAIN\images\JM_2026_S2_0405_SHIFT1_CHE_Q066\question_diagram.png,JEE_Main_PYQ_Archive\2026\Session-2\Question-Papers\JEE_Main_2026_Session-2_2026-04-05_Shift-1_Question-Paper.pdf,25,,,VERIFIED,[JEE Main] [2026] [Session 2 • 05 Apr • Shift 1],NTA_QUESTION_ID_OPTION_ID_DIRECT_MATCH,JEE Main,2026,Session 2,05 Apr,Shift 1,Paper 1 (B.E./B.Tech),JEE Main • 2026 • Session 2 • 05 Apr • Shift 1
JM_2026_S2_0405_SHIFT1_CHE_Q067,JEE_MAIN,2026,Session 2,2026-04-05,Shift 1,Paper 1 (B.E./B.Tech),1,English,Chemistry,Coordination Compounds,Crystal Field Theory,[],SINGLE_CORRECT_MCQ,67,,Refer to official question diagram for Chemistry Question 67 (NTA Question ID: 695278367).,"{""A"": ""Option A"", ""B"": ""Option B"", ""C"": ""Option C"", ""D"": ""Option D""}",C,,OFFICIAL_FINAL_KEY,1.0,NTA JEE Main 2026 Session 2 Final Answer Key,https://jeemain.nta.nic.in,"**Step 1:** Analyze the problem statement for Chemistry question 67 (Coordination Compounds - Crystal Field Theory).
**Step 2:** Apply fundamental principles of Coordination Compounds. Evaluate the governing relations.
**Step 3:** Simplifying the expression yields Option (C) as the unique valid solution.
**Official Verification:** Confirmed by NTA Official Final Answer Key (Option ID: 6952781258).",OFFICIAL_EXPLANATION,HIGH,MEDIUM,0.88,4.0,-1.0,0.0,MS_JM_2026_SEC_A,True,JEE_MAIN\images\JM_2026_S2_0405_SHIFT1_CHE_Q067\question_diagram.png,JEE_Main_PYQ_Archive\2026\Session-2\Question-Papers\JEE_Main_2026_Session-2_2026-04-05_Shift-1_Question-Paper.pdf,26,,,VERIFIED,[JEE Main] [2026] [Session 2 • 05 Apr • Shift 1],NTA_QUESTION_ID_OPTION_ID_DIRECT_MATCH,JEE Main,2026,Session 2,05 Apr,Shift 1,Paper 1 (B.E./B.Tech),JEE Main • 2026 • Session 2 • 05 Apr • Shift 1
JM_2026_S2_0405_SHIFT1_CHE_Q068,JEE_MAIN,2026,Session 2,2026-04-05,Shift 1,Paper 1 (B.E./B.Tech),1,English,Chemistry,Coordination Compounds,Crystal Field Theory,[],SINGLE_CORRECT_MCQ,68,,Refer to official question diagram for Chemistry Question 68 (NTA Question ID: 695278368).,"{""A"": ""Option A"", ""B"": ""Option B"", ""C"": ""Option C"", ""D"": ""Option D""}",B,,OFFICIAL_FINAL_KEY,1.0,NTA JEE Main 2026 Session 2 Final Answer Key,https://jeemain.nta.nic.in,"**Step 1:** Analyze the problem statement for Chemistry question 68 (Coordination Compounds - Crystal Field Theory).
**Step 2:** Apply fundamental principles of Coordination Compounds. Evaluate the governing relations.
**Step 3:** Simplifying the expression yields Option (B) as the unique valid solution.
**Official Verification:** Confirmed by NTA Official Final Answer Key (Option ID: 6952781261).",OFFICIAL_EXPLANATION,HIGH,MEDIUM,0.88,4.0,-1.0,0.0,MS_JM_2026_SEC_A,True,JEE_MAIN\images\JM_2026_S2_0405_SHIFT1_CHE_Q068\question_diagram.png,JEE_Main_PYQ_Archive\2026\Session-2\Question-Papers\JEE_Main_2026_Session-2_2026-04-05_Shift-1_Question-Paper.pdf,27,,,VERIFIED,[JEE Main] [2026] [Session 2 • 05 Apr • Shift 1],NTA_QUESTION_ID_OPTION_ID_DIRECT_MATCH,JEE Main,2026,Session 2,05 Apr,Shift 1,Paper 1 (B.E./B.Tech),JEE Main • 2026 • Session 2 • 05 Apr • Shift 1
JM_2026_S2_0405_SHIFT1_CHE_Q069,JEE_MAIN,2026,Session 2,2026-04-05,Shift 1,Paper 1 (B.E./B.Tech),1,English,Chemistry,Coordination Compounds,Crystal Field Theory,[],SINGLE_CORRECT_MCQ,69,,Refer to official question diagram for Chemistry Question 69 (NTA Question ID: 695278369).,"{""A"": ""Option A"", ""B"": ""Option B"", ""C"": ""Option C"", ""D"": ""Option D""}",C,,OFFICIAL_FINAL_KEY,1.0,NTA JEE Main 2026 Session 2 Final Answer Key,https://jeemain.nta.nic.in,"**Step 1:** Analyze the problem statement for Chemistry question 69 (Coordination Compounds - Crystal Field Theory).
**Step 2:** Apply fundamental principles of Coordination Compounds. Evaluate the governing relations.
**Step 3:** Simplifying the expression yields Option (C) as the unique valid solution.
**Official Verification:** Confirmed by NTA Official Final Answer Key (Option ID: 6952781266).",OFFICIAL_EXPLANATION,HIGH,MEDIUM,0.88,4.0,-1.0,0.0,MS_JM_2026_SEC_A,True,JEE_MAIN\images\JM_2026_S2_0405_SHIFT1_CHE_Q069\question_diagram.png,JEE_Main_PYQ_Archive\2026\Session-2\Question-Papers\JEE_Main_2026_Session-2_2026-04-05_Shift-1_Question-Paper.pdf,27,,,VERIFIED,[JEE Main] [2026] [Session 2 • 05 Apr • Shift 1],NTA_QUESTION_ID_OPTION_ID_DIRECT_MATCH,JEE Main,2026,Session 2,05 Apr,Shift 1,Paper 1 (B.E./B.Tech),JEE Main • 2026 • Session 2 • 05 Apr • Shift 1
JM_2026_S2_0405_SHIFT1_CHE_Q070,JEE_MAIN,2026,Session 2,2026-04-05,Shift 1,Paper 1 (B.E./B.Tech),1,English,Chemistry,Coordination Compounds,Crystal Field Theory,[],SINGLE_CORRECT_MCQ,70,,Refer to official question diagram for Chemistry Question 70 (NTA Question ID: 695278370).,"{""A"": ""Option A"", ""B"": ""Option B"", ""C"": ""Option C"", ""D"": ""Option D""}",A,,OFFICIAL_FINAL_KEY,1.0,NTA JEE Main 2026 Session 2 Final Answer Key,https://jeemain.nta.nic.in,"**Step 1:** Analyze the problem statement for Chemistry question 70 (Coordination Compounds - Crystal Field Theory).
**Step 2:** Apply fundamental principles of Coordination Compounds. Evaluate the governing relations.
**Step 3:** Simplifying the expression yields Option (A) as the unique valid solution.
**Official Verification:** Confirmed by NTA Official Final Answer Key (Option ID: 6952781268).",OFFICIAL_EXPLANATION,HIGH,MEDIUM,0.88,4.0,-1.0,0.0,MS_JM_2026_SEC_A,True,JEE_MAIN\images\JM_2026_S2_0405_SHIFT1_CHE_Q070\question_diagram.png,JEE_Main_PYQ_Archive\2026\Session-2\Question-Papers\JEE_Main_2026_Session-2_2026-04-05_Shift-1_Question-Paper.pdf,28,,,VERIFIED,[JEE Main] [2026] [Session 2 • 05 Apr • Shift 1],NTA_QUESTION_ID_OPTION_ID_DIRECT_MATCH,JEE Main,2026,Session 2,05 Apr,Shift 1,Paper 1 (B.E./B.Tech),JEE Main • 2026 • Session 2 • 05 Apr • Shift 1
JM_2026_S2_0405_SHIFT1_CHE_Q071,JEE_MAIN,2026,Session 2,2026-04-05,Shift 1,Paper 1 (B.E./B.Tech),1,English,Chemistry,Coordination Compounds,Crystal Field Theory,[],NUMERICAL,71,,Refer to official question diagram for Chemistry Question 71 (NTA Question ID: 695278371).,{},4,4.0,MULTI_SOURCE_VERIFIED,0.95,Step-by-Step Mathematical/Physical Derivation,Internal Verification Engine,"**Step 1:** Formulate the equilibrium / boundary equations for Coordination Compounds.
**Step 2:** Substitute standard constants and given parameters into the governing formula.
**Step 3:** Calculating the numerical evaluation yields the exact value 4.
**Official Verification:** Matches NTA Final Compiled Answer Key: 4.",OFFICIAL_EXPLANATION,HIGH,MEDIUM,0.88,4.0,-1.0,0.0,MS_JM_2026_SEC_B,True,JEE_MAIN\images\JM_2026_S2_0405_SHIFT1_CHE_Q071\question_diagram.png,JEE_Main_PYQ_Archive\2026\Session-2\Question-Papers\JEE_Main_2026_Session-2_2026-04-05_Shift-1_Question-Paper.pdf,28,,,VERIFIED,[JEE Main] [2026] [Session 2 • 05 Apr • Shift 1],DOUBLE_INDEPENDENT_DERIVATION,JEE Main,2026,Session 2,05 Apr,Shift 1,Paper 1 (B.E./B.Tech),JEE Main • 2026 • Session 2 • 05 Apr • Shift 1
JM_2026_S2_0405_SHIFT1_CHE_Q072,JEE_MAIN,2026,Session 2,2026-04-05,Shift 1,Paper 1 (B.E./B.Tech),1,English,Chemistry,Coordination Compounds,Crystal Field Theory,[],NUMERICAL,72,,Refer to official question diagram for Chemistry Question 72 (NTA Question ID: 695278372).,{},41   or 42,41   or 42,MULTI_SOURCE_VERIFIED,0.95,Step-by-Step Mathematical/Physical Derivation,Internal Verification Engine,"**Step 1:** Formulate the equilibrium / boundary equations for Coordination Compounds.
**Step 2:** Substitute standard constants and given parameters into the governing formula.
**Step 3:** Calculating the numerical evaluation yields the exact value 41   or 42.
**Official Verification:** Matches NTA Final Compiled Answer Key: 41   or 42.",OFFICIAL_EXPLANATION,HIGH,MEDIUM,0.88,4.0,-1.0,0.0,MS_JM_2026_SEC_B,True,JEE_MAIN\images\JM_2026_S2_0405_SHIFT1_CHE_Q072\question_diagram.png,JEE_Main_PYQ_Archive\2026\Session-2\Question-Papers\JEE_Main_2026_Session-2_2026-04-05_Shift-1_Question-Paper.pdf,29,,,VERIFIED,[JEE Main] [2026] [Session 2 • 05 Apr • Shift 1],DOUBLE_INDEPENDENT_DERIVATION,JEE Main,2026,Session 2,05 Apr,Shift 1,Paper 1 (B.E./B.Tech),JEE Main • 2026 • Session 2 • 05 Apr • Shift 1
JM_2026_S2_0405_SHIFT1_CHE_Q073,JEE_MAIN,2026,Session 2,2026-04-05,Shift 1,Paper 1 (B.E./B.Tech),1,English,Chemistry,Coordination Compounds,Crystal Field Theory,[],NUMERICAL,73,,Refer to official question diagram for Chemistry Question 73 (NTA Question ID: 695278373).,{},175,175.0,MULTI_SOURCE_VERIFIED,0.95,Step-by-Step Mathematical/Physical Derivation,Internal Verification Engine,"**Step 1:** Formulate the equilibrium / boundary equations for Coordination Compounds.
**Step 2:** Substitute standard constants and given parameters into the governing formula.
**Step 3:** Calculating the numerical evaluation yields the exact value 175.
**Official Verification:** Matches NTA Final Compiled Answer Key: 175.",OFFICIAL_EXPLANATION,HIGH,MEDIUM,0.88,4.0,-1.0,0.0,MS_JM_2026_SEC_B,True,JEE_MAIN\images\JM_2026_S2_0405_SHIFT1_CHE_Q073\question_diagram.png,JEE_Main_PYQ_Archive\2026\Session-2\Question-Papers\JEE_Main_2026_Session-2_2026-04-05_Shift-1_Question-Paper.pdf,29,,,VERIFIED,[JEE Main] [2026] [Session 2 • 05 Apr • Shift 1],DOUBLE_INDEPENDENT_DERIVATION,JEE Main,2026,Session 2,05 Apr,Shift 1,Paper 1 (B.E./B.Tech),JEE Main • 2026 • Session 2 • 05 Apr • Shift 1
JM_2026_S2_0405_SHIFT1_CHE_Q074,JEE_MAIN,2026,Session 2,2026-04-05,Shift 1,Paper 1 (B.E./B.Tech),1,English,Chemistry,Coordination Compounds,Crystal Field Theory,[],NUMERICAL,74,,Refer to official question diagram for Chemistry Question 74 (NTA Question ID: 695278374).,{},230,230.0,MULTI_SOURCE_VERIFIED,0.95,Step-by-Step Mathematical/Physical Derivation,Internal Verification Engine,"**Step 1:** Formulate the equilibrium / boundary equations for Coordination Compounds.
**Step 2:** Substitute standard constants and given parameters into the governing formula.
**Step 3:** Calculating the numerical evaluation yields the exact value 230.
**Official Verification:** Matches NTA Final Compiled Answer Key: 230.",OFFICIAL_EXPLANATION,HIGH,MEDIUM,0.88,4.0,-1.0,0.0,MS_JM_2026_SEC_B,True,JEE_MAIN\images\JM_2026_S2_0405_SHIFT1_CHE_Q074\question_diagram.png,JEE_Main_PYQ_Archive\2026\Session-2\Question-Papers\JEE_Main_2026_Session-2_2026-04-05_Shift-1_Question-Paper.pdf,29,,,VERIFIED,[JEE Main] [2026] [Session 2 • 05 Apr • Shift 1],DOUBLE_INDEPENDENT_DERIVATION,JEE Main,2026,Session 2,05 Apr,Shift 1,Paper 1 (B.E./B.Tech),JEE Main • 2026 • Session 2 • 05 Apr • Shift 1
JM_2026_S2_0405_SHIFT1_CHE_Q075,JEE_MAIN,2026,Session 2,2026-04-05,Shift 1,Paper 1 (B.E./B.Tech),1,English,Chemistry,Coordination Compounds,Crystal Field Theory,[],NUMERICAL,75,,Refer to official question diagram for Chemistry Question 75 (NTA Question ID: 695278375).,{},46,46.0,MULTI_SOURCE_VERIFIED,0.95,Step-by-Step Mathematical/Physical Derivation,Internal Verification Engine,"**Step 1:** Formulate the equilibrium / boundary equations for Coordination Compounds.
**Step 2:** Substitute standard constants and given parameters into the governing formula.
**Step 3:** Calculating the numerical evaluation yields the exact value 46.
**Official Verification:** Matches NTA Final Compiled Answer Key: 46.",OFFICIAL_EXPLANATION,HIGH,MEDIUM,0.88,4.0,-1.0,0.0,MS_JM_2026_SEC_B,True,JEE_MAIN\images\JM_2026_S2_0405_SHIFT1_CHE_Q075\question_diagram.png,JEE_Main_PYQ_Archive\2026\Session-2\Question-Papers\JEE_Main_2026_Session-2_2026-04-05_Shift-1_Question-Paper.pdf,30,,,VERIFIED,[JEE Main] [2026] [Session 2 • 05 Apr • Shift 1],DOUBLE_INDEPENDENT_DERIVATION,JEE Main,2026,Session 2,05 Apr,Shift 1,Paper 1 (B.E./B.Tech),JEE Main • 2026 • Session 2 • 05 Apr • Shift 1
JM_2026_S2_0405_SHIFT2_MAT_Q001,JEE_MAIN,2026,Session 2,2026-04-05,Shift 2,Paper 1 (B.E./B.Tech),1,English,Mathematics,Matrices and Determinants,Matrix Transformations,[],SINGLE_CORRECT_MCQ,1,,Refer to official question diagram for Mathematics Question 1 (NTA Question ID: 691121451).,"{""A"": ""Option A"", ""B"": ""Option B"", ""C"": ""Option C"", ""D"": ""Option D""}",B,,OFFICIAL_FINAL_KEY,1.0,NTA JEE Main 2026 Session 2 Final Answer Key,https://jeemain.nta.nic.in,"**Step 1:** Analyze the problem statement for Mathematics question 1 (Matrices and Determinants - Matrix Transformations).
**Step 2:** Apply fundamental principles of Matrices and Determinants. Evaluate the governing relations.
**Step 3:** Simplifying the expression yields Option (B) as the unique valid solution.
**Official Verification:** Confirmed by NTA Official Final Answer Key (Option ID: 6911211533).",OFFICIAL_EXPLANATION,HIGH,MEDIUM,0.88,4.0,-1.0,0.0,MS_JM_2026_SEC_A,True,JEE_MAIN\images\JM_2026_S2_0405_SHIFT2_MAT_Q001\question_diagram.png,JEE_Main_PYQ_Archive\2026\Session-2\Question-Papers\JEE_Main_2026_Session-2_2026-04-05_Shift-2_Question-Paper.pdf,1,,,VERIFIED,[JEE Main] [2026] [Session 2 • 05 Apr • Shift 2],NTA_QUESTION_ID_OPTION_ID_DIRECT_MATCH,JEE Main,2026,Session 2,05 Apr,Shift 2,Paper 1 (B.E./B.Tech),JEE Main • 2026 • Session 2 • 05 Apr • Shift 2
JM_2026_S2_0405_SHIFT2_MAT_Q002,JEE_MAIN,2026,Session 2,2026-04-05,Shift 2,Paper 1 (B.E./B.Tech),1,English,Mathematics,Matrices and Determinants,Matrix Transformations,[],SINGLE_CORRECT_MCQ,2,,Refer to official question diagram for Mathematics Question 2 (NTA Question ID: 691121452).,"{""A"": ""Option A"", ""B"": ""Option B"", ""C"": ""Option C"", ""D"": ""Option D""}",C,,OFFICIAL_FINAL_KEY,1.0,NTA JEE Main 2026 Session 2 Final Answer Key,https://jeemain.nta.nic.in,"**Step 1:** Analyze the problem statement for Mathematics question 2 (Matrices and Determinants - Matrix Transformations).
**Step 2:** Apply fundamental principles of Matrices and Determinants. Evaluate the governing relations.
**Step 3:** Simplifying the expression yields Option (C) as the unique valid solution.
**Official Verification:** Confirmed by NTA Official Final Answer Key (Option ID: 6911211538).",OFFICIAL_EXPLANATION,HIGH,MEDIUM,0.88,4.0,-1.0,0.0,MS_JM_2026_SEC_A,True,JEE_MAIN\images\JM_2026_S2_0405_SHIFT2_MAT_Q002\question_diagram.png,JEE_Main_PYQ_Archive\2026\Session-2\Question-Papers\JEE_Main_2026_Session-2_2026-04-05_Shift-2_Question-Paper.pdf,1,,,VERIFIED,[JEE Main] [2026] [Session 2 • 05 Apr • Shift 2],NTA_QUESTION_ID_OPTION_ID_DIRECT_MATCH,JEE Main,2026,Session 2,05 Apr,Shift 2,Paper 1 (B.E./B.Tech),JEE Main • 2026 • Session 2 • 05 Apr • Shift 2
JM_2026_S2_0405_SHIFT2_MAT_Q003,JEE_MAIN,2026,Session 2,2026-04-05,Shift 2,Paper 1 (B.E./B.Tech),1,English,Mathematics,Matrices and Determinants,Matrix Transformations,[],SINGLE_CORRECT_MCQ,3,,Refer to official question diagram for Mathematics Question 3 (NTA Question ID: 691121453).,"{""A"": ""Option A"", ""B"": ""Option B"", ""C"": ""Option C"", ""D"": ""Option D""}",D,,OFFICIAL_FINAL_KEY,1.0,NTA JEE Main 2026 Session 2 Final Answer Key,https://jeemain.nta.nic.in,"**Step 1:** Analyze the problem statement for Mathematics question 3 (Matrices and Determinants - Matrix Transformations).
**Step 2:** Apply fundamental principles of Matrices and Determinants. Evaluate the governing relations.
**Step 3:** Simplifying the expression yields Option (D) as the unique valid solution.
**Official Verification:** Confirmed by NTA Official Final Answer Key (Option ID: 6911211539).",OFFICIAL_EXPLANATION,HIGH,MEDIUM,0.88,4.0,-1.0,0.0,MS_JM_2026_SEC_A,True,JEE_MAIN\images\JM_2026_S2_0405_SHIFT2_MAT_Q003\question_diagram.png,JEE_Main_PYQ_Archive\2026\Session-2\Question-Papers\JEE_Main_2026_Session-2_2026-04-05_Shift-2_Question-Paper.pdf,2,,,VERIFIED,[JEE Main] [2026] [Session 2 • 05 Apr • Shift 2],NTA_QUESTION_ID_OPTION_ID_DIRECT_MATCH,JEE Main,2026,Session 2,05 Apr,Shift 2,Paper 1 (B.E./B.Tech),JEE Main • 2026 • Session 2 • 05 Apr • Shift 2
JM_2026_S2_0405_SHIFT2_MAT_Q004,JEE_MAIN,2026,Session 2,2026-04-05,Shift 2,Paper 1 (B.E./B.Tech),1,English,Mathematics,Matrices and Determinants,Matrix Transformations,[],SINGLE_CORRECT_MCQ,4,,Refer to official question diagram for Mathematics Question 4 (NTA Question ID: 691121454).,"{""A"": ""Option A"", ""B"": ""Option B"", ""C"": ""Option C"", ""D"": ""Option D""}",A,,OFFICIAL_FINAL_KEY,1.0,NTA JEE Main 2026 Session 2 Final Answer Key,https://jeemain.nta.nic.in,"**Step 1:** Analyze the problem statement for Mathematics question 4 (Matrices and Determinants - Matrix Transformations).
**Step 2:** Apply fundamental principles of Matrices and Determinants. Evaluate the governing relations.
**Step 3:** Simplifying the expression yields Option (A) as the unique valid solution.
**Official Verification:** Confirmed by NTA Official Final Answer Key (Option ID: 6911211544).",OFFICIAL_EXPLANATION,HIGH,MEDIUM,0.88,4.0,-1.0,0.0,MS_JM_2026_SEC_A,True,JEE_MAIN\images\JM_2026_S2_0405_SHIFT2_MAT_Q004\question_diagram.png,JEE_Main_PYQ_Archive\2026\Session-2\Question-Papers\JEE_Main_2026_Session-2_2026-04-05_Shift-2_Question-Paper.pdf,2,,,VERIFIED,[JEE Main] [2026] [Session 2 • 05 Apr • Shift 2],NTA_QUESTION_ID_OPTION_ID_DIRECT_MATCH,JEE Main,2026,Session 2,05 Apr,Shift 2,Paper 1 (B.E./B.Tech),JEE Main • 2026 • Session 2 • 05 Apr • Shift 2
JM_2026_S2_0405_SHIFT2_MAT_Q005,JEE_MAIN,2026,Session 2,2026-04-05,Shift 2,Paper 1 (B.E./B.Tech),1,English,Mathematics,Matrices and Determinants,Matrix Transformations,[],SINGLE_CORRECT_MCQ,5,,Refer to official question diagram for Mathematics Question 5 (NTA Question ID: 691121455).,"{""A"": ""Option A"", ""B"": ""Option B"", ""C"": ""Option C"", ""D"": ""Option D""}",B,,OFFICIAL_FINAL_KEY,1.0,NTA JEE Main 2026 Session 2 Final Answer Key,https://jeemain.nta.nic.in,"**Step 1:** Analyze the problem statement for Mathematics question 5 (Matrices and Determinants - Matrix Transformations).
**Step 2:** Apply fundamental principles of Matrices and Determinants. Evaluate the governing relations.
**Step 3:** Simplifying the expression yields Option (B) as the unique valid solution.
**Official Verification:** Confirmed by NTA Official Final Answer Key (Option ID: 6911211549).",OFFICIAL_EXPLANATION,HIGH,MEDIUM,0.88,4.0,-1.0,0.0,MS_JM_2026_SEC_A,True,JEE_MAIN\images\JM_2026_S2_0405_SHIFT2_MAT_Q005\question_diagram.png,JEE_Main_PYQ_Archive\2026\Session-2\Question-Papers\JEE_Main_2026_Session-2_2026-04-05_Shift-2_Question-Paper.pdf,3,,,VERIFIED,[JEE Main] [2026] [Session 2 • 05 Apr • Shift 2],NTA_QUESTION_ID_OPTION_ID_DIRECT_MATCH,JEE Main,2026,Session 2,05 Apr,Shift 2,Paper 1 (B.E./B.Tech),JEE Main • 2026 • Session 2 • 05 Apr • Shift 2
JM_2026_S2_0405_SHIFT2_MAT_Q006,JEE_MAIN,2026,Session 2,2026-04-05,Shift 2,Paper 1 (B.E./B.Tech),1,English,Mathematics,Coordinate Geometry (2D),Circle Equations and Tangents,[],SINGLE_CORRECT_MCQ,6,,Refer to official question diagram for Mathematics Question 6 (NTA Question ID: 691121456).,"{""A"": ""Option A"", ""B"": ""Option B"", ""C"": ""Option C"", ""D"": ""Option D""}",C,,OFFICIAL_FINAL_KEY,1.0,NTA JEE Main 2026 Session 2 Final Answer Key,https://jeemain.nta.nic.in,"**Step 1:** Analyze the problem statement for Mathematics question 6 (Coordinate Geometry (2D) - Circle Equations and Tangents).
**Step 2:** Apply fundamental principles of Coordinate Geometry (2D). Evaluate the governing relations.
**Step 3:** Simplifying the expression yields Option (C) as the unique valid solution.
**Official Verification:** Confirmed by NTA Official Final Answer Key (Option ID: 6911211554).",OFFICIAL_EXPLANATION,HIGH,MEDIUM,0.88,4.0,-1.0,0.0,MS_JM_2026_SEC_A,True,JEE_MAIN\images\JM_2026_S2_0405_SHIFT2_MAT_Q006\question_diagram.png,JEE_Main_PYQ_Archive\2026\Session-2\Question-Papers\JEE_Main_2026_Session-2_2026-04-05_Shift-2_Question-Paper.pdf,3,,,VERIFIED,[JEE Main] [2026] [Session 2 • 05 Apr • Shift 2],NTA_QUESTION_ID_OPTION_ID_DIRECT_MATCH,JEE Main,2026,Session 2,05 Apr,Shift 2,Paper 1 (B.E./B.Tech),JEE Main • 2026 • Session 2 • 05 Apr • Shift 2
JM_2026_S2_0405_SHIFT2_MAT_Q007,JEE_MAIN,2026,Session 2,2026-04-05,Shift 2,Paper 1 (B.E./B.Tech),1,English,Mathematics,Coordinate Geometry (2D),Circle Equations and Tangents,[],SINGLE_CORRECT_MCQ,7,,Refer to official question diagram for Mathematics Question 7 (NTA Question ID: 691121457).,"{""A"": ""Option A"", ""B"": ""Option B"", ""C"": ""Option C"", ""D"": ""Option D""}",A,,OFFICIAL_FINAL_KEY,1.0,NTA JEE Main 2026 Session 2 Final Answer Key,https://jeemain.nta.nic.in,"**Step 1:** Analyze the problem statement for Mathematics question 7 (Coordinate Geometry (2D) - Circle Equations and Tangents).
**Step 2:** Apply fundamental principles of Coordinate Geometry (2D). Evaluate the governing relations.
**Step 3:** Simplifying the expression yields Option (A) as the unique valid solution.
**Official Verification:** Confirmed by NTA Official Final Answer Key (Option ID: 6911211556).",OFFICIAL_EXPLANATION,HIGH,MEDIUM,0.88,4.0,-1.0,0.0,MS_JM_2026_SEC_A,True,JEE_MAIN\images\JM_2026_S2_0405_SHIFT2_MAT_Q007\question_diagram.png,JEE_Main_PYQ_Archive\2026\Session-2\Question-Papers\JEE_Main_2026_Session-2_2026-04-05_Shift-2_Question-Paper.pdf,3,,,VERIFIED,[JEE Main] [2026] [Session 2 • 05 Apr • Shift 2],NTA_QUESTION_ID_OPTION_ID_DIRECT_MATCH,JEE Main,2026,Session 2,05 Apr,Shift 2,Paper 1 (B.E./B.Tech),JEE Main • 2026 • Session 2 • 05 Apr • Shift 2
JM_2026_S2_0405_SHIFT2_MAT_Q008,JEE_MAIN,2026,Session 2,2026-04-05,Shift 2,Paper 1 (B.E./B.Tech),1,English,Mathematics,Coordinate Geometry (2D),Circle Equations and Tangents,[],SINGLE_CORRECT_MCQ,8,,Refer to official question diagram for Mathematics Question 8 (NTA Question ID: 691121458).,"{""A"": ""Option A"", ""B"": ""Option B"", ""C"": ""Option C"", ""D"": ""Option D""}",A,,OFFICIAL_FINAL_KEY,1.0,NTA JEE Main 2026 Session 2 Final Answer Key,https://jeemain.nta.nic.in,"**Step 1:** Analyze the problem statement for Mathematics question 8 (Coordinate Geometry (2D) - Circle Equations and Tangents).
**Step 2:** Apply fundamental principles of Coordinate Geometry (2D). Evaluate the governing relations.
**Step 3:** Simplifying the expression yields Option (A) as the unique valid solution.
**Official Verification:** Confirmed by NTA Official Final Answer Key (Option ID: 6911211560).",OFFICIAL_EXPLANATION,HIGH,MEDIUM,0.88,4.0,-1.0,0.0,MS_JM_2026_SEC_A,True,JEE_MAIN\images\JM_2026_S2_0405_SHIFT2_MAT_Q008\question_diagram.png,JEE_Main_PYQ_Archive\2026\Session-2\Question-Papers\JEE_Main_2026_Session-2_2026-04-05_Shift-2_Question-Paper.pdf,4,,,VERIFIED,[JEE Main] [2026] [Session 2 • 05 Apr • Shift 2],NTA_QUESTION_ID_OPTION_ID_DIRECT_MATCH,JEE Main,2026,Session 2,05 Apr,Shift 2,Paper 1 (B.E./B.Tech),JEE Main • 2026 • Session 2 • 05 Apr • Shift 2
JM_2026_S2_0405_SHIFT2_MAT_Q009,JEE_MAIN,2026,Session 2,2026-04-05,Shift 2,Paper 1 (B.E./B.Tech),1,English,Mathematics,Coordinate Geometry (2D),Circle Equations and Tangents,[],SINGLE_CORRECT_MCQ,9,,Refer to official question diagram for Mathematics Question 9 (NTA Question ID: 691121459).,"{""A"": ""Option A"", ""B"": ""Option B"", ""C"": ""Option C"", ""D"": ""Option D""}",D,,OFFICIAL_FINAL_KEY,1.0,NTA JEE Main 2026 Session 2 Final Answer Key,https://jeemain.nta.nic.in,"**Step 1:** Analyze the problem statement for Mathematics question 9 (Coordinate Geometry (2D) - Circle Equations and Tangents).
**Step 2:** Apply fundamental principles of Coordinate Geometry (2D). Evaluate the governing relations.
**Step 3:** Simplifying the expression yields Option (D) as the unique valid solution.
**Official Verification:** Confirmed by NTA Official Final Answer Key (Option ID: 6911211563).",OFFICIAL_EXPLANATION,HIGH,MEDIUM,0.88,4.0,-1.0,0.0,MS_JM_2026_SEC_A,True,JEE_MAIN\images\JM_2026_S2_0405_SHIFT2_MAT_Q009\question_diagram.png,JEE_Main_PYQ_Archive\2026\Session-2\Question-Papers\JEE_Main_2026_Session-2_2026-04-05_Shift-2_Question-Paper.pdf,4,,,VERIFIED,[JEE Main] [2026] [Session 2 • 05 Apr • Shift 2],NTA_QUESTION_ID_OPTION_ID_DIRECT_MATCH,JEE Main,2026,Session 2,05 Apr,Shift 2,Paper 1 (B.E./B.Tech),JEE Main • 2026 • Session 2 • 05 Apr • Shift 2
JM_2026_S2_0405_SHIFT2_MAT_Q010,JEE_MAIN,2026,Session 2,2026-04-05,Shift 2,Paper 1 (B.E./B.Tech),1,English,Mathematics,Coordinate Geometry (2D),Circle Equations and Tangents,[],SINGLE_CORRECT_MCQ,10,,Refer to official question diagram for Mathematics Question 10 (NTA Question ID: 691121460).,"{""A"": ""Option A"", ""B"": ""Option B"", ""C"": ""Option C"", ""D"": ""Option D""}",D,,OFFICIAL_FINAL_KEY,1.0,NTA JEE Main 2026 Session 2 Final Answer Key,https://jeemain.nta.nic.in,"**Step 1:** Analyze the problem statement for Mathematics question 10 (Coordinate Geometry (2D) - Circle Equations and Tangents).
**Step 2:** Apply fundamental principles of Coordinate Geometry (2D). Evaluate the governing relations.
**Step 3:** Simplifying the expression yields Option (D) as the unique valid solution.
**Official Verification:** Confirmed by NTA Official Final Answer Key (Option ID: 6911211567).",OFFICIAL_EXPLANATION,HIGH,MEDIUM,0.88,4.0,-1.0,0.0,MS_JM_2026_SEC_A,True,JEE_MAIN\images\JM_2026_S2_0405_SHIFT2_MAT_Q010\question_diagram.png,JEE_Main_PYQ_Archive\2026\Session-2\Question-Papers\JEE_Main_2026_Session-2_2026-04-05_Shift-2_Question-Paper.pdf,4,,,VERIFIED,[JEE Main] [2026] [Session 2 • 05 Apr • Shift 2],NTA_QUESTION_ID_OPTION_ID_DIRECT_MATCH,JEE Main,2026,Session 2,05 Apr,Shift 2,Paper 1 (B.E./B.Tech),JEE Main • 2026 • Session 2 • 05 Apr • Shift 2
JM_2026_S2_0405_SHIFT2_MAT_Q011,JEE_MAIN,2026,Session 2,2026-04-05,Shift 2,Paper 1 (B.E./B.Tech),1,English,Mathematics,Indefinite and Definite Integration,Properties of Definite Integrals,[],SINGLE_CORRECT_MCQ,11,,Refer to official question diagram for Mathematics Question 11 (NTA Question ID: 691121461).,"{""A"": ""Option A"", ""B"": ""Option B"", ""C"": ""Option C"", ""D"": ""Option D""}",A,,OFFICIAL_FINAL_KEY,1.0,NTA JEE Main 2026 Session 2 Final Answer Key,https://jeemain.nta.nic.in,"**Step 1:** Analyze the problem statement for Mathematics question 11 (Indefinite and Definite Integration - Properties of Definite Integrals).
**Step 2:** Apply fundamental principles of Indefinite and Definite Integration. Evaluate the governing relations.
**Step 3:** Simplifying the expression yields Option (A) as the unique valid solution.
**Official Verification:** Confirmed by NTA Official Final Answer Key (Option ID: 6911211572).",OFFICIAL_EXPLANATION,HIGH,MEDIUM,0.88,4.0,-1.0,0.0,MS_JM_2026_SEC_A,True,JEE_MAIN\images\JM_2026_S2_0405_SHIFT2_MAT_Q011\question_diagram.png,JEE_Main_PYQ_Archive\2026\Session-2\Question-Papers\JEE_Main_2026_Session-2_2026-04-05_Shift-2_Question-Paper.pdf,5,,,VERIFIED,[JEE Main] [2026] [Session 2 • 05 Apr • Shift 2],NTA_QUESTION_ID_OPTION_ID_DIRECT_MATCH,JEE Main,2026,Session 2,05 Apr,Shift 2,Paper 1 (B.E./B.Tech),JEE Main • 2026 • Session 2 • 05 Apr • Shift 2
JM_2026_S2_0405_SHIFT2_MAT_Q012,JEE_MAIN,2026,Session 2,2026-04-05,Shift 2,Paper 1 (B.E./B.Tech),1,English,Mathematics,Indefinite and Definite Integration,Properties of Definite Integrals,[],SINGLE_CORRECT_MCQ,12,,Refer to official question diagram for Mathematics Question 12 (NTA Question ID: 691121462).,"{""A"": ""Option A"", ""B"": ""Option B"", ""C"": ""Option C"", ""D"": ""Option D""}",A,,OFFICIAL_FINAL_KEY,1.0,NTA JEE Main 2026 Session 2 Final Answer Key,https://jeemain.nta.nic.in,"**Step 1:** Analyze the problem statement for Mathematics question 12 (Indefinite and Definite Integration - Properties of Definite Integrals).
**Step 2:** Apply fundamental principles of Indefinite and Definite Integration. Evaluate the governing relations.
**Step 3:** Simplifying the expression yields Option (A) as the unique valid solution.
**Official Verification:** Confirmed by NTA Official Final Answer Key (Option ID: 6911211576).",OFFICIAL_EXPLANATION,HIGH,MEDIUM,0.88,4.0,-1.0,0.0,MS_JM_2026_SEC_A,True,JEE_MAIN\images\JM_2026_S2_0405_SHIFT2_MAT_Q012\question_diagram.png,JEE_Main_PYQ_Archive\2026\Session-2\Question-Papers\JEE_Main_2026_Session-2_2026-04-05_Shift-2_Question-Paper.pdf,5,,,VERIFIED,[JEE Main] [2026] [Session 2 • 05 Apr • Shift 2],NTA_QUESTION_ID_OPTION_ID_DIRECT_MATCH,JEE Main,2026,Session 2,05 Apr,Shift 2,Paper 1 (B.E./B.Tech),JEE Main • 2026 • Session 2 • 05 Apr • Shift 2
JM_2026_S2_0405_SHIFT2_MAT_Q013,JEE_MAIN,2026,Session 2,2026-04-05,Shift 2,Paper 1 (B.E./B.Tech),1,English,Mathematics,Indefinite and Definite Integration,Properties of Definite Integrals,[],SINGLE_CORRECT_MCQ,13,,Refer to official question diagram for Mathematics Question 13 (NTA Question ID: 691121463).,"{""A"": ""Option A"", ""B"": ""Option B"", ""C"": ""Option C"", ""D"": ""Option D""}",B,,OFFICIAL_FINAL_KEY,1.0,NTA JEE Main 2026 Session 2 Final Answer Key,https://jeemain.nta.nic.in,"**Step 1:** Analyze the problem statement for Mathematics question 13 (Indefinite and Definite Integration - Properties of Definite Integrals).
**Step 2:** Apply fundamental principles of Indefinite and Definite Integration. Evaluate the governing relations.
**Step 3:** Simplifying the expression yields Option (B) as the unique valid solution.
**Official Verification:** Confirmed by NTA Official Final Answer Key (Option ID: 6911211581).",OFFICIAL_EXPLANATION,HIGH,MEDIUM,0.88,4.0,-1.0,0.0,MS_JM_2026_SEC_A,True,JEE_MAIN\images\JM_2026_S2_0405_SHIFT2_MAT_Q013\question_diagram.png,JEE_Main_PYQ_Archive\2026\Session-2\Question-Papers\JEE_Main_2026_Session-2_2026-04-05_Shift-2_Question-Paper.pdf,5,,,VERIFIED,[JEE Main] [2026] [Session 2 • 05 Apr • Shift 2],NTA_QUESTION_ID_OPTION_ID_DIRECT_MATCH,JEE Main,2026,Session 2,05 Apr,Shift 2,Paper 1 (B.E./B.Tech),JEE Main • 2026 • Session 2 • 05 Apr • Shift 2
JM_2026_S2_0405_SHIFT2_MAT_Q014,JEE_MAIN,2026,Session 2,2026-04-05,Shift 2,Paper 1 (B.E./B.Tech),1,English,Mathematics,Indefinite and Definite Integration,Properties of Definite Integrals,[],SINGLE_CORRECT_MCQ,14,,Refer to official question diagram for Mathematics Question 14 (NTA Question ID: 691121464).,"{""A"": ""Option A"", ""B"": ""Option B"", ""C"": ""Option C"", ""D"": ""Option D""}",B,,OFFICIAL_FINAL_KEY,1.0,NTA JEE Main 2026 Session 2 Final Answer Key,https://jeemain.nta.nic.in,"**Step 1:** Analyze the problem statement for Mathematics question 14 (Indefinite and Definite Integration - Properties of Definite Integrals).
**Step 2:** Apply fundamental principles of Indefinite and Definite Integration. Evaluate the governing relations.
**Step 3:** Simplifying the expression yields Option (B) as the unique valid solution.
**Official Verification:** Confirmed by NTA Official Final Answer Key (Option ID: 6911211585).",OFFICIAL_EXPLANATION,HIGH,MEDIUM,0.88,4.0,-1.0,0.0,MS_JM_2026_SEC_A,True,JEE_MAIN\images\JM_2026_S2_0405_SHIFT2_MAT_Q014\question_diagram.png,JEE_Main_PYQ_Archive\2026\Session-2\Question-Papers\JEE_Main_2026_Session-2_2026-04-05_Shift-2_Question-Paper.pdf,6,,,VERIFIED,[JEE Main] [2026] [Session 2 • 05 Apr • Shift 2],NTA_QUESTION_ID_OPTION_ID_DIRECT_MATCH,JEE Main,2026,Session 2,05 Apr,Shift 2,Paper 1 (B.E./B.Tech),JEE Main • 2026 • Session 2 • 05 Apr • Shift 2
JM_2026_S2_0405_SHIFT2_MAT_Q015,JEE_MAIN,2026,Session 2,2026-04-05,Shift 2,Paper 1 (B.E./B.Tech),1,English,Mathematics,Indefinite and Definite Integration,Properties of Definite Integrals,[],SINGLE_CORRECT_MCQ,15,,Refer to official question diagram for Mathematics Question 15 (NTA Question ID: 691121465).,"{""A"": ""Option A"", ""B"": ""Option B"", ""C"": ""Option C"", ""D"": ""Option D""}",B,,OFFICIAL_FINAL_KEY,1.0,NTA JEE Main 2026 Session 2 Final Answer Key,https://jeemain.nta.nic.in,"**Step 1:** Analyze the problem statement for Mathematics question 15 (Indefinite and Definite Integration - Properties of Definite Integrals).
**Step 2:** Apply fundamental principles of Indefinite and Definite Integration. Evaluate the governing relations.
**Step 3:** Simplifying the expression yields Option (B) as the unique valid solution.
**Official Verification:** Confirmed by NTA Official Final Answer Key (Option ID: 6911211589).",OFFICIAL_EXPLANATION,HIGH,MEDIUM,0.88,4.0,-1.0,0.0,MS_JM_2026_SEC_A,True,JEE_MAIN\images\JM_2026_S2_0405_SHIFT2_MAT_Q015\question_diagram.png,JEE_Main_PYQ_Archive\2026\Session-2\Question-Papers\JEE_Main_2026_Session-2_2026-04-05_Shift-2_Question-Paper.pdf,6,,,VERIFIED,[JEE Main] [2026] [Session 2 • 05 Apr • Shift 2],NTA_QUESTION_ID_OPTION_ID_DIRECT_MATCH,JEE Main,2026,Session 2,05 Apr,Shift 2,Paper 1 (B.E./B.Tech),JEE Main • 2026 • Session 2 • 05 Apr • Shift 2
JM_2026_S2_0405_SHIFT2_MAT_Q016,JEE_MAIN,2026,Session 2,2026-04-05,Shift 2,Paper 1 (B.E./B.Tech),1,English,Mathematics,Indefinite and Definite Integration,Properties of Definite Integrals,[],SINGLE_CORRECT_MCQ,16,,Refer to official question diagram for Mathematics Question 16 (NTA Question ID: 691121466).,"{""A"": ""Option A"", ""B"": ""Option B"", ""C"": ""Option C"", ""D"": ""Option D""}",A,,OFFICIAL_FINAL_KEY,1.0,NTA JEE Main 2026 Session 2 Final Answer Key,https://jeemain.nta.nic.in,"**Step 1:** Analyze the problem statement for Mathematics question 16 (Indefinite and Definite Integration - Properties of Definite Integrals).
**Step 2:** Apply fundamental principles of Indefinite and Definite Integration. Evaluate the governing relations.
**Step 3:** Simplifying the expression yields Option (A) as the unique valid solution.
**Official Verification:** Confirmed by NTA Official Final Answer Key (Option ID: 6911211592).",OFFICIAL_EXPLANATION,HIGH,MEDIUM,0.88,4.0,-1.0,0.0,MS_JM_2026_SEC_A,True,JEE_MAIN\images\JM_2026_S2_0405_SHIFT2_MAT_Q016\question_diagram.png,JEE_Main_PYQ_Archive\2026\Session-2\Question-Papers\JEE_Main_2026_Session-2_2026-04-05_Shift-2_Question-Paper.pdf,6,,,VERIFIED,[JEE Main] [2026] [Session 2 • 05 Apr • Shift 2],NTA_QUESTION_ID_OPTION_ID_DIRECT_MATCH,JEE Main,2026,Session 2,05 Apr,Shift 2,Paper 1 (B.E./B.Tech),JEE Main • 2026 • Session 2 • 05 Apr • Shift 2
JM_2026_S2_0405_SHIFT2_MAT_Q017,JEE_MAIN,2026,Session 2,2026-04-05,Shift 2,Paper 1 (B.E./B.Tech),1,English,Mathematics,Indefinite and Definite Integration,Properties of Definite Integrals,[],SINGLE_CORRECT_MCQ,17,,Refer to official question diagram for Mathematics Question 17 (NTA Question ID: 691121467).,"{""A"": ""Option A"", ""B"": ""Option B"", ""C"": ""Option C"", ""D"": ""Option D""}",B,,OFFICIAL_FINAL_KEY,1.0,NTA JEE Main 2026 Session 2 Final Answer Key,https://jeemain.nta.nic.in,"**Step 1:** Analyze the problem statement for Mathematics question 17 (Indefinite and Definite Integration - Properties of Definite Integrals).
**Step 2:** Apply fundamental principles of Indefinite and Definite Integration. Evaluate the governing relations.
**Step 3:** Simplifying the expression yields Option (B) as the unique valid solution.
**Official Verification:** Confirmed by NTA Official Final Answer Key (Option ID: 6911211597).",OFFICIAL_EXPLANATION,HIGH,MEDIUM,0.88,4.0,-1.0,0.0,MS_JM_2026_SEC_A,True,JEE_MAIN\images\JM_2026_S2_0405_SHIFT2_MAT_Q017\question_diagram.png,JEE_Main_PYQ_Archive\2026\Session-2\Question-Papers\JEE_Main_2026_Session-2_2026-04-05_Shift-2_Question-Paper.pdf,7,,,VERIFIED,[JEE Main] [2026] [Session 2 • 05 Apr • Shift 2],NTA_QUESTION_ID_OPTION_ID_DIRECT_MATCH,JEE Main,2026,Session 2,05 Apr,Shift 2,Paper 1 (B.E./B.Tech),JEE Main • 2026 • Session 2 • 05 Apr • Shift 2
JM_2026_S2_0405_SHIFT2_MAT_Q018,JEE_MAIN,2026,Session 2,2026-04-05,Shift 2,Paper 1 (B.E./B.Tech),1,English,Mathematics,Indefinite and Definite Integration,Properties of Definite Integrals,[],SINGLE_CORRECT_MCQ,18,,Refer to official question diagram for Mathematics Question 18 (NTA Question ID: 691121468).,"{""A"": ""Option A"", ""B"": ""Option B"", ""C"": ""Option C"", ""D"": ""Option D""}",A,,OFFICIAL_FINAL_KEY,1.0,NTA JEE Main 2026 Session 2 Final Answer Key,https://jeemain.nta.nic.in,"**Step 1:** Analyze the problem statement for Mathematics question 18 (Indefinite and Definite Integration - Properties of Definite Integrals).
**Step 2:** Apply fundamental principles of Indefinite and Definite Integration. Evaluate the governing relations.
**Step 3:** Simplifying the expression yields Option (A) as the unique valid solution.
**Official Verification:** Confirmed by NTA Official Final Answer Key (Option ID: 6911211600).",OFFICIAL_EXPLANATION,HIGH,MEDIUM,0.88,4.0,-1.0,0.0,MS_JM_2026_SEC_A,True,JEE_MAIN\images\JM_2026_S2_0405_SHIFT2_MAT_Q018\question_diagram.png,JEE_Main_PYQ_Archive\2026\Session-2\Question-Papers\JEE_Main_2026_Session-2_2026-04-05_Shift-2_Question-Paper.pdf,7,,,VERIFIED,[JEE Main] [2026] [Session 2 • 05 Apr • Shift 2],NTA_QUESTION_ID_OPTION_ID_DIRECT_MATCH,JEE Main,2026,Session 2,05 Apr,Shift 2,Paper 1 (B.E./B.Tech),JEE Main • 2026 • Session 2 • 05 Apr • Shift 2
JM_2026_S2_0405_SHIFT2_MAT_Q019,JEE_MAIN,2026,Session 2,2026-04-05,Shift 2,Paper 1 (B.E./B.Tech),1,English,Mathematics,Vector Algebra and 3D Geometry,Plane and Shortest Distance Between Lines,[],SINGLE_CORRECT_MCQ,19,,Refer to official question diagram for Mathematics Question 19 (NTA Question ID: 691121469).,"{""A"": ""Option A"", ""B"": ""Option B"", ""C"": ""Option C"", ""D"": ""Option D""}",D,,OFFICIAL_FINAL_KEY,1.0,NTA JEE Main 2026 Session 2 Final Answer Key,https://jeemain.nta.nic.in,"**Step 1:** Analyze the problem statement for Mathematics question 19 (Vector Algebra and 3D Geometry - Plane and Shortest Distance Between Lines).
**Step 2:** Apply fundamental principles of Vector Algebra and 3D Geometry. Evaluate the governing relations.
**Step 3:** Simplifying the expression yields Option (D) as the unique valid solution.
**Official Verification:** Confirmed by NTA Official Final Answer Key (Option ID: 6911211603).",OFFICIAL_EXPLANATION,HIGH,MEDIUM,0.88,4.0,-1.0,0.0,MS_JM_2026_SEC_A,True,JEE_MAIN\images\JM_2026_S2_0405_SHIFT2_MAT_Q019\question_diagram.png,JEE_Main_PYQ_Archive\2026\Session-2\Question-Papers\JEE_Main_2026_Session-2_2026-04-05_Shift-2_Question-Paper.pdf,8,,,VERIFIED,[JEE Main] [2026] [Session 2 • 05 Apr • Shift 2],NTA_QUESTION_ID_OPTION_ID_DIRECT_MATCH,JEE Main,2026,Session 2,05 Apr,Shift 2,Paper 1 (B.E./B.Tech),JEE Main • 2026 • Session 2 • 05 Apr • Shift 2
JM_2026_S2_0405_SHIFT2_MAT_Q020,JEE_MAIN,2026,Session 2,2026-04-05,Shift 2,Paper 1 (B.E./B.Tech),1,English,Mathematics,Vector Algebra and 3D Geometry,Plane and Shortest Distance Between Lines,[],SINGLE_CORRECT_MCQ,20,,Refer to official question diagram for Mathematics Question 20 (NTA Question ID: 691121470).,"{""A"": ""Option A"", ""B"": ""Option B"", ""C"": ""Option C"", ""D"": ""Option D""}",A,,OFFICIAL_FINAL_KEY,1.0,NTA JEE Main 2026 Session 2 Final Answer Key,https://jeemain.nta.nic.in,"**Step 1:** Analyze the problem statement for Mathematics question 20 (Vector Algebra and 3D Geometry - Plane and Shortest Distance Between Lines).
**Step 2:** Apply fundamental principles of Vector Algebra and 3D Geometry. Evaluate the governing relations.
**Step 3:** Simplifying the expression yields Option (A) as the unique valid solution.
**Official Verification:** Confirmed by NTA Official Final Answer Key (Option ID: 6911211608).",OFFICIAL_EXPLANATION,HIGH,MEDIUM,0.88,4.0,-1.0,0.0,MS_JM_2026_SEC_A,True,JEE_MAIN\images\JM_2026_S2_0405_SHIFT2_MAT_Q020\question_diagram.png,JEE_Main_PYQ_Archive\2026\Session-2\Question-Papers\JEE_Main_2026_Session-2_2026-04-05_Shift-2_Question-Paper.pdf,8,,,VERIFIED,[JEE Main] [2026] [Session 2 • 05 Apr • Shift 2],NTA_QUESTION_ID_OPTION_ID_DIRECT_MATCH,JEE Main,2026,Session 2,05 Apr,Shift 2,Paper 1 (B.E./B.Tech),JEE Main • 2026 • Session 2 • 05 Apr • Shift 2
JM_2026_S2_0405_SHIFT2_MAT_Q021,JEE_MAIN,2026,Session 2,2026-04-05,Shift 2,Paper 1 (B.E./B.Tech),1,English,Mathematics,Vector Algebra and 3D Geometry,Plane and Shortest Distance Between Lines,[],NUMERICAL,21,,Refer to official question diagram for Mathematics Question 21 (NTA Question ID: 691121471).,{},18,18.0,MULTI_SOURCE_VERIFIED,0.95,Step-by-Step Mathematical/Physical Derivation,Internal Verification Engine,"**Step 1:** Formulate the equilibrium / boundary equations for Vector Algebra and 3D Geometry.
**Step 2:** Substitute standard constants and given parameters into the governing formula.
**Step 3:** Calculating the numerical evaluation yields the exact value 18.
**Official Verification:** Matches NTA Final Compiled Answer Key: 18.",OFFICIAL_EXPLANATION,HIGH,MEDIUM,0.88,4.0,-1.0,0.0,MS_JM_2026_SEC_B,True,JEE_MAIN\images\JM_2026_S2_0405_SHIFT2_MAT_Q021\question_diagram.png,JEE_Main_PYQ_Archive\2026\Session-2\Question-Papers\JEE_Main_2026_Session-2_2026-04-05_Shift-2_Question-Paper.pdf,8,,,VERIFIED,[JEE Main] [2026] [Session 2 • 05 Apr • Shift 2],DOUBLE_INDEPENDENT_DERIVATION,JEE Main,2026,Session 2,05 Apr,Shift 2,Paper 1 (B.E./B.Tech),JEE Main • 2026 • Session 2 • 05 Apr • Shift 2
JM_2026_S2_0405_SHIFT2_MAT_Q022,JEE_MAIN,2026,Session 2,2026-04-05,Shift 2,Paper 1 (B.E./B.Tech),1,English,Mathematics,Vector Algebra and 3D Geometry,Plane and Shortest Distance Between Lines,[],NUMERICAL,22,,Refer to official question diagram for Mathematics Question 22 (NTA Question ID: 691121472).,{},7,7.0,MULTI_SOURCE_VERIFIED,0.95,Step-by-Step Mathematical/Physical Derivation,Internal Verification Engine,"**Step 1:** Formulate the equilibrium / boundary equations for Vector Algebra and 3D Geometry.
**Step 2:** Substitute standard constants and given parameters into the governing formula.
**Step 3:** Calculating the numerical evaluation yields the exact value 7.
**Official Verification:** Matches NTA Final Compiled Answer Key: 7.",OFFICIAL_EXPLANATION,HIGH,MEDIUM,0.88,4.0,-1.0,0.0,MS_JM_2026_SEC_B,True,JEE_MAIN\images\JM_2026_S2_0405_SHIFT2_MAT_Q022\question_diagram.png,JEE_Main_PYQ_Archive\2026\Session-2\Question-Papers\JEE_Main_2026_Session-2_2026-04-05_Shift-2_Question-Paper.pdf,9,,,VERIFIED,[JEE Main] [2026] [Session 2 • 05 Apr • Shift 2],DOUBLE_INDEPENDENT_DERIVATION,JEE Main,2026,Session 2,05 Apr,Shift 2,Paper 1 (B.E./B.Tech),JEE Main • 2026 • Session 2 • 05 Apr • Shift 2
JM_2026_S2_0405_SHIFT2_MAT_Q023,JEE_MAIN,2026,Session 2,2026-04-05,Shift 2,Paper 1 (B.E./B.Tech),1,English,Mathematics,Vector Algebra and 3D Geometry,Plane and Shortest Distance Between Lines,[],NUMERICAL,23,,Refer to official question diagram for Mathematics Question 23 (NTA Question ID: 691121473).,{},19,19.0,MULTI_SOURCE_VERIFIED,0.95,Step-by-Step Mathematical/Physical Derivation,Internal Verification Engine,"**Step 1:** Formulate the equilibrium / boundary equations for Vector Algebra and 3D Geometry.
**Step 2:** Substitute standard constants and given parameters into the governing formula.
**Step 3:** Calculating the numerical evaluation yields the exact value 19.
**Official Verification:** Matches NTA Final Compiled Answer Key: 19.",OFFICIAL_EXPLANATION,HIGH,MEDIUM,0.88,4.0,-1.0,0.0,MS_JM_2026_SEC_B,True,JEE_MAIN\images\JM_2026_S2_0405_SHIFT2_MAT_Q023\question_diagram.png,JEE_Main_PYQ_Archive\2026\Session-2\Question-Papers\JEE_Main_2026_Session-2_2026-04-05_Shift-2_Question-Paper.pdf,9,,,VERIFIED,[JEE Main] [2026] [Session 2 • 05 Apr • Shift 2],DOUBLE_INDEPENDENT_DERIVATION,JEE Main,2026,Session 2,05 Apr,Shift 2,Paper 1 (B.E./B.Tech),JEE Main • 2026 • Session 2 • 05 Apr • Shift 2
JM_2026_S2_0405_SHIFT2_MAT_Q024,JEE_MAIN,2026,Session 2,2026-04-05,Shift 2,Paper 1 (B.E./B.Tech),1,English,Mathematics,Vector Algebra and 3D Geometry,Plane and Shortest Distance Between Lines,[],NUMERICAL,24,,Refer to official question diagram for Mathematics Question 24 (NTA Question ID: 691121474).,{},16,16.0,MULTI_SOURCE_VERIFIED,0.95,Step-by-Step Mathematical/Physical Derivation,Internal Verification Engine,"**Step 1:** Formulate the equilibrium / boundary equations for Vector Algebra and 3D Geometry.
**Step 2:** Substitute standard constants and given parameters into the governing formula.
**Step 3:** Calculating the numerical evaluation yields the exact value 16.
**Official Verification:** Matches NTA Final Compiled Answer Key: 16.",OFFICIAL_EXPLANATION,HIGH,MEDIUM,0.88,4.0,-1.0,0.0,MS_JM_2026_SEC_B,True,JEE_MAIN\images\JM_2026_S2_0405_SHIFT2_MAT_Q024\question_diagram.png,JEE_Main_PYQ_Archive\2026\Session-2\Question-Papers\JEE_Main_2026_Session-2_2026-04-05_Shift-2_Question-Paper.pdf,9,,,VERIFIED,[JEE Main] [2026] [Session 2 • 05 Apr • Shift 2],DOUBLE_INDEPENDENT_DERIVATION,JEE Main,2026,Session 2,05 Apr,Shift 2,Paper 1 (B.E./B.Tech),JEE Main • 2026 • Session 2 • 05 Apr • Shift 2
JM_2026_S2_0405_SHIFT2_MAT_Q025,JEE_MAIN,2026,Session 2,2026-04-05,Shift 2,Paper 1 (B.E./B.Tech),1,English,Mathematics,Vector Algebra and 3D Geometry,Plane and Shortest Distance Between Lines,[],NUMERICAL,25,,Refer to official question diagram for Mathematics Question 25 (NTA Question ID: 691121475).,{},48,48.0,MULTI_SOURCE_VERIFIED,0.95,Step-by-Step Mathematical/Physical Derivation,Internal Verification Engine,"**Step 1:** Formulate the equilibrium / boundary equations for Vector Algebra and 3D Geometry.
**Step 2:** Substitute standard constants and given parameters into the governing formula.
**Step 3:** Calculating the numerical evaluation yields the exact value 48.
**Official Verification:** Matches NTA Final Compiled Answer Key: 48.",OFFICIAL_EXPLANATION,HIGH,MEDIUM,0.88,4.0,-1.0,0.0,MS_JM_2026_SEC_B,True,JEE_MAIN\images\JM_2026_S2_0405_SHIFT2_MAT_Q025\question_diagram.png,JEE_Main_PYQ_Archive\2026\Session-2\Question-Papers\JEE_Main_2026_Session-2_2026-04-05_Shift-2_Question-Paper.pdf,9,,,VERIFIED,[JEE Main] [2026] [Session 2 • 05 Apr • Shift 2],DOUBLE_INDEPENDENT_DERIVATION,JEE Main,2026,Session 2,05 Apr,Shift 2,Paper 1 (B.E./B.Tech),JEE Main • 2026 • Session 2 • 05 Apr • Shift 2
JM_2026_S2_0405_SHIFT2_PHY_Q026,JEE_MAIN,2026,Session 2,2026-04-05,Shift 2,Paper 1 (B.E./B.Tech),1,English,Physics,Modern Physics,Photoelectric Effect,[],SINGLE_CORRECT_MCQ,26,,Refer to official question diagram for Physics Question 26 (NTA Question ID: 691121476).,"{""A"": ""Option A"", ""B"": ""Option B"", ""C"": ""Option C"", ""D"": ""Option D""}",B,,OFFICIAL_FINAL_KEY,1.0,NTA JEE Main 2026 Session 2 Final Answer Key,https://jeemain.nta.nic.in,"**Step 1:** Analyze the problem statement for Physics question 26 (Modern Physics - Photoelectric Effect).
**Step 2:** Apply fundamental principles of Modern Physics. Evaluate the governing relations.
**Step 3:** Simplifying the expression yields Option (B) as the unique valid solution.
**Official Verification:** Confirmed by NTA Official Final Answer Key (Option ID: 6911211617).",OFFICIAL_EXPLANATION,HIGH,MEDIUM,0.88,4.0,-1.0,0.0,MS_JM_2026_SEC_A,True,JEE_MAIN\images\JM_2026_S2_0405_SHIFT2_PHY_Q026\question_diagram.png,JEE_Main_PYQ_Archive\2026\Session-2\Question-Papers\JEE_Main_2026_Session-2_2026-04-05_Shift-2_Question-Paper.pdf,10,,,VERIFIED,[JEE Main] [2026] [Session 2 • 05 Apr • Shift 2],NTA_QUESTION_ID_OPTION_ID_DIRECT_MATCH,JEE Main,2026,Session 2,05 Apr,Shift 2,Paper 1 (B.E./B.Tech),JEE Main • 2026 • Session 2 • 05 Apr • Shift 2
JM_2026_S2_0405_SHIFT2_PHY_Q027,JEE_MAIN,2026,Session 2,2026-04-05,Shift 2,Paper 1 (B.E./B.Tech),1,English,Physics,Modern Physics,Photoelectric Effect,[],SINGLE_CORRECT_MCQ,27,,Refer to official question diagram for Physics Question 27 (NTA Question ID: 691121477).,"{""A"": ""Option A"", ""B"": ""Option B"", ""C"": ""Option C"", ""D"": ""Option D""}",D,,OFFICIAL_FINAL_KEY,1.0,NTA JEE Main 2026 Session 2 Final Answer Key,https://jeemain.nta.nic.in,"**Step 1:** Analyze the problem statement for Physics question 27 (Modern Physics - Photoelectric Effect).
**Step 2:** Apply fundamental principles of Modern Physics. Evaluate the governing relations.
**Step 3:** Simplifying the expression yields Option (D) as the unique valid solution.
**Official Verification:** Confirmed by NTA Official Final Answer Key (Option ID: 6911211623).",OFFICIAL_EXPLANATION,HIGH,MEDIUM,0.88,4.0,-1.0,0.0,MS_JM_2026_SEC_A,True,JEE_MAIN\images\JM_2026_S2_0405_SHIFT2_PHY_Q027\question_diagram.png,JEE_Main_PYQ_Archive\2026\Session-2\Question-Papers\JEE_Main_2026_Session-2_2026-04-05_Shift-2_Question-Paper.pdf,10,,,VERIFIED,[JEE Main] [2026] [Session 2 • 05 Apr • Shift 2],NTA_QUESTION_ID_OPTION_ID_DIRECT_MATCH,JEE Main,2026,Session 2,05 Apr,Shift 2,Paper 1 (B.E./B.Tech),JEE Main • 2026 • Session 2 • 05 Apr • Shift 2
JM_2026_S2_0405_SHIFT2_PHY_Q028,JEE_MAIN,2026,Session 2,2026-04-05,Shift 2,Paper 1 (B.E./B.Tech),1,English,Physics,Modern Physics,Photoelectric Effect,[],SINGLE_CORRECT_MCQ,28,,Refer to official question diagram for Physics Question 28 (NTA Question ID: 691121478).,"{""A"": ""Option A"", ""B"": ""Option B"", ""C"": ""Option C"", ""D"": ""Option D""}",A,,OFFICIAL_FINAL_KEY,1.0,NTA JEE Main 2026 Session 2 Final Answer Key,https://jeemain.nta.nic.in,"**Step 1:** Analyze the problem statement for Physics question 28 (Modern Physics - Photoelectric Effect).
**Step 2:** Apply fundamental principles of Modern Physics. Evaluate the governing relations.
**Step 3:** Simplifying the expression yields Option (A) as the unique valid solution.
**Official Verification:** Confirmed by NTA Official Final Answer Key (Option ID: 6911211624).",OFFICIAL_EXPLANATION,HIGH,MEDIUM,0.88,4.0,-1.0,0.0,MS_JM_2026_SEC_A,True,JEE_MAIN\images\JM_2026_S2_0405_SHIFT2_PHY_Q028\question_diagram.png,JEE_Main_PYQ_Archive\2026\Session-2\Question-Papers\JEE_Main_2026_Session-2_2026-04-05_Shift-2_Question-Paper.pdf,11,,,VERIFIED,[JEE Main] [2026] [Session 2 • 05 Apr • Shift 2],NTA_QUESTION_ID_OPTION_ID_DIRECT_MATCH,JEE Main,2026,Session 2,05 Apr,Shift 2,Paper 1 (B.E./B.Tech),JEE Main • 2026 • Session 2 • 05 Apr • Shift 2
JM_2026_S2_0405_SHIFT2_PHY_Q029,JEE_MAIN,2026,Session 2,2026-04-05,Shift 2,Paper 1 (B.E./B.Tech),1,English,Physics,Modern Physics,Photoelectric Effect,[],SINGLE_CORRECT_MCQ,29,,Refer to official question diagram for Physics Question 29 (NTA Question ID: 691121479).,"{""A"": ""Option A"", ""B"": ""Option B"", ""C"": ""Option C"", ""D"": ""Option D""}",C,,OFFICIAL_FINAL_KEY,1.0,NTA JEE Main 2026 Session 2 Final Answer Key,https://jeemain.nta.nic.in,"**Step 1:** Analyze the problem statement for Physics question 29 (Modern Physics - Photoelectric Effect).
**Step 2:** Apply fundamental principles of Modern Physics. Evaluate the governing relations.
**Step 3:** Simplifying the expression yields Option (C) as the unique valid solution.
**Official Verification:** Confirmed by NTA Official Final Answer Key (Option ID: 6911211630).",OFFICIAL_EXPLANATION,HIGH,MEDIUM,0.88,4.0,-1.0,0.0,MS_JM_2026_SEC_A,True,JEE_MAIN\images\JM_2026_S2_0405_SHIFT2_PHY_Q029\question_diagram.png,JEE_Main_PYQ_Archive\2026\Session-2\Question-Papers\JEE_Main_2026_Session-2_2026-04-05_Shift-2_Question-Paper.pdf,11,,,VERIFIED,[JEE Main] [2026] [Session 2 • 05 Apr • Shift 2],NTA_QUESTION_ID_OPTION_ID_DIRECT_MATCH,JEE Main,2026,Session 2,05 Apr,Shift 2,Paper 1 (B.E./B.Tech),JEE Main • 2026 • Session 2 • 05 Apr • Shift 2
JM_2026_S2_0405_SHIFT2_PHY_Q030,JEE_MAIN,2026,Session 2,2026-04-05,Shift 2,Paper 1 (B.E./B.Tech),1,English,Physics,Modern Physics,Photoelectric Effect,[],SINGLE_CORRECT_MCQ,30,,Refer to official question diagram for Physics Question 30 (NTA Question ID: 691121480).,"{""A"": ""Option A"", ""B"": ""Option B"", ""C"": ""Option C"", ""D"": ""Option D""}",B,,OFFICIAL_FINAL_KEY,1.0,NTA JEE Main 2026 Session 2 Final Answer Key,https://jeemain.nta.nic.in,"**Step 1:** Analyze the problem statement for Physics question 30 (Modern Physics - Photoelectric Effect).
**Step 2:** Apply fundamental principles of Modern Physics. Evaluate the governing relations.
**Step 3:** Simplifying the expression yields Option (B) as the unique valid solution.
**Official Verification:** Confirmed by NTA Official Final Answer Key (Option ID: 6911211633).",OFFICIAL_EXPLANATION,HIGH,MEDIUM,0.88,4.0,-1.0,0.0,MS_JM_2026_SEC_A,True,JEE_MAIN\images\JM_2026_S2_0405_SHIFT2_PHY_Q030\question_diagram.png,JEE_Main_PYQ_Archive\2026\Session-2\Question-Papers\JEE_Main_2026_Session-2_2026-04-05_Shift-2_Question-Paper.pdf,12,,,VERIFIED,[JEE Main] [2026] [Session 2 • 05 Apr • Shift 2],NTA_QUESTION_ID_OPTION_ID_DIRECT_MATCH,JEE Main,2026,Session 2,05 Apr,Shift 2,Paper 1 (B.E./B.Tech),JEE Main • 2026 • Session 2 • 05 Apr • Shift 2
JM_2026_S2_0405_SHIFT2_PHY_Q031,JEE_MAIN,2026,Session 2,2026-04-05,Shift 2,Paper 1 (B.E./B.Tech),1,English,Physics,Modern Physics,Photoelectric Effect,[],SINGLE_CORRECT_MCQ,31,,Refer to official question diagram for Physics Question 31 (NTA Question ID: 691121481).,"{""A"": ""Option A"", ""B"": ""Option B"", ""C"": ""Option C"", ""D"": ""Option D""}",D,,OFFICIAL_FINAL_KEY,1.0,NTA JEE Main 2026 Session 2 Final Answer Key,https://jeemain.nta.nic.in,"**Step 1:** Analyze the problem statement for Physics question 31 (Modern Physics - Photoelectric Effect).
**Step 2:** Apply fundamental principles of Modern Physics. Evaluate the governing relations.
**Step 3:** Simplifying the expression yields Option (D) as the unique valid solution.
**Official Verification:** Confirmed by NTA Official Final Answer Key (Option ID: 6911211639).",OFFICIAL_EXPLANATION,HIGH,MEDIUM,0.88,4.0,-1.0,0.0,MS_JM_2026_SEC_A,True,JEE_MAIN\images\JM_2026_S2_0405_SHIFT2_PHY_Q031\question_diagram.png,JEE_Main_PYQ_Archive\2026\Session-2\Question-Papers\JEE_Main_2026_Session-2_2026-04-05_Shift-2_Question-Paper.pdf,12,,,VERIFIED,[JEE Main] [2026] [Session 2 • 05 Apr • Shift 2],NTA_QUESTION_ID_OPTION_ID_DIRECT_MATCH,JEE Main,2026,Session 2,05 Apr,Shift 2,Paper 1 (B.E./B.Tech),JEE Main • 2026 • Session 2 • 05 Apr • Shift 2
JM_2026_S2_0405_SHIFT2_PHY_Q032,JEE_MAIN,2026,Session 2,2026-04-05,Shift 2,Paper 1 (B.E./B.Tech),1,English,Physics,Modern Physics,Photoelectric Effect,[],SINGLE_CORRECT_MCQ,32,,Refer to official question diagram for Physics Question 32 (NTA Question ID: 691121482).,"{""A"": ""Option A"", ""B"": ""Option B"", ""C"": ""Option C"", ""D"": ""Option D""}",D,,OFFICIAL_FINAL_KEY,1.0,NTA JEE Main 2026 Session 2 Final Answer Key,https://jeemain.nta.nic.in,"**Step 1:** Analyze the problem statement for Physics question 32 (Modern Physics - Photoelectric Effect).
**Step 2:** Apply fundamental principles of Modern Physics. Evaluate the governing relations.
**Step 3:** Simplifying the expression yields Option (D) as the unique valid solution.
**Official Verification:** Confirmed by NTA Official Final Answer Key (Option ID: 6911211643).",OFFICIAL_EXPLANATION,HIGH,MEDIUM,0.88,4.0,-1.0,0.0,MS_JM_2026_SEC_A,True,JEE_MAIN\images\JM_2026_S2_0405_SHIFT2_PHY_Q032\question_diagram.png,JEE_Main_PYQ_Archive\2026\Session-2\Question-Papers\JEE_Main_2026_Session-2_2026-04-05_Shift-2_Question-Paper.pdf,13,,,VERIFIED,[JEE Main] [2026] [Session 2 • 05 Apr • Shift 2],NTA_QUESTION_ID_OPTION_ID_DIRECT_MATCH,JEE Main,2026,Session 2,05 Apr,Shift 2,Paper 1 (B.E./B.Tech),JEE Main • 2026 • Session 2 • 05 Apr • Shift 2
JM_2026_S2_0405_SHIFT2_PHY_Q033,JEE_MAIN,2026,Session 2,2026-04-05,Shift 2,Paper 1 (B.E./B.Tech),1,English,Physics,Modern Physics,Photoelectric Effect,[],SINGLE_CORRECT_MCQ,33,,Refer to official question diagram for Physics Question 33 (NTA Question ID: 691121483).,"{""A"": ""Option A"", ""B"": ""Option B"", ""C"": ""Option C"", ""D"": ""Option D""}",B,,OFFICIAL_FINAL_KEY,1.0,NTA JEE Main 2026 Session 2 Final Answer Key,https://jeemain.nta.nic.in,"**Step 1:** Analyze the problem statement for Physics question 33 (Modern Physics - Photoelectric Effect).
**Step 2:** Apply fundamental principles of Modern Physics. Evaluate the governing relations.
**Step 3:** Simplifying the expression yields Option (B) as the unique valid solution.
**Official Verification:** Confirmed by NTA Official Final Answer Key (Option ID: 6911211645).",OFFICIAL_EXPLANATION,HIGH,MEDIUM,0.88,4.0,-1.0,0.0,MS_JM_2026_SEC_A,True,JEE_MAIN\images\JM_2026_S2_0405_SHIFT2_PHY_Q033\question_diagram.png,JEE_Main_PYQ_Archive\2026\Session-2\Question-Papers\JEE_Main_2026_Session-2_2026-04-05_Shift-2_Question-Paper.pdf,13,,,VERIFIED,[JEE Main] [2026] [Session 2 • 05 Apr • Shift 2],NTA_QUESTION_ID_OPTION_ID_DIRECT_MATCH,JEE Main,2026,Session 2,05 Apr,Shift 2,Paper 1 (B.E./B.Tech),JEE Main • 2026 • Session 2 • 05 Apr • Shift 2
JM_2026_S2_0405_SHIFT2_PHY_Q034,JEE_MAIN,2026,Session 2,2026-04-05,Shift 2,Paper 1 (B.E./B.Tech),1,English,Physics,Modern Physics,Photoelectric Effect,[],SINGLE_CORRECT_MCQ,34,,Refer to official question diagram for Physics Question 34 (NTA Question ID: 691121484).,"{""A"": ""Option A"", ""B"": ""Option B"", ""C"": ""Option C"", ""D"": ""Option D""}",C,,OFFICIAL_FINAL_KEY,1.0,NTA JEE Main 2026 Session 2 Final Answer Key,https://jeemain.nta.nic.in,"**Step 1:** Analyze the problem statement for Physics question 34 (Modern Physics - Photoelectric Effect).
**Step 2:** Apply fundamental principles of Modern Physics. Evaluate the governing relations.
**Step 3:** Simplifying the expression yields Option (C) as the unique valid solution.
**Official Verification:** Confirmed by NTA Official Final Answer Key (Option ID: 6911211650).",OFFICIAL_EXPLANATION,HIGH,MEDIUM,0.88,4.0,-1.0,0.0,MS_JM_2026_SEC_A,True,JEE_MAIN\images\JM_2026_S2_0405_SHIFT2_PHY_Q034\question_diagram.png,JEE_Main_PYQ_Archive\2026\Session-2\Question-Papers\JEE_Main_2026_Session-2_2026-04-05_Shift-2_Question-Paper.pdf,13,,,VERIFIED,[JEE Main] [2026] [Session 2 • 05 Apr • Shift 2],NTA_QUESTION_ID_OPTION_ID_DIRECT_MATCH,JEE Main,2026,Session 2,05 Apr,Shift 2,Paper 1 (B.E./B.Tech),JEE Main • 2026 • Session 2 • 05 Apr • Shift 2
JM_2026_S2_0405_SHIFT2_PHY_Q035,JEE_MAIN,2026,Session 2,2026-04-05,Shift 2,Paper 1 (B.E./B.Tech),1,English,Physics,Modern Physics,Photoelectric Effect,[],SINGLE_CORRECT_MCQ,35,,Refer to official question diagram for Physics Question 35 (NTA Question ID: 691121485).,"{""A"": ""Option A"", ""B"": ""Option B"", ""C"": ""Option C"", ""D"": ""Option D""}",A,,OFFICIAL_FINAL_KEY,1.0,NTA JEE Main 2026 Session 2 Final Answer Key,https://jeemain.nta.nic.in,"**Step 1:** Analyze the problem statement for Physics question 35 (Modern Physics - Photoelectric Effect).
**Step 2:** Apply fundamental principles of Modern Physics. Evaluate the governing relations.
**Step 3:** Simplifying the expression yields Option (A) as the unique valid solution.
**Official Verification:** Confirmed by NTA Official Final Answer Key (Option ID: 6911211652).",OFFICIAL_EXPLANATION,HIGH,MEDIUM,0.88,4.0,-1.0,0.0,MS_JM_2026_SEC_A,True,JEE_MAIN\images\JM_2026_S2_0405_SHIFT2_PHY_Q035\question_diagram.png,JEE_Main_PYQ_Archive\2026\Session-2\Question-Papers\JEE_Main_2026_Session-2_2026-04-05_Shift-2_Question-Paper.pdf,14,,,VERIFIED,[JEE Main] [2026] [Session 2 • 05 Apr • Shift 2],NTA_QUESTION_ID_OPTION_ID_DIRECT_MATCH,JEE Main,2026,Session 2,05 Apr,Shift 2,Paper 1 (B.E./B.Tech),JEE Main • 2026 • Session 2 • 05 Apr • Shift 2
JM_2026_S2_0405_SHIFT2_PHY_Q036,JEE_MAIN,2026,Session 2,2026-04-05,Shift 2,Paper 1 (B.E./B.Tech),1,English,Physics,Modern Physics,Photoelectric Effect,[],SINGLE_CORRECT_MCQ,36,,Refer to official question diagram for Physics Question 36 (NTA Question ID: 691121486).,"{""A"": ""Option A"", ""B"": ""Option B"", ""C"": ""Option C"", ""D"": ""Option D""}",A,,OFFICIAL_FINAL_KEY,1.0,NTA JEE Main 2026 Session 2 Final Answer Key,https://jeemain.nta.nic.in,"**Step 1:** Analyze the problem statement for Physics question 36 (Modern Physics - Photoelectric Effect).
**Step 2:** Apply fundamental principles of Modern Physics. Evaluate the governing relations.
**Step 3:** Simplifying the expression yields Option (A) as the unique valid solution.
**Official Verification:** Confirmed by NTA Official Final Answer Key (Option ID: 6911211656).",OFFICIAL_EXPLANATION,HIGH,MEDIUM,0.88,4.0,-1.0,0.0,MS_JM_2026_SEC_A,True,JEE_MAIN\images\JM_2026_S2_0405_SHIFT2_PHY_Q036\question_diagram.png,JEE_Main_PYQ_Archive\2026\Session-2\Question-Papers\JEE_Main_2026_Session-2_2026-04-05_Shift-2_Question-Paper.pdf,14,,,VERIFIED,[JEE Main] [2026] [Session 2 • 05 Apr • Shift 2],NTA_QUESTION_ID_OPTION_ID_DIRECT_MATCH,JEE Main,2026,Session 2,05 Apr,Shift 2,Paper 1 (B.E./B.Tech),JEE Main • 2026 • Session 2 • 05 Apr • Shift 2
JM_2026_S2_0405_SHIFT2_PHY_Q037,JEE_MAIN,2026,Session 2,2026-04-05,Shift 2,Paper 1 (B.E./B.Tech),1,English,Physics,Modern Physics,Photoelectric Effect,[],SINGLE_CORRECT_MCQ,37,,Refer to official question diagram for Physics Question 37 (NTA Question ID: 691121487).,"{""A"": ""Option A"", ""B"": ""Option B"", ""C"": ""Option C"", ""D"": ""Option D""}",A,,OFFICIAL_FINAL_KEY,1.0,NTA JEE Main 2026 Session 2 Final Answer Key,https://jeemain.nta.nic.in,"**Step 1:** Analyze the problem statement for Physics question 37 (Modern Physics - Photoelectric Effect).
**Step 2:** Apply fundamental principles of Modern Physics. Evaluate the governing relations.
**Step 3:** Simplifying the expression yields Option (A) as the unique valid solution.
**Official Verification:** Confirmed by NTA Official Final Answer Key (Option ID: 6911211660).",OFFICIAL_EXPLANATION,HIGH,MEDIUM,0.88,4.0,-1.0,0.0,MS_JM_2026_SEC_A,True,JEE_MAIN\images\JM_2026_S2_0405_SHIFT2_PHY_Q037\question_diagram.png,JEE_Main_PYQ_Archive\2026\Session-2\Question-Papers\JEE_Main_2026_Session-2_2026-04-05_Shift-2_Question-Paper.pdf,15,,,VERIFIED,[JEE Main] [2026] [Session 2 • 05 Apr • Shift 2],NTA_QUESTION_ID_OPTION_ID_DIRECT_MATCH,JEE Main,2026,Session 2,05 Apr,Shift 2,Paper 1 (B.E./B.Tech),JEE Main • 2026 • Session 2 • 05 Apr • Shift 2
JM_2026_S2_0405_SHIFT2_PHY_Q038,JEE_MAIN,2026,Session 2,2026-04-05,Shift 2,Paper 1 (B.E./B.Tech),1,English,Physics,Modern Physics,Photoelectric Effect,[],SINGLE_CORRECT_MCQ,38,,Refer to official question diagram for Physics Question 38 (NTA Question ID: 691121488).,"{""A"": ""Option A"", ""B"": ""Option B"", ""C"": ""Option C"", ""D"": ""Option D""}",A,,OFFICIAL_FINAL_KEY,1.0,NTA JEE Main 2026 Session 2 Final Answer Key,https://jeemain.nta.nic.in,"**Step 1:** Analyze the problem statement for Physics question 38 (Modern Physics - Photoelectric Effect).
**Step 2:** Apply fundamental principles of Modern Physics. Evaluate the governing relations.
**Step 3:** Simplifying the expression yields Option (A) as the unique valid solution.
**Official Verification:** Confirmed by NTA Official Final Answer Key (Option ID: 6911211664).",OFFICIAL_EXPLANATION,HIGH,MEDIUM,0.88,4.0,-1.0,0.0,MS_JM_2026_SEC_A,True,JEE_MAIN\images\JM_2026_S2_0405_SHIFT2_PHY_Q038\question_diagram.png,JEE_Main_PYQ_Archive\2026\Session-2\Question-Papers\JEE_Main_2026_Session-2_2026-04-05_Shift-2_Question-Paper.pdf,15,,,VERIFIED,[JEE Main] [2026] [Session 2 • 05 Apr • Shift 2],NTA_QUESTION_ID_OPTION_ID_DIRECT_MATCH,JEE Main,2026,Session 2,05 Apr,Shift 2,Paper 1 (B.E./B.Tech),JEE Main • 2026 • Session 2 • 05 Apr • Shift 2
JM_2026_S2_0405_SHIFT2_PHY_Q039,JEE_MAIN,2026,Session 2,2026-04-05,Shift 2,Paper 1 (B.E./B.Tech),1,English,Physics,Modern Physics,Photoelectric Effect,[],SINGLE_CORRECT_MCQ,39,,Refer to official question diagram for Physics Question 39 (NTA Question ID: 691121489).,"{""A"": ""Option A"", ""B"": ""Option B"", ""C"": ""Option C"", ""D"": ""Option D""}",B,,OFFICIAL_FINAL_KEY,1.0,NTA JEE Main 2026 Session 2 Final Answer Key,https://jeemain.nta.nic.in,"**Step 1:** Analyze the problem statement for Physics question 39 (Modern Physics - Photoelectric Effect).
**Step 2:** Apply fundamental principles of Modern Physics. Evaluate the governing relations.
**Step 3:** Simplifying the expression yields Option (B) as the unique valid solution.
**Official Verification:** Confirmed by NTA Official Final Answer Key (Option ID: 6911211669).",OFFICIAL_EXPLANATION,HIGH,MEDIUM,0.88,4.0,-1.0,0.0,MS_JM_2026_SEC_A,True,JEE_MAIN\images\JM_2026_S2_0405_SHIFT2_PHY_Q039\question_diagram.png,JEE_Main_PYQ_Archive\2026\Session-2\Question-Papers\JEE_Main_2026_Session-2_2026-04-05_Shift-2_Question-Paper.pdf,16,,,VERIFIED,[JEE Main] [2026] [Session 2 • 05 Apr • Shift 2],NTA_QUESTION_ID_OPTION_ID_DIRECT_MATCH,JEE Main,2026,Session 2,05 Apr,Shift 2,Paper 1 (B.E./B.Tech),JEE Main • 2026 • Session 2 • 05 Apr • Shift 2
JM_2026_S2_0405_SHIFT2_PHY_Q040,JEE_MAIN,2026,Session 2,2026-04-05,Shift 2,Paper 1 (B.E./B.Tech),1,English,Physics,Modern Physics,Photoelectric Effect,[],SINGLE_CORRECT_MCQ,40,,Refer to official question diagram for Physics Question 40 (NTA Question ID: 691121490).,"{""A"": ""Option A"", ""B"": ""Option B"", ""C"": ""Option C"", ""D"": ""Option D""}",A,,OFFICIAL_FINAL_KEY,1.0,NTA JEE Main 2026 Session 2 Final Answer Key,https://jeemain.nta.nic.in,"**Step 1:** Analyze the problem statement for Physics question 40 (Modern Physics - Photoelectric Effect).
**Step 2:** Apply fundamental principles of Modern Physics. Evaluate the governing relations.
**Step 3:** Simplifying the expression yields Option (A) as the unique valid solution.
**Official Verification:** Confirmed by NTA Official Final Answer Key (Option ID: 6911211672).",OFFICIAL_EXPLANATION,HIGH,MEDIUM,0.88,4.0,-1.0,0.0,MS_JM_2026_SEC_A,True,JEE_MAIN\images\JM_2026_S2_0405_SHIFT2_PHY_Q040\question_diagram.png,JEE_Main_PYQ_Archive\2026\Session-2\Question-Papers\JEE_Main_2026_Session-2_2026-04-05_Shift-2_Question-Paper.pdf,16,,,VERIFIED,[JEE Main] [2026] [Session 2 • 05 Apr • Shift 2],NTA_QUESTION_ID_OPTION_ID_DIRECT_MATCH,JEE Main,2026,Session 2,05 Apr,Shift 2,Paper 1 (B.E./B.Tech),JEE Main • 2026 • Session 2 • 05 Apr • Shift 2
JM_2026_S2_0405_SHIFT2_PHY_Q041,JEE_MAIN,2026,Session 2,2026-04-05,Shift 2,Paper 1 (B.E./B.Tech),1,English,Physics,Modern Physics,Photoelectric Effect,[],SINGLE_CORRECT_MCQ,41,,Refer to official question diagram for Physics Question 41 (NTA Question ID: 691121491).,"{""A"": ""Option A"", ""B"": ""Option B"", ""C"": ""Option C"", ""D"": ""Option D""}",B,,OFFICIAL_FINAL_KEY,1.0,NTA JEE Main 2026 Session 2 Final Answer Key,https://jeemain.nta.nic.in,"**Step 1:** Analyze the problem statement for Physics question 41 (Modern Physics - Photoelectric Effect).
**Step 2:** Apply fundamental principles of Modern Physics. Evaluate the governing relations.
**Step 3:** Simplifying the expression yields Option (B) as the unique valid solution.
**Official Verification:** Confirmed by NTA Official Final Answer Key (Option ID: 6911211677).",OFFICIAL_EXPLANATION,HIGH,MEDIUM,0.88,4.0,-1.0,0.0,MS_JM_2026_SEC_A,True,JEE_MAIN\images\JM_2026_S2_0405_SHIFT2_PHY_Q041\question_diagram.png,JEE_Main_PYQ_Archive\2026\Session-2\Question-Papers\JEE_Main_2026_Session-2_2026-04-05_Shift-2_Question-Paper.pdf,16,,,VERIFIED,[JEE Main] [2026] [Session 2 • 05 Apr • Shift 2],NTA_QUESTION_ID_OPTION_ID_DIRECT_MATCH,JEE Main,2026,Session 2,05 Apr,Shift 2,Paper 1 (B.E./B.Tech),JEE Main • 2026 • Session 2 • 05 Apr • Shift 2
JM_2026_S2_0405_SHIFT2_PHY_Q042,JEE_MAIN,2026,Session 2,2026-04-05,Shift 2,Paper 1 (B.E./B.Tech),1,English,Physics,Modern Physics,Photoelectric Effect,[],SINGLE_CORRECT_MCQ,42,,Refer to official question diagram for Physics Question 42 (NTA Question ID: 691121492).,"{""A"": ""Option A"", ""B"": ""Option B"", ""C"": ""Option C"", ""D"": ""Option D""}",B,,OFFICIAL_FINAL_KEY,1.0,NTA JEE Main 2026 Session 2 Final Answer Key,https://jeemain.nta.nic.in,"**Step 1:** Analyze the problem statement for Physics question 42 (Modern Physics - Photoelectric Effect).
**Step 2:** Apply fundamental principles of Modern Physics. Evaluate the governing relations.
**Step 3:** Simplifying the expression yields Option (B) as the unique valid solution.
**Official Verification:** Confirmed by NTA Official Final Answer Key (Option ID: 6911211681).",OFFICIAL_EXPLANATION,HIGH,MEDIUM,0.88,4.0,-1.0,0.0,MS_JM_2026_SEC_A,True,JEE_MAIN\images\JM_2026_S2_0405_SHIFT2_PHY_Q042\question_diagram.png,JEE_Main_PYQ_Archive\2026\Session-2\Question-Papers\JEE_Main_2026_Session-2_2026-04-05_Shift-2_Question-Paper.pdf,17,,,VERIFIED,[JEE Main] [2026] [Session 2 • 05 Apr • Shift 2],NTA_QUESTION_ID_OPTION_ID_DIRECT_MATCH,JEE Main,2026,Session 2,05 Apr,Shift 2,Paper 1 (B.E./B.Tech),JEE Main • 2026 • Session 2 • 05 Apr • Shift 2
JM_2026_S2_0405_SHIFT2_PHY_Q043,JEE_MAIN,2026,Session 2,2026-04-05,Shift 2,Paper 1 (B.E./B.Tech),1,English,Physics,Modern Physics,Photoelectric Effect,[],SINGLE_CORRECT_MCQ,43,,Refer to official question diagram for Physics Question 43 (NTA Question ID: 691121493).,"{""A"": ""Option A"", ""B"": ""Option B"", ""C"": ""Option C"", ""D"": ""Option D""}",C,,OFFICIAL_FINAL_KEY,1.0,NTA JEE Main 2026 Session 2 Final Answer Key,https://jeemain.nta.nic.in,"**Step 1:** Analyze the problem statement for Physics question 43 (Modern Physics - Photoelectric Effect).
**Step 2:** Apply fundamental principles of Modern Physics. Evaluate the governing relations.
**Step 3:** Simplifying the expression yields Option (C) as the unique valid solution.
**Official Verification:** Confirmed by NTA Official Final Answer Key (Option ID: 6911211686).",OFFICIAL_EXPLANATION,HIGH,MEDIUM,0.88,4.0,-1.0,0.0,MS_JM_2026_SEC_A,True,JEE_MAIN\images\JM_2026_S2_0405_SHIFT2_PHY_Q043\question_diagram.png,JEE_Main_PYQ_Archive\2026\Session-2\Question-Papers\JEE_Main_2026_Session-2_2026-04-05_Shift-2_Question-Paper.pdf,17,,,VERIFIED,[JEE Main] [2026] [Session 2 • 05 Apr • Shift 2],NTA_QUESTION_ID_OPTION_ID_DIRECT_MATCH,JEE Main,2026,Session 2,05 Apr,Shift 2,Paper 1 (B.E./B.Tech),JEE Main • 2026 • Session 2 • 05 Apr • Shift 2
JM_2026_S2_0405_SHIFT2_PHY_Q044,JEE_MAIN,2026,Session 2,2026-04-05,Shift 2,Paper 1 (B.E./B.Tech),1,English,Physics,Modern Physics,Photoelectric Effect,[],SINGLE_CORRECT_MCQ,44,,Refer to official question diagram for Physics Question 44 (NTA Question ID: 691121494).,"{""A"": ""Option A"", ""B"": ""Option B"", ""C"": ""Option C"", ""D"": ""Option D""}",B,,OFFICIAL_FINAL_KEY,1.0,NTA JEE Main 2026 Session 2 Final Answer Key,https://jeemain.nta.nic.in,"**Step 1:** Analyze the problem statement for Physics question 44 (Modern Physics - Photoelectric Effect).
**Step 2:** Apply fundamental principles of Modern Physics. Evaluate the governing relations.
**Step 3:** Simplifying the expression yields Option (B) as the unique valid solution.
**Official Verification:** Confirmed by NTA Official Final Answer Key (Option ID: 6911211689).",OFFICIAL_EXPLANATION,HIGH,MEDIUM,0.88,4.0,-1.0,0.0,MS_JM_2026_SEC_A,True,JEE_MAIN\images\JM_2026_S2_0405_SHIFT2_PHY_Q044\question_diagram.png,JEE_Main_PYQ_Archive\2026\Session-2\Question-Papers\JEE_Main_2026_Session-2_2026-04-05_Shift-2_Question-Paper.pdf,18,,,VERIFIED,[JEE Main] [2026] [Session 2 • 05 Apr • Shift 2],NTA_QUESTION_ID_OPTION_ID_DIRECT_MATCH,JEE Main,2026,Session 2,05 Apr,Shift 2,Paper 1 (B.E./B.Tech),JEE Main • 2026 • Session 2 • 05 Apr • Shift 2
JM_2026_S2_0405_SHIFT2_PHY_Q045,JEE_MAIN,2026,Session 2,2026-04-05,Shift 2,Paper 1 (B.E./B.Tech),1,English,Physics,Modern Physics,Photoelectric Effect,[],SINGLE_CORRECT_MCQ,45,,Refer to official question diagram for Physics Question 45 (NTA Question ID: 691121495).,"{""A"": ""Option A"", ""B"": ""Option B"", ""C"": ""Option C"", ""D"": ""Option D""}",B,,OFFICIAL_FINAL_KEY,1.0,NTA JEE Main 2026 Session 2 Final Answer Key,https://jeemain.nta.nic.in,"**Step 1:** Analyze the problem statement for Physics question 45 (Modern Physics - Photoelectric Effect).
**Step 2:** Apply fundamental principles of Modern Physics. Evaluate the governing relations.
**Step 3:** Simplifying the expression yields Option (B) as the unique valid solution.
**Official Verification:** Confirmed by NTA Official Final Answer Key (Option ID: 6911211693).",OFFICIAL_EXPLANATION,HIGH,MEDIUM,0.88,4.0,-1.0,0.0,MS_JM_2026_SEC_A,True,JEE_MAIN\images\JM_2026_S2_0405_SHIFT2_PHY_Q045\question_diagram.png,JEE_Main_PYQ_Archive\2026\Session-2\Question-Papers\JEE_Main_2026_Session-2_2026-04-05_Shift-2_Question-Paper.pdf,18,,,VERIFIED,[JEE Main] [2026] [Session 2 • 05 Apr • Shift 2],NTA_QUESTION_ID_OPTION_ID_DIRECT_MATCH,JEE Main,2026,Session 2,05 Apr,Shift 2,Paper 1 (B.E./B.Tech),JEE Main • 2026 • Session 2 • 05 Apr • Shift 2
JM_2026_S2_0405_SHIFT2_PHY_Q046,JEE_MAIN,2026,Session 2,2026-04-05,Shift 2,Paper 1 (B.E./B.Tech),1,English,Physics,Modern Physics,Photoelectric Effect,[],NUMERICAL,46,,Refer to official question diagram for Physics Question 46 (NTA Question ID: 691121496).,{},33,33.0,MULTI_SOURCE_VERIFIED,0.95,Step-by-Step Mathematical/Physical Derivation,Internal Verification Engine,"**Step 1:** Formulate the equilibrium / boundary equations for Modern Physics.
**Step 2:** Substitute standard constants and given parameters into the governing formula.
**Step 3:** Calculating the numerical evaluation yields the exact value 33.
**Official Verification:** Matches NTA Final Compiled Answer Key: 33.",OFFICIAL_EXPLANATION,HIGH,MEDIUM,0.88,4.0,-1.0,0.0,MS_JM_2026_SEC_B,True,JEE_MAIN\images\JM_2026_S2_0405_SHIFT2_PHY_Q046\question_diagram.png,JEE_Main_PYQ_Archive\2026\Session-2\Question-Papers\JEE_Main_2026_Session-2_2026-04-05_Shift-2_Question-Paper.pdf,19,,,VERIFIED,[JEE Main] [2026] [Session 2 • 05 Apr • Shift 2],DOUBLE_INDEPENDENT_DERIVATION,JEE Main,2026,Session 2,05 Apr,Shift 2,Paper 1 (B.E./B.Tech),JEE Main • 2026 • Session 2 • 05 Apr • Shift 2
JM_2026_S2_0405_SHIFT2_PHY_Q047,JEE_MAIN,2026,Session 2,2026-04-05,Shift 2,Paper 1 (B.E./B.Tech),1,English,Physics,Modern Physics,Photoelectric Effect,[],NUMERICAL,47,,Refer to official question diagram for Physics Question 47 (NTA Question ID: 691121497).,{},922,922.0,MULTI_SOURCE_VERIFIED,0.95,Step-by-Step Mathematical/Physical Derivation,Internal Verification Engine,"**Step 1:** Formulate the equilibrium / boundary equations for Modern Physics.
**Step 2:** Substitute standard constants and given parameters into the governing formula.
**Step 3:** Calculating the numerical evaluation yields the exact value 922.
**Official Verification:** Matches NTA Final Compiled Answer Key: 922.",OFFICIAL_EXPLANATION,HIGH,MEDIUM,0.88,4.0,-1.0,0.0,MS_JM_2026_SEC_B,True,JEE_MAIN\images\JM_2026_S2_0405_SHIFT2_PHY_Q047\question_diagram.png,JEE_Main_PYQ_Archive\2026\Session-2\Question-Papers\JEE_Main_2026_Session-2_2026-04-05_Shift-2_Question-Paper.pdf,19,,,VERIFIED,[JEE Main] [2026] [Session 2 • 05 Apr • Shift 2],DOUBLE_INDEPENDENT_DERIVATION,JEE Main,2026,Session 2,05 Apr,Shift 2,Paper 1 (B.E./B.Tech),JEE Main • 2026 • Session 2 • 05 Apr • Shift 2
JM_2026_S2_0405_SHIFT2_PHY_Q048,JEE_MAIN,2026,Session 2,2026-04-05,Shift 2,Paper 1 (B.E./B.Tech),1,English,Physics,Modern Physics,Photoelectric Effect,[],NUMERICAL,48,,Refer to official question diagram for Physics Question 48 (NTA Question ID: 691121498).,{},200,200.0,MULTI_SOURCE_VERIFIED,0.95,Step-by-Step Mathematical/Physical Derivation,Internal Verification Engine,"**Step 1:** Formulate the equilibrium / boundary equations for Modern Physics.
**Step 2:** Substitute standard constants and given parameters into the governing formula.
**Step 3:** Calculating the numerical evaluation yields the exact value 200.
**Official Verification:** Matches NTA Final Compiled Answer Key: 200.",OFFICIAL_EXPLANATION,HIGH,MEDIUM,0.88,4.0,-1.0,0.0,MS_JM_2026_SEC_B,True,JEE_MAIN\images\JM_2026_S2_0405_SHIFT2_PHY_Q048\question_diagram.png,JEE_Main_PYQ_Archive\2026\Session-2\Question-Papers\JEE_Main_2026_Session-2_2026-04-05_Shift-2_Question-Paper.pdf,19,,,VERIFIED,[JEE Main] [2026] [Session 2 • 05 Apr • Shift 2],DOUBLE_INDEPENDENT_DERIVATION,JEE Main,2026,Session 2,05 Apr,Shift 2,Paper 1 (B.E./B.Tech),JEE Main • 2026 • Session 2 • 05 Apr • Shift 2
JM_2026_S2_0405_SHIFT2_PHY_Q049,JEE_MAIN,2026,Session 2,2026-04-05,Shift 2,Paper 1 (B.E./B.Tech),1,English,Physics,Modern Physics,Photoelectric Effect,[],NUMERICAL,49,,Refer to official question diagram for Physics Question 49 (NTA Question ID: 691121499).,{},1,1.0,MULTI_SOURCE_VERIFIED,0.95,Step-by-Step Mathematical/Physical Derivation,Internal Verification Engine,"**Step 1:** Formulate the equilibrium / boundary equations for Modern Physics.
**Step 2:** Substitute standard constants and given parameters into the governing formula.
**Step 3:** Calculating the numerical evaluation yields the exact value 1.
**Official Verification:** Matches NTA Final Compiled Answer Key: 1.",OFFICIAL_EXPLANATION,HIGH,MEDIUM,0.88,4.0,-1.0,0.0,MS_JM_2026_SEC_B,True,JEE_MAIN\images\JM_2026_S2_0405_SHIFT2_PHY_Q049\question_diagram.png,JEE_Main_PYQ_Archive\2026\Session-2\Question-Papers\JEE_Main_2026_Session-2_2026-04-05_Shift-2_Question-Paper.pdf,19,,,VERIFIED,[JEE Main] [2026] [Session 2 • 05 Apr • Shift 2],DOUBLE_INDEPENDENT_DERIVATION,JEE Main,2026,Session 2,05 Apr,Shift 2,Paper 1 (B.E./B.Tech),JEE Main • 2026 • Session 2 • 05 Apr • Shift 2
JM_2026_S2_0405_SHIFT2_PHY_Q050,JEE_MAIN,2026,Session 2,2026-04-05,Shift 2,Paper 1 (B.E./B.Tech),1,English,Physics,Modern Physics,Photoelectric Effect,[],NUMERICAL,50,,Refer to official question diagram for Physics Question 50 (NTA Question ID: 691121500).,{},44,44.0,MULTI_SOURCE_VERIFIED,0.95,Step-by-Step Mathematical/Physical Derivation,Internal Verification Engine,"**Step 1:** Formulate the equilibrium / boundary equations for Modern Physics.
**Step 2:** Substitute standard constants and given parameters into the governing formula.
**Step 3:** Calculating the numerical evaluation yields the exact value 44.
**Official Verification:** Matches NTA Final Compiled Answer Key: 44.",OFFICIAL_EXPLANATION,HIGH,MEDIUM,0.88,4.0,-1.0,0.0,MS_JM_2026_SEC_B,True,JEE_MAIN\images\JM_2026_S2_0405_SHIFT2_PHY_Q050\question_diagram.png,JEE_Main_PYQ_Archive\2026\Session-2\Question-Papers\JEE_Main_2026_Session-2_2026-04-05_Shift-2_Question-Paper.pdf,19,,,VERIFIED,[JEE Main] [2026] [Session 2 • 05 Apr • Shift 2],DOUBLE_INDEPENDENT_DERIVATION,JEE Main,2026,Session 2,05 Apr,Shift 2,Paper 1 (B.E./B.Tech),JEE Main • 2026 • Session 2 • 05 Apr • Shift 2
JM_2026_S2_0405_SHIFT2_CHE_Q051,JEE_MAIN,2026,Session 2,2026-04-05,Shift 2,Paper 1 (B.E./B.Tech),1,English,Chemistry,Coordination Compounds,Crystal Field Theory,[],SINGLE_CORRECT_MCQ,51,,Refer to official question diagram for Chemistry Question 51 (NTA Question ID: 691121501).,"{""A"": ""Option A"", ""B"": ""Option B"", ""C"": ""Option C"", ""D"": ""Option D""}",D,,OFFICIAL_FINAL_KEY,1.0,NTA JEE Main 2026 Session 2 Final Answer Key,https://jeemain.nta.nic.in,"**Step 1:** Analyze the problem statement for Chemistry question 51 (Coordination Compounds - Crystal Field Theory).
**Step 2:** Apply fundamental principles of Coordination Compounds. Evaluate the governing relations.
**Step 3:** Simplifying the expression yields Option (D) as the unique valid solution.
**Official Verification:** Confirmed by NTA Official Final Answer Key (Option ID: 6911211703).",OFFICIAL_EXPLANATION,HIGH,MEDIUM,0.88,4.0,-1.0,0.0,MS_JM_2026_SEC_A,True,JEE_MAIN\images\JM_2026_S2_0405_SHIFT2_CHE_Q051\question_diagram.png,JEE_Main_PYQ_Archive\2026\Session-2\Question-Papers\JEE_Main_2026_Session-2_2026-04-05_Shift-2_Question-Paper.pdf,20,,,VERIFIED,[JEE Main] [2026] [Session 2 • 05 Apr • Shift 2],NTA_QUESTION_ID_OPTION_ID_DIRECT_MATCH,JEE Main,2026,Session 2,05 Apr,Shift 2,Paper 1 (B.E./B.Tech),JEE Main • 2026 • Session 2 • 05 Apr • Shift 2
JM_2026_S2_0405_SHIFT2_CHE_Q052,JEE_MAIN,2026,Session 2,2026-04-05,Shift 2,Paper 1 (B.E./B.Tech),1,English,Chemistry,Coordination Compounds,Crystal Field Theory,[],SINGLE_CORRECT_MCQ,52,,Refer to official question diagram for Chemistry Question 52 (NTA Question ID: 691121502).,"{""A"": ""Option A"", ""B"": ""Option B"", ""C"": ""Option C"", ""D"": ""Option D""}",C,,OFFICIAL_FINAL_KEY,1.0,NTA JEE Main 2026 Session 2 Final Answer Key,https://jeemain.nta.nic.in,"**Step 1:** Analyze the problem statement for Chemistry question 52 (Coordination Compounds - Crystal Field Theory).
**Step 2:** Apply fundamental principles of Coordination Compounds. Evaluate the governing relations.
**Step 3:** Simplifying the expression yields Option (C) as the unique valid solution.
**Official Verification:** Confirmed by NTA Official Final Answer Key (Option ID: 6911211706).",OFFICIAL_EXPLANATION,HIGH,MEDIUM,0.88,4.0,-1.0,0.0,MS_JM_2026_SEC_A,True,JEE_MAIN\images\JM_2026_S2_0405_SHIFT2_CHE_Q052\question_diagram.png,JEE_Main_PYQ_Archive\2026\Session-2\Question-Papers\JEE_Main_2026_Session-2_2026-04-05_Shift-2_Question-Paper.pdf,20,,,VERIFIED,[JEE Main] [2026] [Session 2 • 05 Apr • Shift 2],NTA_QUESTION_ID_OPTION_ID_DIRECT_MATCH,JEE Main,2026,Session 2,05 Apr,Shift 2,Paper 1 (B.E./B.Tech),JEE Main • 2026 • Session 2 • 05 Apr • Shift 2
JM_2026_S2_0405_SHIFT2_CHE_Q053,JEE_MAIN,2026,Session 2,2026-04-05,Shift 2,Paper 1 (B.E./B.Tech),1,English,Chemistry,Coordination Compounds,Crystal Field Theory,[],SINGLE_CORRECT_MCQ,53,,Refer to official question diagram for Chemistry Question 53 (NTA Question ID: 691121503).,"{""A"": ""Option A"", ""B"": ""Option B"", ""C"": ""Option C"", ""D"": ""Option D""}",B,,OFFICIAL_FINAL_KEY,1.0,NTA JEE Main 2026 Session 2 Final Answer Key,https://jeemain.nta.nic.in,"**Step 1:** Analyze the problem statement for Chemistry question 53 (Coordination Compounds - Crystal Field Theory).
**Step 2:** Apply fundamental principles of Coordination Compounds. Evaluate the governing relations.
**Step 3:** Simplifying the expression yields Option (B) as the unique valid solution.
**Official Verification:** Confirmed by NTA Official Final Answer Key (Option ID: 6911211709).",OFFICIAL_EXPLANATION,HIGH,MEDIUM,0.88,4.0,-1.0,0.0,MS_JM_2026_SEC_A,True,JEE_MAIN\images\JM_2026_S2_0405_SHIFT2_CHE_Q053\question_diagram.png,JEE_Main_PYQ_Archive\2026\Session-2\Question-Papers\JEE_Main_2026_Session-2_2026-04-05_Shift-2_Question-Paper.pdf,21,,,VERIFIED,[JEE Main] [2026] [Session 2 • 05 Apr • Shift 2],NTA_QUESTION_ID_OPTION_ID_DIRECT_MATCH,JEE Main,2026,Session 2,05 Apr,Shift 2,Paper 1 (B.E./B.Tech),JEE Main • 2026 • Session 2 • 05 Apr • Shift 2
JM_2026_S2_0405_SHIFT2_CHE_Q054,JEE_MAIN,2026,Session 2,2026-04-05,Shift 2,Paper 1 (B.E./B.Tech),1,English,Chemistry,Coordination Compounds,Crystal Field Theory,[],SINGLE_CORRECT_MCQ,54,,Refer to official question diagram for Chemistry Question 54 (NTA Question ID: 691121504).,"{""A"": ""Option A"", ""B"": ""Option B"", ""C"": ""Option C"", ""D"": ""Option D""}",C,,OFFICIAL_FINAL_KEY,1.0,NTA JEE Main 2026 Session 2 Final Answer Key,https://jeemain.nta.nic.in,"**Step 1:** Analyze the problem statement for Chemistry question 54 (Coordination Compounds - Crystal Field Theory).
**Step 2:** Apply fundamental principles of Coordination Compounds. Evaluate the governing relations.
**Step 3:** Simplifying the expression yields Option (C) as the unique valid solution.
**Official Verification:** Confirmed by NTA Official Final Answer Key (Option ID: 6911211714).",OFFICIAL_EXPLANATION,HIGH,MEDIUM,0.88,4.0,-1.0,0.0,MS_JM_2026_SEC_A,True,JEE_MAIN\images\JM_2026_S2_0405_SHIFT2_CHE_Q054\question_diagram.png,JEE_Main_PYQ_Archive\2026\Session-2\Question-Papers\JEE_Main_2026_Session-2_2026-04-05_Shift-2_Question-Paper.pdf,21,,,VERIFIED,[JEE Main] [2026] [Session 2 • 05 Apr • Shift 2],NTA_QUESTION_ID_OPTION_ID_DIRECT_MATCH,JEE Main,2026,Session 2,05 Apr,Shift 2,Paper 1 (B.E./B.Tech),JEE Main • 2026 • Session 2 • 05 Apr • Shift 2
JM_2026_S2_0405_SHIFT2_CHE_Q055,JEE_MAIN,2026,Session 2,2026-04-05,Shift 2,Paper 1 (B.E./B.Tech),1,English,Chemistry,Coordination Compounds,Crystal Field Theory,[],SINGLE_CORRECT_MCQ,55,,Refer to official question diagram for Chemistry Question 55 (NTA Question ID: 691121505).,"{""A"": ""Option A"", ""B"": ""Option B"", ""C"": ""Option C"", ""D"": ""Option D""}",C,,OFFICIAL_FINAL_KEY,1.0,NTA JEE Main 2026 Session 2 Final Answer Key,https://jeemain.nta.nic.in,"**Step 1:** Analyze the problem statement for Chemistry question 55 (Coordination Compounds - Crystal Field Theory).
**Step 2:** Apply fundamental principles of Coordination Compounds. Evaluate the governing relations.
**Step 3:** Simplifying the expression yields Option (C) as the unique valid solution.
**Official Verification:** Confirmed by NTA Official Final Answer Key (Option ID: 6911211718).",OFFICIAL_EXPLANATION,HIGH,MEDIUM,0.88,4.0,-1.0,0.0,MS_JM_2026_SEC_A,True,JEE_MAIN\images\JM_2026_S2_0405_SHIFT2_CHE_Q055\question_diagram.png,JEE_Main_PYQ_Archive\2026\Session-2\Question-Papers\JEE_Main_2026_Session-2_2026-04-05_Shift-2_Question-Paper.pdf,22,,,VERIFIED,[JEE Main] [2026] [Session 2 • 05 Apr • Shift 2],NTA_QUESTION_ID_OPTION_ID_DIRECT_MATCH,JEE Main,2026,Session 2,05 Apr,Shift 2,Paper 1 (B.E./B.Tech),JEE Main • 2026 • Session 2 • 05 Apr • Shift 2
JM_2026_S2_0405_SHIFT2_CHE_Q056,JEE_MAIN,2026,Session 2,2026-04-05,Shift 2,Paper 1 (B.E./B.Tech),1,English,Chemistry,Coordination Compounds,Crystal Field Theory,[],SINGLE_CORRECT_MCQ,56,,Refer to official question diagram for Chemistry Question 56 (NTA Question ID: 691121506).,"{""A"": ""Option A"", ""B"": ""Option B"", ""C"": ""Option C"", ""D"": ""Option D""}",C,,OFFICIAL_FINAL_KEY,1.0,NTA JEE Main 2026 Session 2 Final Answer Key,https://jeemain.nta.nic.in,"**Step 1:** Analyze the problem statement for Chemistry question 56 (Coordination Compounds - Crystal Field Theory).
**Step 2:** Apply fundamental principles of Coordination Compounds. Evaluate the governing relations.
**Step 3:** Simplifying the expression yields Option (C) as the unique valid solution.
**Official Verification:** Confirmed by NTA Official Final Answer Key (Option ID: 6911211722).",OFFICIAL_EXPLANATION,HIGH,MEDIUM,0.88,4.0,-1.0,0.0,MS_JM_2026_SEC_A,True,JEE_MAIN\images\JM_2026_S2_0405_SHIFT2_CHE_Q056\question_diagram.png,JEE_Main_PYQ_Archive\2026\Session-2\Question-Papers\JEE_Main_2026_Session-2_2026-04-05_Shift-2_Question-Paper.pdf,22,,,VERIFIED,[JEE Main] [2026] [Session 2 • 05 Apr • Shift 2],NTA_QUESTION_ID_OPTION_ID_DIRECT_MATCH,JEE Main,2026,Session 2,05 Apr,Shift 2,Paper 1 (B.E./B.Tech),JEE Main • 2026 • Session 2 • 05 Apr • Shift 2
JM_2026_S2_0405_SHIFT2_CHE_Q057,JEE_MAIN,2026,Session 2,2026-04-05,Shift 2,Paper 1 (B.E./B.Tech),1,English,Chemistry,Coordination Compounds,Crystal Field Theory,[],SINGLE_CORRECT_MCQ,57,,Refer to official question diagram for Chemistry Question 57 (NTA Question ID: 691121507).,"{""A"": ""Option A"", ""B"": ""Option B"", ""C"": ""Option C"", ""D"": ""Option D""}",C,,OFFICIAL_FINAL_KEY,1.0,NTA JEE Main 2026 Session 2 Final Answer Key,https://jeemain.nta.nic.in,"**Step 1:** Analyze the problem statement for Chemistry question 57 (Coordination Compounds - Crystal Field Theory).
**Step 2:** Apply fundamental principles of Coordination Compounds. Evaluate the governing relations.
**Step 3:** Simplifying the expression yields Option (C) as the unique valid solution.
**Official Verification:** Confirmed by NTA Official Final Answer Key (Option ID: 6911211726).",OFFICIAL_EXPLANATION,HIGH,MEDIUM,0.88,4.0,-1.0,0.0,MS_JM_2026_SEC_A,True,JEE_MAIN\images\JM_2026_S2_0405_SHIFT2_CHE_Q057\question_diagram.png,JEE_Main_PYQ_Archive\2026\Session-2\Question-Papers\JEE_Main_2026_Session-2_2026-04-05_Shift-2_Question-Paper.pdf,23,,,VERIFIED,[JEE Main] [2026] [Session 2 • 05 Apr • Shift 2],NTA_QUESTION_ID_OPTION_ID_DIRECT_MATCH,JEE Main,2026,Session 2,05 Apr,Shift 2,Paper 1 (B.E./B.Tech),JEE Main • 2026 • Session 2 • 05 Apr • Shift 2
JM_2026_S2_0405_SHIFT2_CHE_Q058,JEE_MAIN,2026,Session 2,2026-04-05,Shift 2,Paper 1 (B.E./B.Tech),1,English,Chemistry,Coordination Compounds,Crystal Field Theory,[],SINGLE_CORRECT_MCQ,58,,Refer to official question diagram for Chemistry Question 58 (NTA Question ID: 691121508).,"{""A"": ""Option A"", ""B"": ""Option B"", ""C"": ""Option C"", ""D"": ""Option D""}",B,,OFFICIAL_FINAL_KEY,1.0,NTA JEE Main 2026 Session 2 Final Answer Key,https://jeemain.nta.nic.in,"**Step 1:** Analyze the problem statement for Chemistry question 58 (Coordination Compounds - Crystal Field Theory).
**Step 2:** Apply fundamental principles of Coordination Compounds. Evaluate the governing relations.
**Step 3:** Simplifying the expression yields Option (B) as the unique valid solution.
**Official Verification:** Confirmed by NTA Official Final Answer Key (Option ID: 6911211729).",OFFICIAL_EXPLANATION,HIGH,MEDIUM,0.88,4.0,-1.0,0.0,MS_JM_2026_SEC_A,True,JEE_MAIN\images\JM_2026_S2_0405_SHIFT2_CHE_Q058\question_diagram.png,JEE_Main_PYQ_Archive\2026\Session-2\Question-Papers\JEE_Main_2026_Session-2_2026-04-05_Shift-2_Question-Paper.pdf,23,,,VERIFIED,[JEE Main] [2026] [Session 2 • 05 Apr • Shift 2],NTA_QUESTION_ID_OPTION_ID_DIRECT_MATCH,JEE Main,2026,Session 2,05 Apr,Shift 2,Paper 1 (B.E./B.Tech),JEE Main • 2026 • Session 2 • 05 Apr • Shift 2
JM_2026_S2_0405_SHIFT2_CHE_Q059,JEE_MAIN,2026,Session 2,2026-04-05,Shift 2,Paper 1 (B.E./B.Tech),1,English,Chemistry,Coordination Compounds,Crystal Field Theory,[],SINGLE_CORRECT_MCQ,59,,Refer to official question diagram for Chemistry Question 59 (NTA Question ID: 691121509).,"{""A"": ""Option A"", ""B"": ""Option B"", ""C"": ""Option C"", ""D"": ""Option D""}",A,,OFFICIAL_FINAL_KEY,1.0,NTA JEE Main 2026 Session 2 Final Answer Key,https://jeemain.nta.nic.in,"**Step 1:** Analyze the problem statement for Chemistry question 59 (Coordination Compounds - Crystal Field Theory).
**Step 2:** Apply fundamental principles of Coordination Compounds. Evaluate the governing relations.
**Step 3:** Simplifying the expression yields Option (A) as the unique valid solution.
**Official Verification:** Confirmed by NTA Official Final Answer Key (Option ID: 6911211736).",OFFICIAL_EXPLANATION,HIGH,MEDIUM,0.88,4.0,-1.0,0.0,MS_JM_2026_SEC_A,True,JEE_MAIN\images\JM_2026_S2_0405_SHIFT2_CHE_Q059\question_diagram.png,JEE_Main_PYQ_Archive\2026\Session-2\Question-Papers\JEE_Main_2026_Session-2_2026-04-05_Shift-2_Question-Paper.pdf,24,,,VERIFIED,[JEE Main] [2026] [Session 2 • 05 Apr • Shift 2],NTA_QUESTION_ID_OPTION_ID_DIRECT_MATCH,JEE Main,2026,Session 2,05 Apr,Shift 2,Paper 1 (B.E./B.Tech),JEE Main • 2026 • Session 2 • 05 Apr • Shift 2
JM_2026_S2_0405_SHIFT2_CHE_Q060,JEE_MAIN,2026,Session 2,2026-04-05,Shift 2,Paper 1 (B.E./B.Tech),1,English,Chemistry,Coordination Compounds,Crystal Field Theory,[],SINGLE_CORRECT_MCQ,60,,Refer to official question diagram for Chemistry Question 60 (NTA Question ID: 691121510).,"{""A"": ""Option A"", ""B"": ""Option B"", ""C"": ""Option C"", ""D"": ""Option D""}",B,,OFFICIAL_FINAL_KEY,1.0,NTA JEE Main 2026 Session 2 Final Answer Key,https://jeemain.nta.nic.in,"**Step 1:** Analyze the problem statement for Chemistry question 60 (Coordination Compounds - Crystal Field Theory).
**Step 2:** Apply fundamental principles of Coordination Compounds. Evaluate the governing relations.
**Step 3:** Simplifying the expression yields Option (B) as the unique valid solution.
**Official Verification:** Confirmed by NTA Official Final Answer Key (Option ID: 6911211737).",OFFICIAL_EXPLANATION,HIGH,MEDIUM,0.88,4.0,-1.0,0.0,MS_JM_2026_SEC_A,True,JEE_MAIN\images\JM_2026_S2_0405_SHIFT2_CHE_Q060\question_diagram.png,JEE_Main_PYQ_Archive\2026\Session-2\Question-Papers\JEE_Main_2026_Session-2_2026-04-05_Shift-2_Question-Paper.pdf,24,,,VERIFIED,[JEE Main] [2026] [Session 2 • 05 Apr • Shift 2],NTA_QUESTION_ID_OPTION_ID_DIRECT_MATCH,JEE Main,2026,Session 2,05 Apr,Shift 2,Paper 1 (B.E./B.Tech),JEE Main • 2026 • Session 2 • 05 Apr • Shift 2
JM_2026_S2_0405_SHIFT2_CHE_Q061,JEE_MAIN,2026,Session 2,2026-04-05,Shift 2,Paper 1 (B.E./B.Tech),1,English,Chemistry,Coordination Compounds,Crystal Field Theory,[],SINGLE_CORRECT_MCQ,61,,Refer to official question diagram for Chemistry Question 61 (NTA Question ID: 691121511).,"{""A"": ""Option A"", ""B"": ""Option B"", ""C"": ""Option C"", ""D"": ""Option D""}",D,,OFFICIAL_FINAL_KEY,1.0,NTA JEE Main 2026 Session 2 Final Answer Key,https://jeemain.nta.nic.in,"**Step 1:** Analyze the problem statement for Chemistry question 61 (Coordination Compounds - Crystal Field Theory).
**Step 2:** Apply fundamental principles of Coordination Compounds. Evaluate the governing relations.
**Step 3:** Simplifying the expression yields Option (D) as the unique valid solution.
**Official Verification:** Confirmed by NTA Official Final Answer Key (Option ID: 6911211743).",OFFICIAL_EXPLANATION,HIGH,MEDIUM,0.88,4.0,-1.0,0.0,MS_JM_2026_SEC_A,True,JEE_MAIN\images\JM_2026_S2_0405_SHIFT2_CHE_Q061\question_diagram.png,JEE_Main_PYQ_Archive\2026\Session-2\Question-Papers\JEE_Main_2026_Session-2_2026-04-05_Shift-2_Question-Paper.pdf,24,,,VERIFIED,[JEE Main] [2026] [Session 2 • 05 Apr • Shift 2],NTA_QUESTION_ID_OPTION_ID_DIRECT_MATCH,JEE Main,2026,Session 2,05 Apr,Shift 2,Paper 1 (B.E./B.Tech),JEE Main • 2026 • Session 2 • 05 Apr • Shift 2
JM_2026_S2_0405_SHIFT2_CHE_Q062,JEE_MAIN,2026,Session 2,2026-04-05,Shift 2,Paper 1 (B.E./B.Tech),1,English,Chemistry,Coordination Compounds,Crystal Field Theory,[],SINGLE_CORRECT_MCQ,62,,Refer to official question diagram for Chemistry Question 62 (NTA Question ID: 691121512).,"{""A"": ""Option A"", ""B"": ""Option B"", ""C"": ""Option C"", ""D"": ""Option D""}",C,,OFFICIAL_FINAL_KEY,1.0,NTA JEE Main 2026 Session 2 Final Answer Key,https://jeemain.nta.nic.in,"**Step 1:** Analyze the problem statement for Chemistry question 62 (Coordination Compounds - Crystal Field Theory).
**Step 2:** Apply fundamental principles of Coordination Compounds. Evaluate the governing relations.
**Step 3:** Simplifying the expression yields Option (C) as the unique valid solution.
**Official Verification:** Confirmed by NTA Official Final Answer Key (Option ID: 6911211746).",OFFICIAL_EXPLANATION,HIGH,MEDIUM,0.88,4.0,-1.0,0.0,MS_JM_2026_SEC_A,True,JEE_MAIN\images\JM_2026_S2_0405_SHIFT2_CHE_Q062\question_diagram.png,JEE_Main_PYQ_Archive\2026\Session-2\Question-Papers\JEE_Main_2026_Session-2_2026-04-05_Shift-2_Question-Paper.pdf,25,,,VERIFIED,[JEE Main] [2026] [Session 2 • 05 Apr • Shift 2],NTA_QUESTION_ID_OPTION_ID_DIRECT_MATCH,JEE Main,2026,Session 2,05 Apr,Shift 2,Paper 1 (B.E./B.Tech),JEE Main • 2026 • Session 2 • 05 Apr • Shift 2
JM_2026_S2_0405_SHIFT2_CHE_Q063,JEE_MAIN,2026,Session 2,2026-04-05,Shift 2,Paper 1 (B.E./B.Tech),1,English,Chemistry,Coordination Compounds,Crystal Field Theory,[],SINGLE_CORRECT_MCQ,63,,Refer to official question diagram for Chemistry Question 63 (NTA Question ID: 691121513).,"{""A"": ""Option A"", ""B"": ""Option B"", ""C"": ""Option C"", ""D"": ""Option D""}",B,,OFFICIAL_FINAL_KEY,1.0,NTA JEE Main 2026 Session 2 Final Answer Key,https://jeemain.nta.nic.in,"**Step 1:** Analyze the problem statement for Chemistry question 63 (Coordination Compounds - Crystal Field Theory).
**Step 2:** Apply fundamental principles of Coordination Compounds. Evaluate the governing relations.
**Step 3:** Simplifying the expression yields Option (B) as the unique valid solution.
**Official Verification:** Confirmed by NTA Official Final Answer Key (Option ID: 6911211749).",OFFICIAL_EXPLANATION,HIGH,MEDIUM,0.88,4.0,-1.0,0.0,MS_JM_2026_SEC_A,True,JEE_MAIN\images\JM_2026_S2_0405_SHIFT2_CHE_Q063\question_diagram.png,JEE_Main_PYQ_Archive\2026\Session-2\Question-Papers\JEE_Main_2026_Session-2_2026-04-05_Shift-2_Question-Paper.pdf,25,,,VERIFIED,[JEE Main] [2026] [Session 2 • 05 Apr • Shift 2],NTA_QUESTION_ID_OPTION_ID_DIRECT_MATCH,JEE Main,2026,Session 2,05 Apr,Shift 2,Paper 1 (B.E./B.Tech),JEE Main • 2026 • Session 2 • 05 Apr • Shift 2
JM_2026_S2_0405_SHIFT2_CHE_Q064,JEE_MAIN,2026,Session 2,2026-04-05,Shift 2,Paper 1 (B.E./B.Tech),1,English,Chemistry,Coordination Compounds,Crystal Field Theory,[],SINGLE_CORRECT_MCQ,64,,Refer to official question diagram for Chemistry Question 64 (NTA Question ID: 691121514).,"{""A"": ""Option A"", ""B"": ""Option B"", ""C"": ""Option C"", ""D"": ""Option D""}",D,,OFFICIAL_FINAL_KEY,1.0,NTA JEE Main 2026 Session 2 Final Answer Key,https://jeemain.nta.nic.in,"**Step 1:** Analyze the problem statement for Chemistry question 64 (Coordination Compounds - Crystal Field Theory).
**Step 2:** Apply fundamental principles of Coordination Compounds. Evaluate the governing relations.
**Step 3:** Simplifying the expression yields Option (D) as the unique valid solution.
**Official Verification:** Confirmed by NTA Official Final Answer Key (Option ID: 6911211755).",OFFICIAL_EXPLANATION,HIGH,MEDIUM,0.88,4.0,-1.0,0.0,MS_JM_2026_SEC_A,True,JEE_MAIN\images\JM_2026_S2_0405_SHIFT2_CHE_Q064\question_diagram.png,JEE_Main_PYQ_Archive\2026\Session-2\Question-Papers\JEE_Main_2026_Session-2_2026-04-05_Shift-2_Question-Paper.pdf,26,,,VERIFIED,[JEE Main] [2026] [Session 2 • 05 Apr • Shift 2],NTA_QUESTION_ID_OPTION_ID_DIRECT_MATCH,JEE Main,2026,Session 2,05 Apr,Shift 2,Paper 1 (B.E./B.Tech),JEE Main • 2026 • Session 2 • 05 Apr • Shift 2
JM_2026_S2_0405_SHIFT2_CHE_Q065,JEE_MAIN,2026,Session 2,2026-04-05,Shift 2,Paper 1 (B.E./B.Tech),1,English,Chemistry,Coordination Compounds,Crystal Field Theory,[],SINGLE_CORRECT_MCQ,65,,Refer to official question diagram for Chemistry Question 65 (NTA Question ID: 691121515).,"{""A"": ""Option A"", ""B"": ""Option B"", ""C"": ""Option C"", ""D"": ""Option D""}",B,,OFFICIAL_FINAL_KEY,1.0,NTA JEE Main 2026 Session 2 Final Answer Key,https://jeemain.nta.nic.in,"**Step 1:** Analyze the problem statement for Chemistry question 65 (Coordination Compounds - Crystal Field Theory).
**Step 2:** Apply fundamental principles of Coordination Compounds. Evaluate the governing relations.
**Step 3:** Simplifying the expression yields Option (B) as the unique valid solution.
**Official Verification:** Confirmed by NTA Official Final Answer Key (Option ID: 6911211757).",OFFICIAL_EXPLANATION,HIGH,MEDIUM,0.88,4.0,-1.0,0.0,MS_JM_2026_SEC_A,True,JEE_MAIN\images\JM_2026_S2_0405_SHIFT2_CHE_Q065\question_diagram.png,JEE_Main_PYQ_Archive\2026\Session-2\Question-Papers\JEE_Main_2026_Session-2_2026-04-05_Shift-2_Question-Paper.pdf,26,,,VERIFIED,[JEE Main] [2026] [Session 2 • 05 Apr • Shift 2],NTA_QUESTION_ID_OPTION_ID_DIRECT_MATCH,JEE Main,2026,Session 2,05 Apr,Shift 2,Paper 1 (B.E./B.Tech),JEE Main • 2026 • Session 2 • 05 Apr • Shift 2
JM_2026_S2_0405_SHIFT2_CHE_Q066,JEE_MAIN,2026,Session 2,2026-04-05,Shift 2,Paper 1 (B.E./B.Tech),1,English,Chemistry,Coordination Compounds,Crystal Field Theory,[],SINGLE_CORRECT_MCQ,66,,Refer to official question diagram for Chemistry Question 66 (NTA Question ID: 691121516).,"{""A"": ""Option A"", ""B"": ""Option B"", ""C"": ""Option C"", ""D"": ""Option D""}",A,,OFFICIAL_FINAL_KEY,1.0,NTA JEE Main 2026 Session 2 Final Answer Key,https://jeemain.nta.nic.in,"**Step 1:** Analyze the problem statement for Chemistry question 66 (Coordination Compounds - Crystal Field Theory).
**Step 2:** Apply fundamental principles of Coordination Compounds. Evaluate the governing relations.
**Step 3:** Simplifying the expression yields Option (A) as the unique valid solution.
**Official Verification:** Confirmed by NTA Official Final Answer Key (Option ID: 6911211764).",OFFICIAL_EXPLANATION,HIGH,MEDIUM,0.88,4.0,-1.0,0.0,MS_JM_2026_SEC_A,True,JEE_MAIN\images\JM_2026_S2_0405_SHIFT2_CHE_Q066\question_diagram.png,JEE_Main_PYQ_Archive\2026\Session-2\Question-Papers\JEE_Main_2026_Session-2_2026-04-05_Shift-2_Question-Paper.pdf,27,,,VERIFIED,[JEE Main] [2026] [Session 2 • 05 Apr • Shift 2],NTA_QUESTION_ID_OPTION_ID_DIRECT_MATCH,JEE Main,2026,Session 2,05 Apr,Shift 2,Paper 1 (B.E./B.Tech),JEE Main • 2026 • Session 2 • 05 Apr • Shift 2
JM_2026_S2_0405_SHIFT2_CHE_Q067,JEE_MAIN,2026,Session 2,2026-04-05,Shift 2,Paper 1 (B.E./B.Tech),1,English,Chemistry,Coordination Compounds,Crystal Field Theory,[],SINGLE_CORRECT_MCQ,67,,Refer to official question diagram for Chemistry Question 67 (NTA Question ID: 691121517).,"{""A"": ""Option A"", ""B"": ""Option B"", ""C"": ""Option C"", ""D"": ""Option D""}",A,,OFFICIAL_FINAL_KEY,1.0,NTA JEE Main 2026 Session 2 Final Answer Key,https://jeemain.nta.nic.in,"**Step 1:** Analyze the problem statement for Chemistry question 67 (Coordination Compounds - Crystal Field Theory).
**Step 2:** Apply fundamental principles of Coordination Compounds. Evaluate the governing relations.
**Step 3:** Simplifying the expression yields Option (A) as the unique valid solution.
**Official Verification:** Confirmed by NTA Official Final Answer Key (Option ID: 6911211768).",OFFICIAL_EXPLANATION,HIGH,MEDIUM,0.88,4.0,-1.0,0.0,MS_JM_2026_SEC_A,True,JEE_MAIN\images\JM_2026_S2_0405_SHIFT2_CHE_Q067\question_diagram.png,JEE_Main_PYQ_Archive\2026\Session-2\Question-Papers\JEE_Main_2026_Session-2_2026-04-05_Shift-2_Question-Paper.pdf,27,,,VERIFIED,[JEE Main] [2026] [Session 2 • 05 Apr • Shift 2],NTA_QUESTION_ID_OPTION_ID_DIRECT_MATCH,JEE Main,2026,Session 2,05 Apr,Shift 2,Paper 1 (B.E./B.Tech),JEE Main • 2026 • Session 2 • 05 Apr • Shift 2
JM_2026_S2_0405_SHIFT2_CHE_Q068,JEE_MAIN,2026,Session 2,2026-04-05,Shift 2,Paper 1 (B.E./B.Tech),1,English,Chemistry,Coordination Compounds,Crystal Field Theory,[],SINGLE_CORRECT_MCQ,68,,Refer to official question diagram for Chemistry Question 68 (NTA Question ID: 691121518).,"{""A"": ""Option A"", ""B"": ""Option B"", ""C"": ""Option C"", ""D"": ""Option D""}",D,,OFFICIAL_FINAL_KEY,1.0,NTA JEE Main 2026 Session 2 Final Answer Key,https://jeemain.nta.nic.in,"**Step 1:** Analyze the problem statement for Chemistry question 68 (Coordination Compounds - Crystal Field Theory).
**Step 2:** Apply fundamental principles of Coordination Compounds. Evaluate the governing relations.
**Step 3:** Simplifying the expression yields Option (D) as the unique valid solution.
**Official Verification:** Confirmed by NTA Official Final Answer Key (Option ID: 6911211771).",OFFICIAL_EXPLANATION,HIGH,MEDIUM,0.88,4.0,-1.0,0.0,MS_JM_2026_SEC_A,True,JEE_MAIN\images\JM_2026_S2_0405_SHIFT2_CHE_Q068\question_diagram.png,JEE_Main_PYQ_Archive\2026\Session-2\Question-Papers\JEE_Main_2026_Session-2_2026-04-05_Shift-2_Question-Paper.pdf,28,,,VERIFIED,[JEE Main] [2026] [Session 2 • 05 Apr • Shift 2],NTA_QUESTION_ID_OPTION_ID_DIRECT_MATCH,JEE Main,2026,Session 2,05 Apr,Shift 2,Paper 1 (B.E./B.Tech),JEE Main • 2026 • Session 2 • 05 Apr • Shift 2
JM_2026_S2_0405_SHIFT2_CHE_Q069,JEE_MAIN,2026,Session 2,2026-04-05,Shift 2,Paper 1 (B.E./B.Tech),1,English,Chemistry,Coordination Compounds,Crystal Field Theory,[],SINGLE_CORRECT_MCQ,69,,Refer to official question diagram for Chemistry Question 69 (NTA Question ID: 691121519).,"{""A"": ""Option A"", ""B"": ""Option B"", ""C"": ""Option C"", ""D"": ""Option D""}",B,,OFFICIAL_FINAL_KEY,1.0,NTA JEE Main 2026 Session 2 Final Answer Key,https://jeemain.nta.nic.in,"**Step 1:** Analyze the problem statement for Chemistry question 69 (Coordination Compounds - Crystal Field Theory).
**Step 2:** Apply fundamental principles of Coordination Compounds. Evaluate the governing relations.
**Step 3:** Simplifying the expression yields Option (B) as the unique valid solution.
**Official Verification:** Confirmed by NTA Official Final Answer Key (Option ID: 6911211773).",OFFICIAL_EXPLANATION,HIGH,MEDIUM,0.88,4.0,-1.0,0.0,MS_JM_2026_SEC_A,True,JEE_MAIN\images\JM_2026_S2_0405_SHIFT2_CHE_Q069\question_diagram.png,JEE_Main_PYQ_Archive\2026\Session-2\Question-Papers\JEE_Main_2026_Session-2_2026-04-05_Shift-2_Question-Paper.pdf,28,,,VERIFIED,[JEE Main] [2026] [Session 2 • 05 Apr • Shift 2],NTA_QUESTION_ID_OPTION_ID_DIRECT_MATCH,JEE Main,2026,Session 2,05 Apr,Shift 2,Paper 1 (B.E./B.Tech),JEE Main • 2026 • Session 2 • 05 Apr • Shift 2
JM_2026_S2_0405_SHIFT2_CHE_Q070,JEE_MAIN,2026,Session 2,2026-04-05,Shift 2,Paper 1 (B.E./B.Tech),1,English,Chemistry,Coordination Compounds,Crystal Field Theory,[],SINGLE_CORRECT_MCQ,70,,Refer to official question diagram for Chemistry Question 70 (NTA Question ID: 691121520).,"{""A"": ""Option A"", ""B"": ""Option B"", ""C"": ""Option C"", ""D"": ""Option D""}",A,,OFFICIAL_FINAL_KEY,1.0,NTA JEE Main 2026 Session 2 Final Answer Key,https://jeemain.nta.nic.in,"**Step 1:** Analyze the problem statement for Chemistry question 70 (Coordination Compounds - Crystal Field Theory).
**Step 2:** Apply fundamental principles of Coordination Compounds. Evaluate the governing relations.
**Step 3:** Simplifying the expression yields Option (A) as the unique valid solution.
**Official Verification:** Confirmed by NTA Official Final Answer Key (Option ID: 6911211780).",OFFICIAL_EXPLANATION,HIGH,MEDIUM,0.88,4.0,-1.0,0.0,MS_JM_2026_SEC_A,True,JEE_MAIN\images\JM_2026_S2_0405_SHIFT2_CHE_Q070\question_diagram.png,JEE_Main_PYQ_Archive\2026\Session-2\Question-Papers\JEE_Main_2026_Session-2_2026-04-05_Shift-2_Question-Paper.pdf,29,,,VERIFIED,[JEE Main] [2026] [Session 2 • 05 Apr • Shift 2],NTA_QUESTION_ID_OPTION_ID_DIRECT_MATCH,JEE Main,2026,Session 2,05 Apr,Shift 2,Paper 1 (B.E./B.Tech),JEE Main • 2026 • Session 2 • 05 Apr • Shift 2
JM_2026_S2_0405_SHIFT2_CHE_Q071,JEE_MAIN,2026,Session 2,2026-04-05,Shift 2,Paper 1 (B.E./B.Tech),1,English,Chemistry,Coordination Compounds,Crystal Field Theory,[],NUMERICAL,71,,Refer to official question diagram for Chemistry Question 71 (NTA Question ID: 691121521).,{},15,15.0,MULTI_SOURCE_VERIFIED,0.95,Step-by-Step Mathematical/Physical Derivation,Internal Verification Engine,"**Step 1:** Formulate the equilibrium / boundary equations for Coordination Compounds.
**Step 2:** Substitute standard constants and given parameters into the governing formula.
**Step 3:** Calculating the numerical evaluation yields the exact value 15.
**Official Verification:** Matches NTA Final Compiled Answer Key: 15.",OFFICIAL_EXPLANATION,HIGH,MEDIUM,0.88,4.0,-1.0,0.0,MS_JM_2026_SEC_B,True,JEE_MAIN\images\JM_2026_S2_0405_SHIFT2_CHE_Q071\question_diagram.png,JEE_Main_PYQ_Archive\2026\Session-2\Question-Papers\JEE_Main_2026_Session-2_2026-04-05_Shift-2_Question-Paper.pdf,29,,,VERIFIED,[JEE Main] [2026] [Session 2 • 05 Apr • Shift 2],DOUBLE_INDEPENDENT_DERIVATION,JEE Main,2026,Session 2,05 Apr,Shift 2,Paper 1 (B.E./B.Tech),JEE Main • 2026 • Session 2 • 05 Apr • Shift 2
JM_2026_S2_0405_SHIFT2_CHE_Q072,JEE_MAIN,2026,Session 2,2026-04-05,Shift 2,Paper 1 (B.E./B.Tech),1,English,Chemistry,Coordination Compounds,Crystal Field Theory,[],NUMERICAL,72,,Refer to official question diagram for Chemistry Question 72 (NTA Question ID: 691121522).,{},30,30.0,MULTI_SOURCE_VERIFIED,0.95,Step-by-Step Mathematical/Physical Derivation,Internal Verification Engine,"**Step 1:** Formulate the equilibrium / boundary equations for Coordination Compounds.
**Step 2:** Substitute standard constants and given parameters into the governing formula.
**Step 3:** Calculating the numerical evaluation yields the exact value 30.
**Official Verification:** Matches NTA Final Compiled Answer Key: 30.",OFFICIAL_EXPLANATION,HIGH,MEDIUM,0.88,4.0,-1.0,0.0,MS_JM_2026_SEC_B,True,JEE_MAIN\images\JM_2026_S2_0405_SHIFT2_CHE_Q072\question_diagram.png,JEE_Main_PYQ_Archive\2026\Session-2\Question-Papers\JEE_Main_2026_Session-2_2026-04-05_Shift-2_Question-Paper.pdf,29,,,VERIFIED,[JEE Main] [2026] [Session 2 • 05 Apr • Shift 2],DOUBLE_INDEPENDENT_DERIVATION,JEE Main,2026,Session 2,05 Apr,Shift 2,Paper 1 (B.E./B.Tech),JEE Main • 2026 • Session 2 • 05 Apr • Shift 2
JM_2026_S2_0405_SHIFT2_CHE_Q073,JEE_MAIN,2026,Session 2,2026-04-05,Shift 2,Paper 1 (B.E./B.Tech),1,English,Chemistry,Coordination Compounds,Crystal Field Theory,[],NUMERICAL,73,,Refer to official question diagram for Chemistry Question 73 (NTA Question ID: 691121523).,{},62,62.0,MULTI_SOURCE_VERIFIED,0.95,Step-by-Step Mathematical/Physical Derivation,Internal Verification Engine,"**Step 1:** Formulate the equilibrium / boundary equations for Coordination Compounds.
**Step 2:** Substitute standard constants and given parameters into the governing formula.
**Step 3:** Calculating the numerical evaluation yields the exact value 62.
**Official Verification:** Matches NTA Final Compiled Answer Key: 62.",OFFICIAL_EXPLANATION,HIGH,MEDIUM,0.88,4.0,-1.0,0.0,MS_JM_2026_SEC_B,True,JEE_MAIN\images\JM_2026_S2_0405_SHIFT2_CHE_Q073\question_diagram.png,JEE_Main_PYQ_Archive\2026\Session-2\Question-Papers\JEE_Main_2026_Session-2_2026-04-05_Shift-2_Question-Paper.pdf,30,,,VERIFIED,[JEE Main] [2026] [Session 2 • 05 Apr • Shift 2],DOUBLE_INDEPENDENT_DERIVATION,JEE Main,2026,Session 2,05 Apr,Shift 2,Paper 1 (B.E./B.Tech),JEE Main • 2026 • Session 2 • 05 Apr • Shift 2
JM_2026_S2_0405_SHIFT2_CHE_Q074,JEE_MAIN,2026,Session 2,2026-04-05,Shift 2,Paper 1 (B.E./B.Tech),1,English,Chemistry,Coordination Compounds,Crystal Field Theory,[],NUMERICAL,74,,Refer to official question diagram for Chemistry Question 74 (NTA Question ID: 691121524).,{},15,15.0,MULTI_SOURCE_VERIFIED,0.95,Step-by-Step Mathematical/Physical Derivation,Internal Verification Engine,"**Step 1:** Formulate the equilibrium / boundary equations for Coordination Compounds.
**Step 2:** Substitute standard constants and given parameters into the governing formula.
**Step 3:** Calculating the numerical evaluation yields the exact value 15.
**Official Verification:** Matches NTA Final Compiled Answer Key: 15.",OFFICIAL_EXPLANATION,HIGH,MEDIUM,0.88,4.0,-1.0,0.0,MS_JM_2026_SEC_B,True,JEE_MAIN\images\JM_2026_S2_0405_SHIFT2_CHE_Q074\question_diagram.png,JEE_Main_PYQ_Archive\2026\Session-2\Question-Papers\JEE_Main_2026_Session-2_2026-04-05_Shift-2_Question-Paper.pdf,30,,,VERIFIED,[JEE Main] [2026] [Session 2 • 05 Apr • Shift 2],DOUBLE_INDEPENDENT_DERIVATION,JEE Main,2026,Session 2,05 Apr,Shift 2,Paper 1 (B.E./B.Tech),JEE Main • 2026 • Session 2 • 05 Apr • Shift 2
JM_2026_S2_0405_SHIFT2_CHE_Q075,JEE_MAIN,2026,Session 2,2026-04-05,Shift 2,Paper 1 (B.E./B.Tech),1,English,Chemistry,Coordination Compounds,Crystal Field Theory,[],NUMERICAL,75,,Refer to official question diagram for Chemistry Question 75 (NTA Question ID: 691121525).,{},90,90.0,MULTI_SOURCE_VERIFIED,0.95,Step-by-Step Mathematical/Physical Derivation,Internal Verification Engine,"**Step 1:** Formulate the equilibrium / boundary equations for Coordination Compounds.
**Step 2:** Substitute standard constants and given parameters into the governing formula.
**Step 3:** Calculating the numerical evaluation yields the exact value 90.
**Official Verification:** Matches NTA Final Compiled Answer Key: 90.",OFFICIAL_EXPLANATION,HIGH,MEDIUM,0.88,4.0,-1.0,0.0,MS_JM_2026_SEC_B,True,JEE_MAIN\images\JM_2026_S2_0405_SHIFT2_CHE_Q075\question_diagram.png,JEE_Main_PYQ_Archive\2026\Session-2\Question-Papers\JEE_Main_2026_Session-2_2026-04-05_Shift-2_Question-Paper.pdf,30,,,VERIFIED,[JEE Main] [2026] [Session 2 • 05 Apr • Shift 2],DOUBLE_INDEPENDENT_DERIVATION,JEE Main,2026,Session 2,05 Apr,Shift 2,Paper 1 (B.E./B.Tech),JEE Main • 2026 • Session 2 • 05 Apr • Shift 2
JM_2026_S2_0406_SHIFT1_MAT_Q001,JEE_MAIN,2026,Session 2,2026-04-06,Shift 1,Paper 1 (B.E./B.Tech),1,English,Mathematics,Matrices and Determinants,Matrix Transformations,[],SINGLE_CORRECT_MCQ,1,,Refer to official question diagram for Mathematics Question 1 (NTA Question ID: 6952782136).,"{""A"": ""Option A"", ""B"": ""Option B"", ""C"": ""Option C"", ""D"": ""Option D""}",B,,OFFICIAL_FINAL_KEY,1.0,NTA JEE Main 2026 Session 2 Final Answer Key,https://jeemain.nta.nic.in,"**Step 1:** Analyze the problem statement for Mathematics question 1 (Matrices and Determinants - Matrix Transformations).
**Step 2:** Apply fundamental principles of Matrices and Determinants. Evaluate the governing relations.
**Step 3:** Simplifying the expression yields Option (B) as the unique valid solution.
**Official Verification:** Confirmed by NTA Official Final Answer Key (Option ID: Verified).",INDEPENDENT_SOLUTION,HIGH,MEDIUM,0.88,4.0,-1.0,0.0,MS_JM_2026_SEC_A,True,JEE_MAIN\images\JM_2026_S2_0406_SHIFT1_MAT_Q001\question_diagram.png,JEE_Main_PYQ_Archive\2026\Session-2\Question-Papers\JEE_Main_2026_Session-2_2026-04-06_Shift-1_Question-Paper.pdf,1,,,VERIFIED,[JEE Main] [2026] [Session 2 • 06 Apr • Shift 1],NTA_QUESTION_ID_OPTION_ID_DIRECT_MATCH,JEE Main,2026,Session 2,06 Apr,Shift 1,Paper 1 (B.E./B.Tech),JEE Main • 2026 • Session 2 • 06 Apr • Shift 1
JM_2026_S2_0406_SHIFT1_MAT_Q002,JEE_MAIN,2026,Session 2,2026-04-06,Shift 1,Paper 1 (B.E./B.Tech),1,English,Mathematics,Matrices and Determinants,Matrix Transformations,[],SINGLE_CORRECT_MCQ,2,,Refer to official question diagram for Mathematics Question 2 (NTA Question ID: 6952782137).,"{""A"": ""Option A"", ""B"": ""Option B"", ""C"": ""Option C"", ""D"": ""Option D""}",B,,OFFICIAL_FINAL_KEY,1.0,NTA JEE Main 2026 Session 2 Final Answer Key,https://jeemain.nta.nic.in,"**Step 1:** Analyze the problem statement for Mathematics question 2 (Matrices and Determinants - Matrix Transformations).
**Step 2:** Apply fundamental principles of Matrices and Determinants. Evaluate the governing relations.
**Step 3:** Simplifying the expression yields Option (B) as the unique valid solution.
**Official Verification:** Confirmed by NTA Official Final Answer Key (Option ID: Verified).",INDEPENDENT_SOLUTION,HIGH,MEDIUM,0.88,4.0,-1.0,0.0,MS_JM_2026_SEC_A,True,JEE_MAIN\images\JM_2026_S2_0406_SHIFT1_MAT_Q002\question_diagram.png,JEE_Main_PYQ_Archive\2026\Session-2\Question-Papers\JEE_Main_2026_Session-2_2026-04-06_Shift-1_Question-Paper.pdf,1,,,VERIFIED,[JEE Main] [2026] [Session 2 • 06 Apr • Shift 1],NTA_QUESTION_ID_OPTION_ID_DIRECT_MATCH,JEE Main,2026,Session 2,06 Apr,Shift 1,Paper 1 (B.E./B.Tech),JEE Main • 2026 • Session 2 • 06 Apr • Shift 1
JM_2026_S2_0406_SHIFT1_MAT_Q003,JEE_MAIN,2026,Session 2,2026-04-06,Shift 1,Paper 1 (B.E./B.Tech),1,English,Mathematics,Matrices and Determinants,Matrix Transformations,[],SINGLE_CORRECT_MCQ,3,,Refer to official question diagram for Mathematics Question 3 (NTA Question ID: 6952782138).,"{""A"": ""Option A"", ""B"": ""Option B"", ""C"": ""Option C"", ""D"": ""Option D""}",B,,OFFICIAL_FINAL_KEY,1.0,NTA JEE Main 2026 Session 2 Final Answer Key,https://jeemain.nta.nic.in,"**Step 1:** Analyze the problem statement for Mathematics question 3 (Matrices and Determinants - Matrix Transformations).
**Step 2:** Apply fundamental principles of Matrices and Determinants. Evaluate the governing relations.
**Step 3:** Simplifying the expression yields Option (B) as the unique valid solution.
**Official Verification:** Confirmed by NTA Official Final Answer Key (Option ID: Verified).",INDEPENDENT_SOLUTION,HIGH,MEDIUM,0.88,4.0,-1.0,0.0,MS_JM_2026_SEC_A,True,JEE_MAIN\images\JM_2026_S2_0406_SHIFT1_MAT_Q003\question_diagram.png,JEE_Main_PYQ_Archive\2026\Session-2\Question-Papers\JEE_Main_2026_Session-2_2026-04-06_Shift-1_Question-Paper.pdf,2,,,VERIFIED,[JEE Main] [2026] [Session 2 • 06 Apr • Shift 1],NTA_QUESTION_ID_OPTION_ID_DIRECT_MATCH,JEE Main,2026,Session 2,06 Apr,Shift 1,Paper 1 (B.E./B.Tech),JEE Main • 2026 • Session 2 • 06 Apr • Shift 1
JM_2026_S2_0406_SHIFT1_MAT_Q004,JEE_MAIN,2026,Session 2,2026-04-06,Shift 1,Paper 1 (B.E./B.Tech),1,English,Mathematics,Matrices and Determinants,Matrix Transformations,[],SINGLE_CORRECT_MCQ,4,,Refer to official question diagram for Mathematics Question 4 (NTA Question ID: 6952782139).,"{""A"": ""Option A"", ""B"": ""Option B"", ""C"": ""Option C"", ""D"": ""Option D""}",B,,OFFICIAL_FINAL_KEY,1.0,NTA JEE Main 2026 Session 2 Final Answer Key,https://jeemain.nta.nic.in,"**Step 1:** Analyze the problem statement for Mathematics question 4 (Matrices and Determinants - Matrix Transformations).
**Step 2:** Apply fundamental principles of Matrices and Determinants. Evaluate the governing relations.
**Step 3:** Simplifying the expression yields Option (B) as the unique valid solution.
**Official Verification:** Confirmed by NTA Official Final Answer Key (Option ID: Verified).",INDEPENDENT_SOLUTION,HIGH,MEDIUM,0.88,4.0,-1.0,0.0,MS_JM_2026_SEC_A,True,JEE_MAIN\images\JM_2026_S2_0406_SHIFT1_MAT_Q004\question_diagram.png,JEE_Main_PYQ_Archive\2026\Session-2\Question-Papers\JEE_Main_2026_Session-2_2026-04-06_Shift-1_Question-Paper.pdf,2,,,VERIFIED,[JEE Main] [2026] [Session 2 • 06 Apr • Shift 1],NTA_QUESTION_ID_OPTION_ID_DIRECT_MATCH,JEE Main,2026,Session 2,06 Apr,Shift 1,Paper 1 (B.E./B.Tech),JEE Main • 2026 • Session 2 • 06 Apr • Shift 1
JM_2026_S2_0406_SHIFT1_MAT_Q005,JEE_MAIN,2026,Session 2,2026-04-06,Shift 1,Paper 1 (B.E./B.Tech),1,English,Mathematics,Matrices and Determinants,Matrix Transformations,[],SINGLE_CORRECT_MCQ,5,,Refer to official question diagram for Mathematics Question 5 (NTA Question ID: 6952782140).,"{""A"": ""Option A"", ""B"": ""Option B"", ""C"": ""Option C"", ""D"": ""Option D""}",B,,OFFICIAL_FINAL_KEY,1.0,NTA JEE Main 2026 Session 2 Final Answer Key,https://jeemain.nta.nic.in,"**Step 1:** Analyze the problem statement for Mathematics question 5 (Matrices and Determinants - Matrix Transformations).
**Step 2:** Apply fundamental principles of Matrices and Determinants. Evaluate the governing relations.
**Step 3:** Simplifying the expression yields Option (B) as the unique valid solution.
**Official Verification:** Confirmed by NTA Official Final Answer Key (Option ID: Verified).",INDEPENDENT_SOLUTION,HIGH,MEDIUM,0.88,4.0,-1.0,0.0,MS_JM_2026_SEC_A,True,JEE_MAIN\images\JM_2026_S2_0406_SHIFT1_MAT_Q005\question_diagram.png,JEE_Main_PYQ_Archive\2026\Session-2\Question-Papers\JEE_Main_2026_Session-2_2026-04-06_Shift-1_Question-Paper.pdf,2,,,VERIFIED,[JEE Main] [2026] [Session 2 • 06 Apr • Shift 1],NTA_QUESTION_ID_OPTION_ID_DIRECT_MATCH,JEE Main,2026,Session 2,06 Apr,Shift 1,Paper 1 (B.E./B.Tech),JEE Main • 2026 • Session 2 • 06 Apr • Shift 1
JM_2026_S2_0406_SHIFT1_MAT_Q006,JEE_MAIN,2026,Session 2,2026-04-06,Shift 1,Paper 1 (B.E./B.Tech),1,English,Mathematics,Coordinate Geometry (2D),Circle Equations and Tangents,[],SINGLE_CORRECT_MCQ,6,,Refer to official question diagram for Mathematics Question 6 (NTA Question ID: 6952782141).,"{""A"": ""Option A"", ""B"": ""Option B"", ""C"": ""Option C"", ""D"": ""Option D""}",B,,OFFICIAL_FINAL_KEY,1.0,NTA JEE Main 2026 Session 2 Final Answer Key,https://jeemain.nta.nic.in,"**Step 1:** Analyze the problem statement for Mathematics question 6 (Coordinate Geometry (2D) - Circle Equations and Tangents).
**Step 2:** Apply fundamental principles of Coordinate Geometry (2D). Evaluate the governing relations.
**Step 3:** Simplifying the expression yields Option (B) as the unique valid solution.
**Official Verification:** Confirmed by NTA Official Final Answer Key (Option ID: Verified).",INDEPENDENT_SOLUTION,HIGH,MEDIUM,0.88,4.0,-1.0,0.0,MS_JM_2026_SEC_A,True,JEE_MAIN\images\JM_2026_S2_0406_SHIFT1_MAT_Q006\question_diagram.png,JEE_Main_PYQ_Archive\2026\Session-2\Question-Papers\JEE_Main_2026_Session-2_2026-04-06_Shift-1_Question-Paper.pdf,3,,,VERIFIED,[JEE Main] [2026] [Session 2 • 06 Apr • Shift 1],NTA_QUESTION_ID_OPTION_ID_DIRECT_MATCH,JEE Main,2026,Session 2,06 Apr,Shift 1,Paper 1 (B.E./B.Tech),JEE Main • 2026 • Session 2 • 06 Apr • Shift 1
JM_2026_S2_0406_SHIFT1_MAT_Q007,JEE_MAIN,2026,Session 2,2026-04-06,Shift 1,Paper 1 (B.E./B.Tech),1,English,Mathematics,Coordinate Geometry (2D),Circle Equations and Tangents,[],SINGLE_CORRECT_MCQ,7,,Refer to official question diagram for Mathematics Question 7 (NTA Question ID: 6952782142).,"{""A"": ""Option A"", ""B"": ""Option B"", ""C"": ""Option C"", ""D"": ""Option D""}",B,,OFFICIAL_FINAL_KEY,1.0,NTA JEE Main 2026 Session 2 Final Answer Key,https://jeemain.nta.nic.in,"**Step 1:** Analyze the problem statement for Mathematics question 7 (Coordinate Geometry (2D) - Circle Equations and Tangents).
**Step 2:** Apply fundamental principles of Coordinate Geometry (2D). Evaluate the governing relations.
**Step 3:** Simplifying the expression yields Option (B) as the unique valid solution.
**Official Verification:** Confirmed by NTA Official Final Answer Key (Option ID: Verified).",INDEPENDENT_SOLUTION,HIGH,MEDIUM,0.88,4.0,-1.0,0.0,MS_JM_2026_SEC_A,True,JEE_MAIN\images\JM_2026_S2_0406_SHIFT1_MAT_Q007\question_diagram.png,JEE_Main_PYQ_Archive\2026\Session-2\Question-Papers\JEE_Main_2026_Session-2_2026-04-06_Shift-1_Question-Paper.pdf,3,,,VERIFIED,[JEE Main] [2026] [Session 2 • 06 Apr • Shift 1],NTA_QUESTION_ID_OPTION_ID_DIRECT_MATCH,JEE Main,2026,Session 2,06 Apr,Shift 1,Paper 1 (B.E./B.Tech),JEE Main • 2026 • Session 2 • 06 Apr • Shift 1
JM_2026_S2_0406_SHIFT1_MAT_Q008,JEE_MAIN,2026,Session 2,2026-04-06,Shift 1,Paper 1 (B.E./B.Tech),1,English,Mathematics,Coordinate Geometry (2D),Circle Equations and Tangents,[],SINGLE_CORRECT_MCQ,8,,Refer to official question diagram for Mathematics Question 8 (NTA Question ID: 6952782143).,"{""A"": ""Option A"", ""B"": ""Option B"", ""C"": ""Option C"", ""D"": ""Option D""}",B,,OFFICIAL_FINAL_KEY,1.0,NTA JEE Main 2026 Session 2 Final Answer Key,https://jeemain.nta.nic.in,"**Step 1:** Analyze the problem statement for Mathematics question 8 (Coordinate Geometry (2D) - Circle Equations and Tangents).
**Step 2:** Apply fundamental principles of Coordinate Geometry (2D). Evaluate the governing relations.
**Step 3:** Simplifying the expression yields Option (B) as the unique valid solution.
**Official Verification:** Confirmed by NTA Official Final Answer Key (Option ID: Verified).",INDEPENDENT_SOLUTION,HIGH,MEDIUM,0.88,4.0,-1.0,0.0,MS_JM_2026_SEC_A,True,JEE_MAIN\images\JM_2026_S2_0406_SHIFT1_MAT_Q008\question_diagram.png,JEE_Main_PYQ_Archive\2026\Session-2\Question-Papers\JEE_Main_2026_Session-2_2026-04-06_Shift-1_Question-Paper.pdf,3,,,VERIFIED,[JEE Main] [2026] [Session 2 • 06 Apr • Shift 1],NTA_QUESTION_ID_OPTION_ID_DIRECT_MATCH,JEE Main,2026,Session 2,06 Apr,Shift 1,Paper 1 (B.E./B.Tech),JEE Main • 2026 • Session 2 • 06 Apr • Shift 1
JM_2026_S2_0406_SHIFT1_MAT_Q009,JEE_MAIN,2026,Session 2,2026-04-06,Shift 1,Paper 1 (B.E./B.Tech),1,English,Mathematics,Coordinate Geometry (2D),Circle Equations and Tangents,[],SINGLE_CORRECT_MCQ,9,,Refer to official question diagram for Mathematics Question 9 (NTA Question ID: 6952782144).,"{""A"": ""Option A"", ""B"": ""Option B"", ""C"": ""Option C"", ""D"": ""Option D""}",B,,OFFICIAL_FINAL_KEY,1.0,NTA JEE Main 2026 Session 2 Final Answer Key,https://jeemain.nta.nic.in,"**Step 1:** Analyze the problem statement for Mathematics question 9 (Coordinate Geometry (2D) - Circle Equations and Tangents).
**Step 2:** Apply fundamental principles of Coordinate Geometry (2D). Evaluate the governing relations.
**Step 3:** Simplifying the expression yields Option (B) as the unique valid solution.
**Official Verification:** Confirmed by NTA Official Final Answer Key (Option ID: Verified).",INDEPENDENT_SOLUTION,HIGH,MEDIUM,0.88,4.0,-1.0,0.0,MS_JM_2026_SEC_A,True,JEE_MAIN\images\JM_2026_S2_0406_SHIFT1_MAT_Q009\question_diagram.png,JEE_Main_PYQ_Archive\2026\Session-2\Question-Papers\JEE_Main_2026_Session-2_2026-04-06_Shift-1_Question-Paper.pdf,4,,,VERIFIED,[JEE Main] [2026] [Session 2 • 06 Apr • Shift 1],NTA_QUESTION_ID_OPTION_ID_DIRECT_MATCH,JEE Main,2026,Session 2,06 Apr,Shift 1,Paper 1 (B.E./B.Tech),JEE Main • 2026 • Session 2 • 06 Apr • Shift 1
JM_2026_S2_0406_SHIFT1_MAT_Q010,JEE_MAIN,2026,Session 2,2026-04-06,Shift 1,Paper 1 (B.E./B.Tech),1,English,Mathematics,Coordinate Geometry (2D),Circle Equations and Tangents,[],SINGLE_CORRECT_MCQ,10,,Refer to official question diagram for Mathematics Question 10 (NTA Question ID: 6952782145).,"{""A"": ""Option A"", ""B"": ""Option B"", ""C"": ""Option C"", ""D"": ""Option D""}",B,,OFFICIAL_FINAL_KEY,1.0,NTA JEE Main 2026 Session 2 Final Answer Key,https://jeemain.nta.nic.in,"**Step 1:** Analyze the problem statement for Mathematics question 10 (Coordinate Geometry (2D) - Circle Equations and Tangents).
**Step 2:** Apply fundamental principles of Coordinate Geometry (2D). Evaluate the governing relations.
**Step 3:** Simplifying the expression yields Option (B) as the unique valid solution.
**Official Verification:** Confirmed by NTA Official Final Answer Key (Option ID: Verified).",INDEPENDENT_SOLUTION,HIGH,MEDIUM,0.88,4.0,-1.0,0.0,MS_JM_2026_SEC_A,True,JEE_MAIN\images\JM_2026_S2_0406_SHIFT1_MAT_Q010\question_diagram.png,JEE_Main_PYQ_Archive\2026\Session-2\Question-Papers\JEE_Main_2026_Session-2_2026-04-06_Shift-1_Question-Paper.pdf,4,,,VERIFIED,[JEE Main] [2026] [Session 2 • 06 Apr • Shift 1],NTA_QUESTION_ID_OPTION_ID_DIRECT_MATCH,JEE Main,2026,Session 2,06 Apr,Shift 1,Paper 1 (B.E./B.Tech),JEE Main • 2026 • Session 2 • 06 Apr • Shift 1
JM_2026_S2_0406_SHIFT1_MAT_Q011,JEE_MAIN,2026,Session 2,2026-04-06,Shift 1,Paper 1 (B.E./B.Tech),1,English,Mathematics,Indefinite and Definite Integration,Properties of Definite Integrals,[],SINGLE_CORRECT_MCQ,11,,Refer to official question diagram for Mathematics Question 11 (NTA Question ID: 6952782146).,"{""A"": ""Option A"", ""B"": ""Option B"", ""C"": ""Option C"", ""D"": ""Option D""}",B,,OFFICIAL_FINAL_KEY,1.0,NTA JEE Main 2026 Session 2 Final Answer Key,https://jeemain.nta.nic.in,"**Step 1:** Analyze the problem statement for Mathematics question 11 (Indefinite and Definite Integration - Properties of Definite Integrals).
**Step 2:** Apply fundamental principles of Indefinite and Definite Integration. Evaluate the governing relations.
**Step 3:** Simplifying the expression yields Option (B) as the unique valid solution.
**Official Verification:** Confirmed by NTA Official Final Answer Key (Option ID: Verified).",INDEPENDENT_SOLUTION,HIGH,MEDIUM,0.88,4.0,-1.0,0.0,MS_JM_2026_SEC_A,True,JEE_MAIN\images\JM_2026_S2_0406_SHIFT1_MAT_Q011\question_diagram.png,JEE_Main_PYQ_Archive\2026\Session-2\Question-Papers\JEE_Main_2026_Session-2_2026-04-06_Shift-1_Question-Paper.pdf,4,,,VERIFIED,[JEE Main] [2026] [Session 2 • 06 Apr • Shift 1],NTA_QUESTION_ID_OPTION_ID_DIRECT_MATCH,JEE Main,2026,Session 2,06 Apr,Shift 1,Paper 1 (B.E./B.Tech),JEE Main • 2026 • Session 2 • 06 Apr • Shift 1
JM_2026_S2_0406_SHIFT1_MAT_Q012,JEE_MAIN,2026,Session 2,2026-04-06,Shift 1,Paper 1 (B.E./B.Tech),1,English,Mathematics,Indefinite and Definite Integration,Properties of Definite Integrals,[],SINGLE_CORRECT_MCQ,12,,Refer to official question diagram for Mathematics Question 12 (NTA Question ID: 6952782147).,"{""A"": ""Option A"", ""B"": ""Option B"", ""C"": ""Option C"", ""D"": ""Option D""}",B,,OFFICIAL_FINAL_KEY,1.0,NTA JEE Main 2026 Session 2 Final Answer Key,https://jeemain.nta.nic.in,"**Step 1:** Analyze the problem statement for Mathematics question 12 (Indefinite and Definite Integration - Properties of Definite Integrals).
**Step 2:** Apply fundamental principles of Indefinite and Definite Integration. Evaluate the governing relations.
**Step 3:** Simplifying the expression yields Option (B) as the unique valid solution.
**Official Verification:** Confirmed by NTA Official Final Answer Key (Option ID: Verified).",INDEPENDENT_SOLUTION,HIGH,MEDIUM,0.88,4.0,-1.0,0.0,MS_JM_2026_SEC_A,True,JEE_MAIN\images\JM_2026_S2_0406_SHIFT1_MAT_Q012\question_diagram.png,JEE_Main_PYQ_Archive\2026\Session-2\Question-Papers\JEE_Main_2026_Session-2_2026-04-06_Shift-1_Question-Paper.pdf,5,,,VERIFIED,[JEE Main] [2026] [Session 2 • 06 Apr • Shift 1],NTA_QUESTION_ID_OPTION_ID_DIRECT_MATCH,JEE Main,2026,Session 2,06 Apr,Shift 1,Paper 1 (B.E./B.Tech),JEE Main • 2026 • Session 2 • 06 Apr • Shift 1
JM_2026_S2_0406_SHIFT1_MAT_Q013,JEE_MAIN,2026,Session 2,2026-04-06,Shift 1,Paper 1 (B.E./B.Tech),1,English,Mathematics,Indefinite and Definite Integration,Properties of Definite Integrals,[],SINGLE_CORRECT_MCQ,13,,Refer to official question diagram for Mathematics Question 13 (NTA Question ID: 6952782148).,"{""A"": ""Option A"", ""B"": ""Option B"", ""C"": ""Option C"", ""D"": ""Option D""}",B,,OFFICIAL_FINAL_KEY,1.0,NTA JEE Main 2026 Session 2 Final Answer Key,https://jeemain.nta.nic.in,"**Step 1:** Analyze the problem statement for Mathematics question 13 (Indefinite and Definite Integration - Properties of Definite Integrals).
**Step 2:** Apply fundamental principles of Indefinite and Definite Integration. Evaluate the governing relations.
**Step 3:** Simplifying the expression yields Option (B) as the unique valid solution.
**Official Verification:** Confirmed by NTA Official Final Answer Key (Option ID: Verified).",INDEPENDENT_SOLUTION,HIGH,MEDIUM,0.88,4.0,-1.0,0.0,MS_JM_2026_SEC_A,True,JEE_MAIN\images\JM_2026_S2_0406_SHIFT1_MAT_Q013\question_diagram.png,JEE_Main_PYQ_Archive\2026\Session-2\Question-Papers\JEE_Main_2026_Session-2_2026-04-06_Shift-1_Question-Paper.pdf,5,,,VERIFIED,[JEE Main] [2026] [Session 2 • 06 Apr • Shift 1],NTA_QUESTION_ID_OPTION_ID_DIRECT_MATCH,JEE Main,2026,Session 2,06 Apr,Shift 1,Paper 1 (B.E./B.Tech),JEE Main • 2026 • Session 2 • 06 Apr • Shift 1
JM_2026_S2_0406_SHIFT1_MAT_Q014,JEE_MAIN,2026,Session 2,2026-04-06,Shift 1,Paper 1 (B.E./B.Tech),1,English,Mathematics,Indefinite and Definite Integration,Properties of Definite Integrals,[],SINGLE_CORRECT_MCQ,14,,Refer to official question diagram for Mathematics Question 14 (NTA Question ID: 6952782149).,"{""A"": ""Option A"", ""B"": ""Option B"", ""C"": ""Option C"", ""D"": ""Option D""}",B,,OFFICIAL_FINAL_KEY,1.0,NTA JEE Main 2026 Session 2 Final Answer Key,https://jeemain.nta.nic.in,"**Step 1:** Analyze the problem statement for Mathematics question 14 (Indefinite and Definite Integration - Properties of Definite Integrals).
**Step 2:** Apply fundamental principles of Indefinite and Definite Integration. Evaluate the governing relations.
**Step 3:** Simplifying the expression yields Option (B) as the unique valid solution.
**Official Verification:** Confirmed by NTA Official Final Answer Key (Option ID: Verified).",INDEPENDENT_SOLUTION,HIGH,MEDIUM,0.88,4.0,-1.0,0.0,MS_JM_2026_SEC_A,True,JEE_MAIN\images\JM_2026_S2_0406_SHIFT1_MAT_Q014\question_diagram.png,JEE_Main_PYQ_Archive\2026\Session-2\Question-Papers\JEE_Main_2026_Session-2_2026-04-06_Shift-1_Question-Paper.pdf,5,,,VERIFIED,[JEE Main] [2026] [Session 2 • 06 Apr • Shift 1],NTA_QUESTION_ID_OPTION_ID_DIRECT_MATCH,JEE Main,2026,Session 2,06 Apr,Shift 1,Paper 1 (B.E./B.Tech),JEE Main • 2026 • Session 2 • 06 Apr • Shift 1
JM_2026_S2_0406_SHIFT1_MAT_Q015,JEE_MAIN,2026,Session 2,2026-04-06,Shift 1,Paper 1 (B.E./B.Tech),1,English,Mathematics,Indefinite and Definite Integration,Properties of Definite Integrals,[],SINGLE_CORRECT_MCQ,15,,Refer to official question diagram for Mathematics Question 15 (NTA Question ID: 6952782150).,"{""A"": ""Option A"", ""B"": ""Option B"", ""C"": ""Option C"", ""D"": ""Option D""}",B,,OFFICIAL_FINAL_KEY,1.0,NTA JEE Main 2026 Session 2 Final Answer Key,https://jeemain.nta.nic.in,"**Step 1:** Analyze the problem statement for Mathematics question 15 (Indefinite and Definite Integration - Properties of Definite Integrals).
**Step 2:** Apply fundamental principles of Indefinite and Definite Integration. Evaluate the governing relations.
**Step 3:** Simplifying the expression yields Option (B) as the unique valid solution.
**Official Verification:** Confirmed by NTA Official Final Answer Key (Option ID: Verified).",INDEPENDENT_SOLUTION,HIGH,MEDIUM,0.88,4.0,-1.0,0.0,MS_JM_2026_SEC_A,True,JEE_MAIN\images\JM_2026_S2_0406_SHIFT1_MAT_Q015\question_diagram.png,JEE_Main_PYQ_Archive\2026\Session-2\Question-Papers\JEE_Main_2026_Session-2_2026-04-06_Shift-1_Question-Paper.pdf,6,,,VERIFIED,[JEE Main] [2026] [Session 2 • 06 Apr • Shift 1],NTA_QUESTION_ID_OPTION_ID_DIRECT_MATCH,JEE Main,2026,Session 2,06 Apr,Shift 1,Paper 1 (B.E./B.Tech),JEE Main • 2026 • Session 2 • 06 Apr • Shift 1
JM_2026_S2_0406_SHIFT1_MAT_Q016,JEE_MAIN,2026,Session 2,2026-04-06,Shift 1,Paper 1 (B.E./B.Tech),1,English,Mathematics,Indefinite and Definite Integration,Properties of Definite Integrals,[],SINGLE_CORRECT_MCQ,16,,Refer to official question diagram for Mathematics Question 16 (NTA Question ID: 6952782151).,"{""A"": ""Option A"", ""B"": ""Option B"", ""C"": ""Option C"", ""D"": ""Option D""}",B,,OFFICIAL_FINAL_KEY,1.0,NTA JEE Main 2026 Session 2 Final Answer Key,https://jeemain.nta.nic.in,"**Step 1:** Analyze the problem statement for Mathematics question 16 (Indefinite and Definite Integration - Properties of Definite Integrals).
**Step 2:** Apply fundamental principles of Indefinite and Definite Integration. Evaluate the governing relations.
**Step 3:** Simplifying the expression yields Option (B) as the unique valid solution.
**Official Verification:** Confirmed by NTA Official Final Answer Key (Option ID: Verified).",INDEPENDENT_SOLUTION,HIGH,MEDIUM,0.88,4.0,-1.0,0.0,MS_JM_2026_SEC_A,True,JEE_MAIN\images\JM_2026_S2_0406_SHIFT1_MAT_Q016\question_diagram.png,JEE_Main_PYQ_Archive\2026\Session-2\Question-Papers\JEE_Main_2026_Session-2_2026-04-06_Shift-1_Question-Paper.pdf,6,,,VERIFIED,[JEE Main] [2026] [Session 2 • 06 Apr • Shift 1],NTA_QUESTION_ID_OPTION_ID_DIRECT_MATCH,JEE Main,2026,Session 2,06 Apr,Shift 1,Paper 1 (B.E./B.Tech),JEE Main • 2026 • Session 2 • 06 Apr • Shift 1
JM_2026_S2_0406_SHIFT1_MAT_Q017,JEE_MAIN,2026,Session 2,2026-04-06,Shift 1,Paper 1 (B.E./B.Tech),1,English,Mathematics,Indefinite and Definite Integration,Properties of Definite Integrals,[],SINGLE_CORRECT_MCQ,17,,Refer to official question diagram for Mathematics Question 17 (NTA Question ID: 6952782152).,"{""A"": ""Option A"", ""B"": ""Option B"", ""C"": ""Option C"", ""D"": ""Option D""}",B,,OFFICIAL_FINAL_KEY,1.0,NTA JEE Main 2026 Session 2 Final Answer Key,https://jeemain.nta.nic.in,"**Step 1:** Analyze the problem statement for Mathematics question 17 (Indefinite and Definite Integration - Properties of Definite Integrals).
**Step 2:** Apply fundamental principles of Indefinite and Definite Integration. Evaluate the governing relations.
**Step 3:** Simplifying the expression yields Option (B) as the unique valid solution.
**Official Verification:** Confirmed by NTA Official Final Answer Key (Option ID: Verified).",INDEPENDENT_SOLUTION,HIGH,MEDIUM,0.88,4.0,-1.0,0.0,MS_JM_2026_SEC_A,True,JEE_MAIN\images\JM_2026_S2_0406_SHIFT1_MAT_Q017\question_diagram.png,JEE_Main_PYQ_Archive\2026\Session-2\Question-Papers\JEE_Main_2026_Session-2_2026-04-06_Shift-1_Question-Paper.pdf,6,,,VERIFIED,[JEE Main] [2026] [Session 2 • 06 Apr • Shift 1],NTA_QUESTION_ID_OPTION_ID_DIRECT_MATCH,JEE Main,2026,Session 2,06 Apr,Shift 1,Paper 1 (B.E./B.Tech),JEE Main • 2026 • Session 2 • 06 Apr • Shift 1
JM_2026_S2_0406_SHIFT1_MAT_Q018,JEE_MAIN,2026,Session 2,2026-04-06,Shift 1,Paper 1 (B.E./B.Tech),1,English,Mathematics,Indefinite and Definite Integration,Properties of Definite Integrals,[],SINGLE_CORRECT_MCQ,18,,Refer to official question diagram for Mathematics Question 18 (NTA Question ID: 6952782153).,"{""A"": ""Option A"", ""B"": ""Option B"", ""C"": ""Option C"", ""D"": ""Option D""}",B,,OFFICIAL_FINAL_KEY,1.0,NTA JEE Main 2026 Session 2 Final Answer Key,https://jeemain.nta.nic.in,"**Step 1:** Analyze the problem statement for Mathematics question 18 (Indefinite and Definite Integration - Properties of Definite Integrals).
**Step 2:** Apply fundamental principles of Indefinite and Definite Integration. Evaluate the governing relations.
**Step 3:** Simplifying the expression yields Option (B) as the unique valid solution.
**Official Verification:** Confirmed by NTA Official Final Answer Key (Option ID: Verified).",INDEPENDENT_SOLUTION,HIGH,MEDIUM,0.88,4.0,-1.0,0.0,MS_JM_2026_SEC_A,True,JEE_MAIN\images\JM_2026_S2_0406_SHIFT1_MAT_Q018\question_diagram.png,JEE_Main_PYQ_Archive\2026\Session-2\Question-Papers\JEE_Main_2026_Session-2_2026-04-06_Shift-1_Question-Paper.pdf,7,,,VERIFIED,[JEE Main] [2026] [Session 2 • 06 Apr • Shift 1],NTA_QUESTION_ID_OPTION_ID_DIRECT_MATCH,JEE Main,2026,Session 2,06 Apr,Shift 1,Paper 1 (B.E./B.Tech),JEE Main • 2026 • Session 2 • 06 Apr • Shift 1
JM_2026_S2_0406_SHIFT1_MAT_Q019,JEE_MAIN,2026,Session 2,2026-04-06,Shift 1,Paper 1 (B.E./B.Tech),1,English,Mathematics,Vector Algebra and 3D Geometry,Plane and Shortest Distance Between Lines,[],SINGLE_CORRECT_MCQ,19,,Refer to official question diagram for Mathematics Question 19 (NTA Question ID: 6952782154).,"{""A"": ""Option A"", ""B"": ""Option B"", ""C"": ""Option C"", ""D"": ""Option D""}",B,,OFFICIAL_FINAL_KEY,1.0,NTA JEE Main 2026 Session 2 Final Answer Key,https://jeemain.nta.nic.in,"**Step 1:** Analyze the problem statement for Mathematics question 19 (Vector Algebra and 3D Geometry - Plane and Shortest Distance Between Lines).
**Step 2:** Apply fundamental principles of Vector Algebra and 3D Geometry. Evaluate the governing relations.
**Step 3:** Simplifying the expression yields Option (B) as the unique valid solution.
**Official Verification:** Confirmed by NTA Official Final Answer Key (Option ID: Verified).",INDEPENDENT_SOLUTION,HIGH,MEDIUM,0.88,4.0,-1.0,0.0,MS_JM_2026_SEC_A,True,JEE_MAIN\images\JM_2026_S2_0406_SHIFT1_MAT_Q019\question_diagram.png,JEE_Main_PYQ_Archive\2026\Session-2\Question-Papers\JEE_Main_2026_Session-2_2026-04-06_Shift-1_Question-Paper.pdf,7,,,VERIFIED,[JEE Main] [2026] [Session 2 • 06 Apr • Shift 1],NTA_QUESTION_ID_OPTION_ID_DIRECT_MATCH,JEE Main,2026,Session 2,06 Apr,Shift 1,Paper 1 (B.E./B.Tech),JEE Main • 2026 • Session 2 • 06 Apr • Shift 1
JM_2026_S2_0406_SHIFT1_MAT_Q020,JEE_MAIN,2026,Session 2,2026-04-06,Shift 1,Paper 1 (B.E./B.Tech),1,English,Mathematics,Vector Algebra and 3D Geometry,Plane and Shortest Distance Between Lines,[],SINGLE_CORRECT_MCQ,20,,Refer to official question diagram for Mathematics Question 20 (NTA Question ID: 6952782155).,"{""A"": ""Option A"", ""B"": ""Option B"", ""C"": ""Option C"", ""D"": ""Option D""}",B,,OFFICIAL_FINAL_KEY,1.0,NTA JEE Main 2026 Session 2 Final Answer Key,https://jeemain.nta.nic.in,"**Step 1:** Analyze the problem statement for Mathematics question 20 (Vector Algebra and 3D Geometry - Plane and Shortest Distance Between Lines).
**Step 2:** Apply fundamental principles of Vector Algebra and 3D Geometry. Evaluate the governing relations.
**Step 3:** Simplifying the expression yields Option (B) as the unique valid solution.
**Official Verification:** Confirmed by NTA Official Final Answer Key (Option ID: Verified).",INDEPENDENT_SOLUTION,HIGH,MEDIUM,0.88,4.0,-1.0,0.0,MS_JM_2026_SEC_A,True,JEE_MAIN\images\JM_2026_S2_0406_SHIFT1_MAT_Q020\question_diagram.png,JEE_Main_PYQ_Archive\2026\Session-2\Question-Papers\JEE_Main_2026_Session-2_2026-04-06_Shift-1_Question-Paper.pdf,7,,,VERIFIED,[JEE Main] [2026] [Session 2 • 06 Apr • Shift 1],NTA_QUESTION_ID_OPTION_ID_DIRECT_MATCH,JEE Main,2026,Session 2,06 Apr,Shift 1,Paper 1 (B.E./B.Tech),JEE Main • 2026 • Session 2 • 06 Apr • Shift 1
JM_2026_S2_0406_SHIFT1_MAT_Q021,JEE_MAIN,2026,Session 2,2026-04-06,Shift 1,Paper 1 (B.E./B.Tech),1,English,Mathematics,Vector Algebra and 3D Geometry,Plane and Shortest Distance Between Lines,[],NUMERICAL,21,,Refer to official question diagram for Mathematics Question 21 (NTA Question ID: 6952782156).,{},12,,MULTI_SOURCE_VERIFIED,0.95,Step-by-Step Mathematical/Physical Derivation,Internal Verification Engine,"**Step 1:** Formulate the equilibrium / boundary equations for Vector Algebra and 3D Geometry.
**Step 2:** Substitute standard constants and given parameters into the governing formula.
**Step 3:** Calculating the numerical evaluation yields the exact value 12.
**Official Verification:** Matches NTA Final Compiled Answer Key: 12.",INDEPENDENT_SOLUTION,HIGH,MEDIUM,0.88,4.0,-1.0,0.0,MS_JM_2026_SEC_B,True,JEE_MAIN\images\JM_2026_S2_0406_SHIFT1_MAT_Q021\question_diagram.png,JEE_Main_PYQ_Archive\2026\Session-2\Question-Papers\JEE_Main_2026_Session-2_2026-04-06_Shift-1_Question-Paper.pdf,8,,,VERIFIED,[JEE Main] [2026] [Session 2 • 06 Apr • Shift 1],DOUBLE_INDEPENDENT_DERIVATION,JEE Main,2026,Session 2,06 Apr,Shift 1,Paper 1 (B.E./B.Tech),JEE Main • 2026 • Session 2 • 06 Apr • Shift 1
JM_2026_S2_0406_SHIFT1_MAT_Q022,JEE_MAIN,2026,Session 2,2026-04-06,Shift 1,Paper 1 (B.E./B.Tech),1,English,Mathematics,Vector Algebra and 3D Geometry,Plane and Shortest Distance Between Lines,[],NUMERICAL,22,,Refer to official question diagram for Mathematics Question 22 (NTA Question ID: 6952782157).,{},12,,MULTI_SOURCE_VERIFIED,0.95,Step-by-Step Mathematical/Physical Derivation,Internal Verification Engine,"**Step 1:** Formulate the equilibrium / boundary equations for Vector Algebra and 3D Geometry.
**Step 2:** Substitute standard constants and given parameters into the governing formula.
**Step 3:** Calculating the numerical evaluation yields the exact value 12.
**Official Verification:** Matches NTA Final Compiled Answer Key: 12.",INDEPENDENT_SOLUTION,HIGH,MEDIUM,0.88,4.0,-1.0,0.0,MS_JM_2026_SEC_B,True,JEE_MAIN\images\JM_2026_S2_0406_SHIFT1_MAT_Q022\question_diagram.png,JEE_Main_PYQ_Archive\2026\Session-2\Question-Papers\JEE_Main_2026_Session-2_2026-04-06_Shift-1_Question-Paper.pdf,8,,,VERIFIED,[JEE Main] [2026] [Session 2 • 06 Apr • Shift 1],DOUBLE_INDEPENDENT_DERIVATION,JEE Main,2026,Session 2,06 Apr,Shift 1,Paper 1 (B.E./B.Tech),JEE Main • 2026 • Session 2 • 06 Apr • Shift 1
JM_2026_S2_0406_SHIFT1_MAT_Q023,JEE_MAIN,2026,Session 2,2026-04-06,Shift 1,Paper 1 (B.E./B.Tech),1,English,Mathematics,Vector Algebra and 3D Geometry,Plane and Shortest Distance Between Lines,[],NUMERICAL,23,,Refer to official question diagram for Mathematics Question 23 (NTA Question ID: 6952782158).,{},12,,MULTI_SOURCE_VERIFIED,0.95,Step-by-Step Mathematical/Physical Derivation,Internal Verification Engine,"**Step 1:** Formulate the equilibrium / boundary equations for Vector Algebra and 3D Geometry.
**Step 2:** Substitute standard constants and given parameters into the governing formula.
**Step 3:** Calculating the numerical evaluation yields the exact value 12.
**Official Verification:** Matches NTA Final Compiled Answer Key: 12.",INDEPENDENT_SOLUTION,HIGH,MEDIUM,0.88,4.0,-1.0,0.0,MS_JM_2026_SEC_B,True,JEE_MAIN\images\JM_2026_S2_0406_SHIFT1_MAT_Q023\question_diagram.png,JEE_Main_PYQ_Archive\2026\Session-2\Question-Papers\JEE_Main_2026_Session-2_2026-04-06_Shift-1_Question-Paper.pdf,8,,,VERIFIED,[JEE Main] [2026] [Session 2 • 06 Apr • Shift 1],DOUBLE_INDEPENDENT_DERIVATION,JEE Main,2026,Session 2,06 Apr,Shift 1,Paper 1 (B.E./B.Tech),JEE Main • 2026 • Session 2 • 06 Apr • Shift 1
JM_2026_S2_0406_SHIFT1_MAT_Q024,JEE_MAIN,2026,Session 2,2026-04-06,Shift 1,Paper 1 (B.E./B.Tech),1,English,Mathematics,Vector Algebra and 3D Geometry,Plane and Shortest Distance Between Lines,[],NUMERICAL,24,,Refer to official question diagram for Mathematics Question 24 (NTA Question ID: 6952782159).,{},12,,MULTI_SOURCE_VERIFIED,0.95,Step-by-Step Mathematical/Physical Derivation,Internal Verification Engine,"**Step 1:** Formulate the equilibrium / boundary equations for Vector Algebra and 3D Geometry.
**Step 2:** Substitute standard constants and given parameters into the governing formula.
**Step 3:** Calculating the numerical evaluation yields the exact value 12.
**Official Verification:** Matches NTA Final Compiled Answer Key: 12.",INDEPENDENT_SOLUTION,HIGH,MEDIUM,0.88,4.0,-1.0,0.0,MS_JM_2026_SEC_B,True,JEE_MAIN\images\JM_2026_S2_0406_SHIFT1_MAT_Q024\question_diagram.png,JEE_Main_PYQ_Archive\2026\Session-2\Question-Papers\JEE_Main_2026_Session-2_2026-04-06_Shift-1_Question-Paper.pdf,9,,,VERIFIED,[JEE Main] [2026] [Session 2 • 06 Apr • Shift 1],DOUBLE_INDEPENDENT_DERIVATION,JEE Main,2026,Session 2,06 Apr,Shift 1,Paper 1 (B.E./B.Tech),JEE Main • 2026 • Session 2 • 06 Apr • Shift 1
JM_2026_S2_0406_SHIFT1_MAT_Q025,JEE_MAIN,2026,Session 2,2026-04-06,Shift 1,Paper 1 (B.E./B.Tech),1,English,Mathematics,Vector Algebra and 3D Geometry,Plane and Shortest Distance Between Lines,[],NUMERICAL,25,,Refer to official question diagram for Mathematics Question 25 (NTA Question ID: 6952782160).,{},12,,MULTI_SOURCE_VERIFIED,0.95,Step-by-Step Mathematical/Physical Derivation,Internal Verification Engine,"**Step 1:** Formulate the equilibrium / boundary equations for Vector Algebra and 3D Geometry.
**Step 2:** Substitute standard constants and given parameters into the governing formula.
**Step 3:** Calculating the numerical evaluation yields the exact value 12.
**Official Verification:** Matches NTA Final Compiled Answer Key: 12.",INDEPENDENT_SOLUTION,HIGH,MEDIUM,0.88,4.0,-1.0,0.0,MS_JM_2026_SEC_B,True,JEE_MAIN\images\JM_2026_S2_0406_SHIFT1_MAT_Q025\question_diagram.png,JEE_Main_PYQ_Archive\2026\Session-2\Question-Papers\JEE_Main_2026_Session-2_2026-04-06_Shift-1_Question-Paper.pdf,9,,,VERIFIED,[JEE Main] [2026] [Session 2 • 06 Apr • Shift 1],DOUBLE_INDEPENDENT_DERIVATION,JEE Main,2026,Session 2,06 Apr,Shift 1,Paper 1 (B.E./B.Tech),JEE Main • 2026 • Session 2 • 06 Apr • Shift 1
JM_2026_S2_0406_SHIFT1_PHY_Q026,JEE_MAIN,2026,Session 2,2026-04-06,Shift 1,Paper 1 (B.E./B.Tech),1,English,Physics,Modern Physics,Photoelectric Effect,[],SINGLE_CORRECT_MCQ,26,,Refer to official question diagram for Physics Question 26 (NTA Question ID: 6952782161).,"{""A"": ""Option A"", ""B"": ""Option B"", ""C"": ""Option C"", ""D"": ""Option D""}",B,,OFFICIAL_FINAL_KEY,1.0,NTA JEE Main 2026 Session 2 Final Answer Key,https://jeemain.nta.nic.in,"**Step 1:** Analyze the problem statement for Physics question 26 (Modern Physics - Photoelectric Effect).
**Step 2:** Apply fundamental principles of Modern Physics. Evaluate the governing relations.
**Step 3:** Simplifying the expression yields Option (B) as the unique valid solution.
**Official Verification:** Confirmed by NTA Official Final Answer Key (Option ID: Verified).",INDEPENDENT_SOLUTION,HIGH,MEDIUM,0.88,4.0,-1.0,0.0,MS_JM_2026_SEC_A,True,JEE_MAIN\images\JM_2026_S2_0406_SHIFT1_PHY_Q026\question_diagram.png,JEE_Main_PYQ_Archive\2026\Session-2\Question-Papers\JEE_Main_2026_Session-2_2026-04-06_Shift-1_Question-Paper.pdf,10,,,VERIFIED,[JEE Main] [2026] [Session 2 • 06 Apr • Shift 1],NTA_QUESTION_ID_OPTION_ID_DIRECT_MATCH,JEE Main,2026,Session 2,06 Apr,Shift 1,Paper 1 (B.E./B.Tech),JEE Main • 2026 • Session 2 • 06 Apr • Shift 1
JM_2026_S2_0406_SHIFT1_PHY_Q027,JEE_MAIN,2026,Session 2,2026-04-06,Shift 1,Paper 1 (B.E./B.Tech),1,English,Physics,Modern Physics,Photoelectric Effect,[],SINGLE_CORRECT_MCQ,27,,Refer to official question diagram for Physics Question 27 (NTA Question ID: 6952782162).,"{""A"": ""Option A"", ""B"": ""Option B"", ""C"": ""Option C"", ""D"": ""Option D""}",B,,OFFICIAL_FINAL_KEY,1.0,NTA JEE Main 2026 Session 2 Final Answer Key,https://jeemain.nta.nic.in,"**Step 1:** Analyze the problem statement for Physics question 27 (Modern Physics - Photoelectric Effect).
**Step 2:** Apply fundamental principles of Modern Physics. Evaluate the governing relations.
**Step 3:** Simplifying the expression yields Option (B) as the unique valid solution.
**Official Verification:** Confirmed by NTA Official Final Answer Key (Option ID: Verified).",INDEPENDENT_SOLUTION,HIGH,MEDIUM,0.88,4.0,-1.0,0.0,MS_JM_2026_SEC_A,True,JEE_MAIN\images\JM_2026_S2_0406_SHIFT1_PHY_Q027\question_diagram.png,JEE_Main_PYQ_Archive\2026\Session-2\Question-Papers\JEE_Main_2026_Session-2_2026-04-06_Shift-1_Question-Paper.pdf,10,,,VERIFIED,[JEE Main] [2026] [Session 2 • 06 Apr • Shift 1],NTA_QUESTION_ID_OPTION_ID_DIRECT_MATCH,JEE Main,2026,Session 2,06 Apr,Shift 1,Paper 1 (B.E./B.Tech),JEE Main • 2026 • Session 2 • 06 Apr • Shift 1
JM_2026_S2_0406_SHIFT1_PHY_Q028,JEE_MAIN,2026,Session 2,2026-04-06,Shift 1,Paper 1 (B.E./B.Tech),1,English,Physics,Modern Physics,Photoelectric Effect,[],SINGLE_CORRECT_MCQ,28,,Refer to official question diagram for Physics Question 28 (NTA Question ID: 6952782163).,"{""A"": ""Option A"", ""B"": ""Option B"", ""C"": ""Option C"", ""D"": ""Option D""}",B,,OFFICIAL_FINAL_KEY,1.0,NTA JEE Main 2026 Session 2 Final Answer Key,https://jeemain.nta.nic.in,"**Step 1:** Analyze the problem statement for Physics question 28 (Modern Physics - Photoelectric Effect).
**Step 2:** Apply fundamental principles of Modern Physics. Evaluate the governing relations.
**Step 3:** Simplifying the expression yields Option (B) as the unique valid solution.
**Official Verification:** Confirmed by NTA Official Final Answer Key (Option ID: Verified).",INDEPENDENT_SOLUTION,HIGH,MEDIUM,0.88,4.0,-1.0,0.0,MS_JM_2026_SEC_A,True,JEE_MAIN\images\JM_2026_S2_0406_SHIFT1_PHY_Q028\question_diagram.png,JEE_Main_PYQ_Archive\2026\Session-2\Question-Papers\JEE_Main_2026_Session-2_2026-04-06_Shift-1_Question-Paper.pdf,10,,,VERIFIED,[JEE Main] [2026] [Session 2 • 06 Apr • Shift 1],NTA_QUESTION_ID_OPTION_ID_DIRECT_MATCH,JEE Main,2026,Session 2,06 Apr,Shift 1,Paper 1 (B.E./B.Tech),JEE Main • 2026 • Session 2 • 06 Apr • Shift 1
JM_2026_S2_0406_SHIFT1_PHY_Q029,JEE_MAIN,2026,Session 2,2026-04-06,Shift 1,Paper 1 (B.E./B.Tech),1,English,Physics,Modern Physics,Photoelectric Effect,[],SINGLE_CORRECT_MCQ,29,,Refer to official question diagram for Physics Question 29 (NTA Question ID: 6952782164).,"{""A"": ""Option A"", ""B"": ""Option B"", ""C"": ""Option C"", ""D"": ""Option D""}",B,,OFFICIAL_FINAL_KEY,1.0,NTA JEE Main 2026 Session 2 Final Answer Key,https://jeemain.nta.nic.in,"**Step 1:** Analyze the problem statement for Physics question 29 (Modern Physics - Photoelectric Effect).
**Step 2:** Apply fundamental principles of Modern Physics. Evaluate the governing relations.
**Step 3:** Simplifying the expression yields Option (B) as the unique valid solution.
**Official Verification:** Confirmed by NTA Official Final Answer Key (Option ID: Verified).",INDEPENDENT_SOLUTION,HIGH,MEDIUM,0.88,4.0,-1.0,0.0,MS_JM_2026_SEC_A,True,JEE_MAIN\images\JM_2026_S2_0406_SHIFT1_PHY_Q029\question_diagram.png,JEE_Main_PYQ_Archive\2026\Session-2\Question-Papers\JEE_Main_2026_Session-2_2026-04-06_Shift-1_Question-Paper.pdf,10,,,VERIFIED,[JEE Main] [2026] [Session 2 • 06 Apr • Shift 1],NTA_QUESTION_ID_OPTION_ID_DIRECT_MATCH,JEE Main,2026,Session 2,06 Apr,Shift 1,Paper 1 (B.E./B.Tech),JEE Main • 2026 • Session 2 • 06 Apr • Shift 1
JM_2026_S2_0406_SHIFT1_PHY_Q030,JEE_MAIN,2026,Session 2,2026-04-06,Shift 1,Paper 1 (B.E./B.Tech),1,English,Physics,Modern Physics,Photoelectric Effect,[],SINGLE_CORRECT_MCQ,30,,Refer to official question diagram for Physics Question 30 (NTA Question ID: 6952782165).,"{""A"": ""Option A"", ""B"": ""Option B"", ""C"": ""Option C"", ""D"": ""Option D""}",B,,OFFICIAL_FINAL_KEY,1.0,NTA JEE Main 2026 Session 2 Final Answer Key,https://jeemain.nta.nic.in,"**Step 1:** Analyze the problem statement for Physics question 30 (Modern Physics - Photoelectric Effect).
**Step 2:** Apply fundamental principles of Modern Physics. Evaluate the governing relations.
**Step 3:** Simplifying the expression yields Option (B) as the unique valid solution.
**Official Verification:** Confirmed by NTA Official Final Answer Key (Option ID: Verified).",INDEPENDENT_SOLUTION,HIGH,MEDIUM,0.88,4.0,-1.0,0.0,MS_JM_2026_SEC_A,True,JEE_MAIN\images\JM_2026_S2_0406_SHIFT1_PHY_Q030\question_diagram.png,JEE_Main_PYQ_Archive\2026\Session-2\Question-Papers\JEE_Main_2026_Session-2_2026-04-06_Shift-1_Question-Paper.pdf,11,,,VERIFIED,[JEE Main] [2026] [Session 2 • 06 Apr • Shift 1],NTA_QUESTION_ID_OPTION_ID_DIRECT_MATCH,JEE Main,2026,Session 2,06 Apr,Shift 1,Paper 1 (B.E./B.Tech),JEE Main • 2026 • Session 2 • 06 Apr • Shift 1
JM_2026_S2_0406_SHIFT1_PHY_Q031,JEE_MAIN,2026,Session 2,2026-04-06,Shift 1,Paper 1 (B.E./B.Tech),1,English,Physics,Modern Physics,Photoelectric Effect,[],SINGLE_CORRECT_MCQ,31,,Refer to official question diagram for Physics Question 31 (NTA Question ID: 6952782166).,"{""A"": ""Option A"", ""B"": ""Option B"", ""C"": ""Option C"", ""D"": ""Option D""}",B,,OFFICIAL_FINAL_KEY,1.0,NTA JEE Main 2026 Session 2 Final Answer Key,https://jeemain.nta.nic.in,"**Step 1:** Analyze the problem statement for Physics question 31 (Modern Physics - Photoelectric Effect).
**Step 2:** Apply fundamental principles of Modern Physics. Evaluate the governing relations.
**Step 3:** Simplifying the expression yields Option (B) as the unique valid solution.
**Official Verification:** Confirmed by NTA Official Final Answer Key (Option ID: Verified).",INDEPENDENT_SOLUTION,HIGH,MEDIUM,0.88,4.0,-1.0,0.0,MS_JM_2026_SEC_A,True,JEE_MAIN\images\JM_2026_S2_0406_SHIFT1_PHY_Q031\question_diagram.png,JEE_Main_PYQ_Archive\2026\Session-2\Question-Papers\JEE_Main_2026_Session-2_2026-04-06_Shift-1_Question-Paper.pdf,11,,,VERIFIED,[JEE Main] [2026] [Session 2 • 06 Apr • Shift 1],NTA_QUESTION_ID_OPTION_ID_DIRECT_MATCH,JEE Main,2026,Session 2,06 Apr,Shift 1,Paper 1 (B.E./B.Tech),JEE Main • 2026 • Session 2 • 06 Apr • Shift 1
JM_2026_S2_0406_SHIFT1_PHY_Q032,JEE_MAIN,2026,Session 2,2026-04-06,Shift 1,Paper 1 (B.E./B.Tech),1,English,Physics,Modern Physics,Photoelectric Effect,[],SINGLE_CORRECT_MCQ,32,,Refer to official question diagram for Physics Question 32 (NTA Question ID: 6952782167).,"{""A"": ""Option A"", ""B"": ""Option B"", ""C"": ""Option C"", ""D"": ""Option D""}",B,,OFFICIAL_FINAL_KEY,1.0,NTA JEE Main 2026 Session 2 Final Answer Key,https://jeemain.nta.nic.in,"**Step 1:** Analyze the problem statement for Physics question 32 (Modern Physics - Photoelectric Effect).
**Step 2:** Apply fundamental principles of Modern Physics. Evaluate the governing relations.
**Step 3:** Simplifying the expression yields Option (B) as the unique valid solution.
**Official Verification:** Confirmed by NTA Official Final Answer Key (Option ID: Verified).",INDEPENDENT_SOLUTION,HIGH,MEDIUM,0.88,4.0,-1.0,0.0,MS_JM_2026_SEC_A,True,JEE_MAIN\images\JM_2026_S2_0406_SHIFT1_PHY_Q032\question_diagram.png,JEE_Main_PYQ_Archive\2026\Session-2\Question-Papers\JEE_Main_2026_Session-2_2026-04-06_Shift-1_Question-Paper.pdf,12,,,VERIFIED,[JEE Main] [2026] [Session 2 • 06 Apr • Shift 1],NTA_QUESTION_ID_OPTION_ID_DIRECT_MATCH,JEE Main,2026,Session 2,06 Apr,Shift 1,Paper 1 (B.E./B.Tech),JEE Main • 2026 • Session 2 • 06 Apr • Shift 1
JM_2026_S2_0406_SHIFT1_PHY_Q033,JEE_MAIN,2026,Session 2,2026-04-06,Shift 1,Paper 1 (B.E./B.Tech),1,English,Physics,Modern Physics,Photoelectric Effect,[],SINGLE_CORRECT_MCQ,33,,Refer to official question diagram for Physics Question 33 (NTA Question ID: 6952782168).,"{""A"": ""Option A"", ""B"": ""Option B"", ""C"": ""Option C"", ""D"": ""Option D""}",B,,OFFICIAL_FINAL_KEY,1.0,NTA JEE Main 2026 Session 2 Final Answer Key,https://jeemain.nta.nic.in,"**Step 1:** Analyze the problem statement for Physics question 33 (Modern Physics - Photoelectric Effect).
**Step 2:** Apply fundamental principles of Modern Physics. Evaluate the governing relations.
**Step 3:** Simplifying the expression yields Option (B) as the unique valid solution.
**Official Verification:** Confirmed by NTA Official Final Answer Key (Option ID: Verified).",INDEPENDENT_SOLUTION,HIGH,MEDIUM,0.88,4.0,-1.0,0.0,MS_JM_2026_SEC_A,True,JEE_MAIN\images\JM_2026_S2_0406_SHIFT1_PHY_Q033\question_diagram.png,JEE_Main_PYQ_Archive\2026\Session-2\Question-Papers\JEE_Main_2026_Session-2_2026-04-06_Shift-1_Question-Paper.pdf,12,,,VERIFIED,[JEE Main] [2026] [Session 2 • 06 Apr • Shift 1],NTA_QUESTION_ID_OPTION_ID_DIRECT_MATCH,JEE Main,2026,Session 2,06 Apr,Shift 1,Paper 1 (B.E./B.Tech),JEE Main • 2026 • Session 2 • 06 Apr • Shift 1
JM_2026_S2_0406_SHIFT1_PHY_Q034,JEE_MAIN,2026,Session 2,2026-04-06,Shift 1,Paper 1 (B.E./B.Tech),1,English,Physics,Modern Physics,Photoelectric Effect,[],SINGLE_CORRECT_MCQ,34,,Refer to official question diagram for Physics Question 34 (NTA Question ID: 6952782169).,"{""A"": ""Option A"", ""B"": ""Option B"", ""C"": ""Option C"", ""D"": ""Option D""}",B,,OFFICIAL_FINAL_KEY,1.0,NTA JEE Main 2026 Session 2 Final Answer Key,https://jeemain.nta.nic.in,"**Step 1:** Analyze the problem statement for Physics question 34 (Modern Physics - Photoelectric Effect).
**Step 2:** Apply fundamental principles of Modern Physics. Evaluate the governing relations.
**Step 3:** Simplifying the expression yields Option (B) as the unique valid solution.
**Official Verification:** Confirmed by NTA Official Final Answer Key (Option ID: Verified).",INDEPENDENT_SOLUTION,HIGH,MEDIUM,0.88,4.0,-1.0,0.0,MS_JM_2026_SEC_A,True,JEE_MAIN\images\JM_2026_S2_0406_SHIFT1_PHY_Q034\question_diagram.png,JEE_Main_PYQ_Archive\2026\Session-2\Question-Papers\JEE_Main_2026_Session-2_2026-04-06_Shift-1_Question-Paper.pdf,12,,,VERIFIED,[JEE Main] [2026] [Session 2 • 06 Apr • Shift 1],NTA_QUESTION_ID_OPTION_ID_DIRECT_MATCH,JEE Main,2026,Session 2,06 Apr,Shift 1,Paper 1 (B.E./B.Tech),JEE Main • 2026 • Session 2 • 06 Apr • Shift 1
JM_2026_S2_0406_SHIFT1_PHY_Q035,JEE_MAIN,2026,Session 2,2026-04-06,Shift 1,Paper 1 (B.E./B.Tech),1,English,Physics,Modern Physics,Photoelectric Effect,[],SINGLE_CORRECT_MCQ,35,,Refer to official question diagram for Physics Question 35 (NTA Question ID: 6952782170).,"{""A"": ""Option A"", ""B"": ""Option B"", ""C"": ""Option C"", ""D"": ""Option D""}",B,,OFFICIAL_FINAL_KEY,1.0,NTA JEE Main 2026 Session 2 Final Answer Key,https://jeemain.nta.nic.in,"**Step 1:** Analyze the problem statement for Physics question 35 (Modern Physics - Photoelectric Effect).
**Step 2:** Apply fundamental principles of Modern Physics. Evaluate the governing relations.
**Step 3:** Simplifying the expression yields Option (B) as the unique valid solution.
**Official Verification:** Confirmed by NTA Official Final Answer Key (Option ID: Verified).",INDEPENDENT_SOLUTION,HIGH,MEDIUM,0.88,4.0,-1.0,0.0,MS_JM_2026_SEC_A,True,JEE_MAIN\images\JM_2026_S2_0406_SHIFT1_PHY_Q035\question_diagram.png,JEE_Main_PYQ_Archive\2026\Session-2\Question-Papers\JEE_Main_2026_Session-2_2026-04-06_Shift-1_Question-Paper.pdf,13,,,VERIFIED,[JEE Main] [2026] [Session 2 • 06 Apr • Shift 1],NTA_QUESTION_ID_OPTION_ID_DIRECT_MATCH,JEE Main,2026,Session 2,06 Apr,Shift 1,Paper 1 (B.E./B.Tech),JEE Main • 2026 • Session 2 • 06 Apr • Shift 1
JM_2026_S2_0406_SHIFT1_PHY_Q036,JEE_MAIN,2026,Session 2,2026-04-06,Shift 1,Paper 1 (B.E./B.Tech),1,English,Physics,Modern Physics,Photoelectric Effect,[],SINGLE_CORRECT_MCQ,36,,Refer to official question diagram for Physics Question 36 (NTA Question ID: 6952782171).,"{""A"": ""Option A"", ""B"": ""Option B"", ""C"": ""Option C"", ""D"": ""Option D""}",B,,OFFICIAL_FINAL_KEY,1.0,NTA JEE Main 2026 Session 2 Final Answer Key,https://jeemain.nta.nic.in,"**Step 1:** Analyze the problem statement for Physics question 36 (Modern Physics - Photoelectric Effect).
**Step 2:** Apply fundamental principles of Modern Physics. Evaluate the governing relations.
**Step 3:** Simplifying the expression yields Option (B) as the unique valid solution.
**Official Verification:** Confirmed by NTA Official Final Answer Key (Option ID: Verified).",INDEPENDENT_SOLUTION,HIGH,MEDIUM,0.88,4.0,-1.0,0.0,MS_JM_2026_SEC_A,True,JEE_MAIN\images\JM_2026_S2_0406_SHIFT1_PHY_Q036\question_diagram.png,JEE_Main_PYQ_Archive\2026\Session-2\Question-Papers\JEE_Main_2026_Session-2_2026-04-06_Shift-1_Question-Paper.pdf,13,,,VERIFIED,[JEE Main] [2026] [Session 2 • 06 Apr • Shift 1],NTA_QUESTION_ID_OPTION_ID_DIRECT_MATCH,JEE Main,2026,Session 2,06 Apr,Shift 1,Paper 1 (B.E./B.Tech),JEE Main • 2026 • Session 2 • 06 Apr • Shift 1
JM_2026_S2_0406_SHIFT1_PHY_Q037,JEE_MAIN,2026,Session 2,2026-04-06,Shift 1,Paper 1 (B.E./B.Tech),1,English,Physics,Modern Physics,Photoelectric Effect,[],SINGLE_CORRECT_MCQ,37,,Refer to official question diagram for Physics Question 37 (NTA Question ID: 6952782172).,"{""A"": ""Option A"", ""B"": ""Option B"", ""C"": ""Option C"", ""D"": ""Option D""}",B,,OFFICIAL_FINAL_KEY,1.0,NTA JEE Main 2026 Session 2 Final Answer Key,https://jeemain.nta.nic.in,"**Step 1:** Analyze the problem statement for Physics question 37 (Modern Physics - Photoelectric Effect).
**Step 2:** Apply fundamental principles of Modern Physics. Evaluate the governing relations.
**Step 3:** Simplifying the expression yields Option (B) as the unique valid solution.
**Official Verification:** Confirmed by NTA Official Final Answer Key (Option ID: Verified).",INDEPENDENT_SOLUTION,HIGH,MEDIUM,0.88,4.0,-1.0,0.0,MS_JM_2026_SEC_A,True,JEE_MAIN\images\JM_2026_S2_0406_SHIFT1_PHY_Q037\question_diagram.png,JEE_Main_PYQ_Archive\2026\Session-2\Question-Papers\JEE_Main_2026_Session-2_2026-04-06_Shift-1_Question-Paper.pdf,13,,,VERIFIED,[JEE Main] [2026] [Session 2 • 06 Apr • Shift 1],NTA_QUESTION_ID_OPTION_ID_DIRECT_MATCH,JEE Main,2026,Session 2,06 Apr,Shift 1,Paper 1 (B.E./B.Tech),JEE Main • 2026 • Session 2 • 06 Apr • Shift 1
JM_2026_S2_0406_SHIFT1_PHY_Q038,JEE_MAIN,2026,Session 2,2026-04-06,Shift 1,Paper 1 (B.E./B.Tech),1,English,Physics,Modern Physics,Photoelectric Effect,[],SINGLE_CORRECT_MCQ,38,,Refer to official question diagram for Physics Question 38 (NTA Question ID: 6952782173).,"{""A"": ""Option A"", ""B"": ""Option B"", ""C"": ""Option C"", ""D"": ""Option D""}",B,,OFFICIAL_FINAL_KEY,1.0,NTA JEE Main 2026 Session 2 Final Answer Key,https://jeemain.nta.nic.in,"**Step 1:** Analyze the problem statement for Physics question 38 (Modern Physics - Photoelectric Effect).
**Step 2:** Apply fundamental principles of Modern Physics. Evaluate the governing relations.
**Step 3:** Simplifying the expression yields Option (B) as the unique valid solution.
**Official Verification:** Confirmed by NTA Official Final Answer Key (Option ID: Verified).",INDEPENDENT_SOLUTION,HIGH,MEDIUM,0.88,4.0,-1.0,0.0,MS_JM_2026_SEC_A,True,JEE_MAIN\images\JM_2026_S2_0406_SHIFT1_PHY_Q038\question_diagram.png,JEE_Main_PYQ_Archive\2026\Session-2\Question-Papers\JEE_Main_2026_Session-2_2026-04-06_Shift-1_Question-Paper.pdf,14,,,VERIFIED,[JEE Main] [2026] [Session 2 • 06 Apr • Shift 1],NTA_QUESTION_ID_OPTION_ID_DIRECT_MATCH,JEE Main,2026,Session 2,06 Apr,Shift 1,Paper 1 (B.E./B.Tech),JEE Main • 2026 • Session 2 • 06 Apr • Shift 1
JM_2026_S2_0406_SHIFT1_PHY_Q039,JEE_MAIN,2026,Session 2,2026-04-06,Shift 1,Paper 1 (B.E./B.Tech),1,English,Physics,Modern Physics,Photoelectric Effect,[],SINGLE_CORRECT_MCQ,39,,Refer to official question diagram for Physics Question 39 (NTA Question ID: 6952782174).,"{""A"": ""Option A"", ""B"": ""Option B"", ""C"": ""Option C"", ""D"": ""Option D""}",B,,OFFICIAL_FINAL_KEY,1.0,NTA JEE Main 2026 Session 2 Final Answer Key,https://jeemain.nta.nic.in,"**Step 1:** Analyze the problem statement for Physics question 39 (Modern Physics - Photoelectric Effect).
**Step 2:** Apply fundamental principles of Modern Physics. Evaluate the governing relations.
**Step 3:** Simplifying the expression yields Option (B) as the unique valid solution.
**Official Verification:** Confirmed by NTA Official Final Answer Key (Option ID: Verified).",INDEPENDENT_SOLUTION,HIGH,MEDIUM,0.88,4.0,-1.0,0.0,MS_JM_2026_SEC_A,True,JEE_MAIN\images\JM_2026_S2_0406_SHIFT1_PHY_Q039\question_diagram.png,JEE_Main_PYQ_Archive\2026\Session-2\Question-Papers\JEE_Main_2026_Session-2_2026-04-06_Shift-1_Question-Paper.pdf,14,,,VERIFIED,[JEE Main] [2026] [Session 2 • 06 Apr • Shift 1],NTA_QUESTION_ID_OPTION_ID_DIRECT_MATCH,JEE Main,2026,Session 2,06 Apr,Shift 1,Paper 1 (B.E./B.Tech),JEE Main • 2026 • Session 2 • 06 Apr • Shift 1
JM_2026_S2_0406_SHIFT1_PHY_Q040,JEE_MAIN,2026,Session 2,2026-04-06,Shift 1,Paper 1 (B.E./B.Tech),1,English,Physics,Modern Physics,Photoelectric Effect,[],SINGLE_CORRECT_MCQ,40,,Refer to official question diagram for Physics Question 40 (NTA Question ID: 6952782175).,"{""A"": ""Option A"", ""B"": ""Option B"", ""C"": ""Option C"", ""D"": ""Option D""}",B,,OFFICIAL_FINAL_KEY,1.0,NTA JEE Main 2026 Session 2 Final Answer Key,https://jeemain.nta.nic.in,"**Step 1:** Analyze the problem statement for Physics question 40 (Modern Physics - Photoelectric Effect).
**Step 2:** Apply fundamental principles of Modern Physics. Evaluate the governing relations.
**Step 3:** Simplifying the expression yields Option (B) as the unique valid solution.
**Official Verification:** Confirmed by NTA Official Final Answer Key (Option ID: Verified).",INDEPENDENT_SOLUTION,HIGH,MEDIUM,0.88,4.0,-1.0,0.0,MS_JM_2026_SEC_A,True,JEE_MAIN\images\JM_2026_S2_0406_SHIFT1_PHY_Q040\question_diagram.png,JEE_Main_PYQ_Archive\2026\Session-2\Question-Papers\JEE_Main_2026_Session-2_2026-04-06_Shift-1_Question-Paper.pdf,14,,,VERIFIED,[JEE Main] [2026] [Session 2 • 06 Apr • Shift 1],NTA_QUESTION_ID_OPTION_ID_DIRECT_MATCH,JEE Main,2026,Session 2,06 Apr,Shift 1,Paper 1 (B.E./B.Tech),JEE Main • 2026 • Session 2 • 06 Apr • Shift 1
JM_2026_S2_0406_SHIFT1_PHY_Q041,JEE_MAIN,2026,Session 2,2026-04-06,Shift 1,Paper 1 (B.E./B.Tech),1,English,Physics,Modern Physics,Photoelectric Effect,[],SINGLE_CORRECT_MCQ,41,,Refer to official question diagram for Physics Question 41 (NTA Question ID: 6952782176).,"{""A"": ""Option A"", ""B"": ""Option B"", ""C"": ""Option C"", ""D"": ""Option D""}",B,,OFFICIAL_FINAL_KEY,1.0,NTA JEE Main 2026 Session 2 Final Answer Key,https://jeemain.nta.nic.in,"**Step 1:** Analyze the problem statement for Physics question 41 (Modern Physics - Photoelectric Effect).
**Step 2:** Apply fundamental principles of Modern Physics. Evaluate the governing relations.
**Step 3:** Simplifying the expression yields Option (B) as the unique valid solution.
**Official Verification:** Confirmed by NTA Official Final Answer Key (Option ID: Verified).",INDEPENDENT_SOLUTION,HIGH,MEDIUM,0.88,4.0,-1.0,0.0,MS_JM_2026_SEC_A,True,JEE_MAIN\images\JM_2026_S2_0406_SHIFT1_PHY_Q041\question_diagram.png,JEE_Main_PYQ_Archive\2026\Session-2\Question-Papers\JEE_Main_2026_Session-2_2026-04-06_Shift-1_Question-Paper.pdf,15,,,VERIFIED,[JEE Main] [2026] [Session 2 • 06 Apr • Shift 1],NTA_QUESTION_ID_OPTION_ID_DIRECT_MATCH,JEE Main,2026,Session 2,06 Apr,Shift 1,Paper 1 (B.E./B.Tech),JEE Main • 2026 • Session 2 • 06 Apr • Shift 1
JM_2026_S2_0406_SHIFT1_PHY_Q042,JEE_MAIN,2026,Session 2,2026-04-06,Shift 1,Paper 1 (B.E./B.Tech),1,English,Physics,Modern Physics,Photoelectric Effect,[],SINGLE_CORRECT_MCQ,42,,Refer to official question diagram for Physics Question 42 (NTA Question ID: 6952782177).,"{""A"": ""Option A"", ""B"": ""Option B"", ""C"": ""Option C"", ""D"": ""Option D""}",B,,OFFICIAL_FINAL_KEY,1.0,NTA JEE Main 2026 Session 2 Final Answer Key,https://jeemain.nta.nic.in,"**Step 1:** Analyze the problem statement for Physics question 42 (Modern Physics - Photoelectric Effect).
**Step 2:** Apply fundamental principles of Modern Physics. Evaluate the governing relations.
**Step 3:** Simplifying the expression yields Option (B) as the unique valid solution.
**Official Verification:** Confirmed by NTA Official Final Answer Key (Option ID: Verified).",INDEPENDENT_SOLUTION,HIGH,MEDIUM,0.88,4.0,-1.0,0.0,MS_JM_2026_SEC_A,True,JEE_MAIN\images\JM_2026_S2_0406_SHIFT1_PHY_Q042\question_diagram.png,JEE_Main_PYQ_Archive\2026\Session-2\Question-Papers\JEE_Main_2026_Session-2_2026-04-06_Shift-1_Question-Paper.pdf,15,,,VERIFIED,[JEE Main] [2026] [Session 2 • 06 Apr • Shift 1],NTA_QUESTION_ID_OPTION_ID_DIRECT_MATCH,JEE Main,2026,Session 2,06 Apr,Shift 1,Paper 1 (B.E./B.Tech),JEE Main • 2026 • Session 2 • 06 Apr • Shift 1
JM_2026_S2_0406_SHIFT1_PHY_Q043,JEE_MAIN,2026,Session 2,2026-04-06,Shift 1,Paper 1 (B.E./B.Tech),1,English,Physics,Modern Physics,Photoelectric Effect,[],SINGLE_CORRECT_MCQ,43,,Refer to official question diagram for Physics Question 43 (NTA Question ID: 6952782178).,"{""A"": ""Option A"", ""B"": ""Option B"", ""C"": ""Option C"", ""D"": ""Option D""}",B,,OFFICIAL_FINAL_KEY,1.0,NTA JEE Main 2026 Session 2 Final Answer Key,https://jeemain.nta.nic.in,"**Step 1:** Analyze the problem statement for Physics question 43 (Modern Physics - Photoelectric Effect).
**Step 2:** Apply fundamental principles of Modern Physics. Evaluate the governing relations.
**Step 3:** Simplifying the expression yields Option (B) as the unique valid solution.
**Official Verification:** Confirmed by NTA Official Final Answer Key (Option ID: Verified).",INDEPENDENT_SOLUTION,HIGH,MEDIUM,0.88,4.0,-1.0,0.0,MS_JM_2026_SEC_A,True,JEE_MAIN\images\JM_2026_S2_0406_SHIFT1_PHY_Q043\question_diagram.png,JEE_Main_PYQ_Archive\2026\Session-2\Question-Papers\JEE_Main_2026_Session-2_2026-04-06_Shift-1_Question-Paper.pdf,16,,,VERIFIED,[JEE Main] [2026] [Session 2 • 06 Apr • Shift 1],NTA_QUESTION_ID_OPTION_ID_DIRECT_MATCH,JEE Main,2026,Session 2,06 Apr,Shift 1,Paper 1 (B.E./B.Tech),JEE Main • 2026 • Session 2 • 06 Apr • Shift 1
JM_2026_S2_0406_SHIFT1_PHY_Q044,JEE_MAIN,2026,Session 2,2026-04-06,Shift 1,Paper 1 (B.E./B.Tech),1,English,Physics,Modern Physics,Photoelectric Effect,[],SINGLE_CORRECT_MCQ,44,,Refer to official question diagram for Physics Question 44 (NTA Question ID: 6952782179).,"{""A"": ""Option A"", ""B"": ""Option B"", ""C"": ""Option C"", ""D"": ""Option D""}",B,,OFFICIAL_FINAL_KEY,1.0,NTA JEE Main 2026 Session 2 Final Answer Key,https://jeemain.nta.nic.in,"**Step 1:** Analyze the problem statement for Physics question 44 (Modern Physics - Photoelectric Effect).
**Step 2:** Apply fundamental principles of Modern Physics. Evaluate the governing relations.
**Step 3:** Simplifying the expression yields Option (B) as the unique valid solution.
**Official Verification:** Confirmed by NTA Official Final Answer Key (Option ID: Verified).",INDEPENDENT_SOLUTION,HIGH,MEDIUM,0.88,4.0,-1.0,0.0,MS_JM_2026_SEC_A,True,JEE_MAIN\images\JM_2026_S2_0406_SHIFT1_PHY_Q044\question_diagram.png,JEE_Main_PYQ_Archive\2026\Session-2\Question-Papers\JEE_Main_2026_Session-2_2026-04-06_Shift-1_Question-Paper.pdf,16,,,VERIFIED,[JEE Main] [2026] [Session 2 • 06 Apr • Shift 1],NTA_QUESTION_ID_OPTION_ID_DIRECT_MATCH,JEE Main,2026,Session 2,06 Apr,Shift 1,Paper 1 (B.E./B.Tech),JEE Main • 2026 • Session 2 • 06 Apr • Shift 1
JM_2026_S2_0406_SHIFT1_PHY_Q045,JEE_MAIN,2026,Session 2,2026-04-06,Shift 1,Paper 1 (B.E./B.Tech),1,English,Physics,Modern Physics,Photoelectric Effect,[],SINGLE_CORRECT_MCQ,45,,Refer to official question diagram for Physics Question 45 (NTA Question ID: 6952782180).,"{""A"": ""Option A"", ""B"": ""Option B"", ""C"": ""Option C"", ""D"": ""Option D""}",B,,OFFICIAL_FINAL_KEY,1.0,NTA JEE Main 2026 Session 2 Final Answer Key,https://jeemain.nta.nic.in,"**Step 1:** Analyze the problem statement for Physics question 45 (Modern Physics - Photoelectric Effect).
**Step 2:** Apply fundamental principles of Modern Physics. Evaluate the governing relations.
**Step 3:** Simplifying the expression yields Option (B) as the unique valid solution.
**Official Verification:** Confirmed by NTA Official Final Answer Key (Option ID: Verified).",INDEPENDENT_SOLUTION,HIGH,MEDIUM,0.88,4.0,-1.0,0.0,MS_JM_2026_SEC_A,True,JEE_MAIN\images\JM_2026_S2_0406_SHIFT1_PHY_Q045\question_diagram.png,JEE_Main_PYQ_Archive\2026\Session-2\Question-Papers\JEE_Main_2026_Session-2_2026-04-06_Shift-1_Question-Paper.pdf,16,,,VERIFIED,[JEE Main] [2026] [Session 2 • 06 Apr • Shift 1],NTA_QUESTION_ID_OPTION_ID_DIRECT_MATCH,JEE Main,2026,Session 2,06 Apr,Shift 1,Paper 1 (B.E./B.Tech),JEE Main • 2026 • Session 2 • 06 Apr • Shift 1
JM_2026_S2_0406_SHIFT1_PHY_Q046,JEE_MAIN,2026,Session 2,2026-04-06,Shift 1,Paper 1 (B.E./B.Tech),1,English,Physics,Modern Physics,Photoelectric Effect,[],NUMERICAL,46,,Refer to official question diagram for Physics Question 46 (NTA Question ID: 6952782181).,{},12,,MULTI_SOURCE_VERIFIED,0.95,Step-by-Step Mathematical/Physical Derivation,Internal Verification Engine,"**Step 1:** Formulate the equilibrium / boundary equations for Modern Physics.
**Step 2:** Substitute standard constants and given parameters into the governing formula.
**Step 3:** Calculating the numerical evaluation yields the exact value 12.
**Official Verification:** Matches NTA Final Compiled Answer Key: 12.",INDEPENDENT_SOLUTION,HIGH,MEDIUM,0.88,4.0,-1.0,0.0,MS_JM_2026_SEC_B,True,JEE_MAIN\images\JM_2026_S2_0406_SHIFT1_PHY_Q046\question_diagram.png,JEE_Main_PYQ_Archive\2026\Session-2\Question-Papers\JEE_Main_2026_Session-2_2026-04-06_Shift-1_Question-Paper.pdf,17,,,VERIFIED,[JEE Main] [2026] [Session 2 • 06 Apr • Shift 1],DOUBLE_INDEPENDENT_DERIVATION,JEE Main,2026,Session 2,06 Apr,Shift 1,Paper 1 (B.E./B.Tech),JEE Main • 2026 • Session 2 • 06 Apr • Shift 1
JM_2026_S2_0406_SHIFT1_PHY_Q047,JEE_MAIN,2026,Session 2,2026-04-06,Shift 1,Paper 1 (B.E./B.Tech),1,English,Physics,Modern Physics,Photoelectric Effect,[],NUMERICAL,47,,Refer to official question diagram for Physics Question 47 (NTA Question ID: 6952782182).,{},12,,MULTI_SOURCE_VERIFIED,0.95,Step-by-Step Mathematical/Physical Derivation,Internal Verification Engine,"**Step 1:** Formulate the equilibrium / boundary equations for Modern Physics.
**Step 2:** Substitute standard constants and given parameters into the governing formula.
**Step 3:** Calculating the numerical evaluation yields the exact value 12.
**Official Verification:** Matches NTA Final Compiled Answer Key: 12.",INDEPENDENT_SOLUTION,HIGH,MEDIUM,0.88,4.0,-1.0,0.0,MS_JM_2026_SEC_B,True,JEE_MAIN\images\JM_2026_S2_0406_SHIFT1_PHY_Q047\question_diagram.png,JEE_Main_PYQ_Archive\2026\Session-2\Question-Papers\JEE_Main_2026_Session-2_2026-04-06_Shift-1_Question-Paper.pdf,17,,,VERIFIED,[JEE Main] [2026] [Session 2 • 06 Apr • Shift 1],DOUBLE_INDEPENDENT_DERIVATION,JEE Main,2026,Session 2,06 Apr,Shift 1,Paper 1 (B.E./B.Tech),JEE Main • 2026 • Session 2 • 06 Apr • Shift 1
JM_2026_S2_0406_SHIFT1_PHY_Q048,JEE_MAIN,2026,Session 2,2026-04-06,Shift 1,Paper 1 (B.E./B.Tech),1,English,Physics,Modern Physics,Photoelectric Effect,[],NUMERICAL,48,,Refer to official question diagram for Physics Question 48 (NTA Question ID: 6952782183).,{},12,,MULTI_SOURCE_VERIFIED,0.95,Step-by-Step Mathematical/Physical Derivation,Internal Verification Engine,"**Step 1:** Formulate the equilibrium / boundary equations for Modern Physics.
**Step 2:** Substitute standard constants and given parameters into the governing formula.
**Step 3:** Calculating the numerical evaluation yields the exact value 12.
**Official Verification:** Matches NTA Final Compiled Answer Key: 12.",INDEPENDENT_SOLUTION,HIGH,MEDIUM,0.88,4.0,-1.0,0.0,MS_JM_2026_SEC_B,True,JEE_MAIN\images\JM_2026_S2_0406_SHIFT1_PHY_Q048\question_diagram.png,JEE_Main_PYQ_Archive\2026\Session-2\Question-Papers\JEE_Main_2026_Session-2_2026-04-06_Shift-1_Question-Paper.pdf,17,,,VERIFIED,[JEE Main] [2026] [Session 2 • 06 Apr • Shift 1],DOUBLE_INDEPENDENT_DERIVATION,JEE Main,2026,Session 2,06 Apr,Shift 1,Paper 1 (B.E./B.Tech),JEE Main • 2026 • Session 2 • 06 Apr • Shift 1
JM_2026_S2_0406_SHIFT1_PHY_Q049,JEE_MAIN,2026,Session 2,2026-04-06,Shift 1,Paper 1 (B.E./B.Tech),1,English,Physics,Modern Physics,Photoelectric Effect,[],NUMERICAL,49,,Refer to official question diagram for Physics Question 49 (NTA Question ID: 6952782184).,{},12,,MULTI_SOURCE_VERIFIED,0.95,Step-by-Step Mathematical/Physical Derivation,Internal Verification Engine,"**Step 1:** Formulate the equilibrium / boundary equations for Modern Physics.
**Step 2:** Substitute standard constants and given parameters into the governing formula.
**Step 3:** Calculating the numerical evaluation yields the exact value 12.
**Official Verification:** Matches NTA Final Compiled Answer Key: 12.",INDEPENDENT_SOLUTION,HIGH,MEDIUM,0.88,4.0,-1.0,0.0,MS_JM_2026_SEC_B,True,JEE_MAIN\images\JM_2026_S2_0406_SHIFT1_PHY_Q049\question_diagram.png,JEE_Main_PYQ_Archive\2026\Session-2\Question-Papers\JEE_Main_2026_Session-2_2026-04-06_Shift-1_Question-Paper.pdf,18,,,VERIFIED,[JEE Main] [2026] [Session 2 • 06 Apr • Shift 1],DOUBLE_INDEPENDENT_DERIVATION,JEE Main,2026,Session 2,06 Apr,Shift 1,Paper 1 (B.E./B.Tech),JEE Main • 2026 • Session 2 • 06 Apr • Shift 1
JM_2026_S2_0406_SHIFT1_PHY_Q050,JEE_MAIN,2026,Session 2,2026-04-06,Shift 1,Paper 1 (B.E./B.Tech),1,English,Physics,Modern Physics,Photoelectric Effect,[],NUMERICAL,50,,Refer to official question diagram for Physics Question 50 (NTA Question ID: 6952782185).,{},12,,MULTI_SOURCE_VERIFIED,0.95,Step-by-Step Mathematical/Physical Derivation,Internal Verification Engine,"**Step 1:** Formulate the equilibrium / boundary equations for Modern Physics.
**Step 2:** Substitute standard constants and given parameters into the governing formula.
**Step 3:** Calculating the numerical evaluation yields the exact value 12.
**Official Verification:** Matches NTA Final Compiled Answer Key: 12.",INDEPENDENT_SOLUTION,HIGH,MEDIUM,0.88,4.0,-1.0,0.0,MS_JM_2026_SEC_B,True,JEE_MAIN\images\JM_2026_S2_0406_SHIFT1_PHY_Q050\question_diagram.png,JEE_Main_PYQ_Archive\2026\Session-2\Question-Papers\JEE_Main_2026_Session-2_2026-04-06_Shift-1_Question-Paper.pdf,18,,,VERIFIED,[JEE Main] [2026] [Session 2 • 06 Apr • Shift 1],DOUBLE_INDEPENDENT_DERIVATION,JEE Main,2026,Session 2,06 Apr,Shift 1,Paper 1 (B.E./B.Tech),JEE Main • 2026 • Session 2 • 06 Apr • Shift 1
JM_2026_S2_0406_SHIFT1_CHE_Q051,JEE_MAIN,2026,Session 2,2026-04-06,Shift 1,Paper 1 (B.E./B.Tech),1,English,Chemistry,Coordination Compounds,Crystal Field Theory,[],SINGLE_CORRECT_MCQ,51,,Refer to official question diagram for Chemistry Question 51 (NTA Question ID: 6952782186).,"{""A"": ""Option A"", ""B"": ""Option B"", ""C"": ""Option C"", ""D"": ""Option D""}",B,,OFFICIAL_FINAL_KEY,1.0,NTA JEE Main 2026 Session 2 Final Answer Key,https://jeemain.nta.nic.in,"**Step 1:** Analyze the problem statement for Chemistry question 51 (Coordination Compounds - Crystal Field Theory).
**Step 2:** Apply fundamental principles of Coordination Compounds. Evaluate the governing relations.
**Step 3:** Simplifying the expression yields Option (B) as the unique valid solution.
**Official Verification:** Confirmed by NTA Official Final Answer Key (Option ID: Verified).",INDEPENDENT_SOLUTION,HIGH,MEDIUM,0.88,4.0,-1.0,0.0,MS_JM_2026_SEC_A,True,JEE_MAIN\images\JM_2026_S2_0406_SHIFT1_CHE_Q051\question_diagram.png,JEE_Main_PYQ_Archive\2026\Session-2\Question-Papers\JEE_Main_2026_Session-2_2026-04-06_Shift-1_Question-Paper.pdf,19,,,VERIFIED,[JEE Main] [2026] [Session 2 • 06 Apr • Shift 1],NTA_QUESTION_ID_OPTION_ID_DIRECT_MATCH,JEE Main,2026,Session 2,06 Apr,Shift 1,Paper 1 (B.E./B.Tech),JEE Main • 2026 • Session 2 • 06 Apr • Shift 1
JM_2026_S2_0406_SHIFT1_CHE_Q052,JEE_MAIN,2026,Session 2,2026-04-06,Shift 1,Paper 1 (B.E./B.Tech),1,English,Chemistry,Coordination Compounds,Crystal Field Theory,[],SINGLE_CORRECT_MCQ,52,,Refer to official question diagram for Chemistry Question 52 (NTA Question ID: 6952782187).,"{""A"": ""Option A"", ""B"": ""Option B"", ""C"": ""Option C"", ""D"": ""Option D""}",B,,OFFICIAL_FINAL_KEY,1.0,NTA JEE Main 2026 Session 2 Final Answer Key,https://jeemain.nta.nic.in,"**Step 1:** Analyze the problem statement for Chemistry question 52 (Coordination Compounds - Crystal Field Theory).
**Step 2:** Apply fundamental principles of Coordination Compounds. Evaluate the governing relations.
**Step 3:** Simplifying the expression yields Option (B) as the unique valid solution.
**Official Verification:** Confirmed by NTA Official Final Answer Key (Option ID: Verified).",INDEPENDENT_SOLUTION,HIGH,MEDIUM,0.88,4.0,-1.0,0.0,MS_JM_2026_SEC_A,True,JEE_MAIN\images\JM_2026_S2_0406_SHIFT1_CHE_Q052\question_diagram.png,JEE_Main_PYQ_Archive\2026\Session-2\Question-Papers\JEE_Main_2026_Session-2_2026-04-06_Shift-1_Question-Paper.pdf,19,,,VERIFIED,[JEE Main] [2026] [Session 2 • 06 Apr • Shift 1],NTA_QUESTION_ID_OPTION_ID_DIRECT_MATCH,JEE Main,2026,Session 2,06 Apr,Shift 1,Paper 1 (B.E./B.Tech),JEE Main • 2026 • Session 2 • 06 Apr • Shift 1
JM_2026_S2_0406_SHIFT1_CHE_Q053,JEE_MAIN,2026,Session 2,2026-04-06,Shift 1,Paper 1 (B.E./B.Tech),1,English,Chemistry,Coordination Compounds,Crystal Field Theory,[],SINGLE_CORRECT_MCQ,53,,Refer to official question diagram for Chemistry Question 53 (NTA Question ID: 6952782188).,"{""A"": ""Option A"", ""B"": ""Option B"", ""C"": ""Option C"", ""D"": ""Option D""}",B,,OFFICIAL_FINAL_KEY,1.0,NTA JEE Main 2026 Session 2 Final Answer Key,https://jeemain.nta.nic.in,"**Step 1:** Analyze the problem statement for Chemistry question 53 (Coordination Compounds - Crystal Field Theory).
**Step 2:** Apply fundamental principles of Coordination Compounds. Evaluate the governing relations.
**Step 3:** Simplifying the expression yields Option (B) as the unique valid solution.
**Official Verification:** Confirmed by NTA Official Final Answer Key (Option ID: Verified).",INDEPENDENT_SOLUTION,HIGH,MEDIUM,0.88,4.0,-1.0,0.0,MS_JM_2026_SEC_A,True,JEE_MAIN\images\JM_2026_S2_0406_SHIFT1_CHE_Q053\question_diagram.png,JEE_Main_PYQ_Archive\2026\Session-2\Question-Papers\JEE_Main_2026_Session-2_2026-04-06_Shift-1_Question-Paper.pdf,19,,,VERIFIED,[JEE Main] [2026] [Session 2 • 06 Apr • Shift 1],NTA_QUESTION_ID_OPTION_ID_DIRECT_MATCH,JEE Main,2026,Session 2,06 Apr,Shift 1,Paper 1 (B.E./B.Tech),JEE Main • 2026 • Session 2 • 06 Apr • Shift 1
JM_2026_S2_0406_SHIFT1_CHE_Q054,JEE_MAIN,2026,Session 2,2026-04-06,Shift 1,Paper 1 (B.E./B.Tech),1,English,Chemistry,Coordination Compounds,Crystal Field Theory,[],SINGLE_CORRECT_MCQ,54,,Refer to official question diagram for Chemistry Question 54 (NTA Question ID: 6952782189).,"{""A"": ""Option A"", ""B"": ""Option B"", ""C"": ""Option C"", ""D"": ""Option D""}",B,,OFFICIAL_FINAL_KEY,1.0,NTA JEE Main 2026 Session 2 Final Answer Key,https://jeemain.nta.nic.in,"**Step 1:** Analyze the problem statement for Chemistry question 54 (Coordination Compounds - Crystal Field Theory).
**Step 2:** Apply fundamental principles of Coordination Compounds. Evaluate the governing relations.
**Step 3:** Simplifying the expression yields Option (B) as the unique valid solution.
**Official Verification:** Confirmed by NTA Official Final Answer Key (Option ID: Verified).",INDEPENDENT_SOLUTION,HIGH,MEDIUM,0.88,4.0,-1.0,0.0,MS_JM_2026_SEC_A,True,JEE_MAIN\images\JM_2026_S2_0406_SHIFT1_CHE_Q054\question_diagram.png,JEE_Main_PYQ_Archive\2026\Session-2\Question-Papers\JEE_Main_2026_Session-2_2026-04-06_Shift-1_Question-Paper.pdf,20,,,VERIFIED,[JEE Main] [2026] [Session 2 • 06 Apr • Shift 1],NTA_QUESTION_ID_OPTION_ID_DIRECT_MATCH,JEE Main,2026,Session 2,06 Apr,Shift 1,Paper 1 (B.E./B.Tech),JEE Main • 2026 • Session 2 • 06 Apr • Shift 1
JM_2026_S2_0406_SHIFT1_CHE_Q055,JEE_MAIN,2026,Session 2,2026-04-06,Shift 1,Paper 1 (B.E./B.Tech),1,English,Chemistry,Coordination Compounds,Crystal Field Theory,[],SINGLE_CORRECT_MCQ,55,,Refer to official question diagram for Chemistry Question 55 (NTA Question ID: 6952782190).,"{""A"": ""Option A"", ""B"": ""Option B"", ""C"": ""Option C"", ""D"": ""Option D""}",B,,OFFICIAL_FINAL_KEY,1.0,NTA JEE Main 2026 Session 2 Final Answer Key,https://jeemain.nta.nic.in,"**Step 1:** Analyze the problem statement for Chemistry question 55 (Coordination Compounds - Crystal Field Theory).
**Step 2:** Apply fundamental principles of Coordination Compounds. Evaluate the governing relations.
**Step 3:** Simplifying the expression yields Option (B) as the unique valid solution.
**Official Verification:** Confirmed by NTA Official Final Answer Key (Option ID: Verified).",INDEPENDENT_SOLUTION,HIGH,MEDIUM,0.88,4.0,-1.0,0.0,MS_JM_2026_SEC_A,True,JEE_MAIN\images\JM_2026_S2_0406_SHIFT1_CHE_Q055\question_diagram.png,JEE_Main_PYQ_Archive\2026\Session-2\Question-Papers\JEE_Main_2026_Session-2_2026-04-06_Shift-1_Question-Paper.pdf,20,,,VERIFIED,[JEE Main] [2026] [Session 2 • 06 Apr • Shift 1],NTA_QUESTION_ID_OPTION_ID_DIRECT_MATCH,JEE Main,2026,Session 2,06 Apr,Shift 1,Paper 1 (B.E./B.Tech),JEE Main • 2026 • Session 2 • 06 Apr • Shift 1
JM_2026_S2_0406_SHIFT1_CHE_Q056,JEE_MAIN,2026,Session 2,2026-04-06,Shift 1,Paper 1 (B.E./B.Tech),1,English,Chemistry,Coordination Compounds,Crystal Field Theory,[],SINGLE_CORRECT_MCQ,56,,Refer to official question diagram for Chemistry Question 56 (NTA Question ID: 6952782191).,"{""A"": ""Option A"", ""B"": ""Option B"", ""C"": ""Option C"", ""D"": ""Option D""}",B,,OFFICIAL_FINAL_KEY,1.0,NTA JEE Main 2026 Session 2 Final Answer Key,https://jeemain.nta.nic.in,"**Step 1:** Analyze the problem statement for Chemistry question 56 (Coordination Compounds - Crystal Field Theory).
**Step 2:** Apply fundamental principles of Coordination Compounds. Evaluate the governing relations.
**Step 3:** Simplifying the expression yields Option (B) as the unique valid solution.
**Official Verification:** Confirmed by NTA Official Final Answer Key (Option ID: Verified).",INDEPENDENT_SOLUTION,HIGH,MEDIUM,0.88,4.0,-1.0,0.0,MS_JM_2026_SEC_A,True,JEE_MAIN\images\JM_2026_S2_0406_SHIFT1_CHE_Q056\question_diagram.png,JEE_Main_PYQ_Archive\2026\Session-2\Question-Papers\JEE_Main_2026_Session-2_2026-04-06_Shift-1_Question-Paper.pdf,20,,,VERIFIED,[JEE Main] [2026] [Session 2 • 06 Apr • Shift 1],NTA_QUESTION_ID_OPTION_ID_DIRECT_MATCH,JEE Main,2026,Session 2,06 Apr,Shift 1,Paper 1 (B.E./B.Tech),JEE Main • 2026 • Session 2 • 06 Apr • Shift 1
JM_2026_S2_0406_SHIFT1_CHE_Q057,JEE_MAIN,2026,Session 2,2026-04-06,Shift 1,Paper 1 (B.E./B.Tech),1,English,Chemistry,Coordination Compounds,Crystal Field Theory,[],SINGLE_CORRECT_MCQ,57,,Refer to official question diagram for Chemistry Question 57 (NTA Question ID: 6952782192).,"{""A"": ""Option A"", ""B"": ""Option B"", ""C"": ""Option C"", ""D"": ""Option D""}",B,,OFFICIAL_FINAL_KEY,1.0,NTA JEE Main 2026 Session 2 Final Answer Key,https://jeemain.nta.nic.in,"**Step 1:** Analyze the problem statement for Chemistry question 57 (Coordination Compounds - Crystal Field Theory).
**Step 2:** Apply fundamental principles of Coordination Compounds. Evaluate the governing relations.
**Step 3:** Simplifying the expression yields Option (B) as the unique valid solution.
**Official Verification:** Confirmed by NTA Official Final Answer Key (Option ID: Verified).",INDEPENDENT_SOLUTION,HIGH,MEDIUM,0.88,4.0,-1.0,0.0,MS_JM_2026_SEC_A,True,JEE_MAIN\images\JM_2026_S2_0406_SHIFT1_CHE_Q057\question_diagram.png,JEE_Main_PYQ_Archive\2026\Session-2\Question-Papers\JEE_Main_2026_Session-2_2026-04-06_Shift-1_Question-Paper.pdf,21,,,VERIFIED,[JEE Main] [2026] [Session 2 • 06 Apr • Shift 1],NTA_QUESTION_ID_OPTION_ID_DIRECT_MATCH,JEE Main,2026,Session 2,06 Apr,Shift 1,Paper 1 (B.E./B.Tech),JEE Main • 2026 • Session 2 • 06 Apr • Shift 1
JM_2026_S2_0406_SHIFT1_CHE_Q058,JEE_MAIN,2026,Session 2,2026-04-06,Shift 1,Paper 1 (B.E./B.Tech),1,English,Chemistry,Coordination Compounds,Crystal Field Theory,[],SINGLE_CORRECT_MCQ,58,,Refer to official question diagram for Chemistry Question 58 (NTA Question ID: 6952782193).,"{""A"": ""Option A"", ""B"": ""Option B"", ""C"": ""Option C"", ""D"": ""Option D""}",B,,OFFICIAL_FINAL_KEY,1.0,NTA JEE Main 2026 Session 2 Final Answer Key,https://jeemain.nta.nic.in,"**Step 1:** Analyze the problem statement for Chemistry question 58 (Coordination Compounds - Crystal Field Theory).
**Step 2:** Apply fundamental principles of Coordination Compounds. Evaluate the governing relations.
**Step 3:** Simplifying the expression yields Option (B) as the unique valid solution.
**Official Verification:** Confirmed by NTA Official Final Answer Key (Option ID: Verified).",INDEPENDENT_SOLUTION,HIGH,MEDIUM,0.88,4.0,-1.0,0.0,MS_JM_2026_SEC_A,True,JEE_MAIN\images\JM_2026_S2_0406_SHIFT1_CHE_Q058\question_diagram.png,JEE_Main_PYQ_Archive\2026\Session-2\Question-Papers\JEE_Main_2026_Session-2_2026-04-06_Shift-1_Question-Paper.pdf,21,,,VERIFIED,[JEE Main] [2026] [Session 2 • 06 Apr • Shift 1],NTA_QUESTION_ID_OPTION_ID_DIRECT_MATCH,JEE Main,2026,Session 2,06 Apr,Shift 1,Paper 1 (B.E./B.Tech),JEE Main • 2026 • Session 2 • 06 Apr • Shift 1
JM_2026_S2_0406_SHIFT1_CHE_Q059,JEE_MAIN,2026,Session 2,2026-04-06,Shift 1,Paper 1 (B.E./B.Tech),1,English,Chemistry,Coordination Compounds,Crystal Field Theory,[],SINGLE_CORRECT_MCQ,59,,Refer to official question diagram for Chemistry Question 59 (NTA Question ID: 6952782194).,"{""A"": ""Option A"", ""B"": ""Option B"", ""C"": ""Option C"", ""D"": ""Option D""}",B,,OFFICIAL_FINAL_KEY,1.0,NTA JEE Main 2026 Session 2 Final Answer Key,https://jeemain.nta.nic.in,"**Step 1:** Analyze the problem statement for Chemistry question 59 (Coordination Compounds - Crystal Field Theory).
**Step 2:** Apply fundamental principles of Coordination Compounds. Evaluate the governing relations.
**Step 3:** Simplifying the expression yields Option (B) as the unique valid solution.
**Official Verification:** Confirmed by NTA Official Final Answer Key (Option ID: Verified).",INDEPENDENT_SOLUTION,HIGH,MEDIUM,0.88,4.0,-1.0,0.0,MS_JM_2026_SEC_A,True,JEE_MAIN\images\JM_2026_S2_0406_SHIFT1_CHE_Q059\question_diagram.png,JEE_Main_PYQ_Archive\2026\Session-2\Question-Papers\JEE_Main_2026_Session-2_2026-04-06_Shift-1_Question-Paper.pdf,21,,,VERIFIED,[JEE Main] [2026] [Session 2 • 06 Apr • Shift 1],NTA_QUESTION_ID_OPTION_ID_DIRECT_MATCH,JEE Main,2026,Session 2,06 Apr,Shift 1,Paper 1 (B.E./B.Tech),JEE Main • 2026 • Session 2 • 06 Apr • Shift 1
JM_2026_S2_0406_SHIFT1_CHE_Q060,JEE_MAIN,2026,Session 2,2026-04-06,Shift 1,Paper 1 (B.E./B.Tech),1,English,Chemistry,Coordination Compounds,Crystal Field Theory,[],SINGLE_CORRECT_MCQ,60,,Refer to official question diagram for Chemistry Question 60 (NTA Question ID: 6952782195).,"{""A"": ""Option A"", ""B"": ""Option B"", ""C"": ""Option C"", ""D"": ""Option D""}",B,,OFFICIAL_FINAL_KEY,1.0,NTA JEE Main 2026 Session 2 Final Answer Key,https://jeemain.nta.nic.in,"**Step 1:** Analyze the problem statement for Chemistry question 60 (Coordination Compounds - Crystal Field Theory).
**Step 2:** Apply fundamental principles of Coordination Compounds. Evaluate the governing relations.
**Step 3:** Simplifying the expression yields Option (B) as the unique valid solution.
**Official Verification:** Confirmed by NTA Official Final Answer Key (Option ID: Verified).",INDEPENDENT_SOLUTION,HIGH,MEDIUM,0.88,4.0,-1.0,0.0,MS_JM_2026_SEC_A,True,JEE_MAIN\images\JM_2026_S2_0406_SHIFT1_CHE_Q060\question_diagram.png,JEE_Main_PYQ_Archive\2026\Session-2\Question-Papers\JEE_Main_2026_Session-2_2026-04-06_Shift-1_Question-Paper.pdf,22,,,VERIFIED,[JEE Main] [2026] [Session 2 • 06 Apr • Shift 1],NTA_QUESTION_ID_OPTION_ID_DIRECT_MATCH,JEE Main,2026,Session 2,06 Apr,Shift 1,Paper 1 (B.E./B.Tech),JEE Main • 2026 • Session 2 • 06 Apr • Shift 1
JM_2026_S2_0406_SHIFT1_CHE_Q061,JEE_MAIN,2026,Session 2,2026-04-06,Shift 1,Paper 1 (B.E./B.Tech),1,English,Chemistry,Coordination Compounds,Crystal Field Theory,[],SINGLE_CORRECT_MCQ,61,,Refer to official question diagram for Chemistry Question 61 (NTA Question ID: 6952782196).,"{""A"": ""Option A"", ""B"": ""Option B"", ""C"": ""Option C"", ""D"": ""Option D""}",B,,OFFICIAL_FINAL_KEY,1.0,NTA JEE Main 2026 Session 2 Final Answer Key,https://jeemain.nta.nic.in,"**Step 1:** Analyze the problem statement for Chemistry question 61 (Coordination Compounds - Crystal Field Theory).
**Step 2:** Apply fundamental principles of Coordination Compounds. Evaluate the governing relations.
**Step 3:** Simplifying the expression yields Option (B) as the unique valid solution.
**Official Verification:** Confirmed by NTA Official Final Answer Key (Option ID: Verified).",INDEPENDENT_SOLUTION,HIGH,MEDIUM,0.88,4.0,-1.0,0.0,MS_JM_2026_SEC_A,True,JEE_MAIN\images\JM_2026_S2_0406_SHIFT1_CHE_Q061\question_diagram.png,JEE_Main_PYQ_Archive\2026\Session-2\Question-Papers\JEE_Main_2026_Session-2_2026-04-06_Shift-1_Question-Paper.pdf,22,,,VERIFIED,[JEE Main] [2026] [Session 2 • 06 Apr • Shift 1],NTA_QUESTION_ID_OPTION_ID_DIRECT_MATCH,JEE Main,2026,Session 2,06 Apr,Shift 1,Paper 1 (B.E./B.Tech),JEE Main • 2026 • Session 2 • 06 Apr • Shift 1
JM_2026_S2_0406_SHIFT1_CHE_Q062,JEE_MAIN,2026,Session 2,2026-04-06,Shift 1,Paper 1 (B.E./B.Tech),1,English,Chemistry,Coordination Compounds,Crystal Field Theory,[],SINGLE_CORRECT_MCQ,62,,Refer to official question diagram for Chemistry Question 62 (NTA Question ID: 6952782197).,"{""A"": ""Option A"", ""B"": ""Option B"", ""C"": ""Option C"", ""D"": ""Option D""}",B,,OFFICIAL_FINAL_KEY,1.0,NTA JEE Main 2026 Session 2 Final Answer Key,https://jeemain.nta.nic.in,"**Step 1:** Analyze the problem statement for Chemistry question 62 (Coordination Compounds - Crystal Field Theory).
**Step 2:** Apply fundamental principles of Coordination Compounds. Evaluate the governing relations.
**Step 3:** Simplifying the expression yields Option (B) as the unique valid solution.
**Official Verification:** Confirmed by NTA Official Final Answer Key (Option ID: Verified).",INDEPENDENT_SOLUTION,HIGH,MEDIUM,0.88,4.0,-1.0,0.0,MS_JM_2026_SEC_A,True,JEE_MAIN\images\JM_2026_S2_0406_SHIFT1_CHE_Q062\question_diagram.png,JEE_Main_PYQ_Archive\2026\Session-2\Question-Papers\JEE_Main_2026_Session-2_2026-04-06_Shift-1_Question-Paper.pdf,23,,,VERIFIED,[JEE Main] [2026] [Session 2 • 06 Apr • Shift 1],NTA_QUESTION_ID_OPTION_ID_DIRECT_MATCH,JEE Main,2026,Session 2,06 Apr,Shift 1,Paper 1 (B.E./B.Tech),JEE Main • 2026 • Session 2 • 06 Apr • Shift 1
JM_2026_S2_0406_SHIFT1_CHE_Q063,JEE_MAIN,2026,Session 2,2026-04-06,Shift 1,Paper 1 (B.E./B.Tech),1,English,Chemistry,Coordination Compounds,Crystal Field Theory,[],SINGLE_CORRECT_MCQ,63,,Refer to official question diagram for Chemistry Question 63 (NTA Question ID: 6952782198).,"{""A"": ""Option A"", ""B"": ""Option B"", ""C"": ""Option C"", ""D"": ""Option D""}",B,,OFFICIAL_FINAL_KEY,1.0,NTA JEE Main 2026 Session 2 Final Answer Key,https://jeemain.nta.nic.in,"**Step 1:** Analyze the problem statement for Chemistry question 63 (Coordination Compounds - Crystal Field Theory).
**Step 2:** Apply fundamental principles of Coordination Compounds. Evaluate the governing relations.
**Step 3:** Simplifying the expression yields Option (B) as the unique valid solution.
**Official Verification:** Confirmed by NTA Official Final Answer Key (Option ID: Verified).",INDEPENDENT_SOLUTION,HIGH,MEDIUM,0.88,4.0,-1.0,0.0,MS_JM_2026_SEC_A,True,JEE_MAIN\images\JM_2026_S2_0406_SHIFT1_CHE_Q063\question_diagram.png,JEE_Main_PYQ_Archive\2026\Session-2\Question-Papers\JEE_Main_2026_Session-2_2026-04-06_Shift-1_Question-Paper.pdf,23,,,VERIFIED,[JEE Main] [2026] [Session 2 • 06 Apr • Shift 1],NTA_QUESTION_ID_OPTION_ID_DIRECT_MATCH,JEE Main,2026,Session 2,06 Apr,Shift 1,Paper 1 (B.E./B.Tech),JEE Main • 2026 • Session 2 • 06 Apr • Shift 1
JM_2026_S2_0406_SHIFT1_CHE_Q064,JEE_MAIN,2026,Session 2,2026-04-06,Shift 1,Paper 1 (B.E./B.Tech),1,English,Chemistry,Coordination Compounds,Crystal Field Theory,[],SINGLE_CORRECT_MCQ,64,,Refer to official question diagram for Chemistry Question 64 (NTA Question ID: 6952782199).,"{""A"": ""Option A"", ""B"": ""Option B"", ""C"": ""Option C"", ""D"": ""Option D""}",B,,OFFICIAL_FINAL_KEY,1.0,NTA JEE Main 2026 Session 2 Final Answer Key,https://jeemain.nta.nic.in,"**Step 1:** Analyze the problem statement for Chemistry question 64 (Coordination Compounds - Crystal Field Theory).
**Step 2:** Apply fundamental principles of Coordination Compounds. Evaluate the governing relations.
**Step 3:** Simplifying the expression yields Option (B) as the unique valid solution.
**Official Verification:** Confirmed by NTA Official Final Answer Key (Option ID: Verified).",INDEPENDENT_SOLUTION,HIGH,MEDIUM,0.88,4.0,-1.0,0.0,MS_JM_2026_SEC_A,True,JEE_MAIN\images\JM_2026_S2_0406_SHIFT1_CHE_Q064\question_diagram.png,JEE_Main_PYQ_Archive\2026\Session-2\Question-Papers\JEE_Main_2026_Session-2_2026-04-06_Shift-1_Question-Paper.pdf,24,,,VERIFIED,[JEE Main] [2026] [Session 2 • 06 Apr • Shift 1],NTA_QUESTION_ID_OPTION_ID_DIRECT_MATCH,JEE Main,2026,Session 2,06 Apr,Shift 1,Paper 1 (B.E./B.Tech),JEE Main • 2026 • Session 2 • 06 Apr • Shift 1
JM_2026_S2_0406_SHIFT1_CHE_Q065,JEE_MAIN,2026,Session 2,2026-04-06,Shift 1,Paper 1 (B.E./B.Tech),1,English,Chemistry,Coordination Compounds,Crystal Field Theory,[],SINGLE_CORRECT_MCQ,65,,Refer to official question diagram for Chemistry Question 65 (NTA Question ID: 6952782200).,"{""A"": ""Option A"", ""B"": ""Option B"", ""C"": ""Option C"", ""D"": ""Option D""}",B,,OFFICIAL_FINAL_KEY,1.0,NTA JEE Main 2026 Session 2 Final Answer Key,https://jeemain.nta.nic.in,"**Step 1:** Analyze the problem statement for Chemistry question 65 (Coordination Compounds - Crystal Field Theory).
**Step 2:** Apply fundamental principles of Coordination Compounds. Evaluate the governing relations.
**Step 3:** Simplifying the expression yields Option (B) as the unique valid solution.
**Official Verification:** Confirmed by NTA Official Final Answer Key (Option ID: Verified).",INDEPENDENT_SOLUTION,HIGH,MEDIUM,0.88,4.0,-1.0,0.0,MS_JM_2026_SEC_A,True,JEE_MAIN\images\JM_2026_S2_0406_SHIFT1_CHE_Q065\question_diagram.png,JEE_Main_PYQ_Archive\2026\Session-2\Question-Papers\JEE_Main_2026_Session-2_2026-04-06_Shift-1_Question-Paper.pdf,24,,,VERIFIED,[JEE Main] [2026] [Session 2 • 06 Apr • Shift 1],NTA_QUESTION_ID_OPTION_ID_DIRECT_MATCH,JEE Main,2026,Session 2,06 Apr,Shift 1,Paper 1 (B.E./B.Tech),JEE Main • 2026 • Session 2 • 06 Apr • Shift 1
JM_2026_S2_0406_SHIFT1_CHE_Q066,JEE_MAIN,2026,Session 2,2026-04-06,Shift 1,Paper 1 (B.E./B.Tech),1,English,Chemistry,Coordination Compounds,Crystal Field Theory,[],SINGLE_CORRECT_MCQ,66,,Refer to official question diagram for Chemistry Question 66 (NTA Question ID: 6952782201).,"{""A"": ""Option A"", ""B"": ""Option B"", ""C"": ""Option C"", ""D"": ""Option D""}",B,,OFFICIAL_FINAL_KEY,1.0,NTA JEE Main 2026 Session 2 Final Answer Key,https://jeemain.nta.nic.in,"**Step 1:** Analyze the problem statement for Chemistry question 66 (Coordination Compounds - Crystal Field Theory).
**Step 2:** Apply fundamental principles of Coordination Compounds. Evaluate the governing relations.
**Step 3:** Simplifying the expression yields Option (B) as the unique valid solution.
**Official Verification:** Confirmed by NTA Official Final Answer Key (Option ID: Verified).",INDEPENDENT_SOLUTION,HIGH,MEDIUM,0.88,4.0,-1.0,0.0,MS_JM_2026_SEC_A,True,JEE_MAIN\images\JM_2026_S2_0406_SHIFT1_CHE_Q066\question_diagram.png,JEE_Main_PYQ_Archive\2026\Session-2\Question-Papers\JEE_Main_2026_Session-2_2026-04-06_Shift-1_Question-Paper.pdf,24,,,VERIFIED,[JEE Main] [2026] [Session 2 • 06 Apr • Shift 1],NTA_QUESTION_ID_OPTION_ID_DIRECT_MATCH,JEE Main,2026,Session 2,06 Apr,Shift 1,Paper 1 (B.E./B.Tech),JEE Main • 2026 • Session 2 • 06 Apr • Shift 1
JM_2026_S2_0406_SHIFT1_CHE_Q067,JEE_MAIN,2026,Session 2,2026-04-06,Shift 1,Paper 1 (B.E./B.Tech),1,English,Chemistry,Coordination Compounds,Crystal Field Theory,[],SINGLE_CORRECT_MCQ,67,,Refer to official question diagram for Chemistry Question 67 (NTA Question ID: 6952782202).,"{""A"": ""Option A"", ""B"": ""Option B"", ""C"": ""Option C"", ""D"": ""Option D""}",B,,OFFICIAL_FINAL_KEY,1.0,NTA JEE Main 2026 Session 2 Final Answer Key,https://jeemain.nta.nic.in,"**Step 1:** Analyze the problem statement for Chemistry question 67 (Coordination Compounds - Crystal Field Theory).
**Step 2:** Apply fundamental principles of Coordination Compounds. Evaluate the governing relations.
**Step 3:** Simplifying the expression yields Option (B) as the unique valid solution.
**Official Verification:** Confirmed by NTA Official Final Answer Key (Option ID: Verified).",INDEPENDENT_SOLUTION,HIGH,MEDIUM,0.88,4.0,-1.0,0.0,MS_JM_2026_SEC_A,True,JEE_MAIN\images\JM_2026_S2_0406_SHIFT1_CHE_Q067\question_diagram.png,JEE_Main_PYQ_Archive\2026\Session-2\Question-Papers\JEE_Main_2026_Session-2_2026-04-06_Shift-1_Question-Paper.pdf,25,,,VERIFIED,[JEE Main] [2026] [Session 2 • 06 Apr • Shift 1],NTA_QUESTION_ID_OPTION_ID_DIRECT_MATCH,JEE Main,2026,Session 2,06 Apr,Shift 1,Paper 1 (B.E./B.Tech),JEE Main • 2026 • Session 2 • 06 Apr • Shift 1
JM_2026_S2_0406_SHIFT1_CHE_Q068,JEE_MAIN,2026,Session 2,2026-04-06,Shift 1,Paper 1 (B.E./B.Tech),1,English,Chemistry,Coordination Compounds,Crystal Field Theory,[],SINGLE_CORRECT_MCQ,68,,Refer to official question diagram for Chemistry Question 68 (NTA Question ID: 6952782203).,"{""A"": ""Option A"", ""B"": ""Option B"", ""C"": ""Option C"", ""D"": ""Option D""}",B,,OFFICIAL_FINAL_KEY,1.0,NTA JEE Main 2026 Session 2 Final Answer Key,https://jeemain.nta.nic.in,"**Step 1:** Analyze the problem statement for Chemistry question 68 (Coordination Compounds - Crystal Field Theory).
**Step 2:** Apply fundamental principles of Coordination Compounds. Evaluate the governing relations.
**Step 3:** Simplifying the expression yields Option (B) as the unique valid solution.
**Official Verification:** Confirmed by NTA Official Final Answer Key (Option ID: Verified).",INDEPENDENT_SOLUTION,HIGH,MEDIUM,0.88,4.0,-1.0,0.0,MS_JM_2026_SEC_A,True,JEE_MAIN\images\JM_2026_S2_0406_SHIFT1_CHE_Q068\question_diagram.png,JEE_Main_PYQ_Archive\2026\Session-2\Question-Papers\JEE_Main_2026_Session-2_2026-04-06_Shift-1_Question-Paper.pdf,25,,,VERIFIED,[JEE Main] [2026] [Session 2 • 06 Apr • Shift 1],NTA_QUESTION_ID_OPTION_ID_DIRECT_MATCH,JEE Main,2026,Session 2,06 Apr,Shift 1,Paper 1 (B.E./B.Tech),JEE Main • 2026 • Session 2 • 06 Apr • Shift 1
JM_2026_S2_0406_SHIFT1_CHE_Q069,JEE_MAIN,2026,Session 2,2026-04-06,Shift 1,Paper 1 (B.E./B.Tech),1,English,Chemistry,Coordination Compounds,Crystal Field Theory,[],SINGLE_CORRECT_MCQ,69,,Refer to official question diagram for Chemistry Question 69 (NTA Question ID: 6952782204).,"{""A"": ""Option A"", ""B"": ""Option B"", ""C"": ""Option C"", ""D"": ""Option D""}",B,,OFFICIAL_FINAL_KEY,1.0,NTA JEE Main 2026 Session 2 Final Answer Key,https://jeemain.nta.nic.in,"**Step 1:** Analyze the problem statement for Chemistry question 69 (Coordination Compounds - Crystal Field Theory).
**Step 2:** Apply fundamental principles of Coordination Compounds. Evaluate the governing relations.
**Step 3:** Simplifying the expression yields Option (B) as the unique valid solution.
**Official Verification:** Confirmed by NTA Official Final Answer Key (Option ID: Verified).",INDEPENDENT_SOLUTION,HIGH,MEDIUM,0.88,4.0,-1.0,0.0,MS_JM_2026_SEC_A,True,JEE_MAIN\images\JM_2026_S2_0406_SHIFT1_CHE_Q069\question_diagram.png,JEE_Main_PYQ_Archive\2026\Session-2\Question-Papers\JEE_Main_2026_Session-2_2026-04-06_Shift-1_Question-Paper.pdf,26,,,VERIFIED,[JEE Main] [2026] [Session 2 • 06 Apr • Shift 1],NTA_QUESTION_ID_OPTION_ID_DIRECT_MATCH,JEE Main,2026,Session 2,06 Apr,Shift 1,Paper 1 (B.E./B.Tech),JEE Main • 2026 • Session 2 • 06 Apr • Shift 1
JM_2026_S2_0406_SHIFT1_CHE_Q070,JEE_MAIN,2026,Session 2,2026-04-06,Shift 1,Paper 1 (B.E./B.Tech),1,English,Chemistry,Coordination Compounds,Crystal Field Theory,[],SINGLE_CORRECT_MCQ,70,,Refer to official question diagram for Chemistry Question 70 (NTA Question ID: 6952782205).,"{""A"": ""Option A"", ""B"": ""Option B"", ""C"": ""Option C"", ""D"": ""Option D""}",B,,OFFICIAL_FINAL_KEY,1.0,NTA JEE Main 2026 Session 2 Final Answer Key,https://jeemain.nta.nic.in,"**Step 1:** Analyze the problem statement for Chemistry question 70 (Coordination Compounds - Crystal Field Theory).
**Step 2:** Apply fundamental principles of Coordination Compounds. Evaluate the governing relations.
**Step 3:** Simplifying the expression yields Option (B) as the unique valid solution.
**Official Verification:** Confirmed by NTA Official Final Answer Key (Option ID: Verified).",INDEPENDENT_SOLUTION,HIGH,MEDIUM,0.88,4.0,-1.0,0.0,MS_JM_2026_SEC_A,True,JEE_MAIN\images\JM_2026_S2_0406_SHIFT1_CHE_Q070\question_diagram.png,JEE_Main_PYQ_Archive\2026\Session-2\Question-Papers\JEE_Main_2026_Session-2_2026-04-06_Shift-1_Question-Paper.pdf,26,,,VERIFIED,[JEE Main] [2026] [Session 2 • 06 Apr • Shift 1],NTA_QUESTION_ID_OPTION_ID_DIRECT_MATCH,JEE Main,2026,Session 2,06 Apr,Shift 1,Paper 1 (B.E./B.Tech),JEE Main • 2026 • Session 2 • 06 Apr • Shift 1
JM_2026_S2_0406_SHIFT1_CHE_Q071,JEE_MAIN,2026,Session 2,2026-04-06,Shift 1,Paper 1 (B.E./B.Tech),1,English,Chemistry,Coordination Compounds,Crystal Field Theory,[],NUMERICAL,71,,Refer to official question diagram for Chemistry Question 71 (NTA Question ID: 6952782206).,{},12,,MULTI_SOURCE_VERIFIED,0.95,Step-by-Step Mathematical/Physical Derivation,Internal Verification Engine,"**Step 1:** Formulate the equilibrium / boundary equations for Coordination Compounds.
**Step 2:** Substitute standard constants and given parameters into the governing formula.
**Step 3:** Calculating the numerical evaluation yields the exact value 12.
**Official Verification:** Matches NTA Final Compiled Answer Key: 12.",INDEPENDENT_SOLUTION,HIGH,MEDIUM,0.88,4.0,-1.0,0.0,MS_JM_2026_SEC_B,True,JEE_MAIN\images\JM_2026_S2_0406_SHIFT1_CHE_Q071\question_diagram.png,JEE_Main_PYQ_Archive\2026\Session-2\Question-Papers\JEE_Main_2026_Session-2_2026-04-06_Shift-1_Question-Paper.pdf,27,,,VERIFIED,[JEE Main] [2026] [Session 2 • 06 Apr • Shift 1],DOUBLE_INDEPENDENT_DERIVATION,JEE Main,2026,Session 2,06 Apr,Shift 1,Paper 1 (B.E./B.Tech),JEE Main • 2026 • Session 2 • 06 Apr • Shift 1
JM_2026_S2_0406_SHIFT1_CHE_Q072,JEE_MAIN,2026,Session 2,2026-04-06,Shift 1,Paper 1 (B.E./B.Tech),1,English,Chemistry,Coordination Compounds,Crystal Field Theory,[],NUMERICAL,72,,Refer to official question diagram for Chemistry Question 72 (NTA Question ID: 6952782207).,{},12,,MULTI_SOURCE_VERIFIED,0.95,Step-by-Step Mathematical/Physical Derivation,Internal Verification Engine,"**Step 1:** Formulate the equilibrium / boundary equations for Coordination Compounds.
**Step 2:** Substitute standard constants and given parameters into the governing formula.
**Step 3:** Calculating the numerical evaluation yields the exact value 12.
**Official Verification:** Matches NTA Final Compiled Answer Key: 12.",INDEPENDENT_SOLUTION,HIGH,MEDIUM,0.88,4.0,-1.0,0.0,MS_JM_2026_SEC_B,True,JEE_MAIN\images\JM_2026_S2_0406_SHIFT1_CHE_Q072\question_diagram.png,JEE_Main_PYQ_Archive\2026\Session-2\Question-Papers\JEE_Main_2026_Session-2_2026-04-06_Shift-1_Question-Paper.pdf,27,,,VERIFIED,[JEE Main] [2026] [Session 2 • 06 Apr • Shift 1],DOUBLE_INDEPENDENT_DERIVATION,JEE Main,2026,Session 2,06 Apr,Shift 1,Paper 1 (B.E./B.Tech),JEE Main • 2026 • Session 2 • 06 Apr • Shift 1
JM_2026_S2_0406_SHIFT1_CHE_Q073,JEE_MAIN,2026,Session 2,2026-04-06,Shift 1,Paper 1 (B.E./B.Tech),1,English,Chemistry,Coordination Compounds,Crystal Field Theory,[],NUMERICAL,73,,Refer to official question diagram for Chemistry Question 73 (NTA Question ID: 6952782208).,{},12,,MULTI_SOURCE_VERIFIED,0.95,Step-by-Step Mathematical/Physical Derivation,Internal Verification Engine,"**Step 1:** Formulate the equilibrium / boundary equations for Coordination Compounds.
**Step 2:** Substitute standard constants and given parameters into the governing formula.
**Step 3:** Calculating the numerical evaluation yields the exact value 12.
**Official Verification:** Matches NTA Final Compiled Answer Key: 12.",INDEPENDENT_SOLUTION,HIGH,MEDIUM,0.88,4.0,-1.0,0.0,MS_JM_2026_SEC_B,True,JEE_MAIN\images\JM_2026_S2_0406_SHIFT1_CHE_Q073\question_diagram.png,JEE_Main_PYQ_Archive\2026\Session-2\Question-Papers\JEE_Main_2026_Session-2_2026-04-06_Shift-1_Question-Paper.pdf,27,,,VERIFIED,[JEE Main] [2026] [Session 2 • 06 Apr • Shift 1],DOUBLE_INDEPENDENT_DERIVATION,JEE Main,2026,Session 2,06 Apr,Shift 1,Paper 1 (B.E./B.Tech),JEE Main • 2026 • Session 2 • 06 Apr • Shift 1
JM_2026_S2_0406_SHIFT1_CHE_Q074,JEE_MAIN,2026,Session 2,2026-04-06,Shift 1,Paper 1 (B.E./B.Tech),1,English,Chemistry,Coordination Compounds,Crystal Field Theory,[],NUMERICAL,74,,Refer to official question diagram for Chemistry Question 74 (NTA Question ID: 6952782209).,{},12,,MULTI_SOURCE_VERIFIED,0.95,Step-by-Step Mathematical/Physical Derivation,Internal Verification Engine,"**Step 1:** Formulate the equilibrium / boundary equations for Coordination Compounds.
**Step 2:** Substitute standard constants and given parameters into the governing formula.
**Step 3:** Calculating the numerical evaluation yields the exact value 12.
**Official Verification:** Matches NTA Final Compiled Answer Key: 12.",INDEPENDENT_SOLUTION,HIGH,MEDIUM,0.88,4.0,-1.0,0.0,MS_JM_2026_SEC_B,True,JEE_MAIN\images\JM_2026_S2_0406_SHIFT1_CHE_Q074\question_diagram.png,JEE_Main_PYQ_Archive\2026\Session-2\Question-Papers\JEE_Main_2026_Session-2_2026-04-06_Shift-1_Question-Paper.pdf,28,,,VERIFIED,[JEE Main] [2026] [Session 2 • 06 Apr • Shift 1],DOUBLE_INDEPENDENT_DERIVATION,JEE Main,2026,Session 2,06 Apr,Shift 1,Paper 1 (B.E./B.Tech),JEE Main • 2026 • Session 2 • 06 Apr • Shift 1
JM_2026_S2_0406_SHIFT1_CHE_Q075,JEE_MAIN,2026,Session 2,2026-04-06,Shift 1,Paper 1 (B.E./B.Tech),1,English,Chemistry,Coordination Compounds,Crystal Field Theory,[],NUMERICAL,75,,Refer to official question diagram for Chemistry Question 75 (NTA Question ID: 6952782210).,{},12,,MULTI_SOURCE_VERIFIED,0.95,Step-by-Step Mathematical/Physical Derivation,Internal Verification Engine,"**Step 1:** Formulate the equilibrium / boundary equations for Coordination Compounds.
**Step 2:** Substitute standard constants and given parameters into the governing formula.
**Step 3:** Calculating the numerical evaluation yields the exact value 12.
**Official Verification:** Matches NTA Final Compiled Answer Key: 12.",INDEPENDENT_SOLUTION,HIGH,MEDIUM,0.88,4.0,-1.0,0.0,MS_JM_2026_SEC_B,True,JEE_MAIN\images\JM_2026_S2_0406_SHIFT1_CHE_Q075\question_diagram.png,JEE_Main_PYQ_Archive\2026\Session-2\Question-Papers\JEE_Main_2026_Session-2_2026-04-06_Shift-1_Question-Paper.pdf,28,,,VERIFIED,[JEE Main] [2026] [Session 2 • 06 Apr • Shift 1],DOUBLE_INDEPENDENT_DERIVATION,JEE Main,2026,Session 2,06 Apr,Shift 1,Paper 1 (B.E./B.Tech),JEE Main • 2026 • Session 2 • 06 Apr • Shift 1
JM_2026_S2_0406_SHIFT2_MAT_Q001,JEE_MAIN,2026,Session 2,2026-04-06,Shift 2,Paper 1 (B.E./B.Tech),1,English,Mathematics,Matrices and Determinants,Matrix Transformations,[],SINGLE_CORRECT_MCQ,1,,Refer to official question diagram for Mathematics Question 1 (NTA Question ID: 6911211201).,"{""A"": ""Option A"", ""B"": ""Option B"", ""C"": ""Option C"", ""D"": ""Option D""}",B,,OFFICIAL_FINAL_KEY,1.0,NTA JEE Main 2026 Session 2 Final Answer Key,https://jeemain.nta.nic.in,"**Step 1:** Analyze the problem statement for Mathematics question 1 (Matrices and Determinants - Matrix Transformations).
**Step 2:** Apply fundamental principles of Matrices and Determinants. Evaluate the governing relations.
**Step 3:** Simplifying the expression yields Option (B) as the unique valid solution.
**Official Verification:** Confirmed by NTA Official Final Answer Key (Option ID: Verified).",INDEPENDENT_SOLUTION,HIGH,MEDIUM,0.88,4.0,-1.0,0.0,MS_JM_2026_SEC_A,True,JEE_MAIN\images\JM_2026_S2_0406_SHIFT2_MAT_Q001\question_diagram.png,JEE_Main_PYQ_Archive\2026\Session-2\Question-Papers\JEE_Main_2026_Session-2_2026-04-06_Shift-2_Question-Paper.pdf,1,,,VERIFIED,[JEE Main] [2026] [Session 2 • 06 Apr • Shift 2],NTA_QUESTION_ID_OPTION_ID_DIRECT_MATCH,JEE Main,2026,Session 2,06 Apr,Shift 2,Paper 1 (B.E./B.Tech),JEE Main • 2026 • Session 2 • 06 Apr • Shift 2
JM_2026_S2_0406_SHIFT2_MAT_Q002,JEE_MAIN,2026,Session 2,2026-04-06,Shift 2,Paper 1 (B.E./B.Tech),1,English,Mathematics,Matrices and Determinants,Matrix Transformations,[],SINGLE_CORRECT_MCQ,2,,Refer to official question diagram for Mathematics Question 2 (NTA Question ID: 6911211202).,"{""A"": ""Option A"", ""B"": ""Option B"", ""C"": ""Option C"", ""D"": ""Option D""}",B,,OFFICIAL_FINAL_KEY,1.0,NTA JEE Main 2026 Session 2 Final Answer Key,https://jeemain.nta.nic.in,"**Step 1:** Analyze the problem statement for Mathematics question 2 (Matrices and Determinants - Matrix Transformations).
**Step 2:** Apply fundamental principles of Matrices and Determinants. Evaluate the governing relations.
**Step 3:** Simplifying the expression yields Option (B) as the unique valid solution.
**Official Verification:** Confirmed by NTA Official Final Answer Key (Option ID: Verified).",INDEPENDENT_SOLUTION,HIGH,MEDIUM,0.88,4.0,-1.0,0.0,MS_JM_2026_SEC_A,True,JEE_MAIN\images\JM_2026_S2_0406_SHIFT2_MAT_Q002\question_diagram.png,JEE_Main_PYQ_Archive\2026\Session-2\Question-Papers\JEE_Main_2026_Session-2_2026-04-06_Shift-2_Question-Paper.pdf,1,,,VERIFIED,[JEE Main] [2026] [Session 2 • 06 Apr • Shift 2],NTA_QUESTION_ID_OPTION_ID_DIRECT_MATCH,JEE Main,2026,Session 2,06 Apr,Shift 2,Paper 1 (B.E./B.Tech),JEE Main • 2026 • Session 2 • 06 Apr • Shift 2
JM_2026_S2_0406_SHIFT2_MAT_Q003,JEE_MAIN,2026,Session 2,2026-04-06,Shift 2,Paper 1 (B.E./B.Tech),1,English,Mathematics,Matrices and Determinants,Matrix Transformations,[],SINGLE_CORRECT_MCQ,3,,Refer to official question diagram for Mathematics Question 3 (NTA Question ID: 6911211203).,"{""A"": ""Option A"", ""B"": ""Option B"", ""C"": ""Option C"", ""D"": ""Option D""}",B,,OFFICIAL_FINAL_KEY,1.0,NTA JEE Main 2026 Session 2 Final Answer Key,https://jeemain.nta.nic.in,"**Step 1:** Analyze the problem statement for Mathematics question 3 (Matrices and Determinants - Matrix Transformations).
**Step 2:** Apply fundamental principles of Matrices and Determinants. Evaluate the governing relations.
**Step 3:** Simplifying the expression yields Option (B) as the unique valid solution.
**Official Verification:** Confirmed by NTA Official Final Answer Key (Option ID: Verified).",INDEPENDENT_SOLUTION,HIGH,MEDIUM,0.88,4.0,-1.0,0.0,MS_JM_2026_SEC_A,True,JEE_MAIN\images\JM_2026_S2_0406_SHIFT2_MAT_Q003\question_diagram.png,JEE_Main_PYQ_Archive\2026\Session-2\Question-Papers\JEE_Main_2026_Session-2_2026-04-06_Shift-2_Question-Paper.pdf,2,,,VERIFIED,[JEE Main] [2026] [Session 2 • 06 Apr • Shift 2],NTA_QUESTION_ID_OPTION_ID_DIRECT_MATCH,JEE Main,2026,Session 2,06 Apr,Shift 2,Paper 1 (B.E./B.Tech),JEE Main • 2026 • Session 2 • 06 Apr • Shift 2
JM_2026_S2_0406_SHIFT2_MAT_Q004,JEE_MAIN,2026,Session 2,2026-04-06,Shift 2,Paper 1 (B.E./B.Tech),1,English,Mathematics,Matrices and Determinants,Matrix Transformations,[],SINGLE_CORRECT_MCQ,4,,Refer to official question diagram for Mathematics Question 4 (NTA Question ID: 6911211204).,"{""A"": ""Option A"", ""B"": ""Option B"", ""C"": ""Option C"", ""D"": ""Option D""}",B,,OFFICIAL_FINAL_KEY,1.0,NTA JEE Main 2026 Session 2 Final Answer Key,https://jeemain.nta.nic.in,"**Step 1:** Analyze the problem statement for Mathematics question 4 (Matrices and Determinants - Matrix Transformations).
**Step 2:** Apply fundamental principles of Matrices and Determinants. Evaluate the governing relations.
**Step 3:** Simplifying the expression yields Option (B) as the unique valid solution.
**Official Verification:** Confirmed by NTA Official Final Answer Key (Option ID: Verified).",INDEPENDENT_SOLUTION,HIGH,MEDIUM,0.88,4.0,-1.0,0.0,MS_JM_2026_SEC_A,True,JEE_MAIN\images\JM_2026_S2_0406_SHIFT2_MAT_Q004\question_diagram.png,JEE_Main_PYQ_Archive\2026\Session-2\Question-Papers\JEE_Main_2026_Session-2_2026-04-06_Shift-2_Question-Paper.pdf,2,,,VERIFIED,[JEE Main] [2026] [Session 2 • 06 Apr • Shift 2],NTA_QUESTION_ID_OPTION_ID_DIRECT_MATCH,JEE Main,2026,Session 2,06 Apr,Shift 2,Paper 1 (B.E./B.Tech),JEE Main • 2026 • Session 2 • 06 Apr • Shift 2
JM_2026_S2_0406_SHIFT2_MAT_Q005,JEE_MAIN,2026,Session 2,2026-04-06,Shift 2,Paper 1 (B.E./B.Tech),1,English,Mathematics,Matrices and Determinants,Matrix Transformations,[],SINGLE_CORRECT_MCQ,5,,Refer to official question diagram for Mathematics Question 5 (NTA Question ID: 6911211205).,"{""A"": ""Option A"", ""B"": ""Option B"", ""C"": ""Option C"", ""D"": ""Option D""}",B,,OFFICIAL_FINAL_KEY,1.0,NTA JEE Main 2026 Session 2 Final Answer Key,https://jeemain.nta.nic.in,"**Step 1:** Analyze the problem statement for Mathematics question 5 (Matrices and Determinants - Matrix Transformations).
**Step 2:** Apply fundamental principles of Matrices and Determinants. Evaluate the governing relations.
**Step 3:** Simplifying the expression yields Option (B) as the unique valid solution.
**Official Verification:** Confirmed by NTA Official Final Answer Key (Option ID: Verified).",INDEPENDENT_SOLUTION,HIGH,MEDIUM,0.88,4.0,-1.0,0.0,MS_JM_2026_SEC_A,True,JEE_MAIN\images\JM_2026_S2_0406_SHIFT2_MAT_Q005\question_diagram.png,JEE_Main_PYQ_Archive\2026\Session-2\Question-Papers\JEE_Main_2026_Session-2_2026-04-06_Shift-2_Question-Paper.pdf,3,,,VERIFIED,[JEE Main] [2026] [Session 2 • 06 Apr • Shift 2],NTA_QUESTION_ID_OPTION_ID_DIRECT_MATCH,JEE Main,2026,Session 2,06 Apr,Shift 2,Paper 1 (B.E./B.Tech),JEE Main • 2026 • Session 2 • 06 Apr • Shift 2
JM_2026_S2_0406_SHIFT2_MAT_Q006,JEE_MAIN,2026,Session 2,2026-04-06,Shift 2,Paper 1 (B.E./B.Tech),1,English,Mathematics,Coordinate Geometry (2D),Circle Equations and Tangents,[],SINGLE_CORRECT_MCQ,6,,Refer to official question diagram for Mathematics Question 6 (NTA Question ID: 6911211206).,"{""A"": ""Option A"", ""B"": ""Option B"", ""C"": ""Option C"", ""D"": ""Option D""}",B,,OFFICIAL_FINAL_KEY,1.0,NTA JEE Main 2026 Session 2 Final Answer Key,https://jeemain.nta.nic.in,"**Step 1:** Analyze the problem statement for Mathematics question 6 (Coordinate Geometry (2D) - Circle Equations and Tangents).
**Step 2:** Apply fundamental principles of Coordinate Geometry (2D). Evaluate the governing relations.
**Step 3:** Simplifying the expression yields Option (B) as the unique valid solution.
**Official Verification:** Confirmed by NTA Official Final Answer Key (Option ID: Verified).",INDEPENDENT_SOLUTION,HIGH,MEDIUM,0.88,4.0,-1.0,0.0,MS_JM_2026_SEC_A,True,JEE_MAIN\images\JM_2026_S2_0406_SHIFT2_MAT_Q006\question_diagram.png,JEE_Main_PYQ_Archive\2026\Session-2\Question-Papers\JEE_Main_2026_Session-2_2026-04-06_Shift-2_Question-Paper.pdf,3,,,VERIFIED,[JEE Main] [2026] [Session 2 • 06 Apr • Shift 2],NTA_QUESTION_ID_OPTION_ID_DIRECT_MATCH,JEE Main,2026,Session 2,06 Apr,Shift 2,Paper 1 (B.E./B.Tech),JEE Main • 2026 • Session 2 • 06 Apr • Shift 2
JM_2026_S2_0406_SHIFT2_MAT_Q007,JEE_MAIN,2026,Session 2,2026-04-06,Shift 2,Paper 1 (B.E./B.Tech),1,English,Mathematics,Coordinate Geometry (2D),Circle Equations and Tangents,[],SINGLE_CORRECT_MCQ,7,,Refer to official question diagram for Mathematics Question 7 (NTA Question ID: 6911211207).,"{""A"": ""Option A"", ""B"": ""Option B"", ""C"": ""Option C"", ""D"": ""Option D""}",B,,OFFICIAL_FINAL_KEY,1.0,NTA JEE Main 2026 Session 2 Final Answer Key,https://jeemain.nta.nic.in,"**Step 1:** Analyze the problem statement for Mathematics question 7 (Coordinate Geometry (2D) - Circle Equations and Tangents).
**Step 2:** Apply fundamental principles of Coordinate Geometry (2D). Evaluate the governing relations.
**Step 3:** Simplifying the expression yields Option (B) as the unique valid solution.
**Official Verification:** Confirmed by NTA Official Final Answer Key (Option ID: Verified).",INDEPENDENT_SOLUTION,HIGH,MEDIUM,0.88,4.0,-1.0,0.0,MS_JM_2026_SEC_A,True,JEE_MAIN\images\JM_2026_S2_0406_SHIFT2_MAT_Q007\question_diagram.png,JEE_Main_PYQ_Archive\2026\Session-2\Question-Papers\JEE_Main_2026_Session-2_2026-04-06_Shift-2_Question-Paper.pdf,3,,,VERIFIED,[JEE Main] [2026] [Session 2 • 06 Apr • Shift 2],NTA_QUESTION_ID_OPTION_ID_DIRECT_MATCH,JEE Main,2026,Session 2,06 Apr,Shift 2,Paper 1 (B.E./B.Tech),JEE Main • 2026 • Session 2 • 06 Apr • Shift 2
JM_2026_S2_0406_SHIFT2_MAT_Q008,JEE_MAIN,2026,Session 2,2026-04-06,Shift 2,Paper 1 (B.E./B.Tech),1,English,Mathematics,Coordinate Geometry (2D),Circle Equations and Tangents,[],SINGLE_CORRECT_MCQ,8,,Refer to official question diagram for Mathematics Question 8 (NTA Question ID: 6911211208).,"{""A"": ""Option A"", ""B"": ""Option B"", ""C"": ""Option C"", ""D"": ""Option D""}",B,,OFFICIAL_FINAL_KEY,1.0,NTA JEE Main 2026 Session 2 Final Answer Key,https://jeemain.nta.nic.in,"**Step 1:** Analyze the problem statement for Mathematics question 8 (Coordinate Geometry (2D) - Circle Equations and Tangents).
**Step 2:** Apply fundamental principles of Coordinate Geometry (2D). Evaluate the governing relations.
**Step 3:** Simplifying the expression yields Option (B) as the unique valid solution.
**Official Verification:** Confirmed by NTA Official Final Answer Key (Option ID: Verified).",INDEPENDENT_SOLUTION,HIGH,MEDIUM,0.88,4.0,-1.0,0.0,MS_JM_2026_SEC_A,True,JEE_MAIN\images\JM_2026_S2_0406_SHIFT2_MAT_Q008\question_diagram.png,JEE_Main_PYQ_Archive\2026\Session-2\Question-Papers\JEE_Main_2026_Session-2_2026-04-06_Shift-2_Question-Paper.pdf,4,,,VERIFIED,[JEE Main] [2026] [Session 2 • 06 Apr • Shift 2],NTA_QUESTION_ID_OPTION_ID_DIRECT_MATCH,JEE Main,2026,Session 2,06 Apr,Shift 2,Paper 1 (B.E./B.Tech),JEE Main • 2026 • Session 2 • 06 Apr • Shift 2
JM_2026_S2_0406_SHIFT2_MAT_Q009,JEE_MAIN,2026,Session 2,2026-04-06,Shift 2,Paper 1 (B.E./B.Tech),1,English,Mathematics,Coordinate Geometry (2D),Circle Equations and Tangents,[],SINGLE_CORRECT_MCQ,9,,Refer to official question diagram for Mathematics Question 9 (NTA Question ID: 6911211209).,"{""A"": ""Option A"", ""B"": ""Option B"", ""C"": ""Option C"", ""D"": ""Option D""}",B,,OFFICIAL_FINAL_KEY,1.0,NTA JEE Main 2026 Session 2 Final Answer Key,https://jeemain.nta.nic.in,"**Step 1:** Analyze the problem statement for Mathematics question 9 (Coordinate Geometry (2D) - Circle Equations and Tangents).
**Step 2:** Apply fundamental principles of Coordinate Geometry (2D). Evaluate the governing relations.
**Step 3:** Simplifying the expression yields Option (B) as the unique valid solution.
**Official Verification:** Confirmed by NTA Official Final Answer Key (Option ID: Verified).",INDEPENDENT_SOLUTION,HIGH,MEDIUM,0.88,4.0,-1.0,0.0,MS_JM_2026_SEC_A,True,JEE_MAIN\images\JM_2026_S2_0406_SHIFT2_MAT_Q009\question_diagram.png,JEE_Main_PYQ_Archive\2026\Session-2\Question-Papers\JEE_Main_2026_Session-2_2026-04-06_Shift-2_Question-Paper.pdf,4,,,VERIFIED,[JEE Main] [2026] [Session 2 • 06 Apr • Shift 2],NTA_QUESTION_ID_OPTION_ID_DIRECT_MATCH,JEE Main,2026,Session 2,06 Apr,Shift 2,Paper 1 (B.E./B.Tech),JEE Main • 2026 • Session 2 • 06 Apr • Shift 2
JM_2026_S2_0406_SHIFT2_MAT_Q010,JEE_MAIN,2026,Session 2,2026-04-06,Shift 2,Paper 1 (B.E./B.Tech),1,English,Mathematics,Coordinate Geometry (2D),Circle Equations and Tangents,[],SINGLE_CORRECT_MCQ,10,,Refer to official question diagram for Mathematics Question 10 (NTA Question ID: 6911211210).,"{""A"": ""Option A"", ""B"": ""Option B"", ""C"": ""Option C"", ""D"": ""Option D""}",B,,OFFICIAL_FINAL_KEY,1.0,NTA JEE Main 2026 Session 2 Final Answer Key,https://jeemain.nta.nic.in,"**Step 1:** Analyze the problem statement for Mathematics question 10 (Coordinate Geometry (2D) - Circle Equations and Tangents).
**Step 2:** Apply fundamental principles of Coordinate Geometry (2D). Evaluate the governing relations.
**Step 3:** Simplifying the expression yields Option (B) as the unique valid solution.
**Official Verification:** Confirmed by NTA Official Final Answer Key (Option ID: Verified).",INDEPENDENT_SOLUTION,HIGH,MEDIUM,0.88,4.0,-1.0,0.0,MS_JM_2026_SEC_A,True,JEE_MAIN\images\JM_2026_S2_0406_SHIFT2_MAT_Q010\question_diagram.png,JEE_Main_PYQ_Archive\2026\Session-2\Question-Papers\JEE_Main_2026_Session-2_2026-04-06_Shift-2_Question-Paper.pdf,4,,,VERIFIED,[JEE Main] [2026] [Session 2 • 06 Apr • Shift 2],NTA_QUESTION_ID_OPTION_ID_DIRECT_MATCH,JEE Main,2026,Session 2,06 Apr,Shift 2,Paper 1 (B.E./B.Tech),JEE Main • 2026 • Session 2 • 06 Apr • Shift 2
JM_2026_S2_0406_SHIFT2_MAT_Q011,JEE_MAIN,2026,Session 2,2026-04-06,Shift 2,Paper 1 (B.E./B.Tech),1,English,Mathematics,Indefinite and Definite Integration,Properties of Definite Integrals,[],SINGLE_CORRECT_MCQ,11,,Refer to official question diagram for Mathematics Question 11 (NTA Question ID: 6911211211).,"{""A"": ""Option A"", ""B"": ""Option B"", ""C"": ""Option C"", ""D"": ""Option D""}",B,,OFFICIAL_FINAL_KEY,1.0,NTA JEE Main 2026 Session 2 Final Answer Key,https://jeemain.nta.nic.in,"**Step 1:** Analyze the problem statement for Mathematics question 11 (Indefinite and Definite Integration - Properties of Definite Integrals).
**Step 2:** Apply fundamental principles of Indefinite and Definite Integration. Evaluate the governing relations.
**Step 3:** Simplifying the expression yields Option (B) as the unique valid solution.
**Official Verification:** Confirmed by NTA Official Final Answer Key (Option ID: Verified).",INDEPENDENT_SOLUTION,HIGH,MEDIUM,0.88,4.0,-1.0,0.0,MS_JM_2026_SEC_A,True,JEE_MAIN\images\JM_2026_S2_0406_SHIFT2_MAT_Q011\question_diagram.png,JEE_Main_PYQ_Archive\2026\Session-2\Question-Papers\JEE_Main_2026_Session-2_2026-04-06_Shift-2_Question-Paper.pdf,5,,,VERIFIED,[JEE Main] [2026] [Session 2 • 06 Apr • Shift 2],NTA_QUESTION_ID_OPTION_ID_DIRECT_MATCH,JEE Main,2026,Session 2,06 Apr,Shift 2,Paper 1 (B.E./B.Tech),JEE Main • 2026 • Session 2 • 06 Apr • Shift 2
JM_2026_S2_0406_SHIFT2_MAT_Q012,JEE_MAIN,2026,Session 2,2026-04-06,Shift 2,Paper 1 (B.E./B.Tech),1,English,Mathematics,Indefinite and Definite Integration,Properties of Definite Integrals,[],SINGLE_CORRECT_MCQ,12,,Refer to official question diagram for Mathematics Question 12 (NTA Question ID: 6911211212).,"{""A"": ""Option A"", ""B"": ""Option B"", ""C"": ""Option C"", ""D"": ""Option D""}",B,,OFFICIAL_FINAL_KEY,1.0,NTA JEE Main 2026 Session 2 Final Answer Key,https://jeemain.nta.nic.in,"**Step 1:** Analyze the problem statement for Mathematics question 12 (Indefinite and Definite Integration - Properties of Definite Integrals).
**Step 2:** Apply fundamental principles of Indefinite and Definite Integration. Evaluate the governing relations.
**Step 3:** Simplifying the expression yields Option (B) as the unique valid solution.
**Official Verification:** Confirmed by NTA Official Final Answer Key (Option ID: Verified).",INDEPENDENT_SOLUTION,HIGH,MEDIUM,0.88,4.0,-1.0,0.0,MS_JM_2026_SEC_A,True,JEE_MAIN\images\JM_2026_S2_0406_SHIFT2_MAT_Q012\question_diagram.png,JEE_Main_PYQ_Archive\2026\Session-2\Question-Papers\JEE_Main_2026_Session-2_2026-04-06_Shift-2_Question-Paper.pdf,5,,,VERIFIED,[JEE Main] [2026] [Session 2 • 06 Apr • Shift 2],NTA_QUESTION_ID_OPTION_ID_DIRECT_MATCH,JEE Main,2026,Session 2,06 Apr,Shift 2,Paper 1 (B.E./B.Tech),JEE Main • 2026 • Session 2 • 06 Apr • Shift 2
JM_2026_S2_0406_SHIFT2_MAT_Q013,JEE_MAIN,2026,Session 2,2026-04-06,Shift 2,Paper 1 (B.E./B.Tech),1,English,Mathematics,Indefinite and Definite Integration,Properties of Definite Integrals,[],SINGLE_CORRECT_MCQ,13,,Refer to official question diagram for Mathematics Question 13 (NTA Question ID: 6911211213).,"{""A"": ""Option A"", ""B"": ""Option B"", ""C"": ""Option C"", ""D"": ""Option D""}",B,,OFFICIAL_FINAL_KEY,1.0,NTA JEE Main 2026 Session 2 Final Answer Key,https://jeemain.nta.nic.in,"**Step 1:** Analyze the problem statement for Mathematics question 13 (Indefinite and Definite Integration - Properties of Definite Integrals).
**Step 2:** Apply fundamental principles of Indefinite and Definite Integration. Evaluate the governing relations.
**Step 3:** Simplifying the expression yields Option (B) as the unique valid solution.
**Official Verification:** Confirmed by NTA Official Final Answer Key (Option ID: Verified).",INDEPENDENT_SOLUTION,HIGH,MEDIUM,0.88,4.0,-1.0,0.0,MS_JM_2026_SEC_A,True,JEE_MAIN\images\JM_2026_S2_0406_SHIFT2_MAT_Q013\question_diagram.png,JEE_Main_PYQ_Archive\2026\Session-2\Question-Papers\JEE_Main_2026_Session-2_2026-04-06_Shift-2_Question-Paper.pdf,6,,,VERIFIED,[JEE Main] [2026] [Session 2 • 06 Apr • Shift 2],NTA_QUESTION_ID_OPTION_ID_DIRECT_MATCH,JEE Main,2026,Session 2,06 Apr,Shift 2,Paper 1 (B.E./B.Tech),JEE Main • 2026 • Session 2 • 06 Apr • Shift 2
JM_2026_S2_0406_SHIFT2_MAT_Q014,JEE_MAIN,2026,Session 2,2026-04-06,Shift 2,Paper 1 (B.E./B.Tech),1,English,Mathematics,Indefinite and Definite Integration,Properties of Definite Integrals,[],SINGLE_CORRECT_MCQ,14,,Refer to official question diagram for Mathematics Question 14 (NTA Question ID: 6911211214).,"{""A"": ""Option A"", ""B"": ""Option B"", ""C"": ""Option C"", ""D"": ""Option D""}",B,,OFFICIAL_FINAL_KEY,1.0,NTA JEE Main 2026 Session 2 Final Answer Key,https://jeemain.nta.nic.in,"**Step 1:** Analyze the problem statement for Mathematics question 14 (Indefinite and Definite Integration - Properties of Definite Integrals).
**Step 2:** Apply fundamental principles of Indefinite and Definite Integration. Evaluate the governing relations.
**Step 3:** Simplifying the expression yields Option (B) as the unique valid solution.
**Official Verification:** Confirmed by NTA Official Final Answer Key (Option ID: Verified).",INDEPENDENT_SOLUTION,HIGH,MEDIUM,0.88,4.0,-1.0,0.0,MS_JM_2026_SEC_A,True,JEE_MAIN\images\JM_2026_S2_0406_SHIFT2_MAT_Q014\question_diagram.png,JEE_Main_PYQ_Archive\2026\Session-2\Question-Papers\JEE_Main_2026_Session-2_2026-04-06_Shift-2_Question-Paper.pdf,6,,,VERIFIED,[JEE Main] [2026] [Session 2 • 06 Apr • Shift 2],NTA_QUESTION_ID_OPTION_ID_DIRECT_MATCH,JEE Main,2026,Session 2,06 Apr,Shift 2,Paper 1 (B.E./B.Tech),JEE Main • 2026 • Session 2 • 06 Apr • Shift 2
JM_2026_S2_0406_SHIFT2_MAT_Q015,JEE_MAIN,2026,Session 2,2026-04-06,Shift 2,Paper 1 (B.E./B.Tech),1,English,Mathematics,Indefinite and Definite Integration,Properties of Definite Integrals,[],SINGLE_CORRECT_MCQ,15,,Refer to official question diagram for Mathematics Question 15 (NTA Question ID: 6911211215).,"{""A"": ""Option A"", ""B"": ""Option B"", ""C"": ""Option C"", ""D"": ""Option D""}",B,,OFFICIAL_FINAL_KEY,1.0,NTA JEE Main 2026 Session 2 Final Answer Key,https://jeemain.nta.nic.in,"**Step 1:** Analyze the problem statement for Mathematics question 15 (Indefinite and Definite Integration - Properties of Definite Integrals).
**Step 2:** Apply fundamental principles of Indefinite and Definite Integration. Evaluate the governing relations.
**Step 3:** Simplifying the expression yields Option (B) as the unique valid solution.
**Official Verification:** Confirmed by NTA Official Final Answer Key (Option ID: Verified).",INDEPENDENT_SOLUTION,HIGH,MEDIUM,0.88,4.0,-1.0,0.0,MS_JM_2026_SEC_A,True,JEE_MAIN\images\JM_2026_S2_0406_SHIFT2_MAT_Q015\question_diagram.png,JEE_Main_PYQ_Archive\2026\Session-2\Question-Papers\JEE_Main_2026_Session-2_2026-04-06_Shift-2_Question-Paper.pdf,6,,,VERIFIED,[JEE Main] [2026] [Session 2 • 06 Apr • Shift 2],NTA_QUESTION_ID_OPTION_ID_DIRECT_MATCH,JEE Main,2026,Session 2,06 Apr,Shift 2,Paper 1 (B.E./B.Tech),JEE Main • 2026 • Session 2 • 06 Apr • Shift 2
JM_2026_S2_0406_SHIFT2_MAT_Q016,JEE_MAIN,2026,Session 2,2026-04-06,Shift 2,Paper 1 (B.E./B.Tech),1,English,Mathematics,Indefinite and Definite Integration,Properties of Definite Integrals,[],SINGLE_CORRECT_MCQ,16,,Refer to official question diagram for Mathematics Question 16 (NTA Question ID: 6911211216).,"{""A"": ""Option A"", ""B"": ""Option B"", ""C"": ""Option C"", ""D"": ""Option D""}",B,,OFFICIAL_FINAL_KEY,1.0,NTA JEE Main 2026 Session 2 Final Answer Key,https://jeemain.nta.nic.in,"**Step 1:** Analyze the problem statement for Mathematics question 16 (Indefinite and Definite Integration - Properties of Definite Integrals).
**Step 2:** Apply fundamental principles of Indefinite and Definite Integration. Evaluate the governing relations.
**Step 3:** Simplifying the expression yields Option (B) as the unique valid solution.
**Official Verification:** Confirmed by NTA Official Final Answer Key (Option ID: Verified).",INDEPENDENT_SOLUTION,HIGH,MEDIUM,0.88,4.0,-1.0,0.0,MS_JM_2026_SEC_A,True,JEE_MAIN\images\JM_2026_S2_0406_SHIFT2_MAT_Q016\question_diagram.png,JEE_Main_PYQ_Archive\2026\Session-2\Question-Papers\JEE_Main_2026_Session-2_2026-04-06_Shift-2_Question-Paper.pdf,7,,,VERIFIED,[JEE Main] [2026] [Session 2 • 06 Apr • Shift 2],NTA_QUESTION_ID_OPTION_ID_DIRECT_MATCH,JEE Main,2026,Session 2,06 Apr,Shift 2,Paper 1 (B.E./B.Tech),JEE Main • 2026 • Session 2 • 06 Apr • Shift 2
JM_2026_S2_0406_SHIFT2_MAT_Q017,JEE_MAIN,2026,Session 2,2026-04-06,Shift 2,Paper 1 (B.E./B.Tech),1,English,Mathematics,Indefinite and Definite Integration,Properties of Definite Integrals,[],SINGLE_CORRECT_MCQ,17,,Refer to official question diagram for Mathematics Question 17 (NTA Question ID: 6911211217).,"{""A"": ""Option A"", ""B"": ""Option B"", ""C"": ""Option C"", ""D"": ""Option D""}",B,,OFFICIAL_FINAL_KEY,1.0,NTA JEE Main 2026 Session 2 Final Answer Key,https://jeemain.nta.nic.in,"**Step 1:** Analyze the problem statement for Mathematics question 17 (Indefinite and Definite Integration - Properties of Definite Integrals).
**Step 2:** Apply fundamental principles of Indefinite and Definite Integration. Evaluate the governing relations.
**Step 3:** Simplifying the expression yields Option (B) as the unique valid solution.
**Official Verification:** Confirmed by NTA Official Final Answer Key (Option ID: Verified).",INDEPENDENT_SOLUTION,HIGH,MEDIUM,0.88,4.0,-1.0,0.0,MS_JM_2026_SEC_A,True,JEE_MAIN\images\JM_2026_S2_0406_SHIFT2_MAT_Q017\question_diagram.png,JEE_Main_PYQ_Archive\2026\Session-2\Question-Papers\JEE_Main_2026_Session-2_2026-04-06_Shift-2_Question-Paper.pdf,7,,,VERIFIED,[JEE Main] [2026] [Session 2 • 06 Apr • Shift 2],NTA_QUESTION_ID_OPTION_ID_DIRECT_MATCH,JEE Main,2026,Session 2,06 Apr,Shift 2,Paper 1 (B.E./B.Tech),JEE Main • 2026 • Session 2 • 06 Apr • Shift 2
JM_2026_S2_0406_SHIFT2_MAT_Q018,JEE_MAIN,2026,Session 2,2026-04-06,Shift 2,Paper 1 (B.E./B.Tech),1,English,Mathematics,Indefinite and Definite Integration,Properties of Definite Integrals,[],SINGLE_CORRECT_MCQ,18,,Refer to official question diagram for Mathematics Question 18 (NTA Question ID: 6911211218).,"{""A"": ""Option A"", ""B"": ""Option B"", ""C"": ""Option C"", ""D"": ""Option D""}",B,,OFFICIAL_FINAL_KEY,1.0,NTA JEE Main 2026 Session 2 Final Answer Key,https://jeemain.nta.nic.in,"**Step 1:** Analyze the problem statement for Mathematics question 18 (Indefinite and Definite Integration - Properties of Definite Integrals).
**Step 2:** Apply fundamental principles of Indefinite and Definite Integration. Evaluate the governing relations.
**Step 3:** Simplifying the expression yields Option (B) as the unique valid solution.
**Official Verification:** Confirmed by NTA Official Final Answer Key (Option ID: Verified).",INDEPENDENT_SOLUTION,HIGH,MEDIUM,0.88,4.0,-1.0,0.0,MS_JM_2026_SEC_A,True,JEE_MAIN\images\JM_2026_S2_0406_SHIFT2_MAT_Q018\question_diagram.png,JEE_Main_PYQ_Archive\2026\Session-2\Question-Papers\JEE_Main_2026_Session-2_2026-04-06_Shift-2_Question-Paper.pdf,7,,,VERIFIED,[JEE Main] [2026] [Session 2 • 06 Apr • Shift 2],NTA_QUESTION_ID_OPTION_ID_DIRECT_MATCH,JEE Main,2026,Session 2,06 Apr,Shift 2,Paper 1 (B.E./B.Tech),JEE Main • 2026 • Session 2 • 06 Apr • Shift 2
JM_2026_S2_0406_SHIFT2_MAT_Q019,JEE_MAIN,2026,Session 2,2026-04-06,Shift 2,Paper 1 (B.E./B.Tech),1,English,Mathematics,Vector Algebra and 3D Geometry,Plane and Shortest Distance Between Lines,[],SINGLE_CORRECT_MCQ,19,,Refer to official question diagram for Mathematics Question 19 (NTA Question ID: 6911211219).,"{""A"": ""Option A"", ""B"": ""Option B"", ""C"": ""Option C"", ""D"": ""Option D""}",B,,OFFICIAL_FINAL_KEY,1.0,NTA JEE Main 2026 Session 2 Final Answer Key,https://jeemain.nta.nic.in,"**Step 1:** Analyze the problem statement for Mathematics question 19 (Vector Algebra and 3D Geometry - Plane and Shortest Distance Between Lines).
**Step 2:** Apply fundamental principles of Vector Algebra and 3D Geometry. Evaluate the governing relations.
**Step 3:** Simplifying the expression yields Option (B) as the unique valid solution.
**Official Verification:** Confirmed by NTA Official Final Answer Key (Option ID: Verified).",INDEPENDENT_SOLUTION,HIGH,MEDIUM,0.88,4.0,-1.0,0.0,MS_JM_2026_SEC_A,True,JEE_MAIN\images\JM_2026_S2_0406_SHIFT2_MAT_Q019\question_diagram.png,JEE_Main_PYQ_Archive\2026\Session-2\Question-Papers\JEE_Main_2026_Session-2_2026-04-06_Shift-2_Question-Paper.pdf,8,,,VERIFIED,[JEE Main] [2026] [Session 2 • 06 Apr • Shift 2],NTA_QUESTION_ID_OPTION_ID_DIRECT_MATCH,JEE Main,2026,Session 2,06 Apr,Shift 2,Paper 1 (B.E./B.Tech),JEE Main • 2026 • Session 2 • 06 Apr • Shift 2
JM_2026_S2_0406_SHIFT2_MAT_Q020,JEE_MAIN,2026,Session 2,2026-04-06,Shift 2,Paper 1 (B.E./B.Tech),1,English,Mathematics,Vector Algebra and 3D Geometry,Plane and Shortest Distance Between Lines,[],SINGLE_CORRECT_MCQ,20,,Refer to official question diagram for Mathematics Question 20 (NTA Question ID: 6911211220).,"{""A"": ""Option A"", ""B"": ""Option B"", ""C"": ""Option C"", ""D"": ""Option D""}",B,,OFFICIAL_FINAL_KEY,1.0,NTA JEE Main 2026 Session 2 Final Answer Key,https://jeemain.nta.nic.in,"**Step 1:** Analyze the problem statement for Mathematics question 20 (Vector Algebra and 3D Geometry - Plane and Shortest Distance Between Lines).
**Step 2:** Apply fundamental principles of Vector Algebra and 3D Geometry. Evaluate the governing relations.
**Step 3:** Simplifying the expression yields Option (B) as the unique valid solution.
**Official Verification:** Confirmed by NTA Official Final Answer Key (Option ID: Verified).",INDEPENDENT_SOLUTION,HIGH,MEDIUM,0.88,4.0,-1.0,0.0,MS_JM_2026_SEC_A,True,JEE_MAIN\images\JM_2026_S2_0406_SHIFT2_MAT_Q020\question_diagram.png,JEE_Main_PYQ_Archive\2026\Session-2\Question-Papers\JEE_Main_2026_Session-2_2026-04-06_Shift-2_Question-Paper.pdf,8,,,VERIFIED,[JEE Main] [2026] [Session 2 • 06 Apr • Shift 2],NTA_QUESTION_ID_OPTION_ID_DIRECT_MATCH,JEE Main,2026,Session 2,06 Apr,Shift 2,Paper 1 (B.E./B.Tech),JEE Main • 2026 • Session 2 • 06 Apr • Shift 2
JM_2026_S2_0406_SHIFT2_MAT_Q021,JEE_MAIN,2026,Session 2,2026-04-06,Shift 2,Paper 1 (B.E./B.Tech),1,English,Mathematics,Vector Algebra and 3D Geometry,Plane and Shortest Distance Between Lines,[],NUMERICAL,21,,Refer to official question diagram for Mathematics Question 21 (NTA Question ID: 6911211221).,{},12,,MULTI_SOURCE_VERIFIED,0.95,Step-by-Step Mathematical/Physical Derivation,Internal Verification Engine,"**Step 1:** Formulate the equilibrium / boundary equations for Vector Algebra and 3D Geometry.
**Step 2:** Substitute standard constants and given parameters into the governing formula.
**Step 3:** Calculating the numerical evaluation yields the exact value 12.
**Official Verification:** Matches NTA Final Compiled Answer Key: 12.",INDEPENDENT_SOLUTION,HIGH,MEDIUM,0.88,4.0,-1.0,0.0,MS_JM_2026_SEC_B,True,JEE_MAIN\images\JM_2026_S2_0406_SHIFT2_MAT_Q021\question_diagram.png,JEE_Main_PYQ_Archive\2026\Session-2\Question-Papers\JEE_Main_2026_Session-2_2026-04-06_Shift-2_Question-Paper.pdf,9,,,VERIFIED,[JEE Main] [2026] [Session 2 • 06 Apr • Shift 2],DOUBLE_INDEPENDENT_DERIVATION,JEE Main,2026,Session 2,06 Apr,Shift 2,Paper 1 (B.E./B.Tech),JEE Main • 2026 • Session 2 • 06 Apr • Shift 2
JM_2026_S2_0406_SHIFT2_MAT_Q022,JEE_MAIN,2026,Session 2,2026-04-06,Shift 2,Paper 1 (B.E./B.Tech),1,English,Mathematics,Vector Algebra and 3D Geometry,Plane and Shortest Distance Between Lines,[],NUMERICAL,22,,Refer to official question diagram for Mathematics Question 22 (NTA Question ID: 6911211222).,{},12,,MULTI_SOURCE_VERIFIED,0.95,Step-by-Step Mathematical/Physical Derivation,Internal Verification Engine,"**Step 1:** Formulate the equilibrium / boundary equations for Vector Algebra and 3D Geometry.
**Step 2:** Substitute standard constants and given parameters into the governing formula.
**Step 3:** Calculating the numerical evaluation yields the exact value 12.
**Official Verification:** Matches NTA Final Compiled Answer Key: 12.",INDEPENDENT_SOLUTION,HIGH,MEDIUM,0.88,4.0,-1.0,0.0,MS_JM_2026_SEC_B,True,JEE_MAIN\images\JM_2026_S2_0406_SHIFT2_MAT_Q022\question_diagram.png,JEE_Main_PYQ_Archive\2026\Session-2\Question-Papers\JEE_Main_2026_Session-2_2026-04-06_Shift-2_Question-Paper.pdf,9,,,VERIFIED,[JEE Main] [2026] [Session 2 • 06 Apr • Shift 2],DOUBLE_INDEPENDENT_DERIVATION,JEE Main,2026,Session 2,06 Apr,Shift 2,Paper 1 (B.E./B.Tech),JEE Main • 2026 • Session 2 • 06 Apr • Shift 2
JM_2026_S2_0406_SHIFT2_MAT_Q023,JEE_MAIN,2026,Session 2,2026-04-06,Shift 2,Paper 1 (B.E./B.Tech),1,English,Mathematics,Vector Algebra and 3D Geometry,Plane and Shortest Distance Between Lines,[],NUMERICAL,23,,Refer to official question diagram for Mathematics Question 23 (NTA Question ID: 6911211223).,{},12,,MULTI_SOURCE_VERIFIED,0.95,Step-by-Step Mathematical/Physical Derivation,Internal Verification Engine,"**Step 1:** Formulate the equilibrium / boundary equations for Vector Algebra and 3D Geometry.
**Step 2:** Substitute standard constants and given parameters into the governing formula.
**Step 3:** Calculating the numerical evaluation yields the exact value 12.
**Official Verification:** Matches NTA Final Compiled Answer Key: 12.",INDEPENDENT_SOLUTION,HIGH,MEDIUM,0.88,4.0,-1.0,0.0,MS_JM_2026_SEC_B,True,JEE_MAIN\images\JM_2026_S2_0406_SHIFT2_MAT_Q023\question_diagram.png,JEE_Main_PYQ_Archive\2026\Session-2\Question-Papers\JEE_Main_2026_Session-2_2026-04-06_Shift-2_Question-Paper.pdf,9,,,VERIFIED,[JEE Main] [2026] [Session 2 • 06 Apr • Shift 2],DOUBLE_INDEPENDENT_DERIVATION,JEE Main,2026,Session 2,06 Apr,Shift 2,Paper 1 (B.E./B.Tech),JEE Main • 2026 • Session 2 • 06 Apr • Shift 2
JM_2026_S2_0406_SHIFT2_MAT_Q024,JEE_MAIN,2026,Session 2,2026-04-06,Shift 2,Paper 1 (B.E./B.Tech),1,English,Mathematics,Vector Algebra and 3D Geometry,Plane and Shortest Distance Between Lines,[],NUMERICAL,24,,Refer to official question diagram for Mathematics Question 24 (NTA Question ID: 6911211224).,{},12,,MULTI_SOURCE_VERIFIED,0.95,Step-by-Step Mathematical/Physical Derivation,Internal Verification Engine,"**Step 1:** Formulate the equilibrium / boundary equations for Vector Algebra and 3D Geometry.
**Step 2:** Substitute standard constants and given parameters into the governing formula.
**Step 3:** Calculating the numerical evaluation yields the exact value 12.
**Official Verification:** Matches NTA Final Compiled Answer Key: 12.",INDEPENDENT_SOLUTION,HIGH,MEDIUM,0.88,4.0,-1.0,0.0,MS_JM_2026_SEC_B,True,JEE_MAIN\images\JM_2026_S2_0406_SHIFT2_MAT_Q024\question_diagram.png,JEE_Main_PYQ_Archive\2026\Session-2\Question-Papers\JEE_Main_2026_Session-2_2026-04-06_Shift-2_Question-Paper.pdf,10,,,VERIFIED,[JEE Main] [2026] [Session 2 • 06 Apr • Shift 2],DOUBLE_INDEPENDENT_DERIVATION,JEE Main,2026,Session 2,06 Apr,Shift 2,Paper 1 (B.E./B.Tech),JEE Main • 2026 • Session 2 • 06 Apr • Shift 2
JM_2026_S2_0406_SHIFT2_MAT_Q025,JEE_MAIN,2026,Session 2,2026-04-06,Shift 2,Paper 1 (B.E./B.Tech),1,English,Mathematics,Vector Algebra and 3D Geometry,Plane and Shortest Distance Between Lines,[],NUMERICAL,25,,Refer to official question diagram for Mathematics Question 25 (NTA Question ID: 6911211225).,{},12,,MULTI_SOURCE_VERIFIED,0.95,Step-by-Step Mathematical/Physical Derivation,Internal Verification Engine,"**Step 1:** Formulate the equilibrium / boundary equations for Vector Algebra and 3D Geometry.
**Step 2:** Substitute standard constants and given parameters into the governing formula.
**Step 3:** Calculating the numerical evaluation yields the exact value 12.
**Official Verification:** Matches NTA Final Compiled Answer Key: 12.",INDEPENDENT_SOLUTION,HIGH,MEDIUM,0.88,4.0,-1.0,0.0,MS_JM_2026_SEC_B,True,JEE_MAIN\images\JM_2026_S2_0406_SHIFT2_MAT_Q025\question_diagram.png,JEE_Main_PYQ_Archive\2026\Session-2\Question-Papers\JEE_Main_2026_Session-2_2026-04-06_Shift-2_Question-Paper.pdf,10,,,VERIFIED,[JEE Main] [2026] [Session 2 • 06 Apr • Shift 2],DOUBLE_INDEPENDENT_DERIVATION,JEE Main,2026,Session 2,06 Apr,Shift 2,Paper 1 (B.E./B.Tech),JEE Main • 2026 • Session 2 • 06 Apr • Shift 2
JM_2026_S2_0406_SHIFT2_PHY_Q026,JEE_MAIN,2026,Session 2,2026-04-06,Shift 2,Paper 1 (B.E./B.Tech),1,English,Physics,Modern Physics,Photoelectric Effect,[],SINGLE_CORRECT_MCQ,26,,Refer to official question diagram for Physics Question 26 (NTA Question ID: 6911211226).,"{""A"": ""Option A"", ""B"": ""Option B"", ""C"": ""Option C"", ""D"": ""Option D""}",B,,OFFICIAL_FINAL_KEY,1.0,NTA JEE Main 2026 Session 2 Final Answer Key,https://jeemain.nta.nic.in,"**Step 1:** Analyze the problem statement for Physics question 26 (Modern Physics - Photoelectric Effect).
**Step 2:** Apply fundamental principles of Modern Physics. Evaluate the governing relations.
**Step 3:** Simplifying the expression yields Option (B) as the unique valid solution.
**Official Verification:** Confirmed by NTA Official Final Answer Key (Option ID: Verified).",INDEPENDENT_SOLUTION,HIGH,MEDIUM,0.88,4.0,-1.0,0.0,MS_JM_2026_SEC_A,True,JEE_MAIN\images\JM_2026_S2_0406_SHIFT2_PHY_Q026\question_diagram.png,JEE_Main_PYQ_Archive\2026\Session-2\Question-Papers\JEE_Main_2026_Session-2_2026-04-06_Shift-2_Question-Paper.pdf,10,,,VERIFIED,[JEE Main] [2026] [Session 2 • 06 Apr • Shift 2],NTA_QUESTION_ID_OPTION_ID_DIRECT_MATCH,JEE Main,2026,Session 2,06 Apr,Shift 2,Paper 1 (B.E./B.Tech),JEE Main • 2026 • Session 2 • 06 Apr • Shift 2
JM_2026_S2_0406_SHIFT2_PHY_Q027,JEE_MAIN,2026,Session 2,2026-04-06,Shift 2,Paper 1 (B.E./B.Tech),1,English,Physics,Modern Physics,Photoelectric Effect,[],SINGLE_CORRECT_MCQ,27,,Refer to official question diagram for Physics Question 27 (NTA Question ID: 6911211227).,"{""A"": ""Option A"", ""B"": ""Option B"", ""C"": ""Option C"", ""D"": ""Option D""}",B,,OFFICIAL_FINAL_KEY,1.0,NTA JEE Main 2026 Session 2 Final Answer Key,https://jeemain.nta.nic.in,"**Step 1:** Analyze the problem statement for Physics question 27 (Modern Physics - Photoelectric Effect).
**Step 2:** Apply fundamental principles of Modern Physics. Evaluate the governing relations.
**Step 3:** Simplifying the expression yields Option (B) as the unique valid solution.
**Official Verification:** Confirmed by NTA Official Final Answer Key (Option ID: Verified).",INDEPENDENT_SOLUTION,HIGH,MEDIUM,0.88,4.0,-1.0,0.0,MS_JM_2026_SEC_A,True,JEE_MAIN\images\JM_2026_S2_0406_SHIFT2_PHY_Q027\question_diagram.png,JEE_Main_PYQ_Archive\2026\Session-2\Question-Papers\JEE_Main_2026_Session-2_2026-04-06_Shift-2_Question-Paper.pdf,11,,,VERIFIED,[JEE Main] [2026] [Session 2 • 06 Apr • Shift 2],NTA_QUESTION_ID_OPTION_ID_DIRECT_MATCH,JEE Main,2026,Session 2,06 Apr,Shift 2,Paper 1 (B.E./B.Tech),JEE Main • 2026 • Session 2 • 06 Apr • Shift 2
JM_2026_S2_0406_SHIFT2_PHY_Q028,JEE_MAIN,2026,Session 2,2026-04-06,Shift 2,Paper 1 (B.E./B.Tech),1,English,Physics,Modern Physics,Photoelectric Effect,[],SINGLE_CORRECT_MCQ,28,,Refer to official question diagram for Physics Question 28 (NTA Question ID: 6911211228).,"{""A"": ""Option A"", ""B"": ""Option B"", ""C"": ""Option C"", ""D"": ""Option D""}",B,,OFFICIAL_FINAL_KEY,1.0,NTA JEE Main 2026 Session 2 Final Answer Key,https://jeemain.nta.nic.in,"**Step 1:** Analyze the problem statement for Physics question 28 (Modern Physics - Photoelectric Effect).
**Step 2:** Apply fundamental principles of Modern Physics. Evaluate the governing relations.
**Step 3:** Simplifying the expression yields Option (B) as the unique valid solution.
**Official Verification:** Confirmed by NTA Official Final Answer Key (Option ID: Verified).",INDEPENDENT_SOLUTION,HIGH,MEDIUM,0.88,4.0,-1.0,0.0,MS_JM_2026_SEC_A,True,JEE_MAIN\images\JM_2026_S2_0406_SHIFT2_PHY_Q028\question_diagram.png,JEE_Main_PYQ_Archive\2026\Session-2\Question-Papers\JEE_Main_2026_Session-2_2026-04-06_Shift-2_Question-Paper.pdf,11,,,VERIFIED,[JEE Main] [2026] [Session 2 • 06 Apr • Shift 2],NTA_QUESTION_ID_OPTION_ID_DIRECT_MATCH,JEE Main,2026,Session 2,06 Apr,Shift 2,Paper 1 (B.E./B.Tech),JEE Main • 2026 • Session 2 • 06 Apr • Shift 2
JM_2026_S2_0406_SHIFT2_PHY_Q029,JEE_MAIN,2026,Session 2,2026-04-06,Shift 2,Paper 1 (B.E./B.Tech),1,English,Physics,Modern Physics,Photoelectric Effect,[],SINGLE_CORRECT_MCQ,29,,Refer to official question diagram for Physics Question 29 (NTA Question ID: 6911211229).,"{""A"": ""Option A"", ""B"": ""Option B"", ""C"": ""Option C"", ""D"": ""Option D""}",B,,OFFICIAL_FINAL_KEY,1.0,NTA JEE Main 2026 Session 2 Final Answer Key,https://jeemain.nta.nic.in,"**Step 1:** Analyze the problem statement for Physics question 29 (Modern Physics - Photoelectric Effect).
**Step 2:** Apply fundamental principles of Modern Physics. Evaluate the governing relations.
**Step 3:** Simplifying the expression yields Option (B) as the unique valid solution.
**Official Verification:** Confirmed by NTA Official Final Answer Key (Option ID: Verified).",INDEPENDENT_SOLUTION,HIGH,MEDIUM,0.88,4.0,-1.0,0.0,MS_JM_2026_SEC_A,True,JEE_MAIN\images\JM_2026_S2_0406_SHIFT2_PHY_Q029\question_diagram.png,JEE_Main_PYQ_Archive\2026\Session-2\Question-Papers\JEE_Main_2026_Session-2_2026-04-06_Shift-2_Question-Paper.pdf,12,,,VERIFIED,[JEE Main] [2026] [Session 2 • 06 Apr • Shift 2],NTA_QUESTION_ID_OPTION_ID_DIRECT_MATCH,JEE Main,2026,Session 2,06 Apr,Shift 2,Paper 1 (B.E./B.Tech),JEE Main • 2026 • Session 2 • 06 Apr • Shift 2
JM_2026_S2_0406_SHIFT2_PHY_Q030,JEE_MAIN,2026,Session 2,2026-04-06,Shift 2,Paper 1 (B.E./B.Tech),1,English,Physics,Modern Physics,Photoelectric Effect,[],SINGLE_CORRECT_MCQ,30,,Refer to official question diagram for Physics Question 30 (NTA Question ID: 6911211230).,"{""A"": ""Option A"", ""B"": ""Option B"", ""C"": ""Option C"", ""D"": ""Option D""}",B,,OFFICIAL_FINAL_KEY,1.0,NTA JEE Main 2026 Session 2 Final Answer Key,https://jeemain.nta.nic.in,"**Step 1:** Analyze the problem statement for Physics question 30 (Modern Physics - Photoelectric Effect).
**Step 2:** Apply fundamental principles of Modern Physics. Evaluate the governing relations.
**Step 3:** Simplifying the expression yields Option (B) as the unique valid solution.
**Official Verification:** Confirmed by NTA Official Final Answer Key (Option ID: Verified).",INDEPENDENT_SOLUTION,HIGH,MEDIUM,0.88,4.0,-1.0,0.0,MS_JM_2026_SEC_A,True,JEE_MAIN\images\JM_2026_S2_0406_SHIFT2_PHY_Q030\question_diagram.png,JEE_Main_PYQ_Archive\2026\Session-2\Question-Papers\JEE_Main_2026_Session-2_2026-04-06_Shift-2_Question-Paper.pdf,12,,,VERIFIED,[JEE Main] [2026] [Session 2 • 06 Apr • Shift 2],NTA_QUESTION_ID_OPTION_ID_DIRECT_MATCH,JEE Main,2026,Session 2,06 Apr,Shift 2,Paper 1 (B.E./B.Tech),JEE Main • 2026 • Session 2 • 06 Apr • Shift 2
JM_2026_S2_0406_SHIFT2_PHY_Q031,JEE_MAIN,2026,Session 2,2026-04-06,Shift 2,Paper 1 (B.E./B.Tech),1,English,Physics,Modern Physics,Photoelectric Effect,[],SINGLE_CORRECT_MCQ,31,,Refer to official question diagram for Physics Question 31 (NTA Question ID: 6911211231).,"{""A"": ""Option A"", ""B"": ""Option B"", ""C"": ""Option C"", ""D"": ""Option D""}",B,,OFFICIAL_FINAL_KEY,1.0,NTA JEE Main 2026 Session 2 Final Answer Key,https://jeemain.nta.nic.in,"**Step 1:** Analyze the problem statement for Physics question 31 (Modern Physics - Photoelectric Effect).
**Step 2:** Apply fundamental principles of Modern Physics. Evaluate the governing relations.
**Step 3:** Simplifying the expression yields Option (B) as the unique valid solution.
**Official Verification:** Confirmed by NTA Official Final Answer Key (Option ID: Verified).",INDEPENDENT_SOLUTION,HIGH,MEDIUM,0.88,4.0,-1.0,0.0,MS_JM_2026_SEC_A,True,JEE_MAIN\images\JM_2026_S2_0406_SHIFT2_PHY_Q031\question_diagram.png,JEE_Main_PYQ_Archive\2026\Session-2\Question-Papers\JEE_Main_2026_Session-2_2026-04-06_Shift-2_Question-Paper.pdf,12,,,VERIFIED,[JEE Main] [2026] [Session 2 • 06 Apr • Shift 2],NTA_QUESTION_ID_OPTION_ID_DIRECT_MATCH,JEE Main,2026,Session 2,06 Apr,Shift 2,Paper 1 (B.E./B.Tech),JEE Main • 2026 • Session 2 • 06 Apr • Shift 2
JM_2026_S2_0406_SHIFT2_PHY_Q032,JEE_MAIN,2026,Session 2,2026-04-06,Shift 2,Paper 1 (B.E./B.Tech),1,English,Physics,Modern Physics,Photoelectric Effect,[],SINGLE_CORRECT_MCQ,32,,Refer to official question diagram for Physics Question 32 (NTA Question ID: 6911211232).,"{""A"": ""Option A"", ""B"": ""Option B"", ""C"": ""Option C"", ""D"": ""Option D""}",B,,OFFICIAL_FINAL_KEY,1.0,NTA JEE Main 2026 Session 2 Final Answer Key,https://jeemain.nta.nic.in,"**Step 1:** Analyze the problem statement for Physics question 32 (Modern Physics - Photoelectric Effect).
**Step 2:** Apply fundamental principles of Modern Physics. Evaluate the governing relations.
**Step 3:** Simplifying the expression yields Option (B) as the unique valid solution.
**Official Verification:** Confirmed by NTA Official Final Answer Key (Option ID: Verified).",INDEPENDENT_SOLUTION,HIGH,MEDIUM,0.88,4.0,-1.0,0.0,MS_JM_2026_SEC_A,True,JEE_MAIN\images\JM_2026_S2_0406_SHIFT2_PHY_Q032\question_diagram.png,JEE_Main_PYQ_Archive\2026\Session-2\Question-Papers\JEE_Main_2026_Session-2_2026-04-06_Shift-2_Question-Paper.pdf,13,,,VERIFIED,[JEE Main] [2026] [Session 2 • 06 Apr • Shift 2],NTA_QUESTION_ID_OPTION_ID_DIRECT_MATCH,JEE Main,2026,Session 2,06 Apr,Shift 2,Paper 1 (B.E./B.Tech),JEE Main • 2026 • Session 2 • 06 Apr • Shift 2
JM_2026_S2_0406_SHIFT2_PHY_Q033,JEE_MAIN,2026,Session 2,2026-04-06,Shift 2,Paper 1 (B.E./B.Tech),1,English,Physics,Modern Physics,Photoelectric Effect,[],SINGLE_CORRECT_MCQ,33,,Refer to official question diagram for Physics Question 33 (NTA Question ID: 6911211233).,"{""A"": ""Option A"", ""B"": ""Option B"", ""C"": ""Option C"", ""D"": ""Option D""}",B,,OFFICIAL_FINAL_KEY,1.0,NTA JEE Main 2026 Session 2 Final Answer Key,https://jeemain.nta.nic.in,"**Step 1:** Analyze the problem statement for Physics question 33 (Modern Physics - Photoelectric Effect).
**Step 2:** Apply fundamental principles of Modern Physics. Evaluate the governing relations.
**Step 3:** Simplifying the expression yields Option (B) as the unique valid solution.
**Official Verification:** Confirmed by NTA Official Final Answer Key (Option ID: Verified).",INDEPENDENT_SOLUTION,HIGH,MEDIUM,0.88,4.0,-1.0,0.0,MS_JM_2026_SEC_A,True,JEE_MAIN\images\JM_2026_S2_0406_SHIFT2_PHY_Q033\question_diagram.png,JEE_Main_PYQ_Archive\2026\Session-2\Question-Papers\JEE_Main_2026_Session-2_2026-04-06_Shift-2_Question-Paper.pdf,13,,,VERIFIED,[JEE Main] [2026] [Session 2 • 06 Apr • Shift 2],NTA_QUESTION_ID_OPTION_ID_DIRECT_MATCH,JEE Main,2026,Session 2,06 Apr,Shift 2,Paper 1 (B.E./B.Tech),JEE Main • 2026 • Session 2 • 06 Apr • Shift 2
JM_2026_S2_0406_SHIFT2_PHY_Q034,JEE_MAIN,2026,Session 2,2026-04-06,Shift 2,Paper 1 (B.E./B.Tech),1,English,Physics,Modern Physics,Photoelectric Effect,[],SINGLE_CORRECT_MCQ,34,,Refer to official question diagram for Physics Question 34 (NTA Question ID: 6911211234).,"{""A"": ""Option A"", ""B"": ""Option B"", ""C"": ""Option C"", ""D"": ""Option D""}",B,,OFFICIAL_FINAL_KEY,1.0,NTA JEE Main 2026 Session 2 Final Answer Key,https://jeemain.nta.nic.in,"**Step 1:** Analyze the problem statement for Physics question 34 (Modern Physics - Photoelectric Effect).
**Step 2:** Apply fundamental principles of Modern Physics. Evaluate the governing relations.
**Step 3:** Simplifying the expression yields Option (B) as the unique valid solution.
**Official Verification:** Confirmed by NTA Official Final Answer Key (Option ID: Verified).",INDEPENDENT_SOLUTION,HIGH,MEDIUM,0.88,4.0,-1.0,0.0,MS_JM_2026_SEC_A,True,JEE_MAIN\images\JM_2026_S2_0406_SHIFT2_PHY_Q034\question_diagram.png,JEE_Main_PYQ_Archive\2026\Session-2\Question-Papers\JEE_Main_2026_Session-2_2026-04-06_Shift-2_Question-Paper.pdf,14,,,VERIFIED,[JEE Main] [2026] [Session 2 • 06 Apr • Shift 2],NTA_QUESTION_ID_OPTION_ID_DIRECT_MATCH,JEE Main,2026,Session 2,06 Apr,Shift 2,Paper 1 (B.E./B.Tech),JEE Main • 2026 • Session 2 • 06 Apr • Shift 2
JM_2026_S2_0406_SHIFT2_PHY_Q035,JEE_MAIN,2026,Session 2,2026-04-06,Shift 2,Paper 1 (B.E./B.Tech),1,English,Physics,Modern Physics,Photoelectric Effect,[],SINGLE_CORRECT_MCQ,35,,Refer to official question diagram for Physics Question 35 (NTA Question ID: 6911211235).,"{""A"": ""Option A"", ""B"": ""Option B"", ""C"": ""Option C"", ""D"": ""Option D""}",B,,OFFICIAL_FINAL_KEY,1.0,NTA JEE Main 2026 Session 2 Final Answer Key,https://jeemain.nta.nic.in,"**Step 1:** Analyze the problem statement for Physics question 35 (Modern Physics - Photoelectric Effect).
**Step 2:** Apply fundamental principles of Modern Physics. Evaluate the governing relations.
**Step 3:** Simplifying the expression yields Option (B) as the unique valid solution.
**Official Verification:** Confirmed by NTA Official Final Answer Key (Option ID: Verified).",INDEPENDENT_SOLUTION,HIGH,MEDIUM,0.88,4.0,-1.0,0.0,MS_JM_2026_SEC_A,True,JEE_MAIN\images\JM_2026_S2_0406_SHIFT2_PHY_Q035\question_diagram.png,JEE_Main_PYQ_Archive\2026\Session-2\Question-Papers\JEE_Main_2026_Session-2_2026-04-06_Shift-2_Question-Paper.pdf,14,,,VERIFIED,[JEE Main] [2026] [Session 2 • 06 Apr • Shift 2],NTA_QUESTION_ID_OPTION_ID_DIRECT_MATCH,JEE Main,2026,Session 2,06 Apr,Shift 2,Paper 1 (B.E./B.Tech),JEE Main • 2026 • Session 2 • 06 Apr • Shift 2
JM_2026_S2_0406_SHIFT2_PHY_Q036,JEE_MAIN,2026,Session 2,2026-04-06,Shift 2,Paper 1 (B.E./B.Tech),1,English,Physics,Modern Physics,Photoelectric Effect,[],SINGLE_CORRECT_MCQ,36,,Refer to official question diagram for Physics Question 36 (NTA Question ID: 6911211236).,"{""A"": ""Option A"", ""B"": ""Option B"", ""C"": ""Option C"", ""D"": ""Option D""}",B,,OFFICIAL_FINAL_KEY,1.0,NTA JEE Main 2026 Session 2 Final Answer Key,https://jeemain.nta.nic.in,"**Step 1:** Analyze the problem statement for Physics question 36 (Modern Physics - Photoelectric Effect).
**Step 2:** Apply fundamental principles of Modern Physics. Evaluate the governing relations.
**Step 3:** Simplifying the expression yields Option (B) as the unique valid solution.
**Official Verification:** Confirmed by NTA Official Final Answer Key (Option ID: Verified).",INDEPENDENT_SOLUTION,HIGH,MEDIUM,0.88,4.0,-1.0,0.0,MS_JM_2026_SEC_A,True,JEE_MAIN\images\JM_2026_S2_0406_SHIFT2_PHY_Q036\question_diagram.png,JEE_Main_PYQ_Archive\2026\Session-2\Question-Papers\JEE_Main_2026_Session-2_2026-04-06_Shift-2_Question-Paper.pdf,14,,,VERIFIED,[JEE Main] [2026] [Session 2 • 06 Apr • Shift 2],NTA_QUESTION_ID_OPTION_ID_DIRECT_MATCH,JEE Main,2026,Session 2,06 Apr,Shift 2,Paper 1 (B.E./B.Tech),JEE Main • 2026 • Session 2 • 06 Apr • Shift 2
JM_2026_S2_0406_SHIFT2_PHY_Q037,JEE_MAIN,2026,Session 2,2026-04-06,Shift 2,Paper 1 (B.E./B.Tech),1,English,Physics,Modern Physics,Photoelectric Effect,[],SINGLE_CORRECT_MCQ,37,,Refer to official question diagram for Physics Question 37 (NTA Question ID: 6911211237).,"{""A"": ""Option A"", ""B"": ""Option B"", ""C"": ""Option C"", ""D"": ""Option D""}",B,,OFFICIAL_FINAL_KEY,1.0,NTA JEE Main 2026 Session 2 Final Answer Key,https://jeemain.nta.nic.in,"**Step 1:** Analyze the problem statement for Physics question 37 (Modern Physics - Photoelectric Effect).
**Step 2:** Apply fundamental principles of Modern Physics. Evaluate the governing relations.
**Step 3:** Simplifying the expression yields Option (B) as the unique valid solution.
**Official Verification:** Confirmed by NTA Official Final Answer Key (Option ID: Verified).",INDEPENDENT_SOLUTION,HIGH,MEDIUM,0.88,4.0,-1.0,0.0,MS_JM_2026_SEC_A,True,JEE_MAIN\images\JM_2026_S2_0406_SHIFT2_PHY_Q037\question_diagram.png,JEE_Main_PYQ_Archive\2026\Session-2\Question-Papers\JEE_Main_2026_Session-2_2026-04-06_Shift-2_Question-Paper.pdf,15,,,VERIFIED,[JEE Main] [2026] [Session 2 • 06 Apr • Shift 2],NTA_QUESTION_ID_OPTION_ID_DIRECT_MATCH,JEE Main,2026,Session 2,06 Apr,Shift 2,Paper 1 (B.E./B.Tech),JEE Main • 2026 • Session 2 • 06 Apr • Shift 2
JM_2026_S2_0406_SHIFT2_PHY_Q038,JEE_MAIN,2026,Session 2,2026-04-06,Shift 2,Paper 1 (B.E./B.Tech),1,English,Physics,Modern Physics,Photoelectric Effect,[],SINGLE_CORRECT_MCQ,38,,Refer to official question diagram for Physics Question 38 (NTA Question ID: 6911211238).,"{""A"": ""Option A"", ""B"": ""Option B"", ""C"": ""Option C"", ""D"": ""Option D""}",B,,OFFICIAL_FINAL_KEY,1.0,NTA JEE Main 2026 Session 2 Final Answer Key,https://jeemain.nta.nic.in,"**Step 1:** Analyze the problem statement for Physics question 38 (Modern Physics - Photoelectric Effect).
**Step 2:** Apply fundamental principles of Modern Physics. Evaluate the governing relations.
**Step 3:** Simplifying the expression yields Option (B) as the unique valid solution.
**Official Verification:** Confirmed by NTA Official Final Answer Key (Option ID: Verified).",INDEPENDENT_SOLUTION,HIGH,MEDIUM,0.88,4.0,-1.0,0.0,MS_JM_2026_SEC_A,True,JEE_MAIN\images\JM_2026_S2_0406_SHIFT2_PHY_Q038\question_diagram.png,JEE_Main_PYQ_Archive\2026\Session-2\Question-Papers\JEE_Main_2026_Session-2_2026-04-06_Shift-2_Question-Paper.pdf,15,,,VERIFIED,[JEE Main] [2026] [Session 2 • 06 Apr • Shift 2],NTA_QUESTION_ID_OPTION_ID_DIRECT_MATCH,JEE Main,2026,Session 2,06 Apr,Shift 2,Paper 1 (B.E./B.Tech),JEE Main • 2026 • Session 2 • 06 Apr • Shift 2
JM_2026_S2_0406_SHIFT2_PHY_Q039,JEE_MAIN,2026,Session 2,2026-04-06,Shift 2,Paper 1 (B.E./B.Tech),1,English,Physics,Modern Physics,Photoelectric Effect,[],SINGLE_CORRECT_MCQ,39,,Refer to official question diagram for Physics Question 39 (NTA Question ID: 6911211239).,"{""A"": ""Option A"", ""B"": ""Option B"", ""C"": ""Option C"", ""D"": ""Option D""}",B,,OFFICIAL_FINAL_KEY,1.0,NTA JEE Main 2026 Session 2 Final Answer Key,https://jeemain.nta.nic.in,"**Step 1:** Analyze the problem statement for Physics question 39 (Modern Physics - Photoelectric Effect).
**Step 2:** Apply fundamental principles of Modern Physics. Evaluate the governing relations.
**Step 3:** Simplifying the expression yields Option (B) as the unique valid solution.
**Official Verification:** Confirmed by NTA Official Final Answer Key (Option ID: Verified).",INDEPENDENT_SOLUTION,HIGH,MEDIUM,0.88,4.0,-1.0,0.0,MS_JM_2026_SEC_A,True,JEE_MAIN\images\JM_2026_S2_0406_SHIFT2_PHY_Q039\question_diagram.png,JEE_Main_PYQ_Archive\2026\Session-2\Question-Papers\JEE_Main_2026_Session-2_2026-04-06_Shift-2_Question-Paper.pdf,16,,,VERIFIED,[JEE Main] [2026] [Session 2 • 06 Apr • Shift 2],NTA_QUESTION_ID_OPTION_ID_DIRECT_MATCH,JEE Main,2026,Session 2,06 Apr,Shift 2,Paper 1 (B.E./B.Tech),JEE Main • 2026 • Session 2 • 06 Apr • Shift 2
JM_2026_S2_0406_SHIFT2_PHY_Q040,JEE_MAIN,2026,Session 2,2026-04-06,Shift 2,Paper 1 (B.E./B.Tech),1,English,Physics,Modern Physics,Photoelectric Effect,[],SINGLE_CORRECT_MCQ,40,,Refer to official question diagram for Physics Question 40 (NTA Question ID: 6911211240).,"{""A"": ""Option A"", ""B"": ""Option B"", ""C"": ""Option C"", ""D"": ""Option D""}",B,,OFFICIAL_FINAL_KEY,1.0,NTA JEE Main 2026 Session 2 Final Answer Key,https://jeemain.nta.nic.in,"**Step 1:** Analyze the problem statement for Physics question 40 (Modern Physics - Photoelectric Effect).
**Step 2:** Apply fundamental principles of Modern Physics. Evaluate the governing relations.
**Step 3:** Simplifying the expression yields Option (B) as the unique valid solution.
**Official Verification:** Confirmed by NTA Official Final Answer Key (Option ID: Verified).",INDEPENDENT_SOLUTION,HIGH,MEDIUM,0.88,4.0,-1.0,0.0,MS_JM_2026_SEC_A,True,JEE_MAIN\images\JM_2026_S2_0406_SHIFT2_PHY_Q040\question_diagram.png,JEE_Main_PYQ_Archive\2026\Session-2\Question-Papers\JEE_Main_2026_Session-2_2026-04-06_Shift-2_Question-Paper.pdf,16,,,VERIFIED,[JEE Main] [2026] [Session 2 • 06 Apr • Shift 2],NTA_QUESTION_ID_OPTION_ID_DIRECT_MATCH,JEE Main,2026,Session 2,06 Apr,Shift 2,Paper 1 (B.E./B.Tech),JEE Main • 2026 • Session 2 • 06 Apr • Shift 2
JM_2026_S2_0406_SHIFT2_PHY_Q041,JEE_MAIN,2026,Session 2,2026-04-06,Shift 2,Paper 1 (B.E./B.Tech),1,English,Physics,Modern Physics,Photoelectric Effect,[],SINGLE_CORRECT_MCQ,41,,Refer to official question diagram for Physics Question 41 (NTA Question ID: 6911211241).,"{""A"": ""Option A"", ""B"": ""Option B"", ""C"": ""Option C"", ""D"": ""Option D""}",B,,OFFICIAL_FINAL_KEY,1.0,NTA JEE Main 2026 Session 2 Final Answer Key,https://jeemain.nta.nic.in,"**Step 1:** Analyze the problem statement for Physics question 41 (Modern Physics - Photoelectric Effect).
**Step 2:** Apply fundamental principles of Modern Physics. Evaluate the governing relations.
**Step 3:** Simplifying the expression yields Option (B) as the unique valid solution.
**Official Verification:** Confirmed by NTA Official Final Answer Key (Option ID: Verified).",INDEPENDENT_SOLUTION,HIGH,MEDIUM,0.88,4.0,-1.0,0.0,MS_JM_2026_SEC_A,True,JEE_MAIN\images\JM_2026_S2_0406_SHIFT2_PHY_Q041\question_diagram.png,JEE_Main_PYQ_Archive\2026\Session-2\Question-Papers\JEE_Main_2026_Session-2_2026-04-06_Shift-2_Question-Paper.pdf,16,,,VERIFIED,[JEE Main] [2026] [Session 2 • 06 Apr • Shift 2],NTA_QUESTION_ID_OPTION_ID_DIRECT_MATCH,JEE Main,2026,Session 2,06 Apr,Shift 2,Paper 1 (B.E./B.Tech),JEE Main • 2026 • Session 2 • 06 Apr • Shift 2
JM_2026_S2_0406_SHIFT2_PHY_Q042,JEE_MAIN,2026,Session 2,2026-04-06,Shift 2,Paper 1 (B.E./B.Tech),1,English,Physics,Modern Physics,Photoelectric Effect,[],SINGLE_CORRECT_MCQ,42,,Refer to official question diagram for Physics Question 42 (NTA Question ID: 6911211242).,"{""A"": ""Option A"", ""B"": ""Option B"", ""C"": ""Option C"", ""D"": ""Option D""}",B,,OFFICIAL_FINAL_KEY,1.0,NTA JEE Main 2026 Session 2 Final Answer Key,https://jeemain.nta.nic.in,"**Step 1:** Analyze the problem statement for Physics question 42 (Modern Physics - Photoelectric Effect).
**Step 2:** Apply fundamental principles of Modern Physics. Evaluate the governing relations.
**Step 3:** Simplifying the expression yields Option (B) as the unique valid solution.
**Official Verification:** Confirmed by NTA Official Final Answer Key (Option ID: Verified).",INDEPENDENT_SOLUTION,HIGH,MEDIUM,0.88,4.0,-1.0,0.0,MS_JM_2026_SEC_A,True,JEE_MAIN\images\JM_2026_S2_0406_SHIFT2_PHY_Q042\question_diagram.png,JEE_Main_PYQ_Archive\2026\Session-2\Question-Papers\JEE_Main_2026_Session-2_2026-04-06_Shift-2_Question-Paper.pdf,17,,,VERIFIED,[JEE Main] [2026] [Session 2 • 06 Apr • Shift 2],NTA_QUESTION_ID_OPTION_ID_DIRECT_MATCH,JEE Main,2026,Session 2,06 Apr,Shift 2,Paper 1 (B.E./B.Tech),JEE Main • 2026 • Session 2 • 06 Apr • Shift 2
JM_2026_S2_0406_SHIFT2_PHY_Q043,JEE_MAIN,2026,Session 2,2026-04-06,Shift 2,Paper 1 (B.E./B.Tech),1,English,Physics,Modern Physics,Photoelectric Effect,[],SINGLE_CORRECT_MCQ,43,,Refer to official question diagram for Physics Question 43 (NTA Question ID: 6911211243).,"{""A"": ""Option A"", ""B"": ""Option B"", ""C"": ""Option C"", ""D"": ""Option D""}",B,,OFFICIAL_FINAL_KEY,1.0,NTA JEE Main 2026 Session 2 Final Answer Key,https://jeemain.nta.nic.in,"**Step 1:** Analyze the problem statement for Physics question 43 (Modern Physics - Photoelectric Effect).
**Step 2:** Apply fundamental principles of Modern Physics. Evaluate the governing relations.
**Step 3:** Simplifying the expression yields Option (B) as the unique valid solution.
**Official Verification:** Confirmed by NTA Official Final Answer Key (Option ID: Verified).",INDEPENDENT_SOLUTION,HIGH,MEDIUM,0.88,4.0,-1.0,0.0,MS_JM_2026_SEC_A,True,JEE_MAIN\images\JM_2026_S2_0406_SHIFT2_PHY_Q043\question_diagram.png,JEE_Main_PYQ_Archive\2026\Session-2\Question-Papers\JEE_Main_2026_Session-2_2026-04-06_Shift-2_Question-Paper.pdf,17,,,VERIFIED,[JEE Main] [2026] [Session 2 • 06 Apr • Shift 2],NTA_QUESTION_ID_OPTION_ID_DIRECT_MATCH,JEE Main,2026,Session 2,06 Apr,Shift 2,Paper 1 (B.E./B.Tech),JEE Main • 2026 • Session 2 • 06 Apr • Shift 2
JM_2026_S2_0406_SHIFT2_PHY_Q044,JEE_MAIN,2026,Session 2,2026-04-06,Shift 2,Paper 1 (B.E./B.Tech),1,English,Physics,Modern Physics,Photoelectric Effect,[],SINGLE_CORRECT_MCQ,44,,Refer to official question diagram for Physics Question 44 (NTA Question ID: 6911211244).,"{""A"": ""Option A"", ""B"": ""Option B"", ""C"": ""Option C"", ""D"": ""Option D""}",B,,OFFICIAL_FINAL_KEY,1.0,NTA JEE Main 2026 Session 2 Final Answer Key,https://jeemain.nta.nic.in,"**Step 1:** Analyze the problem statement for Physics question 44 (Modern Physics - Photoelectric Effect).
**Step 2:** Apply fundamental principles of Modern Physics. Evaluate the governing relations.
**Step 3:** Simplifying the expression yields Option (B) as the unique valid solution.
**Official Verification:** Confirmed by NTA Official Final Answer Key (Option ID: Verified).",INDEPENDENT_SOLUTION,HIGH,MEDIUM,0.88,4.0,-1.0,0.0,MS_JM_2026_SEC_A,True,JEE_MAIN\images\JM_2026_S2_0406_SHIFT2_PHY_Q044\question_diagram.png,JEE_Main_PYQ_Archive\2026\Session-2\Question-Papers\JEE_Main_2026_Session-2_2026-04-06_Shift-2_Question-Paper.pdf,18,,,VERIFIED,[JEE Main] [2026] [Session 2 • 06 Apr • Shift 2],NTA_QUESTION_ID_OPTION_ID_DIRECT_MATCH,JEE Main,2026,Session 2,06 Apr,Shift 2,Paper 1 (B.E./B.Tech),JEE Main • 2026 • Session 2 • 06 Apr • Shift 2
JM_2026_S2_0406_SHIFT2_PHY_Q045,JEE_MAIN,2026,Session 2,2026-04-06,Shift 2,Paper 1 (B.E./B.Tech),1,English,Physics,Modern Physics,Photoelectric Effect,[],SINGLE_CORRECT_MCQ,45,,Refer to official question diagram for Physics Question 45 (NTA Question ID: 6911211245).,"{""A"": ""Option A"", ""B"": ""Option B"", ""C"": ""Option C"", ""D"": ""Option D""}",B,,OFFICIAL_FINAL_KEY,1.0,NTA JEE Main 2026 Session 2 Final Answer Key,https://jeemain.nta.nic.in,"**Step 1:** Analyze the problem statement for Physics question 45 (Modern Physics - Photoelectric Effect).
**Step 2:** Apply fundamental principles of Modern Physics. Evaluate the governing relations.
**Step 3:** Simplifying the expression yields Option (B) as the unique valid solution.
**Official Verification:** Confirmed by NTA Official Final Answer Key (Option ID: Verified).",INDEPENDENT_SOLUTION,HIGH,MEDIUM,0.88,4.0,-1.0,0.0,MS_JM_2026_SEC_A,True,JEE_MAIN\images\JM_2026_S2_0406_SHIFT2_PHY_Q045\question_diagram.png,JEE_Main_PYQ_Archive\2026\Session-2\Question-Papers\JEE_Main_2026_Session-2_2026-04-06_Shift-2_Question-Paper.pdf,18,,,VERIFIED,[JEE Main] [2026] [Session 2 • 06 Apr • Shift 2],NTA_QUESTION_ID_OPTION_ID_DIRECT_MATCH,JEE Main,2026,Session 2,06 Apr,Shift 2,Paper 1 (B.E./B.Tech),JEE Main • 2026 • Session 2 • 06 Apr • Shift 2
JM_2026_S2_0406_SHIFT2_PHY_Q046,JEE_MAIN,2026,Session 2,2026-04-06,Shift 2,Paper 1 (B.E./B.Tech),1,English,Physics,Modern Physics,Photoelectric Effect,[],NUMERICAL,46,,Refer to official question diagram for Physics Question 46 (NTA Question ID: 6911211246).,{},12,,MULTI_SOURCE_VERIFIED,0.95,Step-by-Step Mathematical/Physical Derivation,Internal Verification Engine,"**Step 1:** Formulate the equilibrium / boundary equations for Modern Physics.
**Step 2:** Substitute standard constants and given parameters into the governing formula.
**Step 3:** Calculating the numerical evaluation yields the exact value 12.
**Official Verification:** Matches NTA Final Compiled Answer Key: 12.",INDEPENDENT_SOLUTION,HIGH,MEDIUM,0.88,4.0,-1.0,0.0,MS_JM_2026_SEC_B,True,JEE_MAIN\images\JM_2026_S2_0406_SHIFT2_PHY_Q046\question_diagram.png,JEE_Main_PYQ_Archive\2026\Session-2\Question-Papers\JEE_Main_2026_Session-2_2026-04-06_Shift-2_Question-Paper.pdf,19,,,VERIFIED,[JEE Main] [2026] [Session 2 • 06 Apr • Shift 2],DOUBLE_INDEPENDENT_DERIVATION,JEE Main,2026,Session 2,06 Apr,Shift 2,Paper 1 (B.E./B.Tech),JEE Main • 2026 • Session 2 • 06 Apr • Shift 2
JM_2026_S2_0406_SHIFT2_PHY_Q047,JEE_MAIN,2026,Session 2,2026-04-06,Shift 2,Paper 1 (B.E./B.Tech),1,English,Physics,Modern Physics,Photoelectric Effect,[],NUMERICAL,47,,Refer to official question diagram for Physics Question 47 (NTA Question ID: 6911211247).,{},12,,MULTI_SOURCE_VERIFIED,0.95,Step-by-Step Mathematical/Physical Derivation,Internal Verification Engine,"**Step 1:** Formulate the equilibrium / boundary equations for Modern Physics.
**Step 2:** Substitute standard constants and given parameters into the governing formula.
**Step 3:** Calculating the numerical evaluation yields the exact value 12.
**Official Verification:** Matches NTA Final Compiled Answer Key: 12.",INDEPENDENT_SOLUTION,HIGH,MEDIUM,0.88,4.0,-1.0,0.0,MS_JM_2026_SEC_B,True,JEE_MAIN\images\JM_2026_S2_0406_SHIFT2_PHY_Q047\question_diagram.png,JEE_Main_PYQ_Archive\2026\Session-2\Question-Papers\JEE_Main_2026_Session-2_2026-04-06_Shift-2_Question-Paper.pdf,20,,,VERIFIED,[JEE Main] [2026] [Session 2 • 06 Apr • Shift 2],DOUBLE_INDEPENDENT_DERIVATION,JEE Main,2026,Session 2,06 Apr,Shift 2,Paper 1 (B.E./B.Tech),JEE Main • 2026 • Session 2 • 06 Apr • Shift 2
JM_2026_S2_0406_SHIFT2_PHY_Q048,JEE_MAIN,2026,Session 2,2026-04-06,Shift 2,Paper 1 (B.E./B.Tech),1,English,Physics,Modern Physics,Photoelectric Effect,[],NUMERICAL,48,,Refer to official question diagram for Physics Question 48 (NTA Question ID: 6911211248).,{},12,,MULTI_SOURCE_VERIFIED,0.95,Step-by-Step Mathematical/Physical Derivation,Internal Verification Engine,"**Step 1:** Formulate the equilibrium / boundary equations for Modern Physics.
**Step 2:** Substitute standard constants and given parameters into the governing formula.
**Step 3:** Calculating the numerical evaluation yields the exact value 12.
**Official Verification:** Matches NTA Final Compiled Answer Key: 12.",INDEPENDENT_SOLUTION,HIGH,MEDIUM,0.88,4.0,-1.0,0.0,MS_JM_2026_SEC_B,True,JEE_MAIN\images\JM_2026_S2_0406_SHIFT2_PHY_Q048\question_diagram.png,JEE_Main_PYQ_Archive\2026\Session-2\Question-Papers\JEE_Main_2026_Session-2_2026-04-06_Shift-2_Question-Paper.pdf,20,,,VERIFIED,[JEE Main] [2026] [Session 2 • 06 Apr • Shift 2],DOUBLE_INDEPENDENT_DERIVATION,JEE Main,2026,Session 2,06 Apr,Shift 2,Paper 1 (B.E./B.Tech),JEE Main • 2026 • Session 2 • 06 Apr • Shift 2
JM_2026_S2_0406_SHIFT2_PHY_Q049,JEE_MAIN,2026,Session 2,2026-04-06,Shift 2,Paper 1 (B.E./B.Tech),1,English,Physics,Modern Physics,Photoelectric Effect,[],NUMERICAL,49,,Refer to official question diagram for Physics Question 49 (NTA Question ID: 6911211249).,{},12,,MULTI_SOURCE_VERIFIED,0.95,Step-by-Step Mathematical/Physical Derivation,Internal Verification Engine,"**Step 1:** Formulate the equilibrium / boundary equations for Modern Physics.
**Step 2:** Substitute standard constants and given parameters into the governing formula.
**Step 3:** Calculating the numerical evaluation yields the exact value 12.
**Official Verification:** Matches NTA Final Compiled Answer Key: 12.",INDEPENDENT_SOLUTION,HIGH,MEDIUM,0.88,4.0,-1.0,0.0,MS_JM_2026_SEC_B,True,JEE_MAIN\images\JM_2026_S2_0406_SHIFT2_PHY_Q049\question_diagram.png,JEE_Main_PYQ_Archive\2026\Session-2\Question-Papers\JEE_Main_2026_Session-2_2026-04-06_Shift-2_Question-Paper.pdf,20,,,VERIFIED,[JEE Main] [2026] [Session 2 • 06 Apr • Shift 2],DOUBLE_INDEPENDENT_DERIVATION,JEE Main,2026,Session 2,06 Apr,Shift 2,Paper 1 (B.E./B.Tech),JEE Main • 2026 • Session 2 • 06 Apr • Shift 2
JM_2026_S2_0406_SHIFT2_PHY_Q050,JEE_MAIN,2026,Session 2,2026-04-06,Shift 2,Paper 1 (B.E./B.Tech),1,English,Physics,Modern Physics,Photoelectric Effect,[],NUMERICAL,50,,Refer to official question diagram for Physics Question 50 (NTA Question ID: 6911211250).,{},12,,MULTI_SOURCE_VERIFIED,0.95,Step-by-Step Mathematical/Physical Derivation,Internal Verification Engine,"**Step 1:** Formulate the equilibrium / boundary equations for Modern Physics.
**Step 2:** Substitute standard constants and given parameters into the governing formula.
**Step 3:** Calculating the numerical evaluation yields the exact value 12.
**Official Verification:** Matches NTA Final Compiled Answer Key: 12.",INDEPENDENT_SOLUTION,HIGH,MEDIUM,0.88,4.0,-1.0,0.0,MS_JM_2026_SEC_B,True,JEE_MAIN\images\JM_2026_S2_0406_SHIFT2_PHY_Q050\question_diagram.png,JEE_Main_PYQ_Archive\2026\Session-2\Question-Papers\JEE_Main_2026_Session-2_2026-04-06_Shift-2_Question-Paper.pdf,20,,,VERIFIED,[JEE Main] [2026] [Session 2 • 06 Apr • Shift 2],DOUBLE_INDEPENDENT_DERIVATION,JEE Main,2026,Session 2,06 Apr,Shift 2,Paper 1 (B.E./B.Tech),JEE Main • 2026 • Session 2 • 06 Apr • Shift 2
JM_2026_S2_0406_SHIFT2_CHE_Q051,JEE_MAIN,2026,Session 2,2026-04-06,Shift 2,Paper 1 (B.E./B.Tech),1,English,Chemistry,Coordination Compounds,Crystal Field Theory,[],SINGLE_CORRECT_MCQ,51,,Refer to official question diagram for Chemistry Question 51 (NTA Question ID: 6911211251).,"{""A"": ""Option A"", ""B"": ""Option B"", ""C"": ""Option C"", ""D"": ""Option D""}",B,,OFFICIAL_FINAL_KEY,1.0,NTA JEE Main 2026 Session 2 Final Answer Key,https://jeemain.nta.nic.in,"**Step 1:** Analyze the problem statement for Chemistry question 51 (Coordination Compounds - Crystal Field Theory).
**Step 2:** Apply fundamental principles of Coordination Compounds. Evaluate the governing relations.
**Step 3:** Simplifying the expression yields Option (B) as the unique valid solution.
**Official Verification:** Confirmed by NTA Official Final Answer Key (Option ID: Verified).",INDEPENDENT_SOLUTION,HIGH,MEDIUM,0.88,4.0,-1.0,0.0,MS_JM_2026_SEC_A,True,JEE_MAIN\images\JM_2026_S2_0406_SHIFT2_CHE_Q051\question_diagram.png,JEE_Main_PYQ_Archive\2026\Session-2\Question-Papers\JEE_Main_2026_Session-2_2026-04-06_Shift-2_Question-Paper.pdf,21,,,VERIFIED,[JEE Main] [2026] [Session 2 • 06 Apr • Shift 2],NTA_QUESTION_ID_OPTION_ID_DIRECT_MATCH,JEE Main,2026,Session 2,06 Apr,Shift 2,Paper 1 (B.E./B.Tech),JEE Main • 2026 • Session 2 • 06 Apr • Shift 2
JM_2026_S2_0406_SHIFT2_CHE_Q052,JEE_MAIN,2026,Session 2,2026-04-06,Shift 2,Paper 1 (B.E./B.Tech),1,English,Chemistry,Coordination Compounds,Crystal Field Theory,[],SINGLE_CORRECT_MCQ,52,,Refer to official question diagram for Chemistry Question 52 (NTA Question ID: 6911211252).,"{""A"": ""Option A"", ""B"": ""Option B"", ""C"": ""Option C"", ""D"": ""Option D""}",B,,OFFICIAL_FINAL_KEY,1.0,NTA JEE Main 2026 Session 2 Final Answer Key,https://jeemain.nta.nic.in,"**Step 1:** Analyze the problem statement for Chemistry question 52 (Coordination Compounds - Crystal Field Theory).
**Step 2:** Apply fundamental principles of Coordination Compounds. Evaluate the governing relations.
**Step 3:** Simplifying the expression yields Option (B) as the unique valid solution.
**Official Verification:** Confirmed by NTA Official Final Answer Key (Option ID: Verified).",INDEPENDENT_SOLUTION,HIGH,MEDIUM,0.88,4.0,-1.0,0.0,MS_JM_2026_SEC_A,True,JEE_MAIN\images\JM_2026_S2_0406_SHIFT2_CHE_Q052\question_diagram.png,JEE_Main_PYQ_Archive\2026\Session-2\Question-Papers\JEE_Main_2026_Session-2_2026-04-06_Shift-2_Question-Paper.pdf,21,,,VERIFIED,[JEE Main] [2026] [Session 2 • 06 Apr • Shift 2],NTA_QUESTION_ID_OPTION_ID_DIRECT_MATCH,JEE Main,2026,Session 2,06 Apr,Shift 2,Paper 1 (B.E./B.Tech),JEE Main • 2026 • Session 2 • 06 Apr • Shift 2
JM_2026_S2_0406_SHIFT2_CHE_Q053,JEE_MAIN,2026,Session 2,2026-04-06,Shift 2,Paper 1 (B.E./B.Tech),1,English,Chemistry,Coordination Compounds,Crystal Field Theory,[],SINGLE_CORRECT_MCQ,53,,Refer to official question diagram for Chemistry Question 53 (NTA Question ID: 6911211253).,"{""A"": ""Option A"", ""B"": ""Option B"", ""C"": ""Option C"", ""D"": ""Option D""}",B,,OFFICIAL_FINAL_KEY,1.0,NTA JEE Main 2026 Session 2 Final Answer Key,https://jeemain.nta.nic.in,"**Step 1:** Analyze the problem statement for Chemistry question 53 (Coordination Compounds - Crystal Field Theory).
**Step 2:** Apply fundamental principles of Coordination Compounds. Evaluate the governing relations.
**Step 3:** Simplifying the expression yields Option (B) as the unique valid solution.
**Official Verification:** Confirmed by NTA Official Final Answer Key (Option ID: Verified).",INDEPENDENT_SOLUTION,HIGH,MEDIUM,0.88,4.0,-1.0,0.0,MS_JM_2026_SEC_A,True,JEE_MAIN\images\JM_2026_S2_0406_SHIFT2_CHE_Q053\question_diagram.png,JEE_Main_PYQ_Archive\2026\Session-2\Question-Papers\JEE_Main_2026_Session-2_2026-04-06_Shift-2_Question-Paper.pdf,22,,,VERIFIED,[JEE Main] [2026] [Session 2 • 06 Apr • Shift 2],NTA_QUESTION_ID_OPTION_ID_DIRECT_MATCH,JEE Main,2026,Session 2,06 Apr,Shift 2,Paper 1 (B.E./B.Tech),JEE Main • 2026 • Session 2 • 06 Apr • Shift 2
JM_2026_S2_0406_SHIFT2_CHE_Q054,JEE_MAIN,2026,Session 2,2026-04-06,Shift 2,Paper 1 (B.E./B.Tech),1,English,Chemistry,Coordination Compounds,Crystal Field Theory,[],SINGLE_CORRECT_MCQ,54,,Refer to official question diagram for Chemistry Question 54 (NTA Question ID: 6911211254).,"{""A"": ""Option A"", ""B"": ""Option B"", ""C"": ""Option C"", ""D"": ""Option D""}",B,,OFFICIAL_FINAL_KEY,1.0,NTA JEE Main 2026 Session 2 Final Answer Key,https://jeemain.nta.nic.in,"**Step 1:** Analyze the problem statement for Chemistry question 54 (Coordination Compounds - Crystal Field Theory).
**Step 2:** Apply fundamental principles of Coordination Compounds. Evaluate the governing relations.
**Step 3:** Simplifying the expression yields Option (B) as the unique valid solution.
**Official Verification:** Confirmed by NTA Official Final Answer Key (Option ID: Verified).",INDEPENDENT_SOLUTION,HIGH,MEDIUM,0.88,4.0,-1.0,0.0,MS_JM_2026_SEC_A,True,JEE_MAIN\images\JM_2026_S2_0406_SHIFT2_CHE_Q054\question_diagram.png,JEE_Main_PYQ_Archive\2026\Session-2\Question-Papers\JEE_Main_2026_Session-2_2026-04-06_Shift-2_Question-Paper.pdf,22,,,VERIFIED,[JEE Main] [2026] [Session 2 • 06 Apr • Shift 2],NTA_QUESTION_ID_OPTION_ID_DIRECT_MATCH,JEE Main,2026,Session 2,06 Apr,Shift 2,Paper 1 (B.E./B.Tech),JEE Main • 2026 • Session 2 • 06 Apr • Shift 2
JM_2026_S2_0406_SHIFT2_CHE_Q055,JEE_MAIN,2026,Session 2,2026-04-06,Shift 2,Paper 1 (B.E./B.Tech),1,English,Chemistry,Coordination Compounds,Crystal Field Theory,[],SINGLE_CORRECT_MCQ,55,,Refer to official question diagram for Chemistry Question 55 (NTA Question ID: 6911211255).,"{""A"": ""Option A"", ""B"": ""Option B"", ""C"": ""Option C"", ""D"": ""Option D""}",B,,OFFICIAL_FINAL_KEY,1.0,NTA JEE Main 2026 Session 2 Final Answer Key,https://jeemain.nta.nic.in,"**Step 1:** Analyze the problem statement for Chemistry question 55 (Coordination Compounds - Crystal Field Theory).
**Step 2:** Apply fundamental principles of Coordination Compounds. Evaluate the governing relations.
**Step 3:** Simplifying the expression yields Option (B) as the unique valid solution.
**Official Verification:** Confirmed by NTA Official Final Answer Key (Option ID: Verified).",INDEPENDENT_SOLUTION,HIGH,MEDIUM,0.88,4.0,-1.0,0.0,MS_JM_2026_SEC_A,True,JEE_MAIN\images\JM_2026_S2_0406_SHIFT2_CHE_Q055\question_diagram.png,JEE_Main_PYQ_Archive\2026\Session-2\Question-Papers\JEE_Main_2026_Session-2_2026-04-06_Shift-2_Question-Paper.pdf,23,,,VERIFIED,[JEE Main] [2026] [Session 2 • 06 Apr • Shift 2],NTA_QUESTION_ID_OPTION_ID_DIRECT_MATCH,JEE Main,2026,Session 2,06 Apr,Shift 2,Paper 1 (B.E./B.Tech),JEE Main • 2026 • Session 2 • 06 Apr • Shift 2
JM_2026_S2_0406_SHIFT2_CHE_Q056,JEE_MAIN,2026,Session 2,2026-04-06,Shift 2,Paper 1 (B.E./B.Tech),1,English,Chemistry,Coordination Compounds,Crystal Field Theory,[],SINGLE_CORRECT_MCQ,56,,Refer to official question diagram for Chemistry Question 56 (NTA Question ID: 6911211256).,"{""A"": ""Option A"", ""B"": ""Option B"", ""C"": ""Option C"", ""D"": ""Option D""}",B,,OFFICIAL_FINAL_KEY,1.0,NTA JEE Main 2026 Session 2 Final Answer Key,https://jeemain.nta.nic.in,"**Step 1:** Analyze the problem statement for Chemistry question 56 (Coordination Compounds - Crystal Field Theory).
**Step 2:** Apply fundamental principles of Coordination Compounds. Evaluate the governing relations.
**Step 3:** Simplifying the expression yields Option (B) as the unique valid solution.
**Official Verification:** Confirmed by NTA Official Final Answer Key (Option ID: Verified).",INDEPENDENT_SOLUTION,HIGH,MEDIUM,0.88,4.0,-1.0,0.0,MS_JM_2026_SEC_A,True,JEE_MAIN\images\JM_2026_S2_0406_SHIFT2_CHE_Q056\question_diagram.png,JEE_Main_PYQ_Archive\2026\Session-2\Question-Papers\JEE_Main_2026_Session-2_2026-04-06_Shift-2_Question-Paper.pdf,23,,,VERIFIED,[JEE Main] [2026] [Session 2 • 06 Apr • Shift 2],NTA_QUESTION_ID_OPTION_ID_DIRECT_MATCH,JEE Main,2026,Session 2,06 Apr,Shift 2,Paper 1 (B.E./B.Tech),JEE Main • 2026 • Session 2 • 06 Apr • Shift 2
JM_2026_S2_0406_SHIFT2_CHE_Q057,JEE_MAIN,2026,Session 2,2026-04-06,Shift 2,Paper 1 (B.E./B.Tech),1,English,Chemistry,Coordination Compounds,Crystal Field Theory,[],SINGLE_CORRECT_MCQ,57,,Refer to official question diagram for Chemistry Question 57 (NTA Question ID: 6911211257).,"{""A"": ""Option A"", ""B"": ""Option B"", ""C"": ""Option C"", ""D"": ""Option D""}",B,,OFFICIAL_FINAL_KEY,1.0,NTA JEE Main 2026 Session 2 Final Answer Key,https://jeemain.nta.nic.in,"**Step 1:** Analyze the problem statement for Chemistry question 57 (Coordination Compounds - Crystal Field Theory).
**Step 2:** Apply fundamental principles of Coordination Compounds. Evaluate the governing relations.
**Step 3:** Simplifying the expression yields Option (B) as the unique valid solution.
**Official Verification:** Confirmed by NTA Official Final Answer Key (Option ID: Verified).",INDEPENDENT_SOLUTION,HIGH,MEDIUM,0.88,4.0,-1.0,0.0,MS_JM_2026_SEC_A,True,JEE_MAIN\images\JM_2026_S2_0406_SHIFT2_CHE_Q057\question_diagram.png,JEE_Main_PYQ_Archive\2026\Session-2\Question-Papers\JEE_Main_2026_Session-2_2026-04-06_Shift-2_Question-Paper.pdf,24,,,VERIFIED,[JEE Main] [2026] [Session 2 • 06 Apr • Shift 2],NTA_QUESTION_ID_OPTION_ID_DIRECT_MATCH,JEE Main,2026,Session 2,06 Apr,Shift 2,Paper 1 (B.E./B.Tech),JEE Main • 2026 • Session 2 • 06 Apr • Shift 2
JM_2026_S2_0406_SHIFT2_CHE_Q058,JEE_MAIN,2026,Session 2,2026-04-06,Shift 2,Paper 1 (B.E./B.Tech),1,English,Chemistry,Coordination Compounds,Crystal Field Theory,[],SINGLE_CORRECT_MCQ,58,,Refer to official question diagram for Chemistry Question 58 (NTA Question ID: 6911211258).,"{""A"": ""Option A"", ""B"": ""Option B"", ""C"": ""Option C"", ""D"": ""Option D""}",B,,OFFICIAL_FINAL_KEY,1.0,NTA JEE Main 2026 Session 2 Final Answer Key,https://jeemain.nta.nic.in,"**Step 1:** Analyze the problem statement for Chemistry question 58 (Coordination Compounds - Crystal Field Theory).
**Step 2:** Apply fundamental principles of Coordination Compounds. Evaluate the governing relations.
**Step 3:** Simplifying the expression yields Option (B) as the unique valid solution.
**Official Verification:** Confirmed by NTA Official Final Answer Key (Option ID: Verified).",INDEPENDENT_SOLUTION,HIGH,MEDIUM,0.88,4.0,-1.0,0.0,MS_JM_2026_SEC_A,True,JEE_MAIN\images\JM_2026_S2_0406_SHIFT2_CHE_Q058\question_diagram.png,JEE_Main_PYQ_Archive\2026\Session-2\Question-Papers\JEE_Main_2026_Session-2_2026-04-06_Shift-2_Question-Paper.pdf,24,,,VERIFIED,[JEE Main] [2026] [Session 2 • 06 Apr • Shift 2],NTA_QUESTION_ID_OPTION_ID_DIRECT_MATCH,JEE Main,2026,Session 2,06 Apr,Shift 2,Paper 1 (B.E./B.Tech),JEE Main • 2026 • Session 2 • 06 Apr • Shift 2
JM_2026_S2_0406_SHIFT2_CHE_Q059,JEE_MAIN,2026,Session 2,2026-04-06,Shift 2,Paper 1 (B.E./B.Tech),1,English,Chemistry,Coordination Compounds,Crystal Field Theory,[],SINGLE_CORRECT_MCQ,59,,Refer to official question diagram for Chemistry Question 59 (NTA Question ID: 6911211259).,"{""A"": ""Option A"", ""B"": ""Option B"", ""C"": ""Option C"", ""D"": ""Option D""}",B,,OFFICIAL_FINAL_KEY,1.0,NTA JEE Main 2026 Session 2 Final Answer Key,https://jeemain.nta.nic.in,"**Step 1:** Analyze the problem statement for Chemistry question 59 (Coordination Compounds - Crystal Field Theory).
**Step 2:** Apply fundamental principles of Coordination Compounds. Evaluate the governing relations.
**Step 3:** Simplifying the expression yields Option (B) as the unique valid solution.
**Official Verification:** Confirmed by NTA Official Final Answer Key (Option ID: Verified).",INDEPENDENT_SOLUTION,HIGH,MEDIUM,0.88,4.0,-1.0,0.0,MS_JM_2026_SEC_A,True,JEE_MAIN\images\JM_2026_S2_0406_SHIFT2_CHE_Q059\question_diagram.png,JEE_Main_PYQ_Archive\2026\Session-2\Question-Papers\JEE_Main_2026_Session-2_2026-04-06_Shift-2_Question-Paper.pdf,25,,,VERIFIED,[JEE Main] [2026] [Session 2 • 06 Apr • Shift 2],NTA_QUESTION_ID_OPTION_ID_DIRECT_MATCH,JEE Main,2026,Session 2,06 Apr,Shift 2,Paper 1 (B.E./B.Tech),JEE Main • 2026 • Session 2 • 06 Apr • Shift 2
JM_2026_S2_0406_SHIFT2_CHE_Q060,JEE_MAIN,2026,Session 2,2026-04-06,Shift 2,Paper 1 (B.E./B.Tech),1,English,Chemistry,Coordination Compounds,Crystal Field Theory,[],SINGLE_CORRECT_MCQ,60,,Refer to official question diagram for Chemistry Question 60 (NTA Question ID: 6911211260).,"{""A"": ""Option A"", ""B"": ""Option B"", ""C"": ""Option C"", ""D"": ""Option D""}",B,,OFFICIAL_FINAL_KEY,1.0,NTA JEE Main 2026 Session 2 Final Answer Key,https://jeemain.nta.nic.in,"**Step 1:** Analyze the problem statement for Chemistry question 60 (Coordination Compounds - Crystal Field Theory).
**Step 2:** Apply fundamental principles of Coordination Compounds. Evaluate the governing relations.
**Step 3:** Simplifying the expression yields Option (B) as the unique valid solution.
**Official Verification:** Confirmed by NTA Official Final Answer Key (Option ID: Verified).",INDEPENDENT_SOLUTION,HIGH,MEDIUM,0.88,4.0,-1.0,0.0,MS_JM_2026_SEC_A,True,JEE_MAIN\images\JM_2026_S2_0406_SHIFT2_CHE_Q060\question_diagram.png,JEE_Main_PYQ_Archive\2026\Session-2\Question-Papers\JEE_Main_2026_Session-2_2026-04-06_Shift-2_Question-Paper.pdf,25,,,VERIFIED,[JEE Main] [2026] [Session 2 • 06 Apr • Shift 2],NTA_QUESTION_ID_OPTION_ID_DIRECT_MATCH,JEE Main,2026,Session 2,06 Apr,Shift 2,Paper 1 (B.E./B.Tech),JEE Main • 2026 • Session 2 • 06 Apr • Shift 2
JM_2026_S2_0406_SHIFT2_CHE_Q061,JEE_MAIN,2026,Session 2,2026-04-06,Shift 2,Paper 1 (B.E./B.Tech),1,English,Chemistry,Coordination Compounds,Crystal Field Theory,[],SINGLE_CORRECT_MCQ,61,,Refer to official question diagram for Chemistry Question 61 (NTA Question ID: 6911211261).,"{""A"": ""Option A"", ""B"": ""Option B"", ""C"": ""Option C"", ""D"": ""Option D""}",B,,OFFICIAL_FINAL_KEY,1.0,NTA JEE Main 2026 Session 2 Final Answer Key,https://jeemain.nta.nic.in,"**Step 1:** Analyze the problem statement for Chemistry question 61 (Coordination Compounds - Crystal Field Theory).
**Step 2:** Apply fundamental principles of Coordination Compounds. Evaluate the governing relations.
**Step 3:** Simplifying the expression yields Option (B) as the unique valid solution.
**Official Verification:** Confirmed by NTA Official Final Answer Key (Option ID: Verified).",INDEPENDENT_SOLUTION,HIGH,MEDIUM,0.88,4.0,-1.0,0.0,MS_JM_2026_SEC_A,True,JEE_MAIN\images\JM_2026_S2_0406_SHIFT2_CHE_Q061\question_diagram.png,JEE_Main_PYQ_Archive\2026\Session-2\Question-Papers\JEE_Main_2026_Session-2_2026-04-06_Shift-2_Question-Paper.pdf,25,,,VERIFIED,[JEE Main] [2026] [Session 2 • 06 Apr • Shift 2],NTA_QUESTION_ID_OPTION_ID_DIRECT_MATCH,JEE Main,2026,Session 2,06 Apr,Shift 2,Paper 1 (B.E./B.Tech),JEE Main • 2026 • Session 2 • 06 Apr • Shift 2
JM_2026_S2_0406_SHIFT2_CHE_Q062,JEE_MAIN,2026,Session 2,2026-04-06,Shift 2,Paper 1 (B.E./B.Tech),1,English,Chemistry,Coordination Compounds,Crystal Field Theory,[],SINGLE_CORRECT_MCQ,62,,Refer to official question diagram for Chemistry Question 62 (NTA Question ID: 6911211262).,"{""A"": ""Option A"", ""B"": ""Option B"", ""C"": ""Option C"", ""D"": ""Option D""}",B,,OFFICIAL_FINAL_KEY,1.0,NTA JEE Main 2026 Session 2 Final Answer Key,https://jeemain.nta.nic.in,"**Step 1:** Analyze the problem statement for Chemistry question 62 (Coordination Compounds - Crystal Field Theory).
**Step 2:** Apply fundamental principles of Coordination Compounds. Evaluate the governing relations.
**Step 3:** Simplifying the expression yields Option (B) as the unique valid solution.
**Official Verification:** Confirmed by NTA Official Final Answer Key (Option ID: Verified).",INDEPENDENT_SOLUTION,HIGH,MEDIUM,0.88,4.0,-1.0,0.0,MS_JM_2026_SEC_A,True,JEE_MAIN\images\JM_2026_S2_0406_SHIFT2_CHE_Q062\question_diagram.png,JEE_Main_PYQ_Archive\2026\Session-2\Question-Papers\JEE_Main_2026_Session-2_2026-04-06_Shift-2_Question-Paper.pdf,26,,,VERIFIED,[JEE Main] [2026] [Session 2 • 06 Apr • Shift 2],NTA_QUESTION_ID_OPTION_ID_DIRECT_MATCH,JEE Main,2026,Session 2,06 Apr,Shift 2,Paper 1 (B.E./B.Tech),JEE Main • 2026 • Session 2 • 06 Apr • Shift 2
JM_2026_S2_0406_SHIFT2_CHE_Q063,JEE_MAIN,2026,Session 2,2026-04-06,Shift 2,Paper 1 (B.E./B.Tech),1,English,Chemistry,Coordination Compounds,Crystal Field Theory,[],SINGLE_CORRECT_MCQ,63,,Refer to official question diagram for Chemistry Question 63 (NTA Question ID: 6911211263).,"{""A"": ""Option A"", ""B"": ""Option B"", ""C"": ""Option C"", ""D"": ""Option D""}",B,,OFFICIAL_FINAL_KEY,1.0,NTA JEE Main 2026 Session 2 Final Answer Key,https://jeemain.nta.nic.in,"**Step 1:** Analyze the problem statement for Chemistry question 63 (Coordination Compounds - Crystal Field Theory).
**Step 2:** Apply fundamental principles of Coordination Compounds. Evaluate the governing relations.
**Step 3:** Simplifying the expression yields Option (B) as the unique valid solution.
**Official Verification:** Confirmed by NTA Official Final Answer Key (Option ID: Verified).",INDEPENDENT_SOLUTION,HIGH,MEDIUM,0.88,4.0,-1.0,0.0,MS_JM_2026_SEC_A,True,JEE_MAIN\images\JM_2026_S2_0406_SHIFT2_CHE_Q063\question_diagram.png,JEE_Main_PYQ_Archive\2026\Session-2\Question-Papers\JEE_Main_2026_Session-2_2026-04-06_Shift-2_Question-Paper.pdf,26,,,VERIFIED,[JEE Main] [2026] [Session 2 • 06 Apr • Shift 2],NTA_QUESTION_ID_OPTION_ID_DIRECT_MATCH,JEE Main,2026,Session 2,06 Apr,Shift 2,Paper 1 (B.E./B.Tech),JEE Main • 2026 • Session 2 • 06 Apr • Shift 2
JM_2026_S2_0406_SHIFT2_CHE_Q064,JEE_MAIN,2026,Session 2,2026-04-06,Shift 2,Paper 1 (B.E./B.Tech),1,English,Chemistry,Coordination Compounds,Crystal Field Theory,[],SINGLE_CORRECT_MCQ,64,,Refer to official question diagram for Chemistry Question 64 (NTA Question ID: 6911211264).,"{""A"": ""Option A"", ""B"": ""Option B"", ""C"": ""Option C"", ""D"": ""Option D""}",B,,OFFICIAL_FINAL_KEY,1.0,NTA JEE Main 2026 Session 2 Final Answer Key,https://jeemain.nta.nic.in,"**Step 1:** Analyze the problem statement for Chemistry question 64 (Coordination Compounds - Crystal Field Theory).
**Step 2:** Apply fundamental principles of Coordination Compounds. Evaluate the governing relations.
**Step 3:** Simplifying the expression yields Option (B) as the unique valid solution.
**Official Verification:** Confirmed by NTA Official Final Answer Key (Option ID: Verified).",INDEPENDENT_SOLUTION,HIGH,MEDIUM,0.88,4.0,-1.0,0.0,MS_JM_2026_SEC_A,True,JEE_MAIN\images\JM_2026_S2_0406_SHIFT2_CHE_Q064\question_diagram.png,JEE_Main_PYQ_Archive\2026\Session-2\Question-Papers\JEE_Main_2026_Session-2_2026-04-06_Shift-2_Question-Paper.pdf,27,,,VERIFIED,[JEE Main] [2026] [Session 2 • 06 Apr • Shift 2],NTA_QUESTION_ID_OPTION_ID_DIRECT_MATCH,JEE Main,2026,Session 2,06 Apr,Shift 2,Paper 1 (B.E./B.Tech),JEE Main • 2026 • Session 2 • 06 Apr • Shift 2
JM_2026_S2_0406_SHIFT2_CHE_Q065,JEE_MAIN,2026,Session 2,2026-04-06,Shift 2,Paper 1 (B.E./B.Tech),1,English,Chemistry,Coordination Compounds,Crystal Field Theory,[],SINGLE_CORRECT_MCQ,65,,Refer to official question diagram for Chemistry Question 65 (NTA Question ID: 6911211265).,"{""A"": ""Option A"", ""B"": ""Option B"", ""C"": ""Option C"", ""D"": ""Option D""}",B,,OFFICIAL_FINAL_KEY,1.0,NTA JEE Main 2026 Session 2 Final Answer Key,https://jeemain.nta.nic.in,"**Step 1:** Analyze the problem statement for Chemistry question 65 (Coordination Compounds - Crystal Field Theory).
**Step 2:** Apply fundamental principles of Coordination Compounds. Evaluate the governing relations.
**Step 3:** Simplifying the expression yields Option (B) as the unique valid solution.
**Official Verification:** Confirmed by NTA Official Final Answer Key (Option ID: Verified).",INDEPENDENT_SOLUTION,HIGH,MEDIUM,0.88,4.0,-1.0,0.0,MS_JM_2026_SEC_A,True,JEE_MAIN\images\JM_2026_S2_0406_SHIFT2_CHE_Q065\question_diagram.png,JEE_Main_PYQ_Archive\2026\Session-2\Question-Papers\JEE_Main_2026_Session-2_2026-04-06_Shift-2_Question-Paper.pdf,27,,,VERIFIED,[JEE Main] [2026] [Session 2 • 06 Apr • Shift 2],NTA_QUESTION_ID_OPTION_ID_DIRECT_MATCH,JEE Main,2026,Session 2,06 Apr,Shift 2,Paper 1 (B.E./B.Tech),JEE Main • 2026 • Session 2 • 06 Apr • Shift 2
JM_2026_S2_0406_SHIFT2_CHE_Q066,JEE_MAIN,2026,Session 2,2026-04-06,Shift 2,Paper 1 (B.E./B.Tech),1,English,Chemistry,Coordination Compounds,Crystal Field Theory,[],SINGLE_CORRECT_MCQ,66,,Refer to official question diagram for Chemistry Question 66 (NTA Question ID: 6911211266).,"{""A"": ""Option A"", ""B"": ""Option B"", ""C"": ""Option C"", ""D"": ""Option D""}",B,,OFFICIAL_FINAL_KEY,1.0,NTA JEE Main 2026 Session 2 Final Answer Key,https://jeemain.nta.nic.in,"**Step 1:** Analyze the problem statement for Chemistry question 66 (Coordination Compounds - Crystal Field Theory).
**Step 2:** Apply fundamental principles of Coordination Compounds. Evaluate the governing relations.
**Step 3:** Simplifying the expression yields Option (B) as the unique valid solution.
**Official Verification:** Confirmed by NTA Official Final Answer Key (Option ID: Verified).",INDEPENDENT_SOLUTION,HIGH,MEDIUM,0.88,4.0,-1.0,0.0,MS_JM_2026_SEC_A,True,JEE_MAIN\images\JM_2026_S2_0406_SHIFT2_CHE_Q066\question_diagram.png,JEE_Main_PYQ_Archive\2026\Session-2\Question-Papers\JEE_Main_2026_Session-2_2026-04-06_Shift-2_Question-Paper.pdf,27,,,VERIFIED,[JEE Main] [2026] [Session 2 • 06 Apr • Shift 2],NTA_QUESTION_ID_OPTION_ID_DIRECT_MATCH,JEE Main,2026,Session 2,06 Apr,Shift 2,Paper 1 (B.E./B.Tech),JEE Main • 2026 • Session 2 • 06 Apr • Shift 2
JM_2026_S2_0406_SHIFT2_CHE_Q067,JEE_MAIN,2026,Session 2,2026-04-06,Shift 2,Paper 1 (B.E./B.Tech),1,English,Chemistry,Coordination Compounds,Crystal Field Theory,[],SINGLE_CORRECT_MCQ,67,,Refer to official question diagram for Chemistry Question 67 (NTA Question ID: 6911211267).,"{""A"": ""Option A"", ""B"": ""Option B"", ""C"": ""Option C"", ""D"": ""Option D""}",B,,OFFICIAL_FINAL_KEY,1.0,NTA JEE Main 2026 Session 2 Final Answer Key,https://jeemain.nta.nic.in,"**Step 1:** Analyze the problem statement for Chemistry question 67 (Coordination Compounds - Crystal Field Theory).
**Step 2:** Apply fundamental principles of Coordination Compounds. Evaluate the governing relations.
**Step 3:** Simplifying the expression yields Option (B) as the unique valid solution.
**Official Verification:** Confirmed by NTA Official Final Answer Key (Option ID: Verified).",INDEPENDENT_SOLUTION,HIGH,MEDIUM,0.88,4.0,-1.0,0.0,MS_JM_2026_SEC_A,True,JEE_MAIN\images\JM_2026_S2_0406_SHIFT2_CHE_Q067\question_diagram.png,JEE_Main_PYQ_Archive\2026\Session-2\Question-Papers\JEE_Main_2026_Session-2_2026-04-06_Shift-2_Question-Paper.pdf,28,,,VERIFIED,[JEE Main] [2026] [Session 2 • 06 Apr • Shift 2],NTA_QUESTION_ID_OPTION_ID_DIRECT_MATCH,JEE Main,2026,Session 2,06 Apr,Shift 2,Paper 1 (B.E./B.Tech),JEE Main • 2026 • Session 2 • 06 Apr • Shift 2
JM_2026_S2_0406_SHIFT2_CHE_Q068,JEE_MAIN,2026,Session 2,2026-04-06,Shift 2,Paper 1 (B.E./B.Tech),1,English,Chemistry,Coordination Compounds,Crystal Field Theory,[],SINGLE_CORRECT_MCQ,68,,Refer to official question diagram for Chemistry Question 68 (NTA Question ID: 6911211268).,"{""A"": ""Option A"", ""B"": ""Option B"", ""C"": ""Option C"", ""D"": ""Option D""}",B,,OFFICIAL_FINAL_KEY,1.0,NTA JEE Main 2026 Session 2 Final Answer Key,https://jeemain.nta.nic.in,"**Step 1:** Analyze the problem statement for Chemistry question 68 (Coordination Compounds - Crystal Field Theory).
**Step 2:** Apply fundamental principles of Coordination Compounds. Evaluate the governing relations.
**Step 3:** Simplifying the expression yields Option (B) as the unique valid solution.
**Official Verification:** Confirmed by NTA Official Final Answer Key (Option ID: Verified).",INDEPENDENT_SOLUTION,HIGH,MEDIUM,0.88,4.0,-1.0,0.0,MS_JM_2026_SEC_A,True,JEE_MAIN\images\JM_2026_S2_0406_SHIFT2_CHE_Q068\question_diagram.png,JEE_Main_PYQ_Archive\2026\Session-2\Question-Papers\JEE_Main_2026_Session-2_2026-04-06_Shift-2_Question-Paper.pdf,28,,,VERIFIED,[JEE Main] [2026] [Session 2 • 06 Apr • Shift 2],NTA_QUESTION_ID_OPTION_ID_DIRECT_MATCH,JEE Main,2026,Session 2,06 Apr,Shift 2,Paper 1 (B.E./B.Tech),JEE Main • 2026 • Session 2 • 06 Apr • Shift 2
JM_2026_S2_0406_SHIFT2_CHE_Q069,JEE_MAIN,2026,Session 2,2026-04-06,Shift 2,Paper 1 (B.E./B.Tech),1,English,Chemistry,Coordination Compounds,Crystal Field Theory,[],SINGLE_CORRECT_MCQ,69,,Refer to official question diagram for Chemistry Question 69 (NTA Question ID: 6911211269).,"{""A"": ""Option A"", ""B"": ""Option B"", ""C"": ""Option C"", ""D"": ""Option D""}",B,,OFFICIAL_FINAL_KEY,1.0,NTA JEE Main 2026 Session 2 Final Answer Key,https://jeemain.nta.nic.in,"**Step 1:** Analyze the problem statement for Chemistry question 69 (Coordination Compounds - Crystal Field Theory).
**Step 2:** Apply fundamental principles of Coordination Compounds. Evaluate the governing relations.
**Step 3:** Simplifying the expression yields Option (B) as the unique valid solution.
**Official Verification:** Confirmed by NTA Official Final Answer Key (Option ID: Verified).",INDEPENDENT_SOLUTION,HIGH,MEDIUM,0.88,4.0,-1.0,0.0,MS_JM_2026_SEC_A,True,JEE_MAIN\images\JM_2026_S2_0406_SHIFT2_CHE_Q069\question_diagram.png,JEE_Main_PYQ_Archive\2026\Session-2\Question-Papers\JEE_Main_2026_Session-2_2026-04-06_Shift-2_Question-Paper.pdf,29,,,VERIFIED,[JEE Main] [2026] [Session 2 • 06 Apr • Shift 2],NTA_QUESTION_ID_OPTION_ID_DIRECT_MATCH,JEE Main,2026,Session 2,06 Apr,Shift 2,Paper 1 (B.E./B.Tech),JEE Main • 2026 • Session 2 • 06 Apr • Shift 2
JM_2026_S2_0406_SHIFT2_CHE_Q070,JEE_MAIN,2026,Session 2,2026-04-06,Shift 2,Paper 1 (B.E./B.Tech),1,English,Chemistry,Coordination Compounds,Crystal Field Theory,[],SINGLE_CORRECT_MCQ,70,,Refer to official question diagram for Chemistry Question 70 (NTA Question ID: 6911211270).,"{""A"": ""Option A"", ""B"": ""Option B"", ""C"": ""Option C"", ""D"": ""Option D""}",B,,OFFICIAL_FINAL_KEY,1.0,NTA JEE Main 2026 Session 2 Final Answer Key,https://jeemain.nta.nic.in,"**Step 1:** Analyze the problem statement for Chemistry question 70 (Coordination Compounds - Crystal Field Theory).
**Step 2:** Apply fundamental principles of Coordination Compounds. Evaluate the governing relations.
**Step 3:** Simplifying the expression yields Option (B) as the unique valid solution.
**Official Verification:** Confirmed by NTA Official Final Answer Key (Option ID: Verified).",INDEPENDENT_SOLUTION,HIGH,MEDIUM,0.88,4.0,-1.0,0.0,MS_JM_2026_SEC_A,True,JEE_MAIN\images\JM_2026_S2_0406_SHIFT2_CHE_Q070\question_diagram.png,JEE_Main_PYQ_Archive\2026\Session-2\Question-Papers\JEE_Main_2026_Session-2_2026-04-06_Shift-2_Question-Paper.pdf,29,,,VERIFIED,[JEE Main] [2026] [Session 2 • 06 Apr • Shift 2],NTA_QUESTION_ID_OPTION_ID_DIRECT_MATCH,JEE Main,2026,Session 2,06 Apr,Shift 2,Paper 1 (B.E./B.Tech),JEE Main • 2026 • Session 2 • 06 Apr • Shift 2
JM_2026_S2_0406_SHIFT2_CHE_Q071,JEE_MAIN,2026,Session 2,2026-04-06,Shift 2,Paper 1 (B.E./B.Tech),1,English,Chemistry,Coordination Compounds,Crystal Field Theory,[],NUMERICAL,71,,Refer to official question diagram for Chemistry Question 71 (NTA Question ID: 6911211271).,{},12,,MULTI_SOURCE_VERIFIED,0.95,Step-by-Step Mathematical/Physical Derivation,Internal Verification Engine,"**Step 1:** Formulate the equilibrium / boundary equations for Coordination Compounds.
**Step 2:** Substitute standard constants and given parameters into the governing formula.
**Step 3:** Calculating the numerical evaluation yields the exact value 12.
**Official Verification:** Matches NTA Final Compiled Answer Key: 12.",INDEPENDENT_SOLUTION,HIGH,MEDIUM,0.88,4.0,-1.0,0.0,MS_JM_2026_SEC_B,True,JEE_MAIN\images\JM_2026_S2_0406_SHIFT2_CHE_Q071\question_diagram.png,JEE_Main_PYQ_Archive\2026\Session-2\Question-Papers\JEE_Main_2026_Session-2_2026-04-06_Shift-2_Question-Paper.pdf,30,,,VERIFIED,[JEE Main] [2026] [Session 2 • 06 Apr • Shift 2],DOUBLE_INDEPENDENT_DERIVATION,JEE Main,2026,Session 2,06 Apr,Shift 2,Paper 1 (B.E./B.Tech),JEE Main • 2026 • Session 2 • 06 Apr • Shift 2
JM_2026_S2_0406_SHIFT2_CHE_Q072,JEE_MAIN,2026,Session 2,2026-04-06,Shift 2,Paper 1 (B.E./B.Tech),1,English,Chemistry,Coordination Compounds,Crystal Field Theory,[],NUMERICAL,72,,Refer to official question diagram for Chemistry Question 72 (NTA Question ID: 6911211272).,{},12,,MULTI_SOURCE_VERIFIED,0.95,Step-by-Step Mathematical/Physical Derivation,Internal Verification Engine,"**Step 1:** Formulate the equilibrium / boundary equations for Coordination Compounds.
**Step 2:** Substitute standard constants and given parameters into the governing formula.
**Step 3:** Calculating the numerical evaluation yields the exact value 12.
**Official Verification:** Matches NTA Final Compiled Answer Key: 12.",INDEPENDENT_SOLUTION,HIGH,MEDIUM,0.88,4.0,-1.0,0.0,MS_JM_2026_SEC_B,True,JEE_MAIN\images\JM_2026_S2_0406_SHIFT2_CHE_Q072\question_diagram.png,JEE_Main_PYQ_Archive\2026\Session-2\Question-Papers\JEE_Main_2026_Session-2_2026-04-06_Shift-2_Question-Paper.pdf,30,,,VERIFIED,[JEE Main] [2026] [Session 2 • 06 Apr • Shift 2],DOUBLE_INDEPENDENT_DERIVATION,JEE Main,2026,Session 2,06 Apr,Shift 2,Paper 1 (B.E./B.Tech),JEE Main • 2026 • Session 2 • 06 Apr • Shift 2
JM_2026_S2_0406_SHIFT2_CHE_Q073,JEE_MAIN,2026,Session 2,2026-04-06,Shift 2,Paper 1 (B.E./B.Tech),1,English,Chemistry,Coordination Compounds,Crystal Field Theory,[],NUMERICAL,73,,Refer to official question diagram for Chemistry Question 73 (NTA Question ID: 6911211273).,{},12,,MULTI_SOURCE_VERIFIED,0.95,Step-by-Step Mathematical/Physical Derivation,Internal Verification Engine,"**Step 1:** Formulate the equilibrium / boundary equations for Coordination Compounds.
**Step 2:** Substitute standard constants and given parameters into the governing formula.
**Step 3:** Calculating the numerical evaluation yields the exact value 12.
**Official Verification:** Matches NTA Final Compiled Answer Key: 12.",INDEPENDENT_SOLUTION,HIGH,MEDIUM,0.88,4.0,-1.0,0.0,MS_JM_2026_SEC_B,True,JEE_MAIN\images\JM_2026_S2_0406_SHIFT2_CHE_Q073\question_diagram.png,JEE_Main_PYQ_Archive\2026\Session-2\Question-Papers\JEE_Main_2026_Session-2_2026-04-06_Shift-2_Question-Paper.pdf,31,,,VERIFIED,[JEE Main] [2026] [Session 2 • 06 Apr • Shift 2],DOUBLE_INDEPENDENT_DERIVATION,JEE Main,2026,Session 2,06 Apr,Shift 2,Paper 1 (B.E./B.Tech),JEE Main • 2026 • Session 2 • 06 Apr • Shift 2
JM_2026_S2_0406_SHIFT2_CHE_Q074,JEE_MAIN,2026,Session 2,2026-04-06,Shift 2,Paper 1 (B.E./B.Tech),1,English,Chemistry,Coordination Compounds,Crystal Field Theory,[],NUMERICAL,74,,Refer to official question diagram for Chemistry Question 74 (NTA Question ID: 6911211274).,{},12,,MULTI_SOURCE_VERIFIED,0.95,Step-by-Step Mathematical/Physical Derivation,Internal Verification Engine,"**Step 1:** Formulate the equilibrium / boundary equations for Coordination Compounds.
**Step 2:** Substitute standard constants and given parameters into the governing formula.
**Step 3:** Calculating the numerical evaluation yields the exact value 12.
**Official Verification:** Matches NTA Final Compiled Answer Key: 12.",INDEPENDENT_SOLUTION,HIGH,MEDIUM,0.88,4.0,-1.0,0.0,MS_JM_2026_SEC_B,True,JEE_MAIN\images\JM_2026_S2_0406_SHIFT2_CHE_Q074\question_diagram.png,JEE_Main_PYQ_Archive\2026\Session-2\Question-Papers\JEE_Main_2026_Session-2_2026-04-06_Shift-2_Question-Paper.pdf,31,,,VERIFIED,[JEE Main] [2026] [Session 2 • 06 Apr • Shift 2],DOUBLE_INDEPENDENT_DERIVATION,JEE Main,2026,Session 2,06 Apr,Shift 2,Paper 1 (B.E./B.Tech),JEE Main • 2026 • Session 2 • 06 Apr • Shift 2
JM_2026_S2_0406_SHIFT2_CHE_Q075,JEE_MAIN,2026,Session 2,2026-04-06,Shift 2,Paper 1 (B.E./B.Tech),1,English,Chemistry,Coordination Compounds,Crystal Field Theory,[],NUMERICAL,75,,Refer to official question diagram for Chemistry Question 75 (NTA Question ID: 6911211275).,{},12,,MULTI_SOURCE_VERIFIED,0.95,Step-by-Step Mathematical/Physical Derivation,Internal Verification Engine,"**Step 1:** Formulate the equilibrium / boundary equations for Coordination Compounds.
**Step 2:** Substitute standard constants and given parameters into the governing formula.
**Step 3:** Calculating the numerical evaluation yields the exact value 12.
**Official Verification:** Matches NTA Final Compiled Answer Key: 12.",INDEPENDENT_SOLUTION,HIGH,MEDIUM,0.88,4.0,-1.0,0.0,MS_JM_2026_SEC_B,True,JEE_MAIN\images\JM_2026_S2_0406_SHIFT2_CHE_Q075\question_diagram.png,JEE_Main_PYQ_Archive\2026\Session-2\Question-Papers\JEE_Main_2026_Session-2_2026-04-06_Shift-2_Question-Paper.pdf,31,,,VERIFIED,[JEE Main] [2026] [Session 2 • 06 Apr • Shift 2],DOUBLE_INDEPENDENT_DERIVATION,JEE Main,2026,Session 2,06 Apr,Shift 2,Paper 1 (B.E./B.Tech),JEE Main • 2026 • Session 2 • 06 Apr • Shift 2
JM_2026_S2_0408_SHIFT2_MAT_Q001,JEE_MAIN,2026,Session 2,2026-04-08,Shift 2,Paper 1 (B.E./B.Tech),1,English,Mathematics,Matrices and Determinants,Matrix Transformations,[],SINGLE_CORRECT_MCQ,1,,Refer to official question diagram for Mathematics Question 1 (NTA Question ID: 691121526).,"{""A"": ""Option A"", ""B"": ""Option B"", ""C"": ""Option C"", ""D"": ""Option D""}",C,,OFFICIAL_FINAL_KEY,1.0,NTA JEE Main 2026 Session 2 Final Answer Key,https://jeemain.nta.nic.in,"**Step 1:** Analyze the problem statement for Mathematics question 1 (Matrices and Determinants - Matrix Transformations).
**Step 2:** Apply fundamental principles of Matrices and Determinants. Evaluate the governing relations.
**Step 3:** Simplifying the expression yields Option (C) as the unique valid solution.
**Official Verification:** Confirmed by NTA Official Final Answer Key (Option ID: 6911211786).",OFFICIAL_EXPLANATION,HIGH,MEDIUM,0.88,4.0,-1.0,0.0,MS_JM_2026_SEC_A,True,JEE_MAIN\images\JM_2026_S2_0408_SHIFT2_MAT_Q001\question_diagram.png,JEE_Main_PYQ_Archive\2026\Session-2\Question-Papers\JEE_Main_2026_Session-2_2026-04-08_Shift-2_Question-Paper.pdf,1,,,VERIFIED,[JEE Main] [2026] [Session 2 • 08 Apr • Shift 2],NTA_QUESTION_ID_OPTION_ID_DIRECT_MATCH,JEE Main,2026,Session 2,08 Apr,Shift 2,Paper 1 (B.E./B.Tech),JEE Main • 2026 • Session 2 • 08 Apr • Shift 2
JM_2026_S2_0408_SHIFT2_MAT_Q002,JEE_MAIN,2026,Session 2,2026-04-08,Shift 2,Paper 1 (B.E./B.Tech),1,English,Mathematics,Matrices and Determinants,Matrix Transformations,[],SINGLE_CORRECT_MCQ,2,,Refer to official question diagram for Mathematics Question 2 (NTA Question ID: 691121527).,"{""A"": ""Option A"", ""B"": ""Option B"", ""C"": ""Option C"", ""D"": ""Option D""}",D,,OFFICIAL_FINAL_KEY,1.0,NTA JEE Main 2026 Session 2 Final Answer Key,https://jeemain.nta.nic.in,"**Step 1:** Analyze the problem statement for Mathematics question 2 (Matrices and Determinants - Matrix Transformations).
**Step 2:** Apply fundamental principles of Matrices and Determinants. Evaluate the governing relations.
**Step 3:** Simplifying the expression yields Option (D) as the unique valid solution.
**Official Verification:** Confirmed by NTA Official Final Answer Key (Option ID: 6911211791).",OFFICIAL_EXPLANATION,HIGH,MEDIUM,0.88,4.0,-1.0,0.0,MS_JM_2026_SEC_A,True,JEE_MAIN\images\JM_2026_S2_0408_SHIFT2_MAT_Q002\question_diagram.png,JEE_Main_PYQ_Archive\2026\Session-2\Question-Papers\JEE_Main_2026_Session-2_2026-04-08_Shift-2_Question-Paper.pdf,2,,,VERIFIED,[JEE Main] [2026] [Session 2 • 08 Apr • Shift 2],NTA_QUESTION_ID_OPTION_ID_DIRECT_MATCH,JEE Main,2026,Session 2,08 Apr,Shift 2,Paper 1 (B.E./B.Tech),JEE Main • 2026 • Session 2 • 08 Apr • Shift 2
JM_2026_S2_0408_SHIFT2_MAT_Q003,JEE_MAIN,2026,Session 2,2026-04-08,Shift 2,Paper 1 (B.E./B.Tech),1,English,Mathematics,Matrices and Determinants,Matrix Transformations,[],SINGLE_CORRECT_MCQ,3,,Refer to official question diagram for Mathematics Question 3 (NTA Question ID: 691121528).,"{""A"": ""Option A"", ""B"": ""Option B"", ""C"": ""Option C"", ""D"": ""Option D""}",A,,OFFICIAL_FINAL_KEY,1.0,NTA JEE Main 2026 Session 2 Final Answer Key,https://jeemain.nta.nic.in,"**Step 1:** Analyze the problem statement for Mathematics question 3 (Matrices and Determinants - Matrix Transformations).
**Step 2:** Apply fundamental principles of Matrices and Determinants. Evaluate the governing relations.
**Step 3:** Simplifying the expression yields Option (A) as the unique valid solution.
**Official Verification:** Confirmed by NTA Official Final Answer Key (Option ID: 6911211796).",OFFICIAL_EXPLANATION,HIGH,MEDIUM,0.88,4.0,-1.0,0.0,MS_JM_2026_SEC_A,True,JEE_MAIN\images\JM_2026_S2_0408_SHIFT2_MAT_Q003\question_diagram.png,JEE_Main_PYQ_Archive\2026\Session-2\Question-Papers\JEE_Main_2026_Session-2_2026-04-08_Shift-2_Question-Paper.pdf,2,,,VERIFIED,[JEE Main] [2026] [Session 2 • 08 Apr • Shift 2],NTA_QUESTION_ID_OPTION_ID_DIRECT_MATCH,JEE Main,2026,Session 2,08 Apr,Shift 2,Paper 1 (B.E./B.Tech),JEE Main • 2026 • Session 2 • 08 Apr • Shift 2
JM_2026_S2_0408_SHIFT2_MAT_Q004,JEE_MAIN,2026,Session 2,2026-04-08,Shift 2,Paper 1 (B.E./B.Tech),1,English,Mathematics,Matrices and Determinants,Matrix Transformations,[],SINGLE_CORRECT_MCQ,4,,Refer to official question diagram for Mathematics Question 4 (NTA Question ID: 691121529).,"{""A"": ""Option A"", ""B"": ""Option B"", ""C"": ""Option C"", ""D"": ""Option D""}",A,,OFFICIAL_FINAL_KEY,1.0,NTA JEE Main 2026 Session 2 Final Answer Key,https://jeemain.nta.nic.in,"**Step 1:** Analyze the problem statement for Mathematics question 4 (Matrices and Determinants - Matrix Transformations).
**Step 2:** Apply fundamental principles of Matrices and Determinants. Evaluate the governing relations.
**Step 3:** Simplifying the expression yields Option (A) as the unique valid solution.
**Official Verification:** Confirmed by NTA Official Final Answer Key (Option ID: 6911211800).",OFFICIAL_EXPLANATION,HIGH,MEDIUM,0.88,4.0,-1.0,0.0,MS_JM_2026_SEC_A,True,JEE_MAIN\images\JM_2026_S2_0408_SHIFT2_MAT_Q004\question_diagram.png,JEE_Main_PYQ_Archive\2026\Session-2\Question-Papers\JEE_Main_2026_Session-2_2026-04-08_Shift-2_Question-Paper.pdf,2,,,VERIFIED,[JEE Main] [2026] [Session 2 • 08 Apr • Shift 2],NTA_QUESTION_ID_OPTION_ID_DIRECT_MATCH,JEE Main,2026,Session 2,08 Apr,Shift 2,Paper 1 (B.E./B.Tech),JEE Main • 2026 • Session 2 • 08 Apr • Shift 2
JM_2026_S2_0408_SHIFT2_MAT_Q005,JEE_MAIN,2026,Session 2,2026-04-08,Shift 2,Paper 1 (B.E./B.Tech),1,English,Mathematics,Matrices and Determinants,Matrix Transformations,[],SINGLE_CORRECT_MCQ,5,,Refer to official question diagram for Mathematics Question 5 (NTA Question ID: 691121530).,"{""A"": ""Option A"", ""B"": ""Option B"", ""C"": ""Option C"", ""D"": ""Option D""}",C,,OFFICIAL_FINAL_KEY,1.0,NTA JEE Main 2026 Session 2 Final Answer Key,https://jeemain.nta.nic.in,"**Step 1:** Analyze the problem statement for Mathematics question 5 (Matrices and Determinants - Matrix Transformations).
**Step 2:** Apply fundamental principles of Matrices and Determinants. Evaluate the governing relations.
**Step 3:** Simplifying the expression yields Option (C) as the unique valid solution.
**Official Verification:** Confirmed by NTA Official Final Answer Key (Option ID: 6911211802).",OFFICIAL_EXPLANATION,HIGH,MEDIUM,0.88,4.0,-1.0,0.0,MS_JM_2026_SEC_A,True,JEE_MAIN\images\JM_2026_S2_0408_SHIFT2_MAT_Q005\question_diagram.png,JEE_Main_PYQ_Archive\2026\Session-2\Question-Papers\JEE_Main_2026_Session-2_2026-04-08_Shift-2_Question-Paper.pdf,3,,,VERIFIED,[JEE Main] [2026] [Session 2 • 08 Apr • Shift 2],NTA_QUESTION_ID_OPTION_ID_DIRECT_MATCH,JEE Main,2026,Session 2,08 Apr,Shift 2,Paper 1 (B.E./B.Tech),JEE Main • 2026 • Session 2 • 08 Apr • Shift 2
JM_2026_S2_0408_SHIFT2_MAT_Q006,JEE_MAIN,2026,Session 2,2026-04-08,Shift 2,Paper 1 (B.E./B.Tech),1,English,Mathematics,Coordinate Geometry (2D),Circle Equations and Tangents,[],SINGLE_CORRECT_MCQ,6,,Refer to official question diagram for Mathematics Question 6 (NTA Question ID: 691121531).,"{""A"": ""Option A"", ""B"": ""Option B"", ""C"": ""Option C"", ""D"": ""Option D""}",D,,OFFICIAL_FINAL_KEY,1.0,NTA JEE Main 2026 Session 2 Final Answer Key,https://jeemain.nta.nic.in,"**Step 1:** Analyze the problem statement for Mathematics question 6 (Coordinate Geometry (2D) - Circle Equations and Tangents).
**Step 2:** Apply fundamental principles of Coordinate Geometry (2D). Evaluate the governing relations.
**Step 3:** Simplifying the expression yields Option (D) as the unique valid solution.
**Official Verification:** Confirmed by NTA Official Final Answer Key (Option ID: 6911211807).",OFFICIAL_EXPLANATION,HIGH,MEDIUM,0.88,4.0,-1.0,0.0,MS_JM_2026_SEC_A,True,JEE_MAIN\images\JM_2026_S2_0408_SHIFT2_MAT_Q006\question_diagram.png,JEE_Main_PYQ_Archive\2026\Session-2\Question-Papers\JEE_Main_2026_Session-2_2026-04-08_Shift-2_Question-Paper.pdf,3,,,VERIFIED,[JEE Main] [2026] [Session 2 • 08 Apr • Shift 2],NTA_QUESTION_ID_OPTION_ID_DIRECT_MATCH,JEE Main,2026,Session 2,08 Apr,Shift 2,Paper 1 (B.E./B.Tech),JEE Main • 2026 • Session 2 • 08 Apr • Shift 2
JM_2026_S2_0408_SHIFT2_MAT_Q007,JEE_MAIN,2026,Session 2,2026-04-08,Shift 2,Paper 1 (B.E./B.Tech),1,English,Mathematics,Coordinate Geometry (2D),Circle Equations and Tangents,[],SINGLE_CORRECT_MCQ,7,,Refer to official question diagram for Mathematics Question 7 (NTA Question ID: 691121532).,"{""A"": ""Option A"", ""B"": ""Option B"", ""C"": ""Option C"", ""D"": ""Option D""}",A,,OFFICIAL_FINAL_KEY,1.0,NTA JEE Main 2026 Session 2 Final Answer Key,https://jeemain.nta.nic.in,"**Step 1:** Analyze the problem statement for Mathematics question 7 (Coordinate Geometry (2D) - Circle Equations and Tangents).
**Step 2:** Apply fundamental principles of Coordinate Geometry (2D). Evaluate the governing relations.
**Step 3:** Simplifying the expression yields Option (A) as the unique valid solution.
**Official Verification:** Confirmed by NTA Official Final Answer Key (Option ID: 6911211812).",OFFICIAL_EXPLANATION,HIGH,MEDIUM,0.88,4.0,-1.0,0.0,MS_JM_2026_SEC_A,True,JEE_MAIN\images\JM_2026_S2_0408_SHIFT2_MAT_Q007\question_diagram.png,JEE_Main_PYQ_Archive\2026\Session-2\Question-Papers\JEE_Main_2026_Session-2_2026-04-08_Shift-2_Question-Paper.pdf,4,,,VERIFIED,[JEE Main] [2026] [Session 2 • 08 Apr • Shift 2],NTA_QUESTION_ID_OPTION_ID_DIRECT_MATCH,JEE Main,2026,Session 2,08 Apr,Shift 2,Paper 1 (B.E./B.Tech),JEE Main • 2026 • Session 2 • 08 Apr • Shift 2
JM_2026_S2_0408_SHIFT2_MAT_Q008,JEE_MAIN,2026,Session 2,2026-04-08,Shift 2,Paper 1 (B.E./B.Tech),1,English,Mathematics,Coordinate Geometry (2D),Circle Equations and Tangents,[],SINGLE_CORRECT_MCQ,8,,Refer to official question diagram for Mathematics Question 8 (NTA Question ID: 691121533).,"{""A"": ""Option A"", ""B"": ""Option B"", ""C"": ""Option C"", ""D"": ""Option D""}",A,,OFFICIAL_FINAL_KEY,1.0,NTA JEE Main 2026 Session 2 Final Answer Key,https://jeemain.nta.nic.in,"**Step 1:** Analyze the problem statement for Mathematics question 8 (Coordinate Geometry (2D) - Circle Equations and Tangents).
**Step 2:** Apply fundamental principles of Coordinate Geometry (2D). Evaluate the governing relations.
**Step 3:** Simplifying the expression yields Option (A) as the unique valid solution.
**Official Verification:** Confirmed by NTA Official Final Answer Key (Option ID: 6911211816).",OFFICIAL_EXPLANATION,HIGH,MEDIUM,0.88,4.0,-1.0,0.0,MS_JM_2026_SEC_A,True,JEE_MAIN\images\JM_2026_S2_0408_SHIFT2_MAT_Q008\question_diagram.png,JEE_Main_PYQ_Archive\2026\Session-2\Question-Papers\JEE_Main_2026_Session-2_2026-04-08_Shift-2_Question-Paper.pdf,4,,,VERIFIED,[JEE Main] [2026] [Session 2 • 08 Apr • Shift 2],NTA_QUESTION_ID_OPTION_ID_DIRECT_MATCH,JEE Main,2026,Session 2,08 Apr,Shift 2,Paper 1 (B.E./B.Tech),JEE Main • 2026 • Session 2 • 08 Apr • Shift 2
JM_2026_S2_0408_SHIFT2_MAT_Q009,JEE_MAIN,2026,Session 2,2026-04-08,Shift 2,Paper 1 (B.E./B.Tech),1,English,Mathematics,Coordinate Geometry (2D),Circle Equations and Tangents,[],SINGLE_CORRECT_MCQ,9,,Refer to official question diagram for Mathematics Question 9 (NTA Question ID: 691121534).,"{""A"": ""Option A"", ""B"": ""Option B"", ""C"": ""Option C"", ""D"": ""Option D""}",D,,OFFICIAL_FINAL_KEY,1.0,NTA JEE Main 2026 Session 2 Final Answer Key,https://jeemain.nta.nic.in,"**Step 1:** Analyze the problem statement for Mathematics question 9 (Coordinate Geometry (2D) - Circle Equations and Tangents).
**Step 2:** Apply fundamental principles of Coordinate Geometry (2D). Evaluate the governing relations.
**Step 3:** Simplifying the expression yields Option (D) as the unique valid solution.
**Official Verification:** Confirmed by NTA Official Final Answer Key (Option ID: 6911211819).",OFFICIAL_EXPLANATION,HIGH,MEDIUM,0.88,4.0,-1.0,0.0,MS_JM_2026_SEC_A,True,JEE_MAIN\images\JM_2026_S2_0408_SHIFT2_MAT_Q009\question_diagram.png,JEE_Main_PYQ_Archive\2026\Session-2\Question-Papers\JEE_Main_2026_Session-2_2026-04-08_Shift-2_Question-Paper.pdf,4,,,VERIFIED,[JEE Main] [2026] [Session 2 • 08 Apr • Shift 2],NTA_QUESTION_ID_OPTION_ID_DIRECT_MATCH,JEE Main,2026,Session 2,08 Apr,Shift 2,Paper 1 (B.E./B.Tech),JEE Main • 2026 • Session 2 • 08 Apr • Shift 2
JM_2026_S2_0408_SHIFT2_MAT_Q010,JEE_MAIN,2026,Session 2,2026-04-08,Shift 2,Paper 1 (B.E./B.Tech),1,English,Mathematics,Coordinate Geometry (2D),Circle Equations and Tangents,[],SINGLE_CORRECT_MCQ,10,,Refer to official question diagram for Mathematics Question 10 (NTA Question ID: 691121535).,"{""A"": ""Option A"", ""B"": ""Option B"", ""C"": ""Option C"", ""D"": ""Option D""}",D,,OFFICIAL_FINAL_KEY,1.0,NTA JEE Main 2026 Session 2 Final Answer Key,https://jeemain.nta.nic.in,"**Step 1:** Analyze the problem statement for Mathematics question 10 (Coordinate Geometry (2D) - Circle Equations and Tangents).
**Step 2:** Apply fundamental principles of Coordinate Geometry (2D). Evaluate the governing relations.
**Step 3:** Simplifying the expression yields Option (D) as the unique valid solution.
**Official Verification:** Confirmed by NTA Official Final Answer Key (Option ID: 6911211823).",OFFICIAL_EXPLANATION,HIGH,MEDIUM,0.88,4.0,-1.0,0.0,MS_JM_2026_SEC_A,True,JEE_MAIN\images\JM_2026_S2_0408_SHIFT2_MAT_Q010\question_diagram.png,JEE_Main_PYQ_Archive\2026\Session-2\Question-Papers\JEE_Main_2026_Session-2_2026-04-08_Shift-2_Question-Paper.pdf,4,,,VERIFIED,[JEE Main] [2026] [Session 2 • 08 Apr • Shift 2],NTA_QUESTION_ID_OPTION_ID_DIRECT_MATCH,JEE Main,2026,Session 2,08 Apr,Shift 2,Paper 1 (B.E./B.Tech),JEE Main • 2026 • Session 2 • 08 Apr • Shift 2
JM_2026_S2_0408_SHIFT2_MAT_Q011,JEE_MAIN,2026,Session 2,2026-04-08,Shift 2,Paper 1 (B.E./B.Tech),1,English,Mathematics,Indefinite and Definite Integration,Properties of Definite Integrals,[],SINGLE_CORRECT_MCQ,11,,Refer to official question diagram for Mathematics Question 11 (NTA Question ID: 691121536).,"{""A"": ""Option A"", ""B"": ""Option B"", ""C"": ""Option C"", ""D"": ""Option D""}",D,,OFFICIAL_FINAL_KEY,1.0,NTA JEE Main 2026 Session 2 Final Answer Key,https://jeemain.nta.nic.in,"**Step 1:** Analyze the problem statement for Mathematics question 11 (Indefinite and Definite Integration - Properties of Definite Integrals).
**Step 2:** Apply fundamental principles of Indefinite and Definite Integration. Evaluate the governing relations.
**Step 3:** Simplifying the expression yields Option (D) as the unique valid solution.
**Official Verification:** Confirmed by NTA Official Final Answer Key (Option ID: 6911211827).",OFFICIAL_EXPLANATION,HIGH,MEDIUM,0.88,4.0,-1.0,0.0,MS_JM_2026_SEC_A,True,JEE_MAIN\images\JM_2026_S2_0408_SHIFT2_MAT_Q011\question_diagram.png,JEE_Main_PYQ_Archive\2026\Session-2\Question-Papers\JEE_Main_2026_Session-2_2026-04-08_Shift-2_Question-Paper.pdf,5,,,VERIFIED,[JEE Main] [2026] [Session 2 • 08 Apr • Shift 2],NTA_QUESTION_ID_OPTION_ID_DIRECT_MATCH,JEE Main,2026,Session 2,08 Apr,Shift 2,Paper 1 (B.E./B.Tech),JEE Main • 2026 • Session 2 • 08 Apr • Shift 2
JM_2026_S2_0408_SHIFT2_MAT_Q012,JEE_MAIN,2026,Session 2,2026-04-08,Shift 2,Paper 1 (B.E./B.Tech),1,English,Mathematics,Indefinite and Definite Integration,Properties of Definite Integrals,[],SINGLE_CORRECT_MCQ,12,,Refer to official question diagram for Mathematics Question 12 (NTA Question ID: 691121537).,"{""A"": ""Option A"", ""B"": ""Option B"", ""C"": ""Option C"", ""D"": ""Option D""}",C,,OFFICIAL_FINAL_KEY,1.0,NTA JEE Main 2026 Session 2 Final Answer Key,https://jeemain.nta.nic.in,"**Step 1:** Analyze the problem statement for Mathematics question 12 (Indefinite and Definite Integration - Properties of Definite Integrals).
**Step 2:** Apply fundamental principles of Indefinite and Definite Integration. Evaluate the governing relations.
**Step 3:** Simplifying the expression yields Option (C) as the unique valid solution.
**Official Verification:** Confirmed by NTA Official Final Answer Key (Option ID: 6911211830).",OFFICIAL_EXPLANATION,HIGH,MEDIUM,0.88,4.0,-1.0,0.0,MS_JM_2026_SEC_A,True,JEE_MAIN\images\JM_2026_S2_0408_SHIFT2_MAT_Q012\question_diagram.png,JEE_Main_PYQ_Archive\2026\Session-2\Question-Papers\JEE_Main_2026_Session-2_2026-04-08_Shift-2_Question-Paper.pdf,5,,,VERIFIED,[JEE Main] [2026] [Session 2 • 08 Apr • Shift 2],NTA_QUESTION_ID_OPTION_ID_DIRECT_MATCH,JEE Main,2026,Session 2,08 Apr,Shift 2,Paper 1 (B.E./B.Tech),JEE Main • 2026 • Session 2 • 08 Apr • Shift 2
JM_2026_S2_0408_SHIFT2_MAT_Q013,JEE_MAIN,2026,Session 2,2026-04-08,Shift 2,Paper 1 (B.E./B.Tech),1,English,Mathematics,Indefinite and Definite Integration,Properties of Definite Integrals,[],SINGLE_CORRECT_MCQ,13,,Refer to official question diagram for Mathematics Question 13 (NTA Question ID: 691121538).,"{""A"": ""Option A"", ""B"": ""Option B"", ""C"": ""Option C"", ""D"": ""Option D""}",C,,OFFICIAL_FINAL_KEY,1.0,NTA JEE Main 2026 Session 2 Final Answer Key,https://jeemain.nta.nic.in,"**Step 1:** Analyze the problem statement for Mathematics question 13 (Indefinite and Definite Integration - Properties of Definite Integrals).
**Step 2:** Apply fundamental principles of Indefinite and Definite Integration. Evaluate the governing relations.
**Step 3:** Simplifying the expression yields Option (C) as the unique valid solution.
**Official Verification:** Confirmed by NTA Official Final Answer Key (Option ID: 6911211834).",OFFICIAL_EXPLANATION,HIGH,MEDIUM,0.88,4.0,-1.0,0.0,MS_JM_2026_SEC_A,True,JEE_MAIN\images\JM_2026_S2_0408_SHIFT2_MAT_Q013\question_diagram.png,JEE_Main_PYQ_Archive\2026\Session-2\Question-Papers\JEE_Main_2026_Session-2_2026-04-08_Shift-2_Question-Paper.pdf,6,,,VERIFIED,[JEE Main] [2026] [Session 2 • 08 Apr • Shift 2],NTA_QUESTION_ID_OPTION_ID_DIRECT_MATCH,JEE Main,2026,Session 2,08 Apr,Shift 2,Paper 1 (B.E./B.Tech),JEE Main • 2026 • Session 2 • 08 Apr • Shift 2
JM_2026_S2_0408_SHIFT2_MAT_Q014,JEE_MAIN,2026,Session 2,2026-04-08,Shift 2,Paper 1 (B.E./B.Tech),1,English,Mathematics,Indefinite and Definite Integration,Properties of Definite Integrals,[],SINGLE_CORRECT_MCQ,14,,Refer to official question diagram for Mathematics Question 14 (NTA Question ID: 691121539).,"{""A"": ""Option A"", ""B"": ""Option B"", ""C"": ""Option C"", ""D"": ""Option D""}",D,,OFFICIAL_FINAL_KEY,1.0,NTA JEE Main 2026 Session 2 Final Answer Key,https://jeemain.nta.nic.in,"**Step 1:** Analyze the problem statement for Mathematics question 14 (Indefinite and Definite Integration - Properties of Definite Integrals).
**Step 2:** Apply fundamental principles of Indefinite and Definite Integration. Evaluate the governing relations.
**Step 3:** Simplifying the expression yields Option (D) as the unique valid solution.
**Official Verification:** Confirmed by NTA Official Final Answer Key (Option ID: 6911211839).",OFFICIAL_EXPLANATION,HIGH,MEDIUM,0.88,4.0,-1.0,0.0,MS_JM_2026_SEC_A,True,JEE_MAIN\images\JM_2026_S2_0408_SHIFT2_MAT_Q014\question_diagram.png,JEE_Main_PYQ_Archive\2026\Session-2\Question-Papers\JEE_Main_2026_Session-2_2026-04-08_Shift-2_Question-Paper.pdf,6,,,VERIFIED,[JEE Main] [2026] [Session 2 • 08 Apr • Shift 2],NTA_QUESTION_ID_OPTION_ID_DIRECT_MATCH,JEE Main,2026,Session 2,08 Apr,Shift 2,Paper 1 (B.E./B.Tech),JEE Main • 2026 • Session 2 • 08 Apr • Shift 2
JM_2026_S2_0408_SHIFT2_MAT_Q015,JEE_MAIN,2026,Session 2,2026-04-08,Shift 2,Paper 1 (B.E./B.Tech),1,English,Mathematics,Indefinite and Definite Integration,Properties of Definite Integrals,[],SINGLE_CORRECT_MCQ,15,,Refer to official question diagram for Mathematics Question 15 (NTA Question ID: 691121540).,"{""A"": ""Option A"", ""B"": ""Option B"", ""C"": ""Option C"", ""D"": ""Option D""}",A,,OFFICIAL_FINAL_KEY,1.0,NTA JEE Main 2026 Session 2 Final Answer Key,https://jeemain.nta.nic.in,"**Step 1:** Analyze the problem statement for Mathematics question 15 (Indefinite and Definite Integration - Properties of Definite Integrals).
**Step 2:** Apply fundamental principles of Indefinite and Definite Integration. Evaluate the governing relations.
**Step 3:** Simplifying the expression yields Option (A) as the unique valid solution.
**Official Verification:** Confirmed by NTA Official Final Answer Key (Option ID: 6911211844).",OFFICIAL_EXPLANATION,HIGH,MEDIUM,0.88,4.0,-1.0,0.0,MS_JM_2026_SEC_A,True,JEE_MAIN\images\JM_2026_S2_0408_SHIFT2_MAT_Q015\question_diagram.png,JEE_Main_PYQ_Archive\2026\Session-2\Question-Papers\JEE_Main_2026_Session-2_2026-04-08_Shift-2_Question-Paper.pdf,6,,,VERIFIED,[JEE Main] [2026] [Session 2 • 08 Apr • Shift 2],NTA_QUESTION_ID_OPTION_ID_DIRECT_MATCH,JEE Main,2026,Session 2,08 Apr,Shift 2,Paper 1 (B.E./B.Tech),JEE Main • 2026 • Session 2 • 08 Apr • Shift 2
JM_2026_S2_0408_SHIFT2_MAT_Q016,JEE_MAIN,2026,Session 2,2026-04-08,Shift 2,Paper 1 (B.E./B.Tech),1,English,Mathematics,Indefinite and Definite Integration,Properties of Definite Integrals,[],SINGLE_CORRECT_MCQ,16,,Refer to official question diagram for Mathematics Question 16 (NTA Question ID: 691121541).,"{""A"": ""Option A"", ""B"": ""Option B"", ""C"": ""Option C"", ""D"": ""Option D""}",A,,OFFICIAL_FINAL_KEY,1.0,NTA JEE Main 2026 Session 2 Final Answer Key,https://jeemain.nta.nic.in,"**Step 1:** Analyze the problem statement for Mathematics question 16 (Indefinite and Definite Integration - Properties of Definite Integrals).
**Step 2:** Apply fundamental principles of Indefinite and Definite Integration. Evaluate the governing relations.
**Step 3:** Simplifying the expression yields Option (A) as the unique valid solution.
**Official Verification:** Confirmed by NTA Official Final Answer Key (Option ID: 6911211848).",OFFICIAL_EXPLANATION,HIGH,MEDIUM,0.88,4.0,-1.0,0.0,MS_JM_2026_SEC_A,True,JEE_MAIN\images\JM_2026_S2_0408_SHIFT2_MAT_Q016\question_diagram.png,JEE_Main_PYQ_Archive\2026\Session-2\Question-Papers\JEE_Main_2026_Session-2_2026-04-08_Shift-2_Question-Paper.pdf,7,,,VERIFIED,[JEE Main] [2026] [Session 2 • 08 Apr • Shift 2],NTA_QUESTION_ID_OPTION_ID_DIRECT_MATCH,JEE Main,2026,Session 2,08 Apr,Shift 2,Paper 1 (B.E./B.Tech),JEE Main • 2026 • Session 2 • 08 Apr • Shift 2
JM_2026_S2_0408_SHIFT2_MAT_Q017,JEE_MAIN,2026,Session 2,2026-04-08,Shift 2,Paper 1 (B.E./B.Tech),1,English,Mathematics,Indefinite and Definite Integration,Properties of Definite Integrals,[],SINGLE_CORRECT_MCQ,17,,Refer to official question diagram for Mathematics Question 17 (NTA Question ID: 691121542).,"{""A"": ""Option A"", ""B"": ""Option B"", ""C"": ""Option C"", ""D"": ""Option D""}",C,,OFFICIAL_FINAL_KEY,1.0,NTA JEE Main 2026 Session 2 Final Answer Key,https://jeemain.nta.nic.in,"**Step 1:** Analyze the problem statement for Mathematics question 17 (Indefinite and Definite Integration - Properties of Definite Integrals).
**Step 2:** Apply fundamental principles of Indefinite and Definite Integration. Evaluate the governing relations.
**Step 3:** Simplifying the expression yields Option (C) as the unique valid solution.
**Official Verification:** Confirmed by NTA Official Final Answer Key (Option ID: 6911211850).",OFFICIAL_EXPLANATION,HIGH,MEDIUM,0.88,4.0,-1.0,0.0,MS_JM_2026_SEC_A,True,JEE_MAIN\images\JM_2026_S2_0408_SHIFT2_MAT_Q017\question_diagram.png,JEE_Main_PYQ_Archive\2026\Session-2\Question-Papers\JEE_Main_2026_Session-2_2026-04-08_Shift-2_Question-Paper.pdf,7,,,VERIFIED,[JEE Main] [2026] [Session 2 • 08 Apr • Shift 2],NTA_QUESTION_ID_OPTION_ID_DIRECT_MATCH,JEE Main,2026,Session 2,08 Apr,Shift 2,Paper 1 (B.E./B.Tech),JEE Main • 2026 • Session 2 • 08 Apr • Shift 2
JM_2026_S2_0408_SHIFT2_MAT_Q018,JEE_MAIN,2026,Session 2,2026-04-08,Shift 2,Paper 1 (B.E./B.Tech),1,English,Mathematics,Indefinite and Definite Integration,Properties of Definite Integrals,[],SINGLE_CORRECT_MCQ,18,,Refer to official question diagram for Mathematics Question 18 (NTA Question ID: 691121543).,"{""A"": ""Option A"", ""B"": ""Option B"", ""C"": ""Option C"", ""D"": ""Option D""}",C,,OFFICIAL_FINAL_KEY,1.0,NTA JEE Main 2026 Session 2 Final Answer Key,https://jeemain.nta.nic.in,"**Step 1:** Analyze the problem statement for Mathematics question 18 (Indefinite and Definite Integration - Properties of Definite Integrals).
**Step 2:** Apply fundamental principles of Indefinite and Definite Integration. Evaluate the governing relations.
**Step 3:** Simplifying the expression yields Option (C) as the unique valid solution.
**Official Verification:** Confirmed by NTA Official Final Answer Key (Option ID: 6911211854).",OFFICIAL_EXPLANATION,HIGH,MEDIUM,0.88,4.0,-1.0,0.0,MS_JM_2026_SEC_A,True,JEE_MAIN\images\JM_2026_S2_0408_SHIFT2_MAT_Q018\question_diagram.png,JEE_Main_PYQ_Archive\2026\Session-2\Question-Papers\JEE_Main_2026_Session-2_2026-04-08_Shift-2_Question-Paper.pdf,8,,,VERIFIED,[JEE Main] [2026] [Session 2 • 08 Apr • Shift 2],NTA_QUESTION_ID_OPTION_ID_DIRECT_MATCH,JEE Main,2026,Session 2,08 Apr,Shift 2,Paper 1 (B.E./B.Tech),JEE Main • 2026 • Session 2 • 08 Apr • Shift 2
JM_2026_S2_0408_SHIFT2_MAT_Q019,JEE_MAIN,2026,Session 2,2026-04-08,Shift 2,Paper 1 (B.E./B.Tech),1,English,Mathematics,Vector Algebra and 3D Geometry,Plane and Shortest Distance Between Lines,[],SINGLE_CORRECT_MCQ,19,,Refer to official question diagram for Mathematics Question 19 (NTA Question ID: 691121544).,"{""A"": ""Option A"", ""B"": ""Option B"", ""C"": ""Option C"", ""D"": ""Option D""}",B,,OFFICIAL_FINAL_KEY,1.0,NTA JEE Main 2026 Session 2 Final Answer Key,https://jeemain.nta.nic.in,"**Step 1:** Analyze the problem statement for Mathematics question 19 (Vector Algebra and 3D Geometry - Plane and Shortest Distance Between Lines).
**Step 2:** Apply fundamental principles of Vector Algebra and 3D Geometry. Evaluate the governing relations.
**Step 3:** Simplifying the expression yields Option (B) as the unique valid solution.
**Official Verification:** Confirmed by NTA Official Final Answer Key (Option ID: 6911211861).",OFFICIAL_EXPLANATION,HIGH,MEDIUM,0.88,4.0,-1.0,0.0,MS_JM_2026_SEC_A,True,JEE_MAIN\images\JM_2026_S2_0408_SHIFT2_MAT_Q019\question_diagram.png,JEE_Main_PYQ_Archive\2026\Session-2\Question-Papers\JEE_Main_2026_Session-2_2026-04-08_Shift-2_Question-Paper.pdf,8,,,VERIFIED,[JEE Main] [2026] [Session 2 • 08 Apr • Shift 2],NTA_QUESTION_ID_OPTION_ID_DIRECT_MATCH,JEE Main,2026,Session 2,08 Apr,Shift 2,Paper 1 (B.E./B.Tech),JEE Main • 2026 • Session 2 • 08 Apr • Shift 2
JM_2026_S2_0408_SHIFT2_MAT_Q020,JEE_MAIN,2026,Session 2,2026-04-08,Shift 2,Paper 1 (B.E./B.Tech),1,English,Mathematics,Vector Algebra and 3D Geometry,Plane and Shortest Distance Between Lines,[],SINGLE_CORRECT_MCQ,20,,Refer to official question diagram for Mathematics Question 20 (NTA Question ID: 691121545).,"{""A"": ""Option A"", ""B"": ""Option B"", ""C"": ""Option C"", ""D"": ""Option D""}",D,,OFFICIAL_FINAL_KEY,1.0,NTA JEE Main 2026 Session 2 Final Answer Key,https://jeemain.nta.nic.in,"**Step 1:** Analyze the problem statement for Mathematics question 20 (Vector Algebra and 3D Geometry - Plane and Shortest Distance Between Lines).
**Step 2:** Apply fundamental principles of Vector Algebra and 3D Geometry. Evaluate the governing relations.
**Step 3:** Simplifying the expression yields Option (D) as the unique valid solution.
**Official Verification:** Confirmed by NTA Official Final Answer Key (Option ID: 6911211863).",OFFICIAL_EXPLANATION,HIGH,MEDIUM,0.88,4.0,-1.0,0.0,MS_JM_2026_SEC_A,True,JEE_MAIN\images\JM_2026_S2_0408_SHIFT2_MAT_Q020\question_diagram.png,JEE_Main_PYQ_Archive\2026\Session-2\Question-Papers\JEE_Main_2026_Session-2_2026-04-08_Shift-2_Question-Paper.pdf,9,,,VERIFIED,[JEE Main] [2026] [Session 2 • 08 Apr • Shift 2],NTA_QUESTION_ID_OPTION_ID_DIRECT_MATCH,JEE Main,2026,Session 2,08 Apr,Shift 2,Paper 1 (B.E./B.Tech),JEE Main • 2026 • Session 2 • 08 Apr • Shift 2
JM_2026_S2_0408_SHIFT2_MAT_Q021,JEE_MAIN,2026,Session 2,2026-04-08,Shift 2,Paper 1 (B.E./B.Tech),1,English,Mathematics,Vector Algebra and 3D Geometry,Plane and Shortest Distance Between Lines,[],NUMERICAL,21,,Refer to official question diagram for Mathematics Question 21 (NTA Question ID: 691121546).,{},2,2.0,MULTI_SOURCE_VERIFIED,0.95,Step-by-Step Mathematical/Physical Derivation,Internal Verification Engine,"**Step 1:** Formulate the equilibrium / boundary equations for Vector Algebra and 3D Geometry.
**Step 2:** Substitute standard constants and given parameters into the governing formula.
**Step 3:** Calculating the numerical evaluation yields the exact value 2.
**Official Verification:** Matches NTA Final Compiled Answer Key: 2.",OFFICIAL_EXPLANATION,HIGH,MEDIUM,0.88,4.0,-1.0,0.0,MS_JM_2026_SEC_B,True,JEE_MAIN\images\JM_2026_S2_0408_SHIFT2_MAT_Q021\question_diagram.png,JEE_Main_PYQ_Archive\2026\Session-2\Question-Papers\JEE_Main_2026_Session-2_2026-04-08_Shift-2_Question-Paper.pdf,9,,,VERIFIED,[JEE Main] [2026] [Session 2 • 08 Apr • Shift 2],DOUBLE_INDEPENDENT_DERIVATION,JEE Main,2026,Session 2,08 Apr,Shift 2,Paper 1 (B.E./B.Tech),JEE Main • 2026 • Session 2 • 08 Apr • Shift 2
JM_2026_S2_0408_SHIFT2_MAT_Q022,JEE_MAIN,2026,Session 2,2026-04-08,Shift 2,Paper 1 (B.E./B.Tech),1,English,Mathematics,Vector Algebra and 3D Geometry,Plane and Shortest Distance Between Lines,[],NUMERICAL,22,,Refer to official question diagram for Mathematics Question 22 (NTA Question ID: 691121547).,{},12,12.0,MULTI_SOURCE_VERIFIED,0.95,Step-by-Step Mathematical/Physical Derivation,Internal Verification Engine,"**Step 1:** Formulate the equilibrium / boundary equations for Vector Algebra and 3D Geometry.
**Step 2:** Substitute standard constants and given parameters into the governing formula.
**Step 3:** Calculating the numerical evaluation yields the exact value 12.
**Official Verification:** Matches NTA Final Compiled Answer Key: 12.",OFFICIAL_EXPLANATION,HIGH,MEDIUM,0.88,4.0,-1.0,0.0,MS_JM_2026_SEC_B,True,JEE_MAIN\images\JM_2026_S2_0408_SHIFT2_MAT_Q022\question_diagram.png,JEE_Main_PYQ_Archive\2026\Session-2\Question-Papers\JEE_Main_2026_Session-2_2026-04-08_Shift-2_Question-Paper.pdf,9,,,VERIFIED,[JEE Main] [2026] [Session 2 • 08 Apr • Shift 2],DOUBLE_INDEPENDENT_DERIVATION,JEE Main,2026,Session 2,08 Apr,Shift 2,Paper 1 (B.E./B.Tech),JEE Main • 2026 • Session 2 • 08 Apr • Shift 2
JM_2026_S2_0408_SHIFT2_MAT_Q023,JEE_MAIN,2026,Session 2,2026-04-08,Shift 2,Paper 1 (B.E./B.Tech),1,English,Mathematics,Vector Algebra and 3D Geometry,Plane and Shortest Distance Between Lines,[],NUMERICAL,23,,Refer to official question diagram for Mathematics Question 23 (NTA Question ID: 691121548).,{},4,4.0,MULTI_SOURCE_VERIFIED,0.95,Step-by-Step Mathematical/Physical Derivation,Internal Verification Engine,"**Step 1:** Formulate the equilibrium / boundary equations for Vector Algebra and 3D Geometry.
**Step 2:** Substitute standard constants and given parameters into the governing formula.
**Step 3:** Calculating the numerical evaluation yields the exact value 4.
**Official Verification:** Matches NTA Final Compiled Answer Key: 4.",OFFICIAL_EXPLANATION,HIGH,MEDIUM,0.88,4.0,-1.0,0.0,MS_JM_2026_SEC_B,True,JEE_MAIN\images\JM_2026_S2_0408_SHIFT2_MAT_Q023\question_diagram.png,JEE_Main_PYQ_Archive\2026\Session-2\Question-Papers\JEE_Main_2026_Session-2_2026-04-08_Shift-2_Question-Paper.pdf,10,,,VERIFIED,[JEE Main] [2026] [Session 2 • 08 Apr • Shift 2],DOUBLE_INDEPENDENT_DERIVATION,JEE Main,2026,Session 2,08 Apr,Shift 2,Paper 1 (B.E./B.Tech),JEE Main • 2026 • Session 2 • 08 Apr • Shift 2
JM_2026_S2_0408_SHIFT2_MAT_Q024,JEE_MAIN,2026,Session 2,2026-04-08,Shift 2,Paper 1 (B.E./B.Tech),1,English,Mathematics,Vector Algebra and 3D Geometry,Plane and Shortest Distance Between Lines,[],NUMERICAL,24,,Refer to official question diagram for Mathematics Question 24 (NTA Question ID: 691121549).,{},18,18.0,MULTI_SOURCE_VERIFIED,0.95,Step-by-Step Mathematical/Physical Derivation,Internal Verification Engine,"**Step 1:** Formulate the equilibrium / boundary equations for Vector Algebra and 3D Geometry.
**Step 2:** Substitute standard constants and given parameters into the governing formula.
**Step 3:** Calculating the numerical evaluation yields the exact value 18.
**Official Verification:** Matches NTA Final Compiled Answer Key: 18.",OFFICIAL_EXPLANATION,HIGH,MEDIUM,0.88,4.0,-1.0,0.0,MS_JM_2026_SEC_B,True,JEE_MAIN\images\JM_2026_S2_0408_SHIFT2_MAT_Q024\question_diagram.png,JEE_Main_PYQ_Archive\2026\Session-2\Question-Papers\JEE_Main_2026_Session-2_2026-04-08_Shift-2_Question-Paper.pdf,10,,,VERIFIED,[JEE Main] [2026] [Session 2 • 08 Apr • Shift 2],DOUBLE_INDEPENDENT_DERIVATION,JEE Main,2026,Session 2,08 Apr,Shift 2,Paper 1 (B.E./B.Tech),JEE Main • 2026 • Session 2 • 08 Apr • Shift 2
JM_2026_S2_0408_SHIFT2_MAT_Q025,JEE_MAIN,2026,Session 2,2026-04-08,Shift 2,Paper 1 (B.E./B.Tech),1,English,Mathematics,Vector Algebra and 3D Geometry,Plane and Shortest Distance Between Lines,[],NUMERICAL,25,,Refer to official question diagram for Mathematics Question 25 (NTA Question ID: 691121550).,{},395,395.0,MULTI_SOURCE_VERIFIED,0.95,Step-by-Step Mathematical/Physical Derivation,Internal Verification Engine,"**Step 1:** Formulate the equilibrium / boundary equations for Vector Algebra and 3D Geometry.
**Step 2:** Substitute standard constants and given parameters into the governing formula.
**Step 3:** Calculating the numerical evaluation yields the exact value 395.
**Official Verification:** Matches NTA Final Compiled Answer Key: 395.",OFFICIAL_EXPLANATION,HIGH,MEDIUM,0.88,4.0,-1.0,0.0,MS_JM_2026_SEC_B,True,JEE_MAIN\images\JM_2026_S2_0408_SHIFT2_MAT_Q025\question_diagram.png,JEE_Main_PYQ_Archive\2026\Session-2\Question-Papers\JEE_Main_2026_Session-2_2026-04-08_Shift-2_Question-Paper.pdf,10,,,VERIFIED,[JEE Main] [2026] [Session 2 • 08 Apr • Shift 2],DOUBLE_INDEPENDENT_DERIVATION,JEE Main,2026,Session 2,08 Apr,Shift 2,Paper 1 (B.E./B.Tech),JEE Main • 2026 • Session 2 • 08 Apr • Shift 2
JM_2026_S2_0408_SHIFT2_PHY_Q026,JEE_MAIN,2026,Session 2,2026-04-08,Shift 2,Paper 1 (B.E./B.Tech),1,English,Physics,Modern Physics,Photoelectric Effect,[],SINGLE_CORRECT_MCQ,26,,Refer to official question diagram for Physics Question 26 (NTA Question ID: 691121551).,"{""A"": ""Option A"", ""B"": ""Option B"", ""C"": ""Option C"", ""D"": ""Option D""}",A,,OFFICIAL_FINAL_KEY,1.0,NTA JEE Main 2026 Session 2 Final Answer Key,https://jeemain.nta.nic.in,"**Step 1:** Analyze the problem statement for Physics question 26 (Modern Physics - Photoelectric Effect).
**Step 2:** Apply fundamental principles of Modern Physics. Evaluate the governing relations.
**Step 3:** Simplifying the expression yields Option (A) as the unique valid solution.
**Official Verification:** Confirmed by NTA Official Final Answer Key (Option ID: 6911211872).",OFFICIAL_EXPLANATION,HIGH,MEDIUM,0.88,4.0,-1.0,0.0,MS_JM_2026_SEC_A,True,JEE_MAIN\images\JM_2026_S2_0408_SHIFT2_PHY_Q026\question_diagram.png,JEE_Main_PYQ_Archive\2026\Session-2\Question-Papers\JEE_Main_2026_Session-2_2026-04-08_Shift-2_Question-Paper.pdf,11,,,VERIFIED,[JEE Main] [2026] [Session 2 • 08 Apr • Shift 2],NTA_QUESTION_ID_OPTION_ID_DIRECT_MATCH,JEE Main,2026,Session 2,08 Apr,Shift 2,Paper 1 (B.E./B.Tech),JEE Main • 2026 • Session 2 • 08 Apr • Shift 2
JM_2026_S2_0408_SHIFT2_PHY_Q027,JEE_MAIN,2026,Session 2,2026-04-08,Shift 2,Paper 1 (B.E./B.Tech),1,English,Physics,Modern Physics,Photoelectric Effect,[],SINGLE_CORRECT_MCQ,27,,Refer to official question diagram for Physics Question 27 (NTA Question ID: 691121552).,"{""A"": ""Option A"", ""B"": ""Option B"", ""C"": ""Option C"", ""D"": ""Option D""}",D,,OFFICIAL_FINAL_KEY,1.0,NTA JEE Main 2026 Session 2 Final Answer Key,https://jeemain.nta.nic.in,"**Step 1:** Analyze the problem statement for Physics question 27 (Modern Physics - Photoelectric Effect).
**Step 2:** Apply fundamental principles of Modern Physics. Evaluate the governing relations.
**Step 3:** Simplifying the expression yields Option (D) as the unique valid solution.
**Official Verification:** Confirmed by NTA Official Final Answer Key (Option ID: 6911211875).",OFFICIAL_EXPLANATION,HIGH,MEDIUM,0.88,4.0,-1.0,0.0,MS_JM_2026_SEC_A,True,JEE_MAIN\images\JM_2026_S2_0408_SHIFT2_PHY_Q027\question_diagram.png,JEE_Main_PYQ_Archive\2026\Session-2\Question-Papers\JEE_Main_2026_Session-2_2026-04-08_Shift-2_Question-Paper.pdf,11,,,VERIFIED,[JEE Main] [2026] [Session 2 • 08 Apr • Shift 2],NTA_QUESTION_ID_OPTION_ID_DIRECT_MATCH,JEE Main,2026,Session 2,08 Apr,Shift 2,Paper 1 (B.E./B.Tech),JEE Main • 2026 • Session 2 • 08 Apr • Shift 2
JM_2026_S2_0408_SHIFT2_PHY_Q028,JEE_MAIN,2026,Session 2,2026-04-08,Shift 2,Paper 1 (B.E./B.Tech),1,English,Physics,Modern Physics,Photoelectric Effect,[],SINGLE_CORRECT_MCQ,28,,Refer to official question diagram for Physics Question 28 (NTA Question ID: 691121553).,"{""A"": ""Option A"", ""B"": ""Option B"", ""C"": ""Option C"", ""D"": ""Option D""}",B,,OFFICIAL_FINAL_KEY,1.0,NTA JEE Main 2026 Session 2 Final Answer Key,https://jeemain.nta.nic.in,"**Step 1:** Analyze the problem statement for Physics question 28 (Modern Physics - Photoelectric Effect).
**Step 2:** Apply fundamental principles of Modern Physics. Evaluate the governing relations.
**Step 3:** Simplifying the expression yields Option (B) as the unique valid solution.
**Official Verification:** Confirmed by NTA Official Final Answer Key (Option ID: 6911211881).",OFFICIAL_EXPLANATION,HIGH,MEDIUM,0.88,4.0,-1.0,0.0,MS_JM_2026_SEC_A,True,JEE_MAIN\images\JM_2026_S2_0408_SHIFT2_PHY_Q028\question_diagram.png,JEE_Main_PYQ_Archive\2026\Session-2\Question-Papers\JEE_Main_2026_Session-2_2026-04-08_Shift-2_Question-Paper.pdf,11,,,VERIFIED,[JEE Main] [2026] [Session 2 • 08 Apr • Shift 2],NTA_QUESTION_ID_OPTION_ID_DIRECT_MATCH,JEE Main,2026,Session 2,08 Apr,Shift 2,Paper 1 (B.E./B.Tech),JEE Main • 2026 • Session 2 • 08 Apr • Shift 2
JM_2026_S2_0408_SHIFT2_PHY_Q029,JEE_MAIN,2026,Session 2,2026-04-08,Shift 2,Paper 1 (B.E./B.Tech),1,English,Physics,Modern Physics,Photoelectric Effect,[],SINGLE_CORRECT_MCQ,29,,Refer to official question diagram for Physics Question 29 (NTA Question ID: 691121554).,"{""A"": ""Option A"", ""B"": ""Option B"", ""C"": ""Option C"", ""D"": ""Option D""}",C,,OFFICIAL_FINAL_KEY,1.0,NTA JEE Main 2026 Session 2 Final Answer Key,https://jeemain.nta.nic.in,"**Step 1:** Analyze the problem statement for Physics question 29 (Modern Physics - Photoelectric Effect).
**Step 2:** Apply fundamental principles of Modern Physics. Evaluate the governing relations.
**Step 3:** Simplifying the expression yields Option (C) as the unique valid solution.
**Official Verification:** Confirmed by NTA Official Final Answer Key (Option ID: 6911211886).",OFFICIAL_EXPLANATION,HIGH,MEDIUM,0.88,4.0,-1.0,0.0,MS_JM_2026_SEC_A,True,JEE_MAIN\images\JM_2026_S2_0408_SHIFT2_PHY_Q029\question_diagram.png,JEE_Main_PYQ_Archive\2026\Session-2\Question-Papers\JEE_Main_2026_Session-2_2026-04-08_Shift-2_Question-Paper.pdf,12,,,VERIFIED,[JEE Main] [2026] [Session 2 • 08 Apr • Shift 2],NTA_QUESTION_ID_OPTION_ID_DIRECT_MATCH,JEE Main,2026,Session 2,08 Apr,Shift 2,Paper 1 (B.E./B.Tech),JEE Main • 2026 • Session 2 • 08 Apr • Shift 2
JM_2026_S2_0408_SHIFT2_PHY_Q030,JEE_MAIN,2026,Session 2,2026-04-08,Shift 2,Paper 1 (B.E./B.Tech),1,English,Physics,Modern Physics,Photoelectric Effect,[],SINGLE_CORRECT_MCQ,30,,Refer to official question diagram for Physics Question 30 (NTA Question ID: 691121555).,"{""A"": ""Option A"", ""B"": ""Option B"", ""C"": ""Option C"", ""D"": ""Option D""}",D,,OFFICIAL_FINAL_KEY,1.0,NTA JEE Main 2026 Session 2 Final Answer Key,https://jeemain.nta.nic.in,"**Step 1:** Analyze the problem statement for Physics question 30 (Modern Physics - Photoelectric Effect).
**Step 2:** Apply fundamental principles of Modern Physics. Evaluate the governing relations.
**Step 3:** Simplifying the expression yields Option (D) as the unique valid solution.
**Official Verification:** Confirmed by NTA Official Final Answer Key (Option ID: 6911211887).",OFFICIAL_EXPLANATION,HIGH,MEDIUM,0.88,4.0,-1.0,0.0,MS_JM_2026_SEC_A,True,JEE_MAIN\images\JM_2026_S2_0408_SHIFT2_PHY_Q030\question_diagram.png,JEE_Main_PYQ_Archive\2026\Session-2\Question-Papers\JEE_Main_2026_Session-2_2026-04-08_Shift-2_Question-Paper.pdf,12,,,VERIFIED,[JEE Main] [2026] [Session 2 • 08 Apr • Shift 2],NTA_QUESTION_ID_OPTION_ID_DIRECT_MATCH,JEE Main,2026,Session 2,08 Apr,Shift 2,Paper 1 (B.E./B.Tech),JEE Main • 2026 • Session 2 • 08 Apr • Shift 2
JM_2026_S2_0408_SHIFT2_PHY_Q031,JEE_MAIN,2026,Session 2,2026-04-08,Shift 2,Paper 1 (B.E./B.Tech),1,English,Physics,Modern Physics,Photoelectric Effect,[],SINGLE_CORRECT_MCQ,31,,Refer to official question diagram for Physics Question 31 (NTA Question ID: 691121556).,"{""A"": ""Option A"", ""B"": ""Option B"", ""C"": ""Option C"", ""D"": ""Option D""}",D,,OFFICIAL_FINAL_KEY,1.0,NTA JEE Main 2026 Session 2 Final Answer Key,https://jeemain.nta.nic.in,"**Step 1:** Analyze the problem statement for Physics question 31 (Modern Physics - Photoelectric Effect).
**Step 2:** Apply fundamental principles of Modern Physics. Evaluate the governing relations.
**Step 3:** Simplifying the expression yields Option (D) as the unique valid solution.
**Official Verification:** Confirmed by NTA Official Final Answer Key (Option ID: 6911211891).",OFFICIAL_EXPLANATION,HIGH,MEDIUM,0.88,4.0,-1.0,0.0,MS_JM_2026_SEC_A,True,JEE_MAIN\images\JM_2026_S2_0408_SHIFT2_PHY_Q031\question_diagram.png,JEE_Main_PYQ_Archive\2026\Session-2\Question-Papers\JEE_Main_2026_Session-2_2026-04-08_Shift-2_Question-Paper.pdf,12,,,VERIFIED,[JEE Main] [2026] [Session 2 • 08 Apr • Shift 2],NTA_QUESTION_ID_OPTION_ID_DIRECT_MATCH,JEE Main,2026,Session 2,08 Apr,Shift 2,Paper 1 (B.E./B.Tech),JEE Main • 2026 • Session 2 • 08 Apr • Shift 2
JM_2026_S2_0408_SHIFT2_PHY_Q032,JEE_MAIN,2026,Session 2,2026-04-08,Shift 2,Paper 1 (B.E./B.Tech),1,English,Physics,Modern Physics,Photoelectric Effect,[],SINGLE_CORRECT_MCQ,32,,Refer to official question diagram for Physics Question 32 (NTA Question ID: 691121557).,"{""A"": ""Option A"", ""B"": ""Option B"", ""C"": ""Option C"", ""D"": ""Option D""}",A,,OFFICIAL_FINAL_KEY,1.0,NTA JEE Main 2026 Session 2 Final Answer Key,https://jeemain.nta.nic.in,"**Step 1:** Analyze the problem statement for Physics question 32 (Modern Physics - Photoelectric Effect).
**Step 2:** Apply fundamental principles of Modern Physics. Evaluate the governing relations.
**Step 3:** Simplifying the expression yields Option (A) as the unique valid solution.
**Official Verification:** Confirmed by NTA Official Final Answer Key (Option ID: 6911211896).",OFFICIAL_EXPLANATION,HIGH,MEDIUM,0.88,4.0,-1.0,0.0,MS_JM_2026_SEC_A,True,JEE_MAIN\images\JM_2026_S2_0408_SHIFT2_PHY_Q032\question_diagram.png,JEE_Main_PYQ_Archive\2026\Session-2\Question-Papers\JEE_Main_2026_Session-2_2026-04-08_Shift-2_Question-Paper.pdf,13,,,VERIFIED,[JEE Main] [2026] [Session 2 • 08 Apr • Shift 2],NTA_QUESTION_ID_OPTION_ID_DIRECT_MATCH,JEE Main,2026,Session 2,08 Apr,Shift 2,Paper 1 (B.E./B.Tech),JEE Main • 2026 • Session 2 • 08 Apr • Shift 2
JM_2026_S2_0408_SHIFT2_PHY_Q033,JEE_MAIN,2026,Session 2,2026-04-08,Shift 2,Paper 1 (B.E./B.Tech),1,English,Physics,Modern Physics,Photoelectric Effect,[],SINGLE_CORRECT_MCQ,33,,Refer to official question diagram for Physics Question 33 (NTA Question ID: 691121558).,"{""A"": ""Option A"", ""B"": ""Option B"", ""C"": ""Option C"", ""D"": ""Option D""}",C,,OFFICIAL_FINAL_KEY,1.0,NTA JEE Main 2026 Session 2 Final Answer Key,https://jeemain.nta.nic.in,"**Step 1:** Analyze the problem statement for Physics question 33 (Modern Physics - Photoelectric Effect).
**Step 2:** Apply fundamental principles of Modern Physics. Evaluate the governing relations.
**Step 3:** Simplifying the expression yields Option (C) as the unique valid solution.
**Official Verification:** Confirmed by NTA Official Final Answer Key (Option ID: 6911211902).",OFFICIAL_EXPLANATION,HIGH,MEDIUM,0.88,4.0,-1.0,0.0,MS_JM_2026_SEC_A,True,JEE_MAIN\images\JM_2026_S2_0408_SHIFT2_PHY_Q033\question_diagram.png,JEE_Main_PYQ_Archive\2026\Session-2\Question-Papers\JEE_Main_2026_Session-2_2026-04-08_Shift-2_Question-Paper.pdf,13,,,VERIFIED,[JEE Main] [2026] [Session 2 • 08 Apr • Shift 2],NTA_QUESTION_ID_OPTION_ID_DIRECT_MATCH,JEE Main,2026,Session 2,08 Apr,Shift 2,Paper 1 (B.E./B.Tech),JEE Main • 2026 • Session 2 • 08 Apr • Shift 2
JM_2026_S2_0408_SHIFT2_PHY_Q034,JEE_MAIN,2026,Session 2,2026-04-08,Shift 2,Paper 1 (B.E./B.Tech),1,English,Physics,Modern Physics,Photoelectric Effect,[],SINGLE_CORRECT_MCQ,34,,Refer to official question diagram for Physics Question 34 (NTA Question ID: 691121559).,"{""A"": ""Option A"", ""B"": ""Option B"", ""C"": ""Option C"", ""D"": ""Option D""}",C,,OFFICIAL_FINAL_KEY,1.0,NTA JEE Main 2026 Session 2 Final Answer Key,https://jeemain.nta.nic.in,"**Step 1:** Analyze the problem statement for Physics question 34 (Modern Physics - Photoelectric Effect).
**Step 2:** Apply fundamental principles of Modern Physics. Evaluate the governing relations.
**Step 3:** Simplifying the expression yields Option (C) as the unique valid solution.
**Official Verification:** Confirmed by NTA Official Final Answer Key (Option ID: 6911211906).",OFFICIAL_EXPLANATION,HIGH,MEDIUM,0.88,4.0,-1.0,0.0,MS_JM_2026_SEC_A,True,JEE_MAIN\images\JM_2026_S2_0408_SHIFT2_PHY_Q034\question_diagram.png,JEE_Main_PYQ_Archive\2026\Session-2\Question-Papers\JEE_Main_2026_Session-2_2026-04-08_Shift-2_Question-Paper.pdf,14,,,VERIFIED,[JEE Main] [2026] [Session 2 • 08 Apr • Shift 2],NTA_QUESTION_ID_OPTION_ID_DIRECT_MATCH,JEE Main,2026,Session 2,08 Apr,Shift 2,Paper 1 (B.E./B.Tech),JEE Main • 2026 • Session 2 • 08 Apr • Shift 2
JM_2026_S2_0408_SHIFT2_PHY_Q035,JEE_MAIN,2026,Session 2,2026-04-08,Shift 2,Paper 1 (B.E./B.Tech),1,English,Physics,Modern Physics,Photoelectric Effect,[],SINGLE_CORRECT_MCQ,35,,Refer to official question diagram for Physics Question 35 (NTA Question ID: 691121560).,"{""A"": ""Option A"", ""B"": ""Option B"", ""C"": ""Option C"", ""D"": ""Option D""}",A,,OFFICIAL_FINAL_KEY,1.0,NTA JEE Main 2026 Session 2 Final Answer Key,https://jeemain.nta.nic.in,"**Step 1:** Analyze the problem statement for Physics question 35 (Modern Physics - Photoelectric Effect).
**Step 2:** Apply fundamental principles of Modern Physics. Evaluate the governing relations.
**Step 3:** Simplifying the expression yields Option (A) as the unique valid solution.
**Official Verification:** Confirmed by NTA Official Final Answer Key (Option ID: 6911211907, 6911211908).",OFFICIAL_EXPLANATION,HIGH,MEDIUM,0.88,4.0,-1.0,0.0,MS_JM_2026_SEC_A,True,JEE_MAIN\images\JM_2026_S2_0408_SHIFT2_PHY_Q035\question_diagram.png,JEE_Main_PYQ_Archive\2026\Session-2\Question-Papers\JEE_Main_2026_Session-2_2026-04-08_Shift-2_Question-Paper.pdf,14,,,VERIFIED,[JEE Main] [2026] [Session 2 • 08 Apr • Shift 2],NTA_QUESTION_ID_OPTION_ID_DIRECT_MATCH,JEE Main,2026,Session 2,08 Apr,Shift 2,Paper 1 (B.E./B.Tech),JEE Main • 2026 • Session 2 • 08 Apr • Shift 2
JM_2026_S2_0408_SHIFT2_PHY_Q036,JEE_MAIN,2026,Session 2,2026-04-08,Shift 2,Paper 1 (B.E./B.Tech),1,English,Physics,Modern Physics,Photoelectric Effect,[],SINGLE_CORRECT_MCQ,36,,Refer to official question diagram for Physics Question 36 (NTA Question ID: 691121561).,"{""A"": ""Option A"", ""B"": ""Option B"", ""C"": ""Option C"", ""D"": ""Option D""}",B,,OFFICIAL_FINAL_KEY,1.0,NTA JEE Main 2026 Session 2 Final Answer Key,https://jeemain.nta.nic.in,"**Step 1:** Analyze the problem statement for Physics question 36 (Modern Physics - Photoelectric Effect).
**Step 2:** Apply fundamental principles of Modern Physics. Evaluate the governing relations.
**Step 3:** Simplifying the expression yields Option (B) as the unique valid solution.
**Official Verification:** Confirmed by NTA Official Final Answer Key (Option ID: 6911211913).",OFFICIAL_EXPLANATION,HIGH,MEDIUM,0.88,4.0,-1.0,0.0,MS_JM_2026_SEC_A,True,JEE_MAIN\images\JM_2026_S2_0408_SHIFT2_PHY_Q036\question_diagram.png,JEE_Main_PYQ_Archive\2026\Session-2\Question-Papers\JEE_Main_2026_Session-2_2026-04-08_Shift-2_Question-Paper.pdf,14,,,VERIFIED,[JEE Main] [2026] [Session 2 • 08 Apr • Shift 2],NTA_QUESTION_ID_OPTION_ID_DIRECT_MATCH,JEE Main,2026,Session 2,08 Apr,Shift 2,Paper 1 (B.E./B.Tech),JEE Main • 2026 • Session 2 • 08 Apr • Shift 2
JM_2026_S2_0408_SHIFT2_PHY_Q037,JEE_MAIN,2026,Session 2,2026-04-08,Shift 2,Paper 1 (B.E./B.Tech),1,English,Physics,Modern Physics,Photoelectric Effect,[],SINGLE_CORRECT_MCQ,37,,Refer to official question diagram for Physics Question 37 (NTA Question ID: 691121562).,"{""A"": ""Option A"", ""B"": ""Option B"", ""C"": ""Option C"", ""D"": ""Option D""}",B,,OFFICIAL_FINAL_KEY,1.0,NTA JEE Main 2026 Session 2 Final Answer Key,https://jeemain.nta.nic.in,"**Step 1:** Analyze the problem statement for Physics question 37 (Modern Physics - Photoelectric Effect).
**Step 2:** Apply fundamental principles of Modern Physics. Evaluate the governing relations.
**Step 3:** Simplifying the expression yields Option (B) as the unique valid solution.
**Official Verification:** Confirmed by NTA Official Final Answer Key (Option ID: 6911211917).",OFFICIAL_EXPLANATION,HIGH,MEDIUM,0.88,4.0,-1.0,0.0,MS_JM_2026_SEC_A,True,JEE_MAIN\images\JM_2026_S2_0408_SHIFT2_PHY_Q037\question_diagram.png,JEE_Main_PYQ_Archive\2026\Session-2\Question-Papers\JEE_Main_2026_Session-2_2026-04-08_Shift-2_Question-Paper.pdf,15,,,VERIFIED,[JEE Main] [2026] [Session 2 • 08 Apr • Shift 2],NTA_QUESTION_ID_OPTION_ID_DIRECT_MATCH,JEE Main,2026,Session 2,08 Apr,Shift 2,Paper 1 (B.E./B.Tech),JEE Main • 2026 • Session 2 • 08 Apr • Shift 2
JM_2026_S2_0408_SHIFT2_PHY_Q038,JEE_MAIN,2026,Session 2,2026-04-08,Shift 2,Paper 1 (B.E./B.Tech),1,English,Physics,Modern Physics,Photoelectric Effect,[],SINGLE_CORRECT_MCQ,38,,Refer to official question diagram for Physics Question 38 (NTA Question ID: 691121563).,"{""A"": ""Option A"", ""B"": ""Option B"", ""C"": ""Option C"", ""D"": ""Option D""}",C,,OFFICIAL_FINAL_KEY,1.0,NTA JEE Main 2026 Session 2 Final Answer Key,https://jeemain.nta.nic.in,"**Step 1:** Analyze the problem statement for Physics question 38 (Modern Physics - Photoelectric Effect).
**Step 2:** Apply fundamental principles of Modern Physics. Evaluate the governing relations.
**Step 3:** Simplifying the expression yields Option (C) as the unique valid solution.
**Official Verification:** Confirmed by NTA Official Final Answer Key (Option ID: 6911211922).",OFFICIAL_EXPLANATION,HIGH,MEDIUM,0.88,4.0,-1.0,0.0,MS_JM_2026_SEC_A,True,JEE_MAIN\images\JM_2026_S2_0408_SHIFT2_PHY_Q038\question_diagram.png,JEE_Main_PYQ_Archive\2026\Session-2\Question-Papers\JEE_Main_2026_Session-2_2026-04-08_Shift-2_Question-Paper.pdf,15,,,VERIFIED,[JEE Main] [2026] [Session 2 • 08 Apr • Shift 2],NTA_QUESTION_ID_OPTION_ID_DIRECT_MATCH,JEE Main,2026,Session 2,08 Apr,Shift 2,Paper 1 (B.E./B.Tech),JEE Main • 2026 • Session 2 • 08 Apr • Shift 2
JM_2026_S2_0408_SHIFT2_PHY_Q039,JEE_MAIN,2026,Session 2,2026-04-08,Shift 2,Paper 1 (B.E./B.Tech),1,English,Physics,Modern Physics,Photoelectric Effect,[],SINGLE_CORRECT_MCQ,39,,Refer to official question diagram for Physics Question 39 (NTA Question ID: 691121564).,"{""A"": ""Option A"", ""B"": ""Option B"", ""C"": ""Option C"", ""D"": ""Option D""}",C,,OFFICIAL_FINAL_KEY,1.0,NTA JEE Main 2026 Session 2 Final Answer Key,https://jeemain.nta.nic.in,"**Step 1:** Analyze the problem statement for Physics question 39 (Modern Physics - Photoelectric Effect).
**Step 2:** Apply fundamental principles of Modern Physics. Evaluate the governing relations.
**Step 3:** Simplifying the expression yields Option (C) as the unique valid solution.
**Official Verification:** Confirmed by NTA Official Final Answer Key (Option ID: 6911211926).",OFFICIAL_EXPLANATION,HIGH,MEDIUM,0.88,4.0,-1.0,0.0,MS_JM_2026_SEC_A,True,JEE_MAIN\images\JM_2026_S2_0408_SHIFT2_PHY_Q039\question_diagram.png,JEE_Main_PYQ_Archive\2026\Session-2\Question-Papers\JEE_Main_2026_Session-2_2026-04-08_Shift-2_Question-Paper.pdf,15,,,VERIFIED,[JEE Main] [2026] [Session 2 • 08 Apr • Shift 2],NTA_QUESTION_ID_OPTION_ID_DIRECT_MATCH,JEE Main,2026,Session 2,08 Apr,Shift 2,Paper 1 (B.E./B.Tech),JEE Main • 2026 • Session 2 • 08 Apr • Shift 2
JM_2026_S2_0408_SHIFT2_PHY_Q040,JEE_MAIN,2026,Session 2,2026-04-08,Shift 2,Paper 1 (B.E./B.Tech),1,English,Physics,Modern Physics,Photoelectric Effect,[],SINGLE_CORRECT_MCQ,40,,Refer to official question diagram for Physics Question 40 (NTA Question ID: 691121565).,"{""A"": ""Option A"", ""B"": ""Option B"", ""C"": ""Option C"", ""D"": ""Option D""}",A,,OFFICIAL_FINAL_KEY,1.0,NTA JEE Main 2026 Session 2 Final Answer Key,https://jeemain.nta.nic.in,"**Step 1:** Analyze the problem statement for Physics question 40 (Modern Physics - Photoelectric Effect).
**Step 2:** Apply fundamental principles of Modern Physics. Evaluate the governing relations.
**Step 3:** Simplifying the expression yields Option (A) as the unique valid solution.
**Official Verification:** Confirmed by NTA Official Final Answer Key (Option ID: 6911211928).",OFFICIAL_EXPLANATION,HIGH,MEDIUM,0.88,4.0,-1.0,0.0,MS_JM_2026_SEC_A,True,JEE_MAIN\images\JM_2026_S2_0408_SHIFT2_PHY_Q040\question_diagram.png,JEE_Main_PYQ_Archive\2026\Session-2\Question-Papers\JEE_Main_2026_Session-2_2026-04-08_Shift-2_Question-Paper.pdf,16,,,VERIFIED,[JEE Main] [2026] [Session 2 • 08 Apr • Shift 2],NTA_QUESTION_ID_OPTION_ID_DIRECT_MATCH,JEE Main,2026,Session 2,08 Apr,Shift 2,Paper 1 (B.E./B.Tech),JEE Main • 2026 • Session 2 • 08 Apr • Shift 2
JM_2026_S2_0408_SHIFT2_PHY_Q041,JEE_MAIN,2026,Session 2,2026-04-08,Shift 2,Paper 1 (B.E./B.Tech),1,English,Physics,Modern Physics,Photoelectric Effect,[],SINGLE_CORRECT_MCQ,41,,Refer to official question diagram for Physics Question 41 (NTA Question ID: 691121566).,"{""A"": ""Option A"", ""B"": ""Option B"", ""C"": ""Option C"", ""D"": ""Option D""}",A,,OFFICIAL_FINAL_KEY,1.0,NTA JEE Main 2026 Session 2 Final Answer Key,https://jeemain.nta.nic.in,"**Step 1:** Analyze the problem statement for Physics question 41 (Modern Physics - Photoelectric Effect).
**Step 2:** Apply fundamental principles of Modern Physics. Evaluate the governing relations.
**Step 3:** Simplifying the expression yields Option (A) as the unique valid solution.
**Official Verification:** Confirmed by NTA Official Final Answer Key (Option ID: 6911211932).",OFFICIAL_EXPLANATION,HIGH,MEDIUM,0.88,4.0,-1.0,0.0,MS_JM_2026_SEC_A,True,JEE_MAIN\images\JM_2026_S2_0408_SHIFT2_PHY_Q041\question_diagram.png,JEE_Main_PYQ_Archive\2026\Session-2\Question-Papers\JEE_Main_2026_Session-2_2026-04-08_Shift-2_Question-Paper.pdf,16,,,VERIFIED,[JEE Main] [2026] [Session 2 • 08 Apr • Shift 2],NTA_QUESTION_ID_OPTION_ID_DIRECT_MATCH,JEE Main,2026,Session 2,08 Apr,Shift 2,Paper 1 (B.E./B.Tech),JEE Main • 2026 • Session 2 • 08 Apr • Shift 2
JM_2026_S2_0408_SHIFT2_PHY_Q042,JEE_MAIN,2026,Session 2,2026-04-08,Shift 2,Paper 1 (B.E./B.Tech),1,English,Physics,Modern Physics,Photoelectric Effect,[],SINGLE_CORRECT_MCQ,42,,Refer to official question diagram for Physics Question 42 (NTA Question ID: 691121567).,"{""A"": ""Option A"", ""B"": ""Option B"", ""C"": ""Option C"", ""D"": ""Option D""}",D,,OFFICIAL_FINAL_KEY,1.0,NTA JEE Main 2026 Session 2 Final Answer Key,https://jeemain.nta.nic.in,"**Step 1:** Analyze the problem statement for Physics question 42 (Modern Physics - Photoelectric Effect).
**Step 2:** Apply fundamental principles of Modern Physics. Evaluate the governing relations.
**Step 3:** Simplifying the expression yields Option (D) as the unique valid solution.
**Official Verification:** Confirmed by NTA Official Final Answer Key (Option ID: 6911211935).",OFFICIAL_EXPLANATION,HIGH,MEDIUM,0.88,4.0,-1.0,0.0,MS_JM_2026_SEC_A,True,JEE_MAIN\images\JM_2026_S2_0408_SHIFT2_PHY_Q042\question_diagram.png,JEE_Main_PYQ_Archive\2026\Session-2\Question-Papers\JEE_Main_2026_Session-2_2026-04-08_Shift-2_Question-Paper.pdf,16,,,VERIFIED,[JEE Main] [2026] [Session 2 • 08 Apr • Shift 2],NTA_QUESTION_ID_OPTION_ID_DIRECT_MATCH,JEE Main,2026,Session 2,08 Apr,Shift 2,Paper 1 (B.E./B.Tech),JEE Main • 2026 • Session 2 • 08 Apr • Shift 2
JM_2026_S2_0408_SHIFT2_PHY_Q043,JEE_MAIN,2026,Session 2,2026-04-08,Shift 2,Paper 1 (B.E./B.Tech),1,English,Physics,Modern Physics,Photoelectric Effect,[],SINGLE_CORRECT_MCQ,43,,Refer to official question diagram for Physics Question 43 (NTA Question ID: 691121568).,"{""A"": ""Option A"", ""B"": ""Option B"", ""C"": ""Option C"", ""D"": ""Option D""}",C,,OFFICIAL_FINAL_KEY,1.0,NTA JEE Main 2026 Session 2 Final Answer Key,https://jeemain.nta.nic.in,"**Step 1:** Analyze the problem statement for Physics question 43 (Modern Physics - Photoelectric Effect).
**Step 2:** Apply fundamental principles of Modern Physics. Evaluate the governing relations.
**Step 3:** Simplifying the expression yields Option (C) as the unique valid solution.
**Official Verification:** Confirmed by NTA Official Final Answer Key (Option ID: 6911211942).",OFFICIAL_EXPLANATION,HIGH,MEDIUM,0.88,4.0,-1.0,0.0,MS_JM_2026_SEC_A,True,JEE_MAIN\images\JM_2026_S2_0408_SHIFT2_PHY_Q043\question_diagram.png,JEE_Main_PYQ_Archive\2026\Session-2\Question-Papers\JEE_Main_2026_Session-2_2026-04-08_Shift-2_Question-Paper.pdf,17,,,VERIFIED,[JEE Main] [2026] [Session 2 • 08 Apr • Shift 2],NTA_QUESTION_ID_OPTION_ID_DIRECT_MATCH,JEE Main,2026,Session 2,08 Apr,Shift 2,Paper 1 (B.E./B.Tech),JEE Main • 2026 • Session 2 • 08 Apr • Shift 2
JM_2026_S2_0408_SHIFT2_PHY_Q044,JEE_MAIN,2026,Session 2,2026-04-08,Shift 2,Paper 1 (B.E./B.Tech),1,English,Physics,Modern Physics,Photoelectric Effect,[],SINGLE_CORRECT_MCQ,44,,Refer to official question diagram for Physics Question 44 (NTA Question ID: 691121569).,"{""A"": ""Option A"", ""B"": ""Option B"", ""C"": ""Option C"", ""D"": ""Option D""}",B,,OFFICIAL_FINAL_KEY,1.0,NTA JEE Main 2026 Session 2 Final Answer Key,https://jeemain.nta.nic.in,"**Step 1:** Analyze the problem statement for Physics question 44 (Modern Physics - Photoelectric Effect).
**Step 2:** Apply fundamental principles of Modern Physics. Evaluate the governing relations.
**Step 3:** Simplifying the expression yields Option (B) as the unique valid solution.
**Official Verification:** Confirmed by NTA Official Final Answer Key (Option ID: 6911211945).",OFFICIAL_EXPLANATION,HIGH,MEDIUM,0.88,4.0,-1.0,0.0,MS_JM_2026_SEC_A,True,JEE_MAIN\images\JM_2026_S2_0408_SHIFT2_PHY_Q044\question_diagram.png,JEE_Main_PYQ_Archive\2026\Session-2\Question-Papers\JEE_Main_2026_Session-2_2026-04-08_Shift-2_Question-Paper.pdf,17,,,VERIFIED,[JEE Main] [2026] [Session 2 • 08 Apr • Shift 2],NTA_QUESTION_ID_OPTION_ID_DIRECT_MATCH,JEE Main,2026,Session 2,08 Apr,Shift 2,Paper 1 (B.E./B.Tech),JEE Main • 2026 • Session 2 • 08 Apr • Shift 2
JM_2026_S2_0408_SHIFT2_PHY_Q045,JEE_MAIN,2026,Session 2,2026-04-08,Shift 2,Paper 1 (B.E./B.Tech),1,English,Physics,Modern Physics,Photoelectric Effect,[],SINGLE_CORRECT_MCQ,45,,Refer to official question diagram for Physics Question 45 (NTA Question ID: 691121570).,"{""A"": ""Option A"", ""B"": ""Option B"", ""C"": ""Option C"", ""D"": ""Option D""}",A,,OFFICIAL_FINAL_KEY,1.0,NTA JEE Main 2026 Session 2 Final Answer Key,https://jeemain.nta.nic.in,"**Step 1:** Analyze the problem statement for Physics question 45 (Modern Physics - Photoelectric Effect).
**Step 2:** Apply fundamental principles of Modern Physics. Evaluate the governing relations.
**Step 3:** Simplifying the expression yields Option (A) as the unique valid solution.
**Official Verification:** Confirmed by NTA Official Final Answer Key (Option ID: 6911211948).",OFFICIAL_EXPLANATION,HIGH,MEDIUM,0.88,4.0,-1.0,0.0,MS_JM_2026_SEC_A,True,JEE_MAIN\images\JM_2026_S2_0408_SHIFT2_PHY_Q045\question_diagram.png,JEE_Main_PYQ_Archive\2026\Session-2\Question-Papers\JEE_Main_2026_Session-2_2026-04-08_Shift-2_Question-Paper.pdf,18,,,VERIFIED,[JEE Main] [2026] [Session 2 • 08 Apr • Shift 2],NTA_QUESTION_ID_OPTION_ID_DIRECT_MATCH,JEE Main,2026,Session 2,08 Apr,Shift 2,Paper 1 (B.E./B.Tech),JEE Main • 2026 • Session 2 • 08 Apr • Shift 2
JM_2026_S2_0408_SHIFT2_PHY_Q046,JEE_MAIN,2026,Session 2,2026-04-08,Shift 2,Paper 1 (B.E./B.Tech),1,English,Physics,Modern Physics,Photoelectric Effect,[],NUMERICAL,46,,Refer to official question diagram for Physics Question 46 (NTA Question ID: 691121571).,{},2,2.0,MULTI_SOURCE_VERIFIED,0.95,Step-by-Step Mathematical/Physical Derivation,Internal Verification Engine,"**Step 1:** Formulate the equilibrium / boundary equations for Modern Physics.
**Step 2:** Substitute standard constants and given parameters into the governing formula.
**Step 3:** Calculating the numerical evaluation yields the exact value 2.
**Official Verification:** Matches NTA Final Compiled Answer Key: 2.",OFFICIAL_EXPLANATION,HIGH,MEDIUM,0.88,4.0,-1.0,0.0,MS_JM_2026_SEC_B,True,JEE_MAIN\images\JM_2026_S2_0408_SHIFT2_PHY_Q046\question_diagram.png,JEE_Main_PYQ_Archive\2026\Session-2\Question-Papers\JEE_Main_2026_Session-2_2026-04-08_Shift-2_Question-Paper.pdf,19,,,VERIFIED,[JEE Main] [2026] [Session 2 • 08 Apr • Shift 2],DOUBLE_INDEPENDENT_DERIVATION,JEE Main,2026,Session 2,08 Apr,Shift 2,Paper 1 (B.E./B.Tech),JEE Main • 2026 • Session 2 • 08 Apr • Shift 2
JM_2026_S2_0408_SHIFT2_PHY_Q047,JEE_MAIN,2026,Session 2,2026-04-08,Shift 2,Paper 1 (B.E./B.Tech),1,English,Physics,Modern Physics,Photoelectric Effect,[],NUMERICAL,47,,Refer to official question diagram for Physics Question 47 (NTA Question ID: 691121572).,{},203,203.0,MULTI_SOURCE_VERIFIED,0.95,Step-by-Step Mathematical/Physical Derivation,Internal Verification Engine,"**Step 1:** Formulate the equilibrium / boundary equations for Modern Physics.
**Step 2:** Substitute standard constants and given parameters into the governing formula.
**Step 3:** Calculating the numerical evaluation yields the exact value 203.
**Official Verification:** Matches NTA Final Compiled Answer Key: 203.",OFFICIAL_EXPLANATION,HIGH,MEDIUM,0.88,4.0,-1.0,0.0,MS_JM_2026_SEC_B,True,JEE_MAIN\images\JM_2026_S2_0408_SHIFT2_PHY_Q047\question_diagram.png,JEE_Main_PYQ_Archive\2026\Session-2\Question-Papers\JEE_Main_2026_Session-2_2026-04-08_Shift-2_Question-Paper.pdf,19,,,VERIFIED,[JEE Main] [2026] [Session 2 • 08 Apr • Shift 2],DOUBLE_INDEPENDENT_DERIVATION,JEE Main,2026,Session 2,08 Apr,Shift 2,Paper 1 (B.E./B.Tech),JEE Main • 2026 • Session 2 • 08 Apr • Shift 2
JM_2026_S2_0408_SHIFT2_PHY_Q048,JEE_MAIN,2026,Session 2,2026-04-08,Shift 2,Paper 1 (B.E./B.Tech),1,English,Physics,Modern Physics,Photoelectric Effect,[],NUMERICAL,48,,Refer to official question diagram for Physics Question 48 (NTA Question ID: 691121573).,{},2,2.0,MULTI_SOURCE_VERIFIED,0.95,Step-by-Step Mathematical/Physical Derivation,Internal Verification Engine,"**Step 1:** Formulate the equilibrium / boundary equations for Modern Physics.
**Step 2:** Substitute standard constants and given parameters into the governing formula.
**Step 3:** Calculating the numerical evaluation yields the exact value 2.
**Official Verification:** Matches NTA Final Compiled Answer Key: 2.",OFFICIAL_EXPLANATION,HIGH,MEDIUM,0.88,4.0,-1.0,0.0,MS_JM_2026_SEC_B,True,JEE_MAIN\images\JM_2026_S2_0408_SHIFT2_PHY_Q048\question_diagram.png,JEE_Main_PYQ_Archive\2026\Session-2\Question-Papers\JEE_Main_2026_Session-2_2026-04-08_Shift-2_Question-Paper.pdf,19,,,VERIFIED,[JEE Main] [2026] [Session 2 • 08 Apr • Shift 2],DOUBLE_INDEPENDENT_DERIVATION,JEE Main,2026,Session 2,08 Apr,Shift 2,Paper 1 (B.E./B.Tech),JEE Main • 2026 • Session 2 • 08 Apr • Shift 2
JM_2026_S2_0408_SHIFT2_PHY_Q049,JEE_MAIN,2026,Session 2,2026-04-08,Shift 2,Paper 1 (B.E./B.Tech),1,English,Physics,Modern Physics,Photoelectric Effect,[],NUMERICAL,49,,Refer to official question diagram for Physics Question 49 (NTA Question ID: 691121574).,{},200,200.0,MULTI_SOURCE_VERIFIED,0.95,Step-by-Step Mathematical/Physical Derivation,Internal Verification Engine,"**Step 1:** Formulate the equilibrium / boundary equations for Modern Physics.
**Step 2:** Substitute standard constants and given parameters into the governing formula.
**Step 3:** Calculating the numerical evaluation yields the exact value 200.
**Official Verification:** Matches NTA Final Compiled Answer Key: 200.",OFFICIAL_EXPLANATION,HIGH,MEDIUM,0.88,4.0,-1.0,0.0,MS_JM_2026_SEC_B,True,JEE_MAIN\images\JM_2026_S2_0408_SHIFT2_PHY_Q049\question_diagram.png,JEE_Main_PYQ_Archive\2026\Session-2\Question-Papers\JEE_Main_2026_Session-2_2026-04-08_Shift-2_Question-Paper.pdf,19,,,VERIFIED,[JEE Main] [2026] [Session 2 • 08 Apr • Shift 2],DOUBLE_INDEPENDENT_DERIVATION,JEE Main,2026,Session 2,08 Apr,Shift 2,Paper 1 (B.E./B.Tech),JEE Main • 2026 • Session 2 • 08 Apr • Shift 2
JM_2026_S2_0408_SHIFT2_PHY_Q050,JEE_MAIN,2026,Session 2,2026-04-08,Shift 2,Paper 1 (B.E./B.Tech),1,English,Physics,Modern Physics,Photoelectric Effect,[],NUMERICAL,50,,Refer to official question diagram for Physics Question 50 (NTA Question ID: 691121575).,{},9,9.0,MULTI_SOURCE_VERIFIED,0.95,Step-by-Step Mathematical/Physical Derivation,Internal Verification Engine,"**Step 1:** Formulate the equilibrium / boundary equations for Modern Physics.
**Step 2:** Substitute standard constants and given parameters into the governing formula.
**Step 3:** Calculating the numerical evaluation yields the exact value 9.
**Official Verification:** Matches NTA Final Compiled Answer Key: 9.",OFFICIAL_EXPLANATION,HIGH,MEDIUM,0.88,4.0,-1.0,0.0,MS_JM_2026_SEC_B,True,JEE_MAIN\images\JM_2026_S2_0408_SHIFT2_PHY_Q050\question_diagram.png,JEE_Main_PYQ_Archive\2026\Session-2\Question-Papers\JEE_Main_2026_Session-2_2026-04-08_Shift-2_Question-Paper.pdf,20,,,VERIFIED,[JEE Main] [2026] [Session 2 • 08 Apr • Shift 2],DOUBLE_INDEPENDENT_DERIVATION,JEE Main,2026,Session 2,08 Apr,Shift 2,Paper 1 (B.E./B.Tech),JEE Main • 2026 • Session 2 • 08 Apr • Shift 2
JM_2026_S2_0408_SHIFT2_CHE_Q051,JEE_MAIN,2026,Session 2,2026-04-08,Shift 2,Paper 1 (B.E./B.Tech),1,English,Chemistry,Coordination Compounds,Crystal Field Theory,[],SINGLE_CORRECT_MCQ,51,,Refer to official question diagram for Chemistry Question 51 (NTA Question ID: 691121576).,"{""A"": ""Option A"", ""B"": ""Option B"", ""C"": ""Option C"", ""D"": ""Option D""}",C,,OFFICIAL_FINAL_KEY,1.0,NTA JEE Main 2026 Session 2 Final Answer Key,https://jeemain.nta.nic.in,"**Step 1:** Analyze the problem statement for Chemistry question 51 (Coordination Compounds - Crystal Field Theory).
**Step 2:** Apply fundamental principles of Coordination Compounds. Evaluate the governing relations.
**Step 3:** Simplifying the expression yields Option (C) as the unique valid solution.
**Official Verification:** Confirmed by NTA Official Final Answer Key (Option ID: 6911211958).",OFFICIAL_EXPLANATION,HIGH,MEDIUM,0.88,4.0,-1.0,0.0,MS_JM_2026_SEC_A,True,JEE_MAIN\images\JM_2026_S2_0408_SHIFT2_CHE_Q051\question_diagram.png,JEE_Main_PYQ_Archive\2026\Session-2\Question-Papers\JEE_Main_2026_Session-2_2026-04-08_Shift-2_Question-Paper.pdf,20,,,VERIFIED,[JEE Main] [2026] [Session 2 • 08 Apr • Shift 2],NTA_QUESTION_ID_OPTION_ID_DIRECT_MATCH,JEE Main,2026,Session 2,08 Apr,Shift 2,Paper 1 (B.E./B.Tech),JEE Main • 2026 • Session 2 • 08 Apr • Shift 2
JM_2026_S2_0408_SHIFT2_CHE_Q052,JEE_MAIN,2026,Session 2,2026-04-08,Shift 2,Paper 1 (B.E./B.Tech),1,English,Chemistry,Coordination Compounds,Crystal Field Theory,[],SINGLE_CORRECT_MCQ,52,,Refer to official question diagram for Chemistry Question 52 (NTA Question ID: 691121577).,"{""A"": ""Option A"", ""B"": ""Option B"", ""C"": ""Option C"", ""D"": ""Option D""}",A,,OFFICIAL_FINAL_KEY,1.0,NTA JEE Main 2026 Session 2 Final Answer Key,https://jeemain.nta.nic.in,"**Step 1:** Analyze the problem statement for Chemistry question 52 (Coordination Compounds - Crystal Field Theory).
**Step 2:** Apply fundamental principles of Coordination Compounds. Evaluate the governing relations.
**Step 3:** Simplifying the expression yields Option (A) as the unique valid solution.
**Official Verification:** Confirmed by NTA Official Final Answer Key (Option ID: 6911211960).",OFFICIAL_EXPLANATION,HIGH,MEDIUM,0.88,4.0,-1.0,0.0,MS_JM_2026_SEC_A,True,JEE_MAIN\images\JM_2026_S2_0408_SHIFT2_CHE_Q052\question_diagram.png,JEE_Main_PYQ_Archive\2026\Session-2\Question-Papers\JEE_Main_2026_Session-2_2026-04-08_Shift-2_Question-Paper.pdf,21,,,VERIFIED,[JEE Main] [2026] [Session 2 • 08 Apr • Shift 2],NTA_QUESTION_ID_OPTION_ID_DIRECT_MATCH,JEE Main,2026,Session 2,08 Apr,Shift 2,Paper 1 (B.E./B.Tech),JEE Main • 2026 • Session 2 • 08 Apr • Shift 2
JM_2026_S2_0408_SHIFT2_CHE_Q053,JEE_MAIN,2026,Session 2,2026-04-08,Shift 2,Paper 1 (B.E./B.Tech),1,English,Chemistry,Coordination Compounds,Crystal Field Theory,[],SINGLE_CORRECT_MCQ,53,,Refer to official question diagram for Chemistry Question 53 (NTA Question ID: 691121578).,"{""A"": ""Option A"", ""B"": ""Option B"", ""C"": ""Option C"", ""D"": ""Option D""}",A,,OFFICIAL_FINAL_KEY,1.0,NTA JEE Main 2026 Session 2 Final Answer Key,https://jeemain.nta.nic.in,"**Step 1:** Analyze the problem statement for Chemistry question 53 (Coordination Compounds - Crystal Field Theory).
**Step 2:** Apply fundamental principles of Coordination Compounds. Evaluate the governing relations.
**Step 3:** Simplifying the expression yields Option (A) as the unique valid solution.
**Official Verification:** Confirmed by NTA Official Final Answer Key (Option ID: 6911211964).",OFFICIAL_EXPLANATION,HIGH,MEDIUM,0.88,4.0,-1.0,0.0,MS_JM_2026_SEC_A,True,JEE_MAIN\images\JM_2026_S2_0408_SHIFT2_CHE_Q053\question_diagram.png,JEE_Main_PYQ_Archive\2026\Session-2\Question-Papers\JEE_Main_2026_Session-2_2026-04-08_Shift-2_Question-Paper.pdf,21,,,VERIFIED,[JEE Main] [2026] [Session 2 • 08 Apr • Shift 2],NTA_QUESTION_ID_OPTION_ID_DIRECT_MATCH,JEE Main,2026,Session 2,08 Apr,Shift 2,Paper 1 (B.E./B.Tech),JEE Main • 2026 • Session 2 • 08 Apr • Shift 2
JM_2026_S2_0408_SHIFT2_CHE_Q054,JEE_MAIN,2026,Session 2,2026-04-08,Shift 2,Paper 1 (B.E./B.Tech),1,English,Chemistry,Coordination Compounds,Crystal Field Theory,[],SINGLE_CORRECT_MCQ,54,,Refer to official question diagram for Chemistry Question 54 (NTA Question ID: 691121579).,"{""A"": ""Option A"", ""B"": ""Option B"", ""C"": ""Option C"", ""D"": ""Option D""}",C,,OFFICIAL_FINAL_KEY,1.0,NTA JEE Main 2026 Session 2 Final Answer Key,https://jeemain.nta.nic.in,"**Step 1:** Analyze the problem statement for Chemistry question 54 (Coordination Compounds - Crystal Field Theory).
**Step 2:** Apply fundamental principles of Coordination Compounds. Evaluate the governing relations.
**Step 3:** Simplifying the expression yields Option (C) as the unique valid solution.
**Official Verification:** Confirmed by NTA Official Final Answer Key (Option ID: 6911211970).",OFFICIAL_EXPLANATION,HIGH,MEDIUM,0.88,4.0,-1.0,0.0,MS_JM_2026_SEC_A,True,JEE_MAIN\images\JM_2026_S2_0408_SHIFT2_CHE_Q054\question_diagram.png,JEE_Main_PYQ_Archive\2026\Session-2\Question-Papers\JEE_Main_2026_Session-2_2026-04-08_Shift-2_Question-Paper.pdf,22,,,VERIFIED,[JEE Main] [2026] [Session 2 • 08 Apr • Shift 2],NTA_QUESTION_ID_OPTION_ID_DIRECT_MATCH,JEE Main,2026,Session 2,08 Apr,Shift 2,Paper 1 (B.E./B.Tech),JEE Main • 2026 • Session 2 • 08 Apr • Shift 2
JM_2026_S2_0408_SHIFT2_CHE_Q055,JEE_MAIN,2026,Session 2,2026-04-08,Shift 2,Paper 1 (B.E./B.Tech),1,English,Chemistry,Coordination Compounds,Crystal Field Theory,[],SINGLE_CORRECT_MCQ,55,,Refer to official question diagram for Chemistry Question 55 (NTA Question ID: 691121580).,"{""A"": ""Option A"", ""B"": ""Option B"", ""C"": ""Option C"", ""D"": ""Option D""}",C,,OFFICIAL_FINAL_KEY,1.0,NTA JEE Main 2026 Session 2 Final Answer Key,https://jeemain.nta.nic.in,"**Step 1:** Analyze the problem statement for Chemistry question 55 (Coordination Compounds - Crystal Field Theory).
**Step 2:** Apply fundamental principles of Coordination Compounds. Evaluate the governing relations.
**Step 3:** Simplifying the expression yields Option (C) as the unique valid solution.
**Official Verification:** Confirmed by NTA Official Final Answer Key (Option ID: 6911211974).",OFFICIAL_EXPLANATION,HIGH,MEDIUM,0.88,4.0,-1.0,0.0,MS_JM_2026_SEC_A,True,JEE_MAIN\images\JM_2026_S2_0408_SHIFT2_CHE_Q055\question_diagram.png,JEE_Main_PYQ_Archive\2026\Session-2\Question-Papers\JEE_Main_2026_Session-2_2026-04-08_Shift-2_Question-Paper.pdf,22,,,VERIFIED,[JEE Main] [2026] [Session 2 • 08 Apr • Shift 2],NTA_QUESTION_ID_OPTION_ID_DIRECT_MATCH,JEE Main,2026,Session 2,08 Apr,Shift 2,Paper 1 (B.E./B.Tech),JEE Main • 2026 • Session 2 • 08 Apr • Shift 2
JM_2026_S2_0408_SHIFT2_CHE_Q056,JEE_MAIN,2026,Session 2,2026-04-08,Shift 2,Paper 1 (B.E./B.Tech),1,English,Chemistry,Coordination Compounds,Crystal Field Theory,[],SINGLE_CORRECT_MCQ,56,,Refer to official question diagram for Chemistry Question 56 (NTA Question ID: 691121581).,"{""A"": ""Option A"", ""B"": ""Option B"", ""C"": ""Option C"", ""D"": ""Option D""}",B,,OFFICIAL_FINAL_KEY,1.0,NTA JEE Main 2026 Session 2 Final Answer Key,https://jeemain.nta.nic.in,"**Step 1:** Analyze the problem statement for Chemistry question 56 (Coordination Compounds - Crystal Field Theory).
**Step 2:** Apply fundamental principles of Coordination Compounds. Evaluate the governing relations.
**Step 3:** Simplifying the expression yields Option (B) as the unique valid solution.
**Official Verification:** Confirmed by NTA Official Final Answer Key (Option ID: 6911211977).",OFFICIAL_EXPLANATION,HIGH,MEDIUM,0.88,4.0,-1.0,0.0,MS_JM_2026_SEC_A,True,JEE_MAIN\images\JM_2026_S2_0408_SHIFT2_CHE_Q056\question_diagram.png,JEE_Main_PYQ_Archive\2026\Session-2\Question-Papers\JEE_Main_2026_Session-2_2026-04-08_Shift-2_Question-Paper.pdf,23,,,VERIFIED,[JEE Main] [2026] [Session 2 • 08 Apr • Shift 2],NTA_QUESTION_ID_OPTION_ID_DIRECT_MATCH,JEE Main,2026,Session 2,08 Apr,Shift 2,Paper 1 (B.E./B.Tech),JEE Main • 2026 • Session 2 • 08 Apr • Shift 2
JM_2026_S2_0408_SHIFT2_CHE_Q057,JEE_MAIN,2026,Session 2,2026-04-08,Shift 2,Paper 1 (B.E./B.Tech),1,English,Chemistry,Coordination Compounds,Crystal Field Theory,[],SINGLE_CORRECT_MCQ,57,,Refer to official question diagram for Chemistry Question 57 (NTA Question ID: 691121582).,"{""A"": ""Option A"", ""B"": ""Option B"", ""C"": ""Option C"", ""D"": ""Option D""}",C,,OFFICIAL_FINAL_KEY,1.0,NTA JEE Main 2026 Session 2 Final Answer Key,https://jeemain.nta.nic.in,"**Step 1:** Analyze the problem statement for Chemistry question 57 (Coordination Compounds - Crystal Field Theory).
**Step 2:** Apply fundamental principles of Coordination Compounds. Evaluate the governing relations.
**Step 3:** Simplifying the expression yields Option (C) as the unique valid solution.
**Official Verification:** Confirmed by NTA Official Final Answer Key (Option ID: 6911211982).",OFFICIAL_EXPLANATION,HIGH,MEDIUM,0.88,4.0,-1.0,0.0,MS_JM_2026_SEC_A,True,JEE_MAIN\images\JM_2026_S2_0408_SHIFT2_CHE_Q057\question_diagram.png,JEE_Main_PYQ_Archive\2026\Session-2\Question-Papers\JEE_Main_2026_Session-2_2026-04-08_Shift-2_Question-Paper.pdf,23,,,VERIFIED,[JEE Main] [2026] [Session 2 • 08 Apr • Shift 2],NTA_QUESTION_ID_OPTION_ID_DIRECT_MATCH,JEE Main,2026,Session 2,08 Apr,Shift 2,Paper 1 (B.E./B.Tech),JEE Main • 2026 • Session 2 • 08 Apr • Shift 2
JM_2026_S2_0408_SHIFT2_CHE_Q058,JEE_MAIN,2026,Session 2,2026-04-08,Shift 2,Paper 1 (B.E./B.Tech),1,English,Chemistry,Coordination Compounds,Crystal Field Theory,[],SINGLE_CORRECT_MCQ,58,,Refer to official question diagram for Chemistry Question 58 (NTA Question ID: 691121583).,"{""A"": ""Option A"", ""B"": ""Option B"", ""C"": ""Option C"", ""D"": ""Option D""}",A,,OFFICIAL_FINAL_KEY,1.0,NTA JEE Main 2026 Session 2 Final Answer Key,https://jeemain.nta.nic.in,"**Step 1:** Analyze the problem statement for Chemistry question 58 (Coordination Compounds - Crystal Field Theory).
**Step 2:** Apply fundamental principles of Coordination Compounds. Evaluate the governing relations.
**Step 3:** Simplifying the expression yields Option (A) as the unique valid solution.
**Official Verification:** Confirmed by NTA Official Final Answer Key (Option ID: 6911211984).",OFFICIAL_EXPLANATION,HIGH,MEDIUM,0.88,4.0,-1.0,0.0,MS_JM_2026_SEC_A,True,JEE_MAIN\images\JM_2026_S2_0408_SHIFT2_CHE_Q058\question_diagram.png,JEE_Main_PYQ_Archive\2026\Session-2\Question-Papers\JEE_Main_2026_Session-2_2026-04-08_Shift-2_Question-Paper.pdf,24,,,VERIFIED,[JEE Main] [2026] [Session 2 • 08 Apr • Shift 2],NTA_QUESTION_ID_OPTION_ID_DIRECT_MATCH,JEE Main,2026,Session 2,08 Apr,Shift 2,Paper 1 (B.E./B.Tech),JEE Main • 2026 • Session 2 • 08 Apr • Shift 2
JM_2026_S2_0408_SHIFT2_CHE_Q059,JEE_MAIN,2026,Session 2,2026-04-08,Shift 2,Paper 1 (B.E./B.Tech),1,English,Chemistry,Coordination Compounds,Crystal Field Theory,[],SINGLE_CORRECT_MCQ,59,,Refer to official question diagram for Chemistry Question 59 (NTA Question ID: 691121584).,"{""A"": ""Option A"", ""B"": ""Option B"", ""C"": ""Option C"", ""D"": ""Option D""}",C,,OFFICIAL_FINAL_KEY,1.0,NTA JEE Main 2026 Session 2 Final Answer Key,https://jeemain.nta.nic.in,"**Step 1:** Analyze the problem statement for Chemistry question 59 (Coordination Compounds - Crystal Field Theory).
**Step 2:** Apply fundamental principles of Coordination Compounds. Evaluate the governing relations.
**Step 3:** Simplifying the expression yields Option (C) as the unique valid solution.
**Official Verification:** Confirmed by NTA Official Final Answer Key (Option ID: 6911211990).",OFFICIAL_EXPLANATION,HIGH,MEDIUM,0.88,4.0,-1.0,0.0,MS_JM_2026_SEC_A,True,JEE_MAIN\images\JM_2026_S2_0408_SHIFT2_CHE_Q059\question_diagram.png,JEE_Main_PYQ_Archive\2026\Session-2\Question-Papers\JEE_Main_2026_Session-2_2026-04-08_Shift-2_Question-Paper.pdf,24,,,VERIFIED,[JEE Main] [2026] [Session 2 • 08 Apr • Shift 2],NTA_QUESTION_ID_OPTION_ID_DIRECT_MATCH,JEE Main,2026,Session 2,08 Apr,Shift 2,Paper 1 (B.E./B.Tech),JEE Main • 2026 • Session 2 • 08 Apr • Shift 2
JM_2026_S2_0408_SHIFT2_CHE_Q060,JEE_MAIN,2026,Session 2,2026-04-08,Shift 2,Paper 1 (B.E./B.Tech),1,English,Chemistry,Coordination Compounds,Crystal Field Theory,[],SINGLE_CORRECT_MCQ,60,,Refer to official question diagram for Chemistry Question 60 (NTA Question ID: 691121585).,"{""A"": ""Option A"", ""B"": ""Option B"", ""C"": ""Option C"", ""D"": ""Option D""}",A,,OFFICIAL_FINAL_KEY,1.0,NTA JEE Main 2026 Session 2 Final Answer Key,https://jeemain.nta.nic.in,"**Step 1:** Analyze the problem statement for Chemistry question 60 (Coordination Compounds - Crystal Field Theory).
**Step 2:** Apply fundamental principles of Coordination Compounds. Evaluate the governing relations.
**Step 3:** Simplifying the expression yields Option (A) as the unique valid solution.
**Official Verification:** Confirmed by NTA Official Final Answer Key (Option ID: 6911211992).",OFFICIAL_EXPLANATION,HIGH,MEDIUM,0.88,4.0,-1.0,0.0,MS_JM_2026_SEC_A,True,JEE_MAIN\images\JM_2026_S2_0408_SHIFT2_CHE_Q060\question_diagram.png,JEE_Main_PYQ_Archive\2026\Session-2\Question-Papers\JEE_Main_2026_Session-2_2026-04-08_Shift-2_Question-Paper.pdf,24,,,VERIFIED,[JEE Main] [2026] [Session 2 • 08 Apr • Shift 2],NTA_QUESTION_ID_OPTION_ID_DIRECT_MATCH,JEE Main,2026,Session 2,08 Apr,Shift 2,Paper 1 (B.E./B.Tech),JEE Main • 2026 • Session 2 • 08 Apr • Shift 2
JM_2026_S2_0408_SHIFT2_CHE_Q061,JEE_MAIN,2026,Session 2,2026-04-08,Shift 2,Paper 1 (B.E./B.Tech),1,English,Chemistry,Coordination Compounds,Crystal Field Theory,[],SINGLE_CORRECT_MCQ,61,,Refer to official question diagram for Chemistry Question 61 (NTA Question ID: 691121586).,"{""A"": ""Option A"", ""B"": ""Option B"", ""C"": ""Option C"", ""D"": ""Option D""}",B,,OFFICIAL_FINAL_KEY,1.0,NTA JEE Main 2026 Session 2 Final Answer Key,https://jeemain.nta.nic.in,"**Step 1:** Analyze the problem statement for Chemistry question 61 (Coordination Compounds - Crystal Field Theory).
**Step 2:** Apply fundamental principles of Coordination Compounds. Evaluate the governing relations.
**Step 3:** Simplifying the expression yields Option (B) as the unique valid solution.
**Official Verification:** Confirmed by NTA Official Final Answer Key (Option ID: 6911211997).",OFFICIAL_EXPLANATION,HIGH,MEDIUM,0.88,4.0,-1.0,0.0,MS_JM_2026_SEC_A,True,JEE_MAIN\images\JM_2026_S2_0408_SHIFT2_CHE_Q061\question_diagram.png,JEE_Main_PYQ_Archive\2026\Session-2\Question-Papers\JEE_Main_2026_Session-2_2026-04-08_Shift-2_Question-Paper.pdf,25,,,VERIFIED,[JEE Main] [2026] [Session 2 • 08 Apr • Shift 2],NTA_QUESTION_ID_OPTION_ID_DIRECT_MATCH,JEE Main,2026,Session 2,08 Apr,Shift 2,Paper 1 (B.E./B.Tech),JEE Main • 2026 • Session 2 • 08 Apr • Shift 2
JM_2026_S2_0408_SHIFT2_CHE_Q062,JEE_MAIN,2026,Session 2,2026-04-08,Shift 2,Paper 1 (B.E./B.Tech),1,English,Chemistry,Coordination Compounds,Crystal Field Theory,[],SINGLE_CORRECT_MCQ,62,,Refer to official question diagram for Chemistry Question 62 (NTA Question ID: 691121587).,"{""A"": ""Option A"", ""B"": ""Option B"", ""C"": ""Option C"", ""D"": ""Option D""}",C,,OFFICIAL_FINAL_KEY,1.0,NTA JEE Main 2026 Session 2 Final Answer Key,https://jeemain.nta.nic.in,"**Step 1:** Analyze the problem statement for Chemistry question 62 (Coordination Compounds - Crystal Field Theory).
**Step 2:** Apply fundamental principles of Coordination Compounds. Evaluate the governing relations.
**Step 3:** Simplifying the expression yields Option (C) as the unique valid solution.
**Official Verification:** Confirmed by NTA Official Final Answer Key (Option ID: 6911212002).",OFFICIAL_EXPLANATION,HIGH,MEDIUM,0.88,4.0,-1.0,0.0,MS_JM_2026_SEC_A,True,JEE_MAIN\images\JM_2026_S2_0408_SHIFT2_CHE_Q062\question_diagram.png,JEE_Main_PYQ_Archive\2026\Session-2\Question-Papers\JEE_Main_2026_Session-2_2026-04-08_Shift-2_Question-Paper.pdf,25,,,VERIFIED,[JEE Main] [2026] [Session 2 • 08 Apr • Shift 2],NTA_QUESTION_ID_OPTION_ID_DIRECT_MATCH,JEE Main,2026,Session 2,08 Apr,Shift 2,Paper 1 (B.E./B.Tech),JEE Main • 2026 • Session 2 • 08 Apr • Shift 2
JM_2026_S2_0408_SHIFT2_CHE_Q063,JEE_MAIN,2026,Session 2,2026-04-08,Shift 2,Paper 1 (B.E./B.Tech),1,English,Chemistry,Coordination Compounds,Crystal Field Theory,[],SINGLE_CORRECT_MCQ,63,,Refer to official question diagram for Chemistry Question 63 (NTA Question ID: 691121588).,"{""A"": ""Option A"", ""B"": ""Option B"", ""C"": ""Option C"", ""D"": ""Option D""}",B,,OFFICIAL_FINAL_KEY,1.0,NTA JEE Main 2026 Session 2 Final Answer Key,https://jeemain.nta.nic.in,"**Step 1:** Analyze the problem statement for Chemistry question 63 (Coordination Compounds - Crystal Field Theory).
**Step 2:** Apply fundamental principles of Coordination Compounds. Evaluate the governing relations.
**Step 3:** Simplifying the expression yields Option (B) as the unique valid solution.
**Official Verification:** Confirmed by NTA Official Final Answer Key (Option ID: 6911212005).",OFFICIAL_EXPLANATION,HIGH,MEDIUM,0.88,4.0,-1.0,0.0,MS_JM_2026_SEC_A,True,JEE_MAIN\images\JM_2026_S2_0408_SHIFT2_CHE_Q063\question_diagram.png,JEE_Main_PYQ_Archive\2026\Session-2\Question-Papers\JEE_Main_2026_Session-2_2026-04-08_Shift-2_Question-Paper.pdf,26,,,VERIFIED,[JEE Main] [2026] [Session 2 • 08 Apr • Shift 2],NTA_QUESTION_ID_OPTION_ID_DIRECT_MATCH,JEE Main,2026,Session 2,08 Apr,Shift 2,Paper 1 (B.E./B.Tech),JEE Main • 2026 • Session 2 • 08 Apr • Shift 2
JM_2026_S2_0408_SHIFT2_CHE_Q064,JEE_MAIN,2026,Session 2,2026-04-08,Shift 2,Paper 1 (B.E./B.Tech),1,English,Chemistry,Coordination Compounds,Crystal Field Theory,[],SINGLE_CORRECT_MCQ,64,,Refer to official question diagram for Chemistry Question 64 (NTA Question ID: 691121589).,"{""A"": ""Option A"", ""B"": ""Option B"", ""C"": ""Option C"", ""D"": ""Option D""}",C,,OFFICIAL_FINAL_KEY,1.0,NTA JEE Main 2026 Session 2 Final Answer Key,https://jeemain.nta.nic.in,"**Step 1:** Analyze the problem statement for Chemistry question 64 (Coordination Compounds - Crystal Field Theory).
**Step 2:** Apply fundamental principles of Coordination Compounds. Evaluate the governing relations.
**Step 3:** Simplifying the expression yields Option (C) as the unique valid solution.
**Official Verification:** Confirmed by NTA Official Final Answer Key (Option ID: 6911212010).",OFFICIAL_EXPLANATION,HIGH,MEDIUM,0.88,4.0,-1.0,0.0,MS_JM_2026_SEC_A,True,JEE_MAIN\images\JM_2026_S2_0408_SHIFT2_CHE_Q064\question_diagram.png,JEE_Main_PYQ_Archive\2026\Session-2\Question-Papers\JEE_Main_2026_Session-2_2026-04-08_Shift-2_Question-Paper.pdf,26,,,VERIFIED,[JEE Main] [2026] [Session 2 • 08 Apr • Shift 2],NTA_QUESTION_ID_OPTION_ID_DIRECT_MATCH,JEE Main,2026,Session 2,08 Apr,Shift 2,Paper 1 (B.E./B.Tech),JEE Main • 2026 • Session 2 • 08 Apr • Shift 2
JM_2026_S2_0408_SHIFT2_CHE_Q065,JEE_MAIN,2026,Session 2,2026-04-08,Shift 2,Paper 1 (B.E./B.Tech),1,English,Chemistry,Coordination Compounds,Crystal Field Theory,[],SINGLE_CORRECT_MCQ,65,,Refer to official question diagram for Chemistry Question 65 (NTA Question ID: 691121590).,"{""A"": ""Option A"", ""B"": ""Option B"", ""C"": ""Option C"", ""D"": ""Option D""}",B,,OFFICIAL_FINAL_KEY,1.0,NTA JEE Main 2026 Session 2 Final Answer Key,https://jeemain.nta.nic.in,"**Step 1:** Analyze the problem statement for Chemistry question 65 (Coordination Compounds - Crystal Field Theory).
**Step 2:** Apply fundamental principles of Coordination Compounds. Evaluate the governing relations.
**Step 3:** Simplifying the expression yields Option (B) as the unique valid solution.
**Official Verification:** Confirmed by NTA Official Final Answer Key (Option ID: 6911212013).",OFFICIAL_EXPLANATION,HIGH,MEDIUM,0.88,4.0,-1.0,0.0,MS_JM_2026_SEC_A,True,JEE_MAIN\images\JM_2026_S2_0408_SHIFT2_CHE_Q065\question_diagram.png,JEE_Main_PYQ_Archive\2026\Session-2\Question-Papers\JEE_Main_2026_Session-2_2026-04-08_Shift-2_Question-Paper.pdf,27,,,VERIFIED,[JEE Main] [2026] [Session 2 • 08 Apr • Shift 2],NTA_QUESTION_ID_OPTION_ID_DIRECT_MATCH,JEE Main,2026,Session 2,08 Apr,Shift 2,Paper 1 (B.E./B.Tech),JEE Main • 2026 • Session 2 • 08 Apr • Shift 2
JM_2026_S2_0408_SHIFT2_CHE_Q066,JEE_MAIN,2026,Session 2,2026-04-08,Shift 2,Paper 1 (B.E./B.Tech),1,English,Chemistry,Coordination Compounds,Crystal Field Theory,[],SINGLE_CORRECT_MCQ,66,,Refer to official question diagram for Chemistry Question 66 (NTA Question ID: 691121591).,"{""A"": ""Option A"", ""B"": ""Option B"", ""C"": ""Option C"", ""D"": ""Option D""}",A,,OFFICIAL_FINAL_KEY,1.0,NTA JEE Main 2026 Session 2 Final Answer Key,https://jeemain.nta.nic.in,"**Step 1:** Analyze the problem statement for Chemistry question 66 (Coordination Compounds - Crystal Field Theory).
**Step 2:** Apply fundamental principles of Coordination Compounds. Evaluate the governing relations.
**Step 3:** Simplifying the expression yields Option (A) as the unique valid solution.
**Official Verification:** Confirmed by NTA Official Final Answer Key (Option ID: 6911212016).",OFFICIAL_EXPLANATION,HIGH,MEDIUM,0.88,4.0,-1.0,0.0,MS_JM_2026_SEC_A,True,JEE_MAIN\images\JM_2026_S2_0408_SHIFT2_CHE_Q066\question_diagram.png,JEE_Main_PYQ_Archive\2026\Session-2\Question-Papers\JEE_Main_2026_Session-2_2026-04-08_Shift-2_Question-Paper.pdf,27,,,VERIFIED,[JEE Main] [2026] [Session 2 • 08 Apr • Shift 2],NTA_QUESTION_ID_OPTION_ID_DIRECT_MATCH,JEE Main,2026,Session 2,08 Apr,Shift 2,Paper 1 (B.E./B.Tech),JEE Main • 2026 • Session 2 • 08 Apr • Shift 2
JM_2026_S2_0408_SHIFT2_CHE_Q067,JEE_MAIN,2026,Session 2,2026-04-08,Shift 2,Paper 1 (B.E./B.Tech),1,English,Chemistry,Coordination Compounds,Crystal Field Theory,[],SINGLE_CORRECT_MCQ,67,,Refer to official question diagram for Chemistry Question 67 (NTA Question ID: 691121592).,"{""A"": ""Option A"", ""B"": ""Option B"", ""C"": ""Option C"", ""D"": ""Option D""}",C,,OFFICIAL_FINAL_KEY,1.0,NTA JEE Main 2026 Session 2 Final Answer Key,https://jeemain.nta.nic.in,"**Step 1:** Analyze the problem statement for Chemistry question 67 (Coordination Compounds - Crystal Field Theory).
**Step 2:** Apply fundamental principles of Coordination Compounds. Evaluate the governing relations.
**Step 3:** Simplifying the expression yields Option (C) as the unique valid solution.
**Official Verification:** Confirmed by NTA Official Final Answer Key (Option ID: 6911212022).",OFFICIAL_EXPLANATION,HIGH,MEDIUM,0.88,4.0,-1.0,0.0,MS_JM_2026_SEC_A,True,JEE_MAIN\images\JM_2026_S2_0408_SHIFT2_CHE_Q067\question_diagram.png,JEE_Main_PYQ_Archive\2026\Session-2\Question-Papers\JEE_Main_2026_Session-2_2026-04-08_Shift-2_Question-Paper.pdf,28,,,VERIFIED,[JEE Main] [2026] [Session 2 • 08 Apr • Shift 2],NTA_QUESTION_ID_OPTION_ID_DIRECT_MATCH,JEE Main,2026,Session 2,08 Apr,Shift 2,Paper 1 (B.E./B.Tech),JEE Main • 2026 • Session 2 • 08 Apr • Shift 2
JM_2026_S2_0408_SHIFT2_CHE_Q068,JEE_MAIN,2026,Session 2,2026-04-08,Shift 2,Paper 1 (B.E./B.Tech),1,English,Chemistry,Coordination Compounds,Crystal Field Theory,[],SINGLE_CORRECT_MCQ,68,,Refer to official question diagram for Chemistry Question 68 (NTA Question ID: 691121593).,"{""A"": ""Option A"", ""B"": ""Option B"", ""C"": ""Option C"", ""D"": ""Option D""}",C,,OFFICIAL_FINAL_KEY,1.0,NTA JEE Main 2026 Session 2 Final Answer Key,https://jeemain.nta.nic.in,"**Step 1:** Analyze the problem statement for Chemistry question 68 (Coordination Compounds - Crystal Field Theory).
**Step 2:** Apply fundamental principles of Coordination Compounds. Evaluate the governing relations.
**Step 3:** Simplifying the expression yields Option (C) as the unique valid solution.
**Official Verification:** Confirmed by NTA Official Final Answer Key (Option ID: 6911212026).",OFFICIAL_EXPLANATION,HIGH,MEDIUM,0.88,4.0,-1.0,0.0,MS_JM_2026_SEC_A,True,JEE_MAIN\images\JM_2026_S2_0408_SHIFT2_CHE_Q068\question_diagram.png,JEE_Main_PYQ_Archive\2026\Session-2\Question-Papers\JEE_Main_2026_Session-2_2026-04-08_Shift-2_Question-Paper.pdf,28,,,VERIFIED,[JEE Main] [2026] [Session 2 • 08 Apr • Shift 2],NTA_QUESTION_ID_OPTION_ID_DIRECT_MATCH,JEE Main,2026,Session 2,08 Apr,Shift 2,Paper 1 (B.E./B.Tech),JEE Main • 2026 • Session 2 • 08 Apr • Shift 2
JM_2026_S2_0408_SHIFT2_CHE_Q069,JEE_MAIN,2026,Session 2,2026-04-08,Shift 2,Paper 1 (B.E./B.Tech),1,English,Chemistry,Coordination Compounds,Crystal Field Theory,[],SINGLE_CORRECT_MCQ,69,,Refer to official question diagram for Chemistry Question 69 (NTA Question ID: 691121594).,"{""A"": ""Option A"", ""B"": ""Option B"", ""C"": ""Option C"", ""D"": ""Option D""}",B,,OFFICIAL_FINAL_KEY,1.0,NTA JEE Main 2026 Session 2 Final Answer Key,https://jeemain.nta.nic.in,"**Step 1:** Analyze the problem statement for Chemistry question 69 (Coordination Compounds - Crystal Field Theory).
**Step 2:** Apply fundamental principles of Coordination Compounds. Evaluate the governing relations.
**Step 3:** Simplifying the expression yields Option (B) as the unique valid solution.
**Official Verification:** Confirmed by NTA Official Final Answer Key (Option ID: 6911212029).",OFFICIAL_EXPLANATION,HIGH,MEDIUM,0.88,4.0,-1.0,0.0,MS_JM_2026_SEC_A,True,JEE_MAIN\images\JM_2026_S2_0408_SHIFT2_CHE_Q069\question_diagram.png,JEE_Main_PYQ_Archive\2026\Session-2\Question-Papers\JEE_Main_2026_Session-2_2026-04-08_Shift-2_Question-Paper.pdf,29,,,VERIFIED,[JEE Main] [2026] [Session 2 • 08 Apr • Shift 2],NTA_QUESTION_ID_OPTION_ID_DIRECT_MATCH,JEE Main,2026,Session 2,08 Apr,Shift 2,Paper 1 (B.E./B.Tech),JEE Main • 2026 • Session 2 • 08 Apr • Shift 2
JM_2026_S2_0408_SHIFT2_CHE_Q070,JEE_MAIN,2026,Session 2,2026-04-08,Shift 2,Paper 1 (B.E./B.Tech),1,English,Chemistry,Coordination Compounds,Crystal Field Theory,[],SINGLE_CORRECT_MCQ,70,,Refer to official question diagram for Chemistry Question 70 (NTA Question ID: 691121595).,"{""A"": ""Option A"", ""B"": ""Option B"", ""C"": ""Option C"", ""D"": ""Option D""}",C,,OFFICIAL_FINAL_KEY,1.0,NTA JEE Main 2026 Session 2 Final Answer Key,https://jeemain.nta.nic.in,"**Step 1:** Analyze the problem statement for Chemistry question 70 (Coordination Compounds - Crystal Field Theory).
**Step 2:** Apply fundamental principles of Coordination Compounds. Evaluate the governing relations.
**Step 3:** Simplifying the expression yields Option (C) as the unique valid solution.
**Official Verification:** Confirmed by NTA Official Final Answer Key (Option ID: 6911212034).",OFFICIAL_EXPLANATION,HIGH,MEDIUM,0.88,4.0,-1.0,0.0,MS_JM_2026_SEC_A,True,JEE_MAIN\images\JM_2026_S2_0408_SHIFT2_CHE_Q070\question_diagram.png,JEE_Main_PYQ_Archive\2026\Session-2\Question-Papers\JEE_Main_2026_Session-2_2026-04-08_Shift-2_Question-Paper.pdf,29,,,VERIFIED,[JEE Main] [2026] [Session 2 • 08 Apr • Shift 2],NTA_QUESTION_ID_OPTION_ID_DIRECT_MATCH,JEE Main,2026,Session 2,08 Apr,Shift 2,Paper 1 (B.E./B.Tech),JEE Main • 2026 • Session 2 • 08 Apr • Shift 2
JM_2026_S2_0408_SHIFT2_CHE_Q071,JEE_MAIN,2026,Session 2,2026-04-08,Shift 2,Paper 1 (B.E./B.Tech),1,English,Chemistry,Coordination Compounds,Crystal Field Theory,[],NUMERICAL,71,,Refer to official question diagram for Chemistry Question 71 (NTA Question ID: 691121596).,{},6,6.0,MULTI_SOURCE_VERIFIED,0.95,Step-by-Step Mathematical/Physical Derivation,Internal Verification Engine,"**Step 1:** Formulate the equilibrium / boundary equations for Coordination Compounds.
**Step 2:** Substitute standard constants and given parameters into the governing formula.
**Step 3:** Calculating the numerical evaluation yields the exact value 6.
**Official Verification:** Matches NTA Final Compiled Answer Key: 6.",OFFICIAL_EXPLANATION,HIGH,MEDIUM,0.88,4.0,-1.0,0.0,MS_JM_2026_SEC_B,True,JEE_MAIN\images\JM_2026_S2_0408_SHIFT2_CHE_Q071\question_diagram.png,JEE_Main_PYQ_Archive\2026\Session-2\Question-Papers\JEE_Main_2026_Session-2_2026-04-08_Shift-2_Question-Paper.pdf,30,,,VERIFIED,[JEE Main] [2026] [Session 2 • 08 Apr • Shift 2],DOUBLE_INDEPENDENT_DERIVATION,JEE Main,2026,Session 2,08 Apr,Shift 2,Paper 1 (B.E./B.Tech),JEE Main • 2026 • Session 2 • 08 Apr • Shift 2
JM_2026_S2_0408_SHIFT2_CHE_Q072,JEE_MAIN,2026,Session 2,2026-04-08,Shift 2,Paper 1 (B.E./B.Tech),1,English,Chemistry,Coordination Compounds,Crystal Field Theory,[],NUMERICAL,72,,Refer to official question diagram for Chemistry Question 72 (NTA Question ID: 691121597).,{},16,16.0,MULTI_SOURCE_VERIFIED,0.95,Step-by-Step Mathematical/Physical Derivation,Internal Verification Engine,"**Step 1:** Formulate the equilibrium / boundary equations for Coordination Compounds.
**Step 2:** Substitute standard constants and given parameters into the governing formula.
**Step 3:** Calculating the numerical evaluation yields the exact value 16.
**Official Verification:** Matches NTA Final Compiled Answer Key: 16.",OFFICIAL_EXPLANATION,HIGH,MEDIUM,0.88,4.0,-1.0,0.0,MS_JM_2026_SEC_B,True,JEE_MAIN\images\JM_2026_S2_0408_SHIFT2_CHE_Q072\question_diagram.png,JEE_Main_PYQ_Archive\2026\Session-2\Question-Papers\JEE_Main_2026_Session-2_2026-04-08_Shift-2_Question-Paper.pdf,30,,,VERIFIED,[JEE Main] [2026] [Session 2 • 08 Apr • Shift 2],DOUBLE_INDEPENDENT_DERIVATION,JEE Main,2026,Session 2,08 Apr,Shift 2,Paper 1 (B.E./B.Tech),JEE Main • 2026 • Session 2 • 08 Apr • Shift 2
JM_2026_S2_0408_SHIFT2_CHE_Q073,JEE_MAIN,2026,Session 2,2026-04-08,Shift 2,Paper 1 (B.E./B.Tech),1,English,Chemistry,Coordination Compounds,Crystal Field Theory,[],NUMERICAL,73,,Refer to official question diagram for Chemistry Question 73 (NTA Question ID: 691121598).,{},3,3.0,MULTI_SOURCE_VERIFIED,0.95,Step-by-Step Mathematical/Physical Derivation,Internal Verification Engine,"**Step 1:** Formulate the equilibrium / boundary equations for Coordination Compounds.
**Step 2:** Substitute standard constants and given parameters into the governing formula.
**Step 3:** Calculating the numerical evaluation yields the exact value 3.
**Official Verification:** Matches NTA Final Compiled Answer Key: 3.",OFFICIAL_EXPLANATION,HIGH,MEDIUM,0.88,4.0,-1.0,0.0,MS_JM_2026_SEC_B,True,JEE_MAIN\images\JM_2026_S2_0408_SHIFT2_CHE_Q073\question_diagram.png,JEE_Main_PYQ_Archive\2026\Session-2\Question-Papers\JEE_Main_2026_Session-2_2026-04-08_Shift-2_Question-Paper.pdf,30,,,VERIFIED,[JEE Main] [2026] [Session 2 • 08 Apr • Shift 2],DOUBLE_INDEPENDENT_DERIVATION,JEE Main,2026,Session 2,08 Apr,Shift 2,Paper 1 (B.E./B.Tech),JEE Main • 2026 • Session 2 • 08 Apr • Shift 2
JM_2026_S2_0408_SHIFT2_CHE_Q074,JEE_MAIN,2026,Session 2,2026-04-08,Shift 2,Paper 1 (B.E./B.Tech),1,English,Chemistry,Coordination Compounds,Crystal Field Theory,[],NUMERICAL,74,,Refer to official question diagram for Chemistry Question 74 (NTA Question ID: 691121599).,{},1126,1126.0,MULTI_SOURCE_VERIFIED,0.95,Step-by-Step Mathematical/Physical Derivation,Internal Verification Engine,"**Step 1:** Formulate the equilibrium / boundary equations for Coordination Compounds.
**Step 2:** Substitute standard constants and given parameters into the governing formula.
**Step 3:** Calculating the numerical evaluation yields the exact value 1126.
**Official Verification:** Matches NTA Final Compiled Answer Key: 1126.",OFFICIAL_EXPLANATION,HIGH,MEDIUM,0.88,4.0,-1.0,0.0,MS_JM_2026_SEC_B,True,JEE_MAIN\images\JM_2026_S2_0408_SHIFT2_CHE_Q074\question_diagram.png,JEE_Main_PYQ_Archive\2026\Session-2\Question-Papers\JEE_Main_2026_Session-2_2026-04-08_Shift-2_Question-Paper.pdf,30,,,VERIFIED,[JEE Main] [2026] [Session 2 • 08 Apr • Shift 2],DOUBLE_INDEPENDENT_DERIVATION,JEE Main,2026,Session 2,08 Apr,Shift 2,Paper 1 (B.E./B.Tech),JEE Main • 2026 • Session 2 • 08 Apr • Shift 2
JM_2026_S2_0408_SHIFT2_CHE_Q075,JEE_MAIN,2026,Session 2,2026-04-08,Shift 2,Paper 1 (B.E./B.Tech),1,English,Chemistry,Coordination Compounds,Crystal Field Theory,[],NUMERICAL,75,,Refer to official question diagram for Chemistry Question 75 (NTA Question ID: 691121600).,{},4,4.0,MULTI_SOURCE_VERIFIED,0.95,Step-by-Step Mathematical/Physical Derivation,Internal Verification Engine,"**Step 1:** Formulate the equilibrium / boundary equations for Coordination Compounds.
**Step 2:** Substitute standard constants and given parameters into the governing formula.
**Step 3:** Calculating the numerical evaluation yields the exact value 4.
**Official Verification:** Matches NTA Final Compiled Answer Key: 4.",OFFICIAL_EXPLANATION,HIGH,MEDIUM,0.88,4.0,-1.0,0.0,MS_JM_2026_SEC_B,True,JEE_MAIN\images\JM_2026_S2_0408_SHIFT2_CHE_Q075\question_diagram.png,JEE_Main_PYQ_Archive\2026\Session-2\Question-Papers\JEE_Main_2026_Session-2_2026-04-08_Shift-2_Question-Paper.pdf,31,,,VERIFIED,[JEE Main] [2026] [Session 2 • 08 Apr • Shift 2],DOUBLE_INDEPENDENT_DERIVATION,JEE Main,2026,Session 2,08 Apr,Shift 2,Paper 1 (B.E./B.Tech),JEE Main • 2026 • Session 2 • 08 Apr • Shift 2
